{
  "format_version": "1.8.0",
  "animations": {
    "animation.armor_stand.athena_pose": {
      "loop": true,
      "bones": {
        "body": {
          "rotation": [
            "-this",
            "-this",
            "-this + 2"
          ]
        },
        "head": {
          "rotation": [
            "-this - 5",
            "-this",
            "-this"
          ]
        },
        "leftarm": {
          "rotation": [
            "-this + 10",
            "-this",
            "-this - 5"
          ]
        },
        "leftleg": {
          "rotation": [
            "-this - 3",
            "-this - 3",
            "-this - 3"
          ]
        },
        "rightarm": {
          "rotation": [
            "-this - 60",
            "-this + 20",
            "-this - 10"
          ]
        },
        "rightitem": {
          "rotation": [
            "-this",
            "-this",
            "-this"
          ]
        },
        "rightleg": {
          "rotation": [
            "-this + 3",
            "-this + 3",
            "-this + 3"
          ]
        }
      }
    },
    "animation.armor_stand.brandish_pose": {
      "loop": true,
      "bones": {
        "body": {
          "rotation": [
            "-this",
            "-this",
            "-this - 2"
          ]
        },
        "head": {
          "rotation": [
            "-this - 15",
            "-this",
            "-this"
          ]
        },
        "leftarm": {
          "rotation": [
            "-this + 20",
            "-this",
            "-this - 10"
          ]
        },
        "leftleg": {
          "rotation": [
            "-this + 5",
            "-this - 3",
            "-this - 3"
          ]
        },
        "rightarm": {
          "rotation": [
            "-this - 110",
            "-this + 50",
            "-this"
          ]
        },
        "rightitem": {
          "rotation": [
            "-this",
            "-this",
            "-this"
          ]
        },
        "rightleg": {
          "rotation": [
            "-this - 5",
            "-this + 3",
            "-this + 3"
          ]
        }
      }
    },
    "animation.armor_stand.cancan_a_pose": {
      "loop": true,
      "bones": {
        "body": {
          "rotation": [
            "-this",
            "-this + 22",
            "-this"
          ]
        },
        "head": {
          "rotation": [
            "-this - 5",
            "-this + 18",
            "-this"
          ]
        },
        "leftarm": {
          "rotation": [
            "-this + 8",
            "-this",
            "-this - 114"
          ]
        },
        "leftleg": {
          "rotation": [
            "-this - 111",
            "-this + 55",
            "-this"
          ]
        },
        "rightarm": {
          "rotation": [
            "-this",
            "-this + 84",
            "-this + 111"
          ]
        },
        "rightitem": {
          "rotation": [
            "-this",
            "-this",
            "-this"
          ]
        },
        "rightleg": {
          "rotation": [
            "-this",
            "-this + 23",
            "-this - 13"
          ]
        }
      }
    },
    "animation.armor_stand.cancan_b_pose": {
      "loop": true,
      "bones": {
        "body": {
          "rotation": [
            "-this",
            "-this - 18",
            "-this"
          ]
        },
        "head": {
          "rotation": [
            "-this - 10",
            "-this - 20",
            "-this"
          ]
        },
        "leftarm": {
          "rotation": [
            "-this",
            "-this",
            "-this - 112"
          ]
        },
        "leftleg": {
          "rotation": [
            "-this",
            "-this",
            "-this + 13"
          ]
        },
        "rightarm": {
          "rotation": [
            "-this + 8",
            "-this + 90",
            "-this + 111"
          ]
        },
        "rightitem": {
          "rotation": [
            "-this",
            "-this",
            "-this"
          ]
        },
        "rightleg": {
          "rotation": [
            "-this - 119",
            "-this - 42",
            "-this"
          ]
        }
      }
    },
    "animation.armor_stand.default_pose": {
      "loop": true,
      "bones": {
        "body": {
          "rotation": [
            "-this",
            "-this",
            "-this"
          ]
        },
        "head": {
          "rotation": [
            "-this",
            "-this",
            "-this"
          ]
        },
        "leftarm": {
          "rotation": [
            "-this - 10",
            "-this",
            "-this - 10"
          ]
        },
        "leftleg": {
          "rotation": [
            "-this - 1",
            "-this",
            "-this - 1"
          ]
        },
        "rightarm": {
          "rotation": [
            "-this - 15",
            "-this",
            "-this + 10"
          ]
        },
        "rightitem": {
          "rotation": [
            "-this",
            "-this",
            "-this"
          ]
        },
        "rightleg": {
          "rotation": [
            "-this + 1",
            "-this",
            "-this + 1"
          ]
        }
      }
    },
    "animation.armor_stand.entertain_pose": {
      "loop": true,
      "bones": {
        "body": {
          "rotation": [
            "-this",
            "-this",
            "-this"
          ]
        },
        "head": {
          "rotation": [
            "-this - 15",
            "-this",
            "-this"
          ]
        },
        "leftarm": {
          "rotation": [
            "-this - 110",
            "-this - 35",
            "-this"
          ]
        },
        "leftleg": {
          "rotation": [
            "-this + 5",
            "-this - 3",
            "-this - 3"
          ]
        },
        "rightarm": {
          "rotation": [
            "-this - 110",
            "-this + 35",
            "-this"
          ]
        },
        "rightitem": {
          "rotation": [
            "-this",
            "-this",
            "-this"
          ]
        },
        "rightleg": {
          "rotation": [
            "-this - 5",
            "-this + 3",
            "-this + 3"
          ]
        }
      }
    },
    "animation.armor_stand.hero_pose": {
      "loop": true,
      "bones": {
        "body": {
          "rotation": [
            "-this",
            "-this + 8",
            "-this"
          ]
        },
        "head": {
          "rotation": [
            "-this - 4",
            "-this + 67",
            "-this"
          ]
        },
        "leftarm": {
          "rotation": [
            "-this + 16",
            "-this + 32",
            "-this - 8"
          ]
        },
        "leftleg": {
          "rotation": [
            "-this",
            "-this - 75",
            "-this - 8"
          ]
        },
        "rightarm": {
          "rotation": [
            "-this - 99",
            "-this + 63",
            "-this"
          ]
        },
        "rightitem": {
          "rotation": [
            "-this",
            "-this",
            "-this"
          ]
        },
        "rightleg": {
          "rotation": [
            "-this + 4",
            "-this + 63",
            "-this + 8"
          ]
        }
      }
    },
    "animation.armor_stand.honor_pose": {
      "loop": true,
      "bones": {
        "body": {
          "rotation": [
            "-this",
            "-this",
            "-this"
          ]
        },
        "head": {
          "rotation": [
            "-this - 15",
            "-this",
            "-this"
          ]
        },
        "leftarm": {
          "rotation": [
            "-this - 110",
            "-this + 35",
            "-this"
          ]
        },
        "leftleg": {
          "rotation": [
            "-this + 5",
            "-this - 3",
            "-this - 3"
          ]
        },
        "rightarm": {
          "rotation": [
            "-this - 110",
            "-this - 35",
            "-this"
          ]
        },
        "rightitem": {
          "rotation": [
            "-this",
            "-this",
            "-this"
          ]
        },
        "rightleg": {
          "rotation": [
            "-this - 5",
            "-this + 3",
            "-this + 3"
          ]
        }
      }
    },
    "animation.armor_stand.no_pose": {
      "loop": true,
      "bones": {
        "body": {
          "rotation": [
            "-this",
            "-this",
            "-this"
          ]
        },
        "head": {
          "rotation": [
            "-this",
            "-this",
            "-this"
          ]
        },
        "leftarm": {
          "rotation": [
            "-this",
            "-this",
            "-this"
          ]
        },
        "leftleg": {
          "rotation": [
            "-this",
            "-this",
            "-this"
          ]
        },
        "rightarm": {
          "rotation": [
            "-this",
            "-this",
            "-this"
          ]
        },
        "rightitem": {
          "rotation": [
            "-this",
            "-this",
            "-this"
          ]
        },
        "rightleg": {
          "rotation": [
            "-this",
            "-this",
            "-this"
          ]
        }
      }
    },
    "animation.armor_stand.riposte_pose": {
      "loop": true,
      "bones": {
        "body": {
          "rotation": [
            "-this",
            "-this",
            "-this"
          ]
        },
        "head": {
          "rotation": [
            "-this + 16",
            "-this + 20",
            "-this"
          ]
        },
        "leftarm": {
          "rotation": [
            "-this + 4",
            "-this + 8",
            "-this + 237"
          ]
        },
        "leftleg": {
          "rotation": [
            "-this - 14",
            "-this - 18",
            "-this - 16"
          ]
        },
        "rightarm": {
          "rotation": [
            "-this + 246",
            "-this",
            "-this + 89"
          ]
        },
        "rightitem": {
          "rotation": [
            "-this",
            "-this + 180",
            "-this"
          ]
        },
        "rightleg": {
          "rotation": [
            "-this + 8",
            "-this + 20",
            "-this + 4"
          ]
        }
      }
    },
    "animation.armor_stand.salute_pose": {
      "loop": true,
      "bones": {
        "body": {
          "rotation": [
            "-this",
            "-this",
            "-this"
          ]
        },
        "head": {
          "rotation": [
            "-this",
            "-this",
            "-this"
          ]
        },
        "leftarm": {
          "rotation": [
            "-this + 10",
            "-this",
            "-this - 5"
          ]
        },
        "leftleg": {
          "rotation": [
            "-this - 1",
            "-this",
            "-this - 1"
          ]
        },
        "rightarm": {
          "rotation": [
            "-this - 70",
            "-this - 40",
            "-this"
          ]
        },
        "rightitem": {
          "rotation": [
            "-this",
            "-this",
            "-this"
          ]
        },
        "rightleg": {
          "rotation": [
            "-this + 1",
            "-this",
            "-this + 1"
          ]
        }
      }
    },
    "animation.armor_stand.solemn_pose": {
      "loop": true,
      "bones": {
        "body": {
          "rotation": [
            "-this",
            "-this",
            "-this + 2"
          ]
        },
        "head": {
          "rotation": [
            "-this + 15",
            "-this",
            "-this"
          ]
        },
        "leftarm": {
          "rotation": [
            "-this - 30",
            "-this + 15",
            "-this + 15"
          ]
        },
        "leftleg": {
          "rotation": [
            "-this - 1",
            "-this",
            "-this - 1"
          ]
        },
        "rightarm": {
          "rotation": [
            "-this - 60",
            "-this - 20",
            "-this - 10"
          ]
        },
        "rightitem": {
          "rotation": [
            "-this",
            "-this",
            "-this"
          ]
        },
        "rightleg": {
          "rotation": [
            "-this + 1",
            "-this",
            "-this + 1"
          ]
        }
      }
    },
    "animation.armor_stand.wiggle": {
      "loop": true,
      "bones": {
        "baseplate": {
          "rotation": [
            0,
            "math.sin((variable.armor_stand.hurt_time - query.frame_alpha) * 120) * 3",
            0
          ]
        }
      }
    },
    "animation.armor_stand.zombie_pose": {
      "loop": true,
      "bones": {
        "body": {
          "rotation": [
            "-this",
            "-this",
            "-this"
          ]
        },
        "head": {
          "rotation": [
            "-this - 10",
            "-this",
            "-this - 5"
          ]
        },
        "leftarm": {
          "rotation": [
            "-this - 105",
            "-this",
            "-this"
          ]
        },
        "leftleg": {
          "rotation": [
            "-this + 7",
            "-this",
            "-this"
          ]
        },
        "rightarm": {
          "rotation": [
            "-this - 100",
            "-this",
            "-this"
          ]
        },
        "rightitem": {
          "rotation": [
            "-this",
            "-this",
            "-this"
          ]
        },
        "rightleg": {
          "rotation": [
            "-this - 46",
            "-this",
            "-this"
          ]
        }
      }
    },
    "animation.unknown.emp": {
      "animation_length": 2,
      "bones": {
        "body": {
          "rotation": {
            "0.0": [
              0,
              0,
              0
            ],
            "0.25": [
              7.5,
              0,
              0
            ],
            "1.8333": [
              7.5,
              0,
              0
            ],
            "2.0": [
              0,
              0,
              0
            ]
          },
          "position": {
            "0.0": [
              0,
              0,
              0
            ],
            "0.25": [
              0,
              0,
              2
            ],
            "1.8333": [
              0,
              0,
              2
            ],
            "2.0": [
              0,
              0,
              0
            ]
          },
          "scale": 1
        },
        "body2": {
          "rotation": {
            "0.0": [
              0,
              0,
              0
            ],
            "0.2917": [
              0,
              0,
              2.5
            ],
            "0.5": [
              0,
              0,
              0
            ],
            "0.7083": [
              0,
              0,
              2.5
            ],
            "0.9167": [
              0,
              0,
              0
            ],
            "1.125": [
              0,
              0,
              2.5
            ],
            "1.4167": [
              0,
              0,
              0
            ],
            "1.6667": [
              0,
              0,
              2.5
            ],
            "2.0": [
              0,
              0,
              0
            ]
          },
          "position": [
            0,
            0,
            0
          ],
          "scale": 1
        },
        "bone2": {
          "rotation": [
            0,
            0,
            0
          ],
          "position": {
            "0.0": [
              0,
              0,
              0
            ],
            "0.25": [
              0,
              -2,
              -242
            ],
            "1.7917": [
              0,
              -2,
              -242
            ],
            "2.0": [
              0,
              0,
              0
            ]
          },
          "scale": {
            "0.0": [
              1,
              1,
              1
            ],
            "0.25": [
              1,
              1.8,
              35.7
            ],
            "1.7917": [
              1,
              1.8,
              35.7
            ],
            "2.0": [
              1,
              1,
              1
            ]
          }
        },
        "Leftarm": {
          "rotation": {
            "0.0": [
              0,
              0,
              0
            ],
            "0.25": [
              4.30431,
              -2.19888,
              4.87492
            ],
            "1.75": [
              4.30431,
              -2.19888,
              4.87492
            ],
            "2.0": [
              0,
              0,
              0
            ]
          },
          "position": [
            0,
            0,
            0
          ],
          "scale": 1
        },
        "Rightarm": {
          "rotation": {
            "0.0": [
              0,
              0,
              0
            ],
            "0.25": [
              4.71134,
              -0.67606,
              -7.53899
            ],
            "1.75": [
              4.71134,
              -0.67606,
              -7.53899
            ],
            "2.0": [
              0,
              0,
              0
            ]
          },
          "position": [
            0,
            0,
            0
          ],
          "scale": 1
        },
        "Rightleg": {
          "rotation": {
            "0.0": [
              0,
              0,
              0
            ],
            "0.2083": [
              0,
              0,
              -2.5
            ],
            "1.75": [
              0,
              0,
              -2.5
            ],
            "2.0": [
              0,
              0,
              0
            ]
          },
          "position": [
            0,
            0,
            0
          ],
          "scale": 1
        },
        "Leftleg": {
          "rotation": {
            "0.0": [
              0,
              0,
              0
            ],
            "0.2083": [
              0,
              0,
              2.5
            ],
            "1.75": [
              0,
              0,
              2.5
            ],
            "2.0": [
              0,
              0,
              0
            ]
          },
          "position": [
            0,
            0,
            0
          ],
          "scale": 1
        },
        "bone10": {
          "rotation": {
            "0.0": [
              0,
              0,
              0
            ],
            "0.25": [
              -17.5,
              0,
              0
            ],
            "1.75": [
              -17.5,
              0,
              0
            ],
            "2.0": [
              0,
              0,
              0
            ]
          },
          "position": [
            0,
            0,
            0
          ],
          "scale": 1
        },
        "bone6": {
          "rotation": {
            "0.0": [
              0,
              0,
              0
            ],
            "0.25": [
              -17.5,
              0,
              0
            ],
            "1.75": [
              -17.5,
              0,
              0
            ],
            "2.0": [
              0,
              0,
              0
            ]
          },
          "position": [
            0,
            0,
            0
          ],
          "scale": 1
        }
      }
    },
    "animation.pa_jmp6.jmp6": {
      "animation_length": 2.45833,
      "bones": {
        "body": {
          "rotation": {
            "0.5": [
              0,
              0,
              0
            ],
            "1.25": [
              0,
              -10,
              0
            ]
          },
          "position": [
            0,
            0,
            0
          ]
        },
        "body2": {
          "rotation": {
            "1.125": [
              0,
              0,
              0
            ],
            "1.25": [
              0,
              -2.5,
              0
            ],
            "1.625": [
              0,
              7.5,
              0
            ],
            "1.7083": [
              0,
              -2.5,
              0
            ],
            "2.0": [
              0,
              7.5,
              0
            ],
            "2.0833": [
              0,
              -2.5,
              0
            ]
          },
          "position": [
            0,
            0,
            0
          ]
        },
        "Leftarm": {
          "rotation": {
            "0.5": [
              0,
              0,
              0
            ],
            "0.75": [
              17.27616,
              -2.54732,
              17.05829
            ],
            "2.25": [
              17.27616,
              -2.54732,
              17.05829
            ],
            "2.4583": [
              0,
              0,
              0
            ]
          },
          "position": {
            "0.5": [
              0,
              0,
              0
            ],
            "2.4583": [
              0,
              0,
              0
            ]
          }
        },
        "Rightarm": {
          "rotation": {
            "0.5": [
              0,
              0,
              0
            ],
            "0.875": [
              -71.60588,
              9.28799,
              -75.45708
            ],
            "1.125": [
              -81.60588,
              9.28799,
              -75.45708
            ],
            "1.25": [
              -82.99477,
              9.28799,
              -75.45708
            ],
            "1.625": [
              -81.60588,
              9.28799,
              -75.45708
            ],
            "1.75": [
              -82.99477,
              9.28799,
              -75.45708
            ],
            "2.0": [
              -81.60588,
              9.28799,
              -75.45708
            ],
            "2.125": [
              -82.99477,
              9.28799,
              -75.45708
            ],
            "2.25": [
              -71.60588,
              9.28799,
              -75.45708
            ],
            "2.4583": [
              0,
              0,
              0
            ]
          },
          "position": {
            "0.5": [
              0,
              0,
              0
            ],
            "0.875": [
              2,
              0,
              0
            ],
            "1.125": [
              2,
              0,
              0
            ],
            "1.25": [
              2,
              0,
              5
            ],
            "1.625": [
              2,
              0,
              0
            ],
            "1.75": [
              2,
              0,
              5
            ],
            "2.0": [
              2,
              0,
              -1
            ],
            "2.125": [
              2,
              0,
              0
            ],
            "2.25": [
              2,
              0,
              0
            ],
            "2.4583": [
              0,
              0,
              0
            ]
          }
        },
        "head": {
          "rotation": {
            "1.125": [
              0,
              0,
              0
            ],
            "1.25": [
              0,
              12.5,
              0
            ],
            "1.625": [
              0,
              0,
              0
            ],
            "1.75": [
              0,
              12.5,
              0
            ],
            "2.0": [
              0,
              0,
              0
            ],
            "2.125": [
              0,
              12.5,
              0
            ]
          },
          "position": [
            0,
            0,
            0
          ]
        },
        "Leftleg": {
          "rotation": {
            "0.0": [
              0,
              0,
              0
            ],
            "0.25": [
              7.5,
              0,
              2.5
            ],
            "0.5": [
              0,
              0,
              5
            ],
            "0.75": [
              -5,
              0,
              5
            ],
            "1.0": [
              15.02089,
              -1.05627,
              2.73397
            ],
            "2.25": [
              15.02089,
              -1.05627,
              2.73397
            ],
            "2.4583": [
              0,
              0,
              0
            ]
          },
          "position": {
            "0.0": [
              0,
              0,
              0
            ],
            "0.75": [
              2,
              3,
              -1
            ],
            "1.0": [
              2,
              8,
              -9
            ],
            "2.25": [
              2,
              8,
              -9
            ],
            "2.4583": [
              0,
              0,
              0
            ]
          }
        },
        "Rightleg": {
          "rotation": {
            "0.0": [
              0,
              0,
              0
            ],
            "0.25": [
              7.5,
              0,
              -2.5
            ],
            "0.5": [
              0,
              0,
              -5
            ],
            "0.75": [
              15,
              0,
              -5
            ],
            "1.0": [
              15.00473,
              0.21782,
              -2.5095
            ],
            "1.2083": [
              15,
              0,
              -5
            ],
            "1.5": [
              15.00473,
              0.21782,
              -2.5095
            ],
            "1.75": [
              15,
              0,
              -5
            ],
            "2.0": [
              15.00473,
              0.21782,
              -2.5095
            ],
            "2.25": [
              15,
              0,
              -5
            ]
          },
          "position": [
            0,
            0,
            0
          ]
        },
        "bone10": {
          "rotation": {
            "0.6667": [
              0,
              0,
              0
            ],
            "0.875": [
              -51.55898,
              -8.42106,
              20.94102
            ]
          },
          "position": [
            0,
            0,
            0
          ],
          "scale": 1
        },
        "bone4": {
          "rotation": {
            "0.0": [
              0,
              0,
              0
            ],
            "0.25": [
              15,
              0,
              0
            ],
            "0.5417": [
              0,
              0,
              0
            ],
            "0.7083": [
              15,
              0,
              0
            ],
            "0.9167": [
              27.72074,
              -9.65594,
              -2.61298
            ],
            "1.2083": [
              28.21366,
              -14.07267,
              -5.00841
            ],
            "2.0": [
              27.72074,
              -9.65594,
              -2.61298
            ],
            "2.4583": [
              0,
              0,
              0
            ]
          },
          "position": [
            0,
            0,
            0
          ],
          "scale": 1
        },
        "Wing": {
          "rotation": {
            "0.0": [
              0,
              0,
              0
            ],
            "0.25": [
              0,
              0,
              20
            ],
            "0.7083": [
              0,
              0,
              77.5
            ],
            "2.0": [
              0,
              0,
              77.5
            ],
            "2.25": [
              0,
              0,
              20
            ],
            "2.4583": [
              0,
              0,
              0
            ]
          },
          "position": [
            0,
            0,
            0
          ],
          "scale": 1
        },
        "Wing3": {
          "rotation": {
            "0.0": [
              0,
              0,
              0
            ],
            "0.25": [
              0,
              0,
              -20
            ],
            "0.7083": [
              0,
              0,
              -77.5
            ],
            "2.0": [
              0,
              0,
              -77.5
            ],
            "2.25": [
              0,
              0,
              -20
            ],
            "2.4583": [
              0,
              0,
              0
            ]
          },
          "position": [
            0,
            0,
            0
          ],
          "scale": 1
        },
        "Wing2": {
          "rotation": {
            "0.0": [
              0,
              0,
              0
            ],
            "0.25": [
              0,
              0,
              15
            ],
            "0.5": [
              0,
              0,
              42.5
            ],
            "0.75": [
              0,
              0,
              37.5
            ],
            "1.125": [
              0,
              0,
              45
            ],
            "2.25": [
              0,
              0,
              45
            ],
            "2.4583": [
              0,
              0,
              0
            ]
          },
          "position": [
            0,
            0,
            0
          ],
          "scale": 1
        },
        "Wing4": {
          "rotation": {
            "0.0": [
              0,
              0,
              0
            ],
            "0.25": [
              0,
              0,
              -15
            ],
            "0.5": [
              0,
              0,
              -42.5
            ],
            "0.75": [
              0,
              0,
              -37.5
            ],
            "1.125": [
              0,
              0,
              -45
            ],
            "2.25": [
              0,
              0,
              -45
            ],
            "2.4583": [
              0,
              0,
              0
            ]
          },
          "position": [
            0,
            0,
            0
          ],
          "scale": 1
        },
        "Rott": {
          "rotation": [
            0,
            0,
            0
          ],
          "position": {
            "0.5": [
              0,
              0,
              0
            ],
            "0.75": [
              0,
              35,
              45
            ],
            "2.25": [
              0,
              35,
              45
            ],
            "2.4583": [
              0,
              0,
              0
            ]
          }
        }
      }
    },
    "animation.pa_hmp.hmp": {
      "animation_length": 1.25,
      "bones": {
        "body2": {
          "rotation": {
            "0.0": [
              0,
              0,
              0
            ],
            "0.25": [
              0,
              7.5,
              0
            ],
            "0.5417": [
              0,
              15,
              0
            ],
            "0.7083": [
              0,
              7.5,
              0
            ],
            "0.9167": [
              0,
              0,
              0
            ],
            "1.25": [
              0,
              0,
              0
            ]
          },
          "position": [
            0,
            0,
            0
          ],
          "scale": 1
        },
        "Leftarm": {
          "rotation": {
            "0.0": [
              0,
              0,
              0
            ],
            "0.5": [
              -59.60463,
              11.25904,
              14.25413
            ],
            "0.6667": [
              -62.99765,
              19.0567,
              0.99083
            ],
            "0.75": [
              -44.3622,
              -17.67721,
              -24.59548
            ],
            "0.9167": [
              -36.8622,
              -17.67721,
              -24.59548
            ],
            "1.25": [
              0,
              0,
              0
            ]
          },
          "position": [
            0,
            0,
            0
          ],
          "scale": 1
        },
        "bone10": {
          "rotation": {
            "0.25": [
              0,
              0,
              0
            ],
            "0.5417": [
              -25,
              22.5,
              0
            ],
            "0.75": [
              1.57622,
              29.67971,
              -7.76036
            ],
            "0.9167": [
              21.73604,
              31.40936,
              -22.14571
            ],
            "1.25": [
              0,
              0,
              0
            ]
          },
          "position": [
            0,
            0,
            0
          ],
          "scale": 1
        },
        "Rightarm": {
          "rotation": {
            "0.0": [
              0,
              0,
              0
            ],
            "0.25": [
              -47.5,
              0,
              -22.5
            ],
            "0.5833": [
              -55,
              0,
              -22.5
            ],
            "0.875": [
              22.5,
              0,
              -22.5
            ],
            "1.125": [
              22.5,
              0,
              -22.5
            ],
            "1.25": [
              0,
              0,
              0
            ]
          },
          "position": [
            0,
            0,
            0
          ],
          "scale": 1
        },
        "bone6": {
          "rotation": {
            "0.0": [
              0,
              0,
              0
            ],
            "0.25": [
              0,
              12.5,
              0
            ],
            "1.0417": [
              0,
              12.5,
              0
            ],
            "1.25": [
              0,
              0,
              0
            ]
          },
          "position": [
            0,
            0,
            0
          ],
          "scale": 1
        },
        "head": {
          "rotation": {
            "0.0": [
              0,
              0,
              0
            ],
            "0.25": [
              0,
              -10,
              0
            ],
            "0.6667": [
              0,
              -10,
              0
            ],
            "0.8333": [
              0,
              -5,
              0
            ],
            "1.25": [
              0,
              0,
              0
            ]
          },
          "position": [
            0,
            0,
            0
          ],
          "scale": 1
        },
        "Rightleg": {
          "rotation": {
            "0.0": [
              0,
              0,
              0
            ],
            "0.25": [
              -10,
              0,
              0
            ],
            "0.625": [
              -10,
              0,
              0
            ],
            "0.7917": [
              2.5,
              0,
              0
            ],
            "1.0": [
              -10,
              0,
              0
            ],
            "1.25": [
              0,
              0,
              0
            ]
          },
          "position": [
            0,
            0,
            0
          ],
          "scale": 1
        },
        "Leftleg": {
          "rotation": {
            "0.0": [
              0,
              0,
              0
            ],
            "0.25": [
              2.5,
              0,
              5
            ],
            "0.5417": [
              2.5,
              0,
              5
            ],
            "0.7917": [
              -7.5,
              0,
              5
            ],
            "1.0": [
              2.5,
              0,
              5
            ],
            "1.25": [
              0,
              0,
              0
            ]
          },
          "position": [
            0,
            0,
            0
          ],
          "scale": 1
        }
      }
    }
  }
}