{
  "animation_controllers": {
    "controller.animation.daisy_jumpscare": {
      "initial_state": "default",
      "states": {
        "add": {
          "on_entry": [
            "/scoreboard objectives add eee dummy",
            "/scoreboard players add @e[r\u003d3,type\u003d!os:daisy] eee 1",
            "/execute @e[scores\u003d{eee\u003d7..1000}] ~ ~ ~event entity @e[type\u003dos:daisy,r\u003d5] tb:jumpscare_stop",
            "/execute @e[scores\u003d{eee\u003d7..1000}] ~ ~ ~tag @e[type\u003dos:daisy,r\u003d5] remove eee",
            "/stopsound @a[r\u003d35] mob.daisy.chase",
            "/kill @e[scores\u003d{eee\u003d7..1000}]",
            "/scoreboard players set @a[scores\u003d{eee\u003d7..1000}] eee 0",
            "/effect @p clear"
          ],
          "transitions": [
            {
              "default": "1.0"
            }
          ]
        },
        "attack": {
          "on_entry": [
            "/tag @s add eee",
            "/execute @s ~ ~ ~ ride @e[r\u003d3,type\u003d!os:daisy] start_riding @s",
            "/effect @s slowness 2 255 true",
            "/effect @p slowness 9 9 true",
            "/title @a actionbar gacha"
          ],
          "transitions": [
            {
              "default": "1.0"
            }
          ]
        },
        "default": {
          "transitions": [
            {
              "attack": "variable.attack_time \u003e 0 \u0026\u0026 !query.is_stunned"
            },
            {
              "chase": "query.has_target"
            },
            {
              "add": "query.has_rider \u0026\u0026 !query.is_stunned"
            }
          ],
          "on_entry": [
            "/stopsound @a mob.daisy.chase"
          ]
        },
        "chase": {
          "transitions": [
            {
              "default": "!query.has_target"
            },
            {
              "attack": "variable.attack_time \u003e 0 \u0026\u0026 !query.is_stunned"
            },
            {
              "add": "query.has_rider \u0026\u0026 !query.is_stunned"
            }
          ],
          "animations": [
            "chase"
          ]
        }
      }
    }
  },
  "format_version": "1.10.0"
}