{
  "entity_sounds": {
    "entities": {
      "sbgoji:big_camera_man3": {
        "volume": 1.0,
        "pitch": [
          0.8,
          1.2
        ],
        "events": {
          "ambient": "mob.sbgoji_camera_man3.say",
          "hurt": "mob.sbgoji_camera_man3.hurt",
          "death": "mob.sbgoji_camera_man3.death",
          "step": "mob.sbgoji_camera_man3.step"
        }
      },
      "sbgoji:camera_man3": {
        "volume": 1.0,
        "pitch": [
          0.8,
          1.2
        ],
        "events": {
          "ambient": "mob.sbgoji_camera_man3.say",
          "hurt": "mob.sbgoji_camera_man3.hurt",
          "death": "mob.sbgoji_camera_man3.death",
          "step": "mob.sbgoji_camera_man3.step"
        }
      },
      "sbgoji:spider_camera3": {
        "volume": 1.0,
        "pitch": [
          0.8,
          1.2
        ],
        "events": {
          "ambient": "mob.sbgoji_camera_man3.say",
          "hurt": "mob.sbgoji_camera_man3.hurt",
          "death": "mob.sbgoji_camera_man3.death",
          "step": "mob.sbgoji_camera_man3.step"
        }
      },
      "sbgoji:titan_camera_man3": {
        "volume": 1.0,
        "pitch": [
          0.8,
          1.2
        ],
        "events": {
          "ambient": "mob.sbgoji_camera_man3.say",
          "hurt": "mob.sbgoji_titan_camera_man3.hurt",
          "death": "mob.sbgoji_camera_man3.death",
          "step": "mob.sbgoji_titan_camera_man3.step"
        }
      },
      "sbgoji:plunger_camera_man3": {
        "volume": 1.0,
        "pitch": [
          0.8,
          1.2
        ],
        "events": {
          "ambient": "mob.sbgoji_camera_man3.say",
          "hurt": "mob.sbgoji_camera_man3.hurt",
          "death": "mob.sbgoji_camera_man3.death",
          "step": "mob.sbgoji_camera_man3.step"
        }
      },
      "sbgoji:titan_camera_mandie": {
        "volume": 1.0,
        "pitch": [
          0.8,
          1.2
        ],
        "events": {
          "ambient": "mob.sbgoji_camera_man3.say",
          "hurt": "mob.sbgoji_camera_man3.hurt",
          "death": "mob.sbgoji_camera_man3.death",
          "step": "mob.sbgoji_camera_man3.step"
        }
      },
      "sbgoji:camera_woman3": {
        "volume": 1.0,
        "pitch": [
          0.8,
          1.2
        ],
        "events": {
          "ambient": "mob.sbgoji_camera_man3.say",
          "hurt": "mob.sbgoji_camera_man3.hurt",
          "death": "mob.sbgoji_camera_man3.death",
          "step": "mob.sbgoji_camera_man3.step"
        }
      },
      "sbgoji:spider_cameradie3": {
        "volume": 1.0,
        "pitch": [
          0.8,
          1.2
        ],
        "events": {
          "ambient": "mob.sbgoji_camera_man3.say",
          "hurt": "mob.sbgoji_camera_man3.hurt",
          "death": "mob.sbgoji_camera_man3.death",
          "step": "mob.sbgoji_camera_man3.step"
        }
      },
      "sbgoji:camera_womandie3": {
        "volume": 1.0,
        "pitch": [
          0.8,
          1.2
        ],
        "events": {
          "ambient": "mob.sbgoji_camera_man3.say",
          "hurt": "mob.sbgoji_camera_man3.hurt",
          "death": "mob.sbgoji_camera_man3.death",
          "step": "mob.sbgoji_camera_man3.step"
        }
      },
      "sbgoji:plunger_camera_mandie3": {
        "volume": 1.0,
        "pitch": [
          0.8,
          1.2
        ],
        "events": {
          "ambient": "mob.sbgoji_camera_man3.say",
          "hurt": "mob.sbgoji_camera_man3.hurt",
          "death": "mob.sbgoji_camera_man3.death",
          "step": "mob.sbgoji_camera_man3.step"
        }
      }
    }
  }
}