{
  "mob.sbgoji_camera_man3.say": {
    "category": " neutral",
    "sounds": [
      "sounds/sounds/camera/camera_snap1",
      "sounds/sounds/camera/camera_snap2",
      {
        "load_on_low_memory": true,
        "name": "sounds/sounds/camera/camera_snap3"
      }
    ]
  },
  "mob.sbgoji_camera_man3.hurt": {
    "category": " neutral",
    "sounds": [
      "sounds/sounds/camera/camera_snap1",
      "sounds/sounds/camera/camera_snap3",
      "sounds/sounds/camera/camera_snap2",
      "sounds/sounds/camera/camera_snap1"
    ]
  },
  "mob.sbgoji_camera_man3.death": {
    "category": " neutral",
    "sounds": [
      "sounds/mob/sbgoji_camera_man3/death/death"
    ]
  },
  "mob.sbgoji_camera_man3.step": {
    "category": " neutral",
    "sounds": [
      {
        "load_on_low_memory": true,
        "name": "sounds/sounds/armor/equip_iron1"
      },
      "sounds/sounds/armor/equip_iron4",
      "sounds/sounds/armor/equip_iron6",
      "sounds/sounds/armor/equip_iron2"
    ]
  },
  "mob.sbgoji_speaker_man3.say": {
    "category": " neutral",
    "sounds": [
      "sounds/sounds/camera/camera_snap1",
      "sounds/mob/sbgoji_speaker_man3/say/say2",
      {
        "load_on_low_memory": true,
        "name": "sounds/sounds/camera/camera_snap1"
      }
    ]
  },
  "mob.sbgoji_speaker_man3.hurt": {
    "category": " neutral",
    "sounds": [
      "sounds/sounds/random/break",
      "sounds/sounds/random/break",
      "sounds/sounds/random/break",
      "sounds/sounds/random/break"
    ]
  },
  "mob.sbgoji_speaker_man3.death": {
    "category": " neutral",
    "sounds": [
      "sounds/mob/sbgoji_speaker_man3/death/death"
    ]
  },
  "mob.sbgoji_speaker_man3.step": {
    "category": " neutral",
    "sounds": [
      {
        "load_on_low_memory": true,
        "name": "sounds/sounds/armor/equip_iron3"
      },
      "sounds/sounds/armor/equip_iron2",
      "sounds/sounds/armor/equip_iron2",
      "sounds/sounds/armor/equip_iron3"
    ]
  },
  "mob.sbgoji_tv_man3.say": {
    "category": " neutral",
    "sounds": [
      "sounds/mob/sbgoji_tv_man3/say/say1",
      "sounds/ambient/cave",
      {
        "load_on_low_memory": true,
        "name": "sounds/ambient/cave"
      }
    ]
  },
  "mob.sbgoji_tv_man3.hurt": {
    "category": " neutral",
    "sounds": [
      "sounds/sounds/random/break",
      "sounds/sounds/random/break",
      "sounds/sounds/random/break",
      "sounds/sounds/random/break"
    ]
  },
  "mob.sbgoji_tv_man3.death": {
    "category": " neutral",
    "sounds": [
      "sounds/mob/sbgoji_tv_man3/death/death"
    ]
  },
  "mob.sbgoji_tv_man3.step": {
    "category": " neutral",
    "sounds": [
      {
        "load_on_low_memory": true,
        "name": "sounds/sounds/random/break"
      },
      "sounds/sounds/random/break",
      "sounds/sounds/random/break",
      "sounds/sounds/random/break"
    ]
  },
  "mob.sbgoji_skibibi_toilet3.say": {
    "category": " neutral",
    "sounds": [
      "sounds/mob/sbgoji_skibibi_toilet3/say/say1",
      "sounds/mob/sbgoji_skibibi_toilet3/say/say2",
      {
        "load_on_low_memory": true,
        "name": "sounds/mob/sbgoji_skibibi_toilet3/say/say3"
      }
    ]
  },
  "mob.sbgoji_skibibi_toilet3.hurt": {
    "category": " neutral",
    "sounds": [
      "sounds/ambient/candle",
      "sounds/ambient/candle",
      "sounds/ambient/candle",
      "sounds/ambient/candle"
    ]
  },
  "mob.sbgoji_skibibi_toilet3.death": {
    "category": " neutral",
    "sounds": [
      "sounds/mob/sbgoji_skibibi_toilet3/death/death"
    ]
  },
  "mob.sbgoji_skibibi_toilet3.step": {
    "category": " neutral",
    "sounds": [
      {
        "load_on_low_memory": true,
        "name": "sounds/mob/sbgoji_skibibi_toilet3/step/step1"
      },
      "sounds/mob/sbgoji_skibibi_toilet3/step/step2",
      "sounds/mob/sbgoji_skibibi_toilet3/step/step3",
      "sounds/mob/sbgoji_skibibi_toilet3/step/step4"
    ]
  },
  "mob.sbgoji_skibibi_toiletdie3.say": {
    "category": " neutral",
    "sounds": [
      "sounds/ambient/candle",
      "sounds/ambient/candle",
      {
        "load_on_low_memory": true,
        "name": "sounds/ambient/candle"
      }
    ]
  },
  "mob.sbgoji_skibibi_toiletdie3.death": {
    "category": " neutral",
    "sounds": [
      "sounds/ambient/candle"
    ]
  }
}