{
  "format_version": "1.12.0",
  "minecraft:geometry": [
    {
      "description": {
        "identifier": "geometry.sbgoji_plunger_camera_mandie3",
        "texture_width": 128,
        "texture_height": 128,
        "visible_bounds_width": 4,
        "visible_bounds_height": 10,
        "visible_bounds_offset": [
          0,
          -1,
          0
        ]
      },
      "bones": [
        {
          "name": "Rott",
          "pivot": [
            0,
            0,
            0
          ],
          "rotation": [
            -80,
            0,
            0
          ]
        },
        {
          "name": "Body",
          "parent": "Rott",
          "pivot": [
            0,
            15,
            0
          ],
          "cubes": [
            {
              "origin": [
                -4.4,
                15.3,
                -2.2
              ],
              "size": [
                8.8,
                5.8,
                4.4
              ],
              "uv": [
                0,
                46
              ]
            }
          ]
        },
        {
          "name": "Body2",
          "parent": "Body",
          "pivot": [
            0,
            21,
            0
          ],
          "rotation": [
            2.5,
            -12.5,
            0
          ],
          "cubes": [
            {
              "origin": [
                -4,
                21,
                -2
              ],
              "size": [
                8,
                10,
                4
              ],
              "uv": [
                44,
                17
              ]
            },
            {
              "origin": [
                -4.4,
                21.1,
                -2.2
              ],
              "size": [
                8.8,
                10,
                4.4
              ],
              "uv": [
                0,
                32
              ]
            },
            {
              "origin": [
                -4.4,
                19.1,
                1.8
              ],
              "size": [
                8.8,
                11,
                4.4
              ],
              "uv": [
                26,
                31
              ]
            },
            {
              "origin": [
                -7.4,
                17.1,
                2.8
              ],
              "size": [
                2.8,
                14,
                2.4
              ],
              "uv": [
                0,
                55
              ],
              "mirror": true
            },
            {
              "origin": [
                4.6,
                17.1,
                2.8
              ],
              "size": [
                2.8,
                14,
                2.4
              ],
              "uv": [
                0,
                55
              ]
            },
            {
              "origin": [
                -1.4,
                21.1,
                -1.2
              ],
              "size": [
                2.8,
                12,
                2.4
              ],
              "uv": [
                0,
                17
              ]
            }
          ]
        },
        {
          "name": "bone5",
          "parent": "Body2",
          "pivot": [
            0,
            -1,
            0
          ],
          "cubes": [
            {
              "origin": [
                4.06,
                19.01,
                2.08
              ],
              "size": [
                4.08,
                1.6,
                3.64
              ],
              "uv": [
                56,
                48
              ]
            },
            {
              "origin": [
                -8.14,
                19.01,
                2.08
              ],
              "size": [
                4.08,
                1.6,
                3.64
              ],
              "uv": [
                56,
                48
              ],
              "mirror": true
            },
            {
              "origin": [
                4.06,
                21.01,
                2.08
              ],
              "size": [
                4.08,
                1.6,
                3.64
              ],
              "uv": [
                56,
                48
              ]
            },
            {
              "origin": [
                -8.14,
                21.01,
                2.08
              ],
              "size": [
                4.08,
                1.6,
                3.64
              ],
              "uv": [
                56,
                48
              ],
              "mirror": true
            },
            {
              "origin": [
                -8.14,
                27.01,
                2.08
              ],
              "size": [
                4.08,
                1.6,
                3.64
              ],
              "uv": [
                56,
                48
              ],
              "mirror": true
            },
            {
              "origin": [
                4.06,
                27.01,
                2.08
              ],
              "size": [
                4.08,
                1.6,
                3.64
              ],
              "uv": [
                56,
                48
              ]
            }
          ]
        },
        {
          "name": "bone8",
          "parent": "Body2",
          "pivot": [
            6,
            24,
            4
          ],
          "cubes": [
            {
              "origin": [
                6,
                18,
                4
              ],
              "size": [
                1,
                11,
                1
              ],
              "uv": [
                20,
                55
              ]
            },
            {
              "origin": [
                5,
                18,
                3
              ],
              "size": [
                1,
                11,
                2
              ],
              "uv": [
                8,
                17
              ]
            }
          ]
        },
        {
          "name": "bone7",
          "parent": "Body2",
          "pivot": [
            -6,
            24,
            4
          ],
          "cubes": [
            {
              "origin": [
                -7,
                18,
                4
              ],
              "size": [
                1,
                11,
                1
              ],
              "uv": [
                20,
                55
              ],
              "mirror": true
            },
            {
              "origin": [
                -6,
                18,
                3
              ],
              "size": [
                1,
                11,
                2
              ],
              "uv": [
                8,
                17
              ],
              "mirror": true
            }
          ]
        },
        {
          "name": "bone4",
          "parent": "Body2",
          "pivot": [
            -4,
            29,
            0
          ]
        },
        {
          "name": "RightArm",
          "parent": "bone4",
          "pivot": [
            -4,
            29,
            0
          ],
          "rotation": [
            12.5,
            0,
            7.5
          ],
          "cubes": [
            {
              "origin": [
                -8,
                21,
                -2
              ],
              "size": [
                4,
                9,
                4
              ],
              "uv": [
                24,
                46
              ]
            }
          ]
        },
        {
          "name": "bone",
          "parent": "RightArm",
          "pivot": [
            -6,
            21,
            0
          ],
          "rotation": [
            -152.55707,
            78.31986,
            -144.58583
          ],
          "cubes": [
            {
              "origin": [
                -8,
                14,
                -2
              ],
              "size": [
                4,
                7,
                4
              ],
              "uv": [
                50,
                31
              ]
            },
            {
              "origin": [
                -7.7,
                11,
                -1.8
              ],
              "size": [
                3.6,
                3.6,
                3.6
              ],
              "uv": [
                8,
                55
              ]
            },
            {
              "origin": [
                -6.7,
                12,
                -10.8
              ],
              "size": [
                1.6,
                1.6,
                14.6
              ],
              "uv": [
                0,
                17
              ]
            },
            {
              "origin": [
                -8.7,
                10,
                -12.8
              ],
              "size": [
                5.6,
                5.6,
                3
              ],
              "uv": [
                53,
                54
              ]
            },
            {
              "origin": [
                -7.7,
                11,
                -10.8
              ],
              "size": [
                3.6,
                3.6,
                2
              ],
              "uv": [
                24,
                59
              ]
            }
          ]
        },
        {
          "name": "LeftArm",
          "parent": "bone4",
          "pivot": [
            4,
            29,
            0
          ],
          "rotation": [
            -5,
            0,
            -40
          ],
          "cubes": [
            {
              "origin": [
                4,
                21,
                -2
              ],
              "size": [
                4,
                9,
                4
              ],
              "uv": [
                24,
                46
              ],
              "mirror": true
            }
          ]
        },
        {
          "name": "bone6",
          "parent": "LeftArm",
          "pivot": [
            6,
            21,
            0
          ],
          "rotation": [
            -7.5,
            -85,
            0
          ],
          "cubes": [
            {
              "origin": [
                4,
                14,
                -2
              ],
              "size": [
                4,
                7,
                4
              ],
              "uv": [
                50,
                31
              ],
              "mirror": true
            },
            {
              "origin": [
                4.1,
                11,
                -1.8
              ],
              "size": [
                3.6,
                3.6,
                3.6
              ],
              "uv": [
                8,
                55
              ],
              "mirror": true
            },
            {
              "origin": [
                5.1,
                12,
                -10.8
              ],
              "size": [
                1.6,
                1.6,
                14.6
              ],
              "uv": [
                0,
                17
              ],
              "mirror": true
            },
            {
              "origin": [
                3.1,
                10,
                -12.8
              ],
              "size": [
                5.6,
                5.6,
                3
              ],
              "uv": [
                53,
                54
              ],
              "mirror": true
            },
            {
              "origin": [
                4.1,
                11,
                -10.8
              ],
              "size": [
                3.6,
                3.6,
                2
              ],
              "uv": [
                24,
                59
              ],
              "mirror": true
            }
          ]
        },
        {
          "name": "Head",
          "parent": "Body2",
          "pivot": [
            0,
            31,
            0
          ],
          "rotation": [
            -20,
            -85,
            0
          ],
          "cubes": [
            {
              "origin": [
                -2.7,
                32.2,
                -5.4
              ],
              "size": [
                5.4,
                5.4,
                9
              ],
              "uv": [
                16,
                17
              ]
            },
            {
              "origin": [
                -2.7,
                34.9,
                -7.3
              ],
              "size": [
                5.4,
                2.7,
                1.9
              ],
              "uv": [
                0,
                13
              ]
            },
            {
              "origin": [
                -3.6,
                31.3,
                -1.8
              ],
              "size": [
                7.2,
                4.5,
                2.8
              ],
              "uv": [
                52,
                42
              ]
            },
            {
              "origin": [
                -2.8,
                29.9,
                -5.8
              ],
              "size": [
                2.6,
                2.7,
                3.6
              ],
              "uv": [
                37,
                57
              ]
            }
          ]
        },
        {
          "name": "RightLeg",
          "parent": "Rott",
          "pivot": [
            -1.9,
            16,
            0
          ],
          "rotation": [
            -2.5,
            0,
            17.5
          ],
          "cubes": [
            {
              "origin": [
                -3.9,
                9,
                -2
              ],
              "size": [
                4,
                7,
                4
              ],
              "uv": [
                48,
                0
              ]
            },
            {
              "origin": [
                -4.4,
                6.3,
                -2.2
              ],
              "size": [
                4.8,
                9.8,
                4.4
              ],
              "uv": [
                0,
                0
              ]
            }
          ]
        },
        {
          "name": "bone3",
          "parent": "RightLeg",
          "pivot": [
            -2,
            9,
            0
          ],
          "rotation": [
            12.5,
            0,
            -2.5
          ],
          "cubes": [
            {
              "origin": [
                -3.9,
                2,
                -2
              ],
              "size": [
                4,
                7,
                4
              ],
              "uv": [
                40,
                46
              ]
            },
            {
              "origin": [
                -3.7,
                0,
                -2.7
              ],
              "size": [
                3.6,
                1.9,
                4.5
              ],
              "uv": [
                48,
                11
              ]
            }
          ]
        },
        {
          "name": "LeftLeg",
          "parent": "Rott",
          "pivot": [
            1.9,
            16,
            0
          ],
          "rotation": [
            -2.5,
            0,
            -12.5
          ],
          "cubes": [
            {
              "origin": [
                -0.1,
                9,
                -2
              ],
              "size": [
                4,
                7,
                4
              ],
              "uv": [
                48,
                0
              ],
              "mirror": true
            },
            {
              "origin": [
                -0.4,
                6.3,
                -2.2
              ],
              "size": [
                4.8,
                9.8,
                4.4
              ],
              "uv": [
                0,
                0
              ],
              "mirror": true
            }
          ]
        },
        {
          "name": "bone2",
          "parent": "LeftLeg",
          "pivot": [
            2,
            9,
            0
          ],
          "rotation": [
            0,
            0,
            2.5
          ],
          "cubes": [
            {
              "origin": [
                -0.1,
                2,
                -2
              ],
              "size": [
                4,
                7,
                4
              ],
              "uv": [
                40,
                46
              ],
              "mirror": true
            },
            {
              "origin": [
                0.1,
                0,
                -2.7
              ],
              "size": [
                3.6,
                1.9,
                4.5
              ],
              "uv": [
                48,
                11
              ],
              "mirror": true
            }
          ]
        },
        {
          "name": "bone9",
          "pivot": [
            0,
            -102,
            1
          ],
          "cubes": [
            {
              "origin": [
                -8,
                -104,
                -6
              ],
              "size": [
                16,
                1.4,
                16
              ],
              "uv": [
                0,
                0
              ]
            }
          ]
        }
      ]
    }
  ]
}