{
  "format_version": "1.12.0",
  "minecraft:geometry": [
    {
      "description": {
        "identifier": "geometry.sbgoji_camera_man_droppadie",
        "texture_width": 512,
        "texture_height": 512,
        "visible_bounds_width": 8,
        "visible_bounds_height": 9,
        "visible_bounds_offset": [
          0,
          3.5,
          0
        ]
      },
      "bones": [
        {
          "name": "bone",
          "pivot": [
            0,
            2,
            0
          ],
          "rotation": [
            -180,
            -12.5,
            -192.5
          ],
          "cubes": [
            {
              "origin": [
                -25,
                2,
                -25
              ],
              "size": [
                50,
                14,
                50
              ],
              "uv": [
                0,
                0
              ]
            },
            {
              "origin": [
                -27,
                10,
                -11
              ],
              "size": [
                54,
                20,
                39
              ],
              "uv": [
                0,
                64
              ]
            },
            {
              "origin": [
                -27,
                10,
                -29
              ],
              "size": [
                54,
                12,
                18
              ],
              "uv": [
                126,
                138
              ]
            },
            {
              "origin": [
                -26,
                16,
                -29
              ],
              "size": [
                52,
                13,
                20
              ],
              "pivot": [
                0,
                26,
                -11
              ],
              "rotation": [
                20,
                0,
                0
              ],
              "uv": [
                0,
                123
              ]
            },
            {
              "origin": [
                -30,
                11,
                -6
              ],
              "size": [
                3,
                17,
                20
              ],
              "uv": [
                0,
                0
              ],
              "mirror": true
            },
            {
              "origin": [
                -30,
                2,
                -6.1
              ],
              "size": [
                3,
                9,
                20
              ],
              "pivot": [
                -31,
                11,
                2
              ],
              "rotation": [
                0,
                0,
                -22.5
              ],
              "uv": [
                150,
                17
              ],
              "mirror": true
            },
            {
              "origin": [
                27,
                2,
                -6.1
              ],
              "size": [
                3,
                9,
                20
              ],
              "pivot": [
                31,
                11,
                2
              ],
              "rotation": [
                0,
                0,
                22.5
              ],
              "uv": [
                150,
                17
              ]
            },
            {
              "origin": [
                27,
                11,
                -6
              ],
              "size": [
                3,
                17,
                20
              ],
              "uv": [
                0,
                0
              ]
            }
          ]
        },
        {
          "name": "bone3",
          "parent": "bone",
          "pivot": [
            0,
            -30,
            0
          ]
        },
        {
          "name": "bone4",
          "parent": "bone",
          "pivot": [
            0,
            -26,
            0
          ]
        },
        {
          "name": "bone2",
          "parent": "bone",
          "pivot": [
            0,
            0,
            0
          ],
          "cubes": [
            {
              "origin": [
                -13,
                -6,
                8
              ],
              "size": [
                26,
                8,
                5
              ],
              "uv": [
                147,
                88
              ]
            },
            {
              "origin": [
                -8,
                -6,
                -8
              ],
              "size": [
                16,
                8,
                16
              ],
              "uv": [
                147,
                64
              ]
            },
            {
              "origin": [
                -13,
                -6,
                -8
              ],
              "size": [
                5,
                8,
                16
              ],
              "uv": [
                0,
                156
              ],
              "mirror": true
            },
            {
              "origin": [
                8,
                -6,
                -8
              ],
              "size": [
                5,
                8,
                16
              ],
              "uv": [
                0,
                156
              ]
            },
            {
              "origin": [
                -13,
                -6,
                -13
              ],
              "size": [
                26,
                8,
                5
              ],
              "uv": [
                124,
                123
              ]
            }
          ]
        }
      ]
    }
  ]
}