{
  "format_version": "1.12.0",
  "minecraft:geometry": [
    {
      "description": {
        "identifier": "geometry.sbgoji_titan_camera_mandie",
        "texture_width": 512,
        "texture_height": 512,
        "visible_bounds_width": 128,
        "visible_bounds_height": 126,
        "visible_bounds_offset": [
          0,
          -48,
          0
        ]
      },
      "bones": [
        {
          "name": "Toot",
          "pivot": [
            0,
            -21,
            0
          ],
          "rotation": [
            2.5,
            0,
            0
          ]
        },
        {
          "name": "bone9",
          "parent": "Toot",
          "pivot": [
            0,
            45,
            0
          ],
          "rotation": [
            12.5,
            0,
            0
          ],
          "cubes": [
            {
              "origin": [
                -15,
                46,
                -8
              ],
              "size": [
                30,
                30,
                17
              ],
              "uv": [
                86,
                118
              ]
            }
          ]
        },
        {
          "name": "bone10",
          "parent": "bone9",
          "pivot": [
            0,
            76,
            0
          ],
          "cubes": [
            {
              "origin": [
                -6,
                83,
                -13
              ],
              "size": [
                12,
                12,
                15
              ],
              "uv": [
                155,
                247
              ]
            },
            {
              "origin": [
                -5,
                84,
                -15
              ],
              "size": [
                10,
                10,
                15
              ],
              "uv": [
                258,
                110
              ]
            },
            {
              "origin": [
                -17,
                76,
                1
              ],
              "size": [
                34,
                25,
                10
              ],
              "pivot": [
                0,
                74,
                0
              ],
              "rotation": [
                -15,
                0,
                0
              ],
              "uv": [
                151,
                42
              ]
            }
          ]
        },
        {
          "name": "bone14",
          "parent": "bone10",
          "pivot": [
            0,
            -39,
            0
          ]
        },
        {
          "name": "bone11",
          "parent": "bone10",
          "pivot": [
            0,
            -39,
            0
          ]
        },
        {
          "name": "bone12",
          "parent": "bone11",
          "pivot": [
            0,
            -39,
            0
          ],
          "cubes": [
            {
              "origin": [
                -5,
                72,
                -12
              ],
              "size": [
                10,
                5,
                17
              ],
              "uv": [
                86,
                258
              ]
            },
            {
              "origin": [
                -4,
                74,
                -12
              ],
              "size": [
                8,
                7,
                5
              ],
              "pivot": [
                0,
                74,
                -10
              ],
              "rotation": [
                57.5,
                0,
                0
              ],
              "uv": [
                194,
                247
              ]
            },
            {
              "origin": [
                -2,
                76.02166,
                -15.92569
              ],
              "size": [
                4,
                7,
                2
              ],
              "pivot": [
                0,
                76,
                -17
              ],
              "rotation": [
                17.5,
                0,
                0
              ],
              "uv": [
                71,
                7
              ]
            },
            {
              "origin": [
                -6.98146,
                70.53998,
                -12
              ],
              "size": [
                3,
                9,
                6
              ],
              "pivot": [
                -9,
                75,
                -10
              ],
              "rotation": [
                5,
                0,
                -27.5
              ],
              "uv": [
                250,
                110
              ]
            },
            {
              "origin": [
                3.98146,
                70.53998,
                -12
              ],
              "size": [
                3,
                9,
                6
              ],
              "pivot": [
                9,
                75,
                -10
              ],
              "rotation": [
                5,
                0,
                27.5
              ],
              "uv": [
                250,
                110
              ],
              "mirror": true
            },
            {
              "origin": [
                -9.08632,
                79.94011,
                -13
              ],
              "size": [
                3,
                20,
                6
              ],
              "pivot": [
                -6,
                76,
                0
              ],
              "rotation": [
                0,
                0,
                -7.5
              ],
              "uv": [
                132,
                42
              ]
            },
            {
              "origin": [
                -11.35324,
                94.09267,
                -17.44243
              ],
              "size": [
                3,
                5,
                4
              ],
              "pivot": [
                -14,
                99,
                -14
              ],
              "rotation": [
                0.90956,
                -19.98015,
                -10.16022
              ],
              "uv": [
                44,
                7
              ]
            },
            {
              "origin": [
                8.35324,
                94.09267,
                -17.44243
              ],
              "size": [
                3,
                5,
                4
              ],
              "pivot": [
                14,
                99,
                -14
              ],
              "rotation": [
                0.90956,
                19.98015,
                10.16022
              ],
              "uv": [
                44,
                7
              ],
              "mirror": true
            },
            {
              "origin": [
                -9.69688,
                95.70238,
                -21.35626
              ],
              "size": [
                3,
                2,
                5
              ],
              "pivot": [
                -10,
                97,
                -17
              ],
              "rotation": [
                1.15902,
                -42.47663,
                -10.63214
              ],
              "uv": [
                44,
                0
              ]
            },
            {
              "origin": [
                6.69688,
                95.70238,
                -21.35626
              ],
              "size": [
                3,
                2,
                5
              ],
              "pivot": [
                10,
                97,
                -17
              ],
              "rotation": [
                1.15902,
                42.47663,
                10.63214
              ],
              "uv": [
                44,
                0
              ],
              "mirror": true
            },
            {
              "origin": [
                6.08632,
                79.94011,
                -13
              ],
              "size": [
                3,
                20,
                6
              ],
              "pivot": [
                6,
                76,
                0
              ],
              "rotation": [
                0,
                0,
                7.5
              ],
              "uv": [
                132,
                42
              ],
              "mirror": true
            }
          ]
        },
        {
          "name": "Hea",
          "parent": "bone12",
          "pivot": [
            0,
            100,
            -3
          ],
          "rotation": [
            25,
            0,
            0
          ],
          "cubes": [
            {
              "origin": [
                -8,
                101,
                -17
              ],
              "size": [
                16,
                17,
                33
              ],
              "uv": [
                86,
                68
              ]
            },
            {
              "origin": [
                -4,
                111,
                5
              ],
              "size": [
                8,
                15,
                9
              ],
              "uv": [
                124,
                165
              ]
            },
            {
              "origin": [
                -3,
                117,
                7
              ],
              "size": [
                6,
                23,
                6
              ],
              "uv": [
                243,
                277
              ]
            },
            {
              "origin": [
                -2,
                136,
                -6
              ],
              "size": [
                4,
                2,
                13
              ],
              "uv": [
                160,
                0
              ]
            },
            {
              "origin": [
                -1,
                117,
                -2
              ],
              "size": [
                1,
                24,
                13
              ],
              "pivot": [
                0,
                138,
                -8
              ],
              "rotation": [
                -20,
                0,
                0
              ],
              "uv": [
                164,
                274
              ]
            },
            {
              "origin": [
                0,
                117,
                -2
              ],
              "size": [
                1,
                24,
                13
              ],
              "pivot": [
                0,
                138,
                -8
              ],
              "rotation": [
                -20,
                0,
                0
              ],
              "uv": [
                164,
                274
              ],
              "mirror": true
            },
            {
              "origin": [
                -2,
                117,
                -1
              ],
              "size": [
                2,
                24,
                2
              ],
              "pivot": [
                0,
                138,
                -8
              ],
              "rotation": [
                -19.37006,
                5.07855,
                14.13272
              ],
              "uv": [
                66,
                151
              ]
            },
            {
              "origin": [
                0,
                117,
                -1
              ],
              "size": [
                2,
                24,
                2
              ],
              "pivot": [
                0,
                138,
                -8
              ],
              "rotation": [
                -19.37006,
                -5.07855,
                -14.13272
              ],
              "uv": [
                66,
                151
              ],
              "mirror": true
            },
            {
              "origin": [
                7,
                107,
                -17
              ],
              "size": [
                9,
                6,
                20
              ],
              "uv": [
                79,
                232
              ]
            },
            {
              "origin": [
                -16,
                107,
                -17
              ],
              "size": [
                9,
                6,
                20
              ],
              "uv": [
                79,
                232
              ],
              "mirror": true
            },
            {
              "origin": [
                11,
                108,
                -2
              ],
              "size": [
                3,
                15,
                4
              ],
              "uv": [
                50,
                205
              ]
            },
            {
              "origin": [
                -14,
                108,
                -2
              ],
              "size": [
                3,
                15,
                4
              ],
              "uv": [
                50,
                205
              ],
              "mirror": true
            },
            {
              "origin": [
                11,
                108,
                -13
              ],
              "size": [
                3,
                18,
                8
              ],
              "uv": [
                267,
                277
              ]
            },
            {
              "origin": [
                2,
                106,
                -16
              ],
              "size": [
                3,
                18,
                8
              ],
              "uv": [
                267,
                277
              ]
            },
            {
              "origin": [
                -5,
                106,
                -16
              ],
              "size": [
                3,
                18,
                8
              ],
              "uv": [
                267,
                277
              ],
              "mirror": true
            },
            {
              "origin": [
                -14,
                108,
                -13
              ],
              "size": [
                3,
                18,
                8
              ],
              "uv": [
                267,
                277
              ],
              "mirror": true
            },
            {
              "origin": [
                16,
                107,
                -12
              ],
              "size": [
                6,
                6,
                2
              ],
              "uv": [
                0,
                8
              ]
            },
            {
              "origin": [
                -22,
                107,
                -12
              ],
              "size": [
                6,
                6,
                2
              ],
              "uv": [
                0,
                8
              ],
              "mirror": true
            },
            {
              "origin": [
                7,
                105,
                -19
              ],
              "size": [
                11,
                9,
                3
              ],
              "uv": [
                37,
                193
              ]
            },
            {
              "origin": [
                -18,
                105,
                -19
              ],
              "size": [
                11,
                9,
                3
              ],
              "uv": [
                37,
                193
              ],
              "mirror": true
            },
            {
              "origin": [
                -8,
                115,
                -28
              ],
              "size": [
                16,
                3,
                11
              ],
              "uv": [
                177,
                27
              ]
            },
            {
              "origin": [
                -8,
                113,
                -26
              ],
              "size": [
                2,
                2,
                9
              ],
              "uv": [
                163,
                120
              ]
            },
            {
              "origin": [
                6,
                113,
                -26
              ],
              "size": [
                2,
                2,
                9
              ],
              "uv": [
                163,
                120
              ],
              "mirror": true
            },
            {
              "origin": [
                -8,
                111,
                -25
              ],
              "size": [
                2,
                2,
                8
              ],
              "uv": [
                182,
                77
              ]
            },
            {
              "origin": [
                6,
                111,
                -25
              ],
              "size": [
                2,
                2,
                8
              ],
              "uv": [
                182,
                77
              ],
              "mirror": true
            },
            {
              "origin": [
                -8,
                109,
                -24
              ],
              "size": [
                2,
                2,
                7
              ],
              "uv": [
                151,
                92
              ]
            },
            {
              "origin": [
                6,
                109,
                -24
              ],
              "size": [
                2,
                2,
                7
              ],
              "uv": [
                151,
                92
              ],
              "mirror": true
            },
            {
              "origin": [
                -8,
                105,
                -22
              ],
              "size": [
                2,
                2,
                5
              ],
              "uv": [
                71,
                0
              ]
            },
            {
              "origin": [
                6,
                105,
                -22
              ],
              "size": [
                2,
                2,
                5
              ],
              "uv": [
                71,
                0
              ],
              "mirror": true
            },
            {
              "origin": [
                -8,
                103,
                -21
              ],
              "size": [
                2,
                2,
                4
              ],
              "uv": [
                86,
                118
              ]
            },
            {
              "origin": [
                6,
                103,
                -21
              ],
              "size": [
                2,
                2,
                4
              ],
              "uv": [
                86,
                118
              ],
              "mirror": true
            },
            {
              "origin": [
                -8,
                101,
                -20
              ],
              "size": [
                2,
                2,
                3
              ],
              "uv": [
                39,
                56
              ]
            },
            {
              "origin": [
                6,
                101,
                -20
              ],
              "size": [
                2,
                2,
                3
              ],
              "uv": [
                39,
                56
              ],
              "mirror": true
            },
            {
              "origin": [
                -8,
                107,
                -23
              ],
              "size": [
                2,
                2,
                6
              ],
              "uv": [
                0,
                0
              ]
            },
            {
              "origin": [
                6,
                107,
                -23
              ],
              "size": [
                2,
                2,
                6
              ],
              "uv": [
                0,
                0
              ],
              "mirror": true
            }
          ]
        },
        {
          "name": "bone18",
          "parent": "Hea",
          "pivot": [
            0,
            -53,
            0
          ],
          "cubes": [
            {
              "origin": [
                -4,
                104,
                -24
              ],
              "size": [
                8,
                9,
                7
              ],
              "uv": [
                180,
                129
              ]
            }
          ]
        },
        {
          "name": "bone13",
          "parent": "bone12",
          "pivot": [
            0,
            -39,
            0
          ],
          "cubes": [
            {
              "origin": [
                -18,
                76,
                -9
              ],
              "size": [
                36,
                25,
                17
              ],
              "uv": [
                71,
                0
              ]
            },
            {
              "origin": [
                -6,
                101,
                -6
              ],
              "size": [
                12,
                3,
                14
              ],
              "uv": [
                249,
                260
              ]
            }
          ]
        },
        {
          "name": "bone17",
          "parent": "bone13",
          "pivot": [
            -20,
            88,
            13
          ],
          "cubes": [
            {
              "origin": [
                -28,
                56,
                15
              ],
              "size": [
                14,
                48,
                15
              ],
              "pivot": [
                -20,
                88,
                23
              ],
              "rotation": [
                0,
                22.5,
                0
              ],
              "uv": [
                66,
                165
              ]
            },
            {
              "origin": [
                14,
                56,
                15
              ],
              "size": [
                14,
                48,
                15
              ],
              "pivot": [
                20,
                88,
                23
              ],
              "rotation": [
                0,
                -22.5,
                0
              ],
              "uv": [
                66,
                165
              ],
              "mirror": true
            },
            {
              "origin": [
                15,
                43,
                16
              ],
              "size": [
                12,
                13,
                13
              ],
              "pivot": [
                20,
                88,
                23
              ],
              "rotation": [
                0,
                -22.5,
                0
              ],
              "uv": [
                36,
                252
              ],
              "mirror": true
            },
            {
              "origin": [
                16,
                39,
                17
              ],
              "size": [
                10,
                4,
                11
              ],
              "pivot": [
                20,
                88,
                23
              ],
              "rotation": [
                0,
                -22.5,
                0
              ],
              "uv": [
                151,
                77
              ],
              "mirror": true
            },
            {
              "origin": [
                -26,
                39,
                17
              ],
              "size": [
                10,
                4,
                11
              ],
              "pivot": [
                -20,
                88,
                23
              ],
              "rotation": [
                0,
                22.5,
                0
              ],
              "uv": [
                151,
                77
              ]
            },
            {
              "origin": [
                -27,
                43,
                16
              ],
              "size": [
                12,
                13,
                13
              ],
              "pivot": [
                -20,
                88,
                23
              ],
              "rotation": [
                0,
                22.5,
                0
              ],
              "uv": [
                36,
                252
              ]
            },
            {
              "origin": [
                -28.8,
                69.1,
                15.5
              ],
              "size": [
                16.4,
                7.7,
                17.5
              ],
              "pivot": [
                -22,
                100.7,
                25.3
              ],
              "rotation": [
                0,
                22.5,
                0
              ],
              "uv": [
                33,
                228
              ]
            },
            {
              "origin": [
                12.4,
                69.1,
                15.5
              ],
              "size": [
                16.4,
                7.7,
                17.5
              ],
              "pivot": [
                22,
                100.7,
                25.3
              ],
              "rotation": [
                0,
                -22.5,
                0
              ],
              "uv": [
                33,
                228
              ],
              "mirror": true
            },
            {
              "origin": [
                -28.8,
                60.1,
                15.5
              ],
              "size": [
                16.4,
                7.7,
                17.5
              ],
              "pivot": [
                -22,
                100.7,
                25.3
              ],
              "rotation": [
                0,
                22.5,
                0
              ],
              "uv": [
                33,
                228
              ]
            },
            {
              "origin": [
                12.4,
                60.1,
                15.5
              ],
              "size": [
                16.4,
                7.7,
                17.5
              ],
              "pivot": [
                22,
                100.7,
                25.3
              ],
              "rotation": [
                0,
                -22.5,
                0
              ],
              "uv": [
                33,
                228
              ],
              "mirror": true
            },
            {
              "origin": [
                -28.8,
                97.1,
                15.5
              ],
              "size": [
                16.4,
                7.7,
                17.5
              ],
              "pivot": [
                -22,
                100.7,
                25.3
              ],
              "rotation": [
                0,
                22.5,
                0
              ],
              "uv": [
                33,
                228
              ]
            },
            {
              "origin": [
                12.4,
                97.1,
                15.5
              ],
              "size": [
                16.4,
                7.7,
                17.5
              ],
              "pivot": [
                22,
                100.7,
                25.3
              ],
              "rotation": [
                0,
                -22.5,
                0
              ],
              "uv": [
                33,
                228
              ],
              "mirror": true
            },
            {
              "origin": [
                -7,
                56,
                13
              ],
              "size": [
                14,
                48,
                9
              ],
              "uv": [
                124,
                192
              ]
            },
            {
              "origin": [
                -24,
                84,
                13
              ],
              "size": [
                19,
                10,
                9
              ],
              "pivot": [
                -6,
                90,
                22
              ],
              "rotation": [
                0,
                27.5,
                0
              ],
              "uv": [
                71,
                42
              ],
              "mirror": true
            },
            {
              "origin": [
                5,
                84,
                13
              ],
              "size": [
                19,
                10,
                9
              ],
              "pivot": [
                6,
                90,
                22
              ],
              "rotation": [
                0,
                -27.5,
                0
              ],
              "uv": [
                71,
                42
              ]
            },
            {
              "origin": [
                -24,
                63,
                13
              ],
              "size": [
                19,
                10,
                9
              ],
              "pivot": [
                -6,
                90,
                22
              ],
              "rotation": [
                0,
                27.5,
                0
              ],
              "uv": [
                71,
                42
              ],
              "mirror": true
            },
            {
              "origin": [
                5,
                63,
                13
              ],
              "size": [
                19,
                10,
                9
              ],
              "pivot": [
                6,
                90,
                22
              ],
              "rotation": [
                0,
                -27.5,
                0
              ],
              "uv": [
                71,
                42
              ]
            }
          ]
        },
        {
          "name": "H",
          "parent": "bone17",
          "pivot": [
            -21,
            39,
            22
          ]
        },
        {
          "name": "L",
          "parent": "H",
          "pivot": [
            -20,
            53,
            21
          ],
          "cubes": [
            {
              "origin": [
                -23,
                39,
                19
              ],
              "size": [
                3,
                13,
                7
              ],
              "pivot": [
                -20,
                97,
                21
              ],
              "rotation": [
                0,
                22.5,
                0
              ],
              "uv": [
                130,
                251
              ]
            }
          ]
        },
        {
          "name": "Sh",
          "parent": "H",
          "pivot": [
            -20,
            53,
            21
          ],
          "cubes": [
            {
              "origin": [
                -26,
                46,
                18
              ],
              "size": [
                8,
                2,
                9
              ],
              "pivot": [
                -20,
                97,
                21
              ],
              "rotation": [
                0,
                22.5,
                0
              ],
              "uv": [
                229,
                0
              ]
            }
          ]
        },
        {
          "name": "H2",
          "parent": "bone17",
          "pivot": [
            21,
            39,
            22
          ]
        },
        {
          "name": "L2",
          "parent": "H2",
          "pivot": [
            20,
            53,
            21
          ],
          "cubes": [
            {
              "origin": [
                20,
                39,
                19
              ],
              "size": [
                3,
                13,
                7
              ],
              "pivot": [
                20,
                97,
                21
              ],
              "rotation": [
                0,
                -22.5,
                0
              ],
              "uv": [
                130,
                251
              ],
              "mirror": true
            }
          ]
        },
        {
          "name": "Sh2",
          "parent": "H2",
          "pivot": [
            20,
            53,
            21
          ],
          "cubes": [
            {
              "origin": [
                18,
                46,
                18
              ],
              "size": [
                8,
                2,
                9
              ],
              "pivot": [
                20,
                97,
                21
              ],
              "rotation": [
                0,
                -22.5,
                0
              ],
              "uv": [
                229,
                0
              ],
              "mirror": true
            }
          ]
        },
        {
          "name": "Gun",
          "parent": "bone17",
          "pivot": [
            22,
            103.7,
            25.3
          ],
          "cubes": [
            {
              "origin": [
                14.4,
                100.1,
                17.5
              ],
              "size": [
                12.4,
                38.7,
                13.5
              ],
              "pivot": [
                22,
                103.7,
                25.3
              ],
              "rotation": [
                0,
                -22.5,
                0
              ],
              "uv": [
                0,
                193
              ],
              "mirror": true
            },
            {
              "origin": [
                19.4,
                139.1,
                18.5
              ],
              "size": [
                4.4,
                16.7,
                3.5
              ],
              "pivot": [
                22,
                103.7,
                25.3
              ],
              "rotation": [
                0,
                -22.5,
                0
              ],
              "uv": [
                0,
                68
              ],
              "mirror": true
            },
            {
              "origin": [
                18.4,
                139.1,
                23.5
              ],
              "size": [
                6.4,
                18.7,
                5.5
              ],
              "pivot": [
                22,
                103.7,
                25.3
              ],
              "rotation": [
                0,
                -22.5,
                0
              ],
              "uv": [
                36,
                278
              ],
              "mirror": true
            },
            {
              "origin": [
                13.4,
                115.1,
                16.5
              ],
              "size": [
                14.4,
                19.7,
                15.5
              ],
              "pivot": [
                22,
                103.7,
                25.3
              ],
              "rotation": [
                0,
                -22.5,
                0
              ],
              "uv": [
                225,
                156
              ],
              "mirror": true
            }
          ]
        },
        {
          "name": "bone6",
          "parent": "Gun",
          "pivot": [
            22,
            107.7,
            25.3
          ],
          "cubes": [
            {
              "origin": [
                21,
                107.7,
                19.3
              ],
              "size": [
                2,
                32,
                10
              ],
              "uv": [
                140,
                264
              ]
            }
          ]
        },
        {
          "name": "Gun2",
          "parent": "bone17",
          "pivot": [
            -22,
            103.7,
            25.3
          ],
          "cubes": [
            {
              "origin": [
                -26.8,
                100.1,
                17.5
              ],
              "size": [
                12.4,
                38.7,
                13.5
              ],
              "pivot": [
                -22,
                103.7,
                25.3
              ],
              "rotation": [
                0,
                22.5,
                0
              ],
              "uv": [
                0,
                193
              ]
            },
            {
              "origin": [
                -23.8,
                139.1,
                18.5
              ],
              "size": [
                4.4,
                16.7,
                3.5
              ],
              "pivot": [
                -22,
                103.7,
                25.3
              ],
              "rotation": [
                0,
                22.5,
                0
              ],
              "uv": [
                0,
                68
              ]
            },
            {
              "origin": [
                -24.8,
                139.1,
                23.5
              ],
              "size": [
                6.4,
                18.7,
                5.5
              ],
              "pivot": [
                -22,
                103.7,
                25.3
              ],
              "rotation": [
                0,
                22.5,
                0
              ],
              "uv": [
                36,
                278
              ]
            },
            {
              "origin": [
                -27.8,
                115.1,
                16.5
              ],
              "size": [
                14.4,
                19.7,
                15.5
              ],
              "pivot": [
                -22,
                103.7,
                25.3
              ],
              "rotation": [
                0,
                22.5,
                0
              ],
              "uv": [
                225,
                156
              ]
            }
          ]
        },
        {
          "name": "bone19",
          "parent": "Gun2",
          "pivot": [
            -22,
            107.7,
            25.3
          ],
          "cubes": [
            {
              "origin": [
                -23,
                107.7,
                19.3
              ],
              "size": [
                2,
                32,
                10
              ],
              "uv": [
                140,
                264
              ],
              "mirror": true
            }
          ]
        },
        {
          "name": "Wg",
          "parent": "bone17",
          "pivot": [
            22,
            100,
            23
          ],
          "rotation": [
            -11.45696,
            -13.31791,
            41.34198
          ],
          "cubes": [
            {
              "origin": [
                22,
                88,
                23
              ],
              "size": [
                34,
                19,
                3
              ],
              "uv": [
                224,
                198
              ]
            },
            {
              "origin": [
                56,
                88,
                25
              ],
              "size": [
                23,
                15,
                3
              ],
              "uv": [
                67,
                68
              ]
            },
            {
              "origin": [
                79,
                88,
                25
              ],
              "size": [
                14,
                12,
                3
              ],
              "uv": [
                49,
                136
              ]
            }
          ]
        },
        {
          "name": "Wg3",
          "parent": "bone17",
          "pivot": [
            -22,
            100,
            23
          ],
          "rotation": [
            -11.45696,
            13.31791,
            -41.34198
          ],
          "cubes": [
            {
              "origin": [
                -56,
                88,
                23
              ],
              "size": [
                34,
                19,
                3
              ],
              "uv": [
                224,
                198
              ],
              "mirror": true
            },
            {
              "origin": [
                -79,
                88,
                25
              ],
              "size": [
                23,
                15,
                3
              ],
              "uv": [
                67,
                68
              ],
              "mirror": true
            },
            {
              "origin": [
                -93,
                88,
                25
              ],
              "size": [
                14,
                12,
                3
              ],
              "uv": [
                49,
                136
              ],
              "mirror": true
            }
          ]
        },
        {
          "name": "Wg2",
          "parent": "bone17",
          "pivot": [
            22,
            59,
            23
          ],
          "rotation": [
            -14.89149,
            -9.29798,
            58.71777
          ],
          "cubes": [
            {
              "origin": [
                22,
                47,
                23
              ],
              "size": [
                34,
                19,
                3
              ],
              "uv": [
                224,
                198
              ]
            },
            {
              "origin": [
                56,
                47,
                25
              ],
              "size": [
                23,
                15,
                3
              ],
              "uv": [
                67,
                68
              ]
            },
            {
              "origin": [
                79,
                47,
                25
              ],
              "size": [
                14,
                12,
                3
              ],
              "uv": [
                49,
                136
              ]
            }
          ]
        },
        {
          "name": "Wg4",
          "parent": "bone17",
          "pivot": [
            -22,
            59,
            23
          ],
          "rotation": [
            -14.89149,
            9.29798,
            -58.71777
          ],
          "cubes": [
            {
              "origin": [
                -56,
                47,
                23
              ],
              "size": [
                34,
                19,
                3
              ],
              "uv": [
                224,
                198
              ],
              "mirror": true
            },
            {
              "origin": [
                -79,
                47,
                25
              ],
              "size": [
                23,
                15,
                3
              ],
              "uv": [
                67,
                68
              ],
              "mirror": true
            },
            {
              "origin": [
                -93,
                47,
                25
              ],
              "size": [
                14,
                12,
                3
              ],
              "uv": [
                49,
                136
              ],
              "mirror": true
            }
          ]
        },
        {
          "name": "Rightarmm",
          "parent": "bone12",
          "pivot": [
            19,
            90,
            0
          ],
          "rotation": [
            -15,
            0,
            0
          ],
          "cubes": [
            {
              "origin": [
                18,
                68,
                -10
              ],
              "size": [
                15,
                34,
                18
              ],
              "pivot": [
                21,
                83,
                0
              ],
              "rotation": [
                0,
                0,
                -5
              ],
              "uv": [
                184,
                77
              ]
            }
          ]
        },
        {
          "name": "bone16",
          "parent": "Rightarmm",
          "pivot": [
            24,
            70,
            0
          ],
          "rotation": [
            -2.43928,
            -0.07113,
            3.04458
          ],
          "cubes": [
            {
              "origin": [
                22,
                30,
                -9
              ],
              "size": [
                14,
                40,
                16
              ],
              "pivot": [
                24,
                51,
                0
              ],
              "rotation": [
                0,
                0,
                -5
              ],
              "uv": [
                0,
                0
              ]
            },
            {
              "origin": [
                23,
                19,
                -8
              ],
              "size": [
                12,
                11,
                14
              ],
              "pivot": [
                24,
                51,
                0
              ],
              "rotation": [
                0,
                0,
                -5
              ],
              "uv": [
                250,
                85
              ]
            }
          ]
        },
        {
          "name": "The",
          "parent": "bone16",
          "pivot": [
            27,
            26,
            3
          ],
          "rotation": [
            0,
            0,
            -7.5
          ],
          "cubes": [
            {
              "origin": [
                26,
                27,
                -7
              ],
              "size": [
                3,
                4,
                11
              ],
              "uv": [
                86,
                86
              ]
            }
          ]
        },
        {
          "name": "bone2",
          "parent": "bone16",
          "pivot": [
            49,
            51,
            0
          ],
          "cubes": [
            {
              "origin": [
                36,
                24,
                -8
              ],
              "size": [
                12,
                10,
                15
              ],
              "pivot": [
                38,
                51,
                0
              ],
              "rotation": [
                0,
                0,
                -5
              ],
              "uv": [
                249,
                0
              ]
            },
            {
              "origin": [
                36,
                44,
                -7
              ],
              "size": [
                14,
                27,
                13
              ],
              "pivot": [
                38,
                51,
                0
              ],
              "rotation": [
                0,
                0,
                -5
              ],
              "uv": [
                224,
                220
              ]
            },
            {
              "origin": [
                36,
                34,
                -10
              ],
              "size": [
                13,
                36,
                19
              ],
              "pivot": [
                38,
                51,
                0
              ],
              "rotation": [
                0,
                0,
                -5
              ],
              "uv": [
                161,
                146
              ]
            },
            {
              "origin": [
                36,
                75,
                -6
              ],
              "size": [
                13,
                2,
                2
              ],
              "pivot": [
                38,
                51,
                0
              ],
              "rotation": [
                0,
                0,
                -5
              ],
              "uv": [
                0,
                56
              ]
            },
            {
              "origin": [
                36,
                75,
                0
              ],
              "size": [
                13,
                2,
                2
              ],
              "pivot": [
                38,
                51,
                0
              ],
              "rotation": [
                0,
                0,
                -5
              ],
              "uv": [
                0,
                56
              ]
            },
            {
              "origin": [
                47,
                70,
                -6
              ],
              "size": [
                2,
                5,
                2
              ],
              "pivot": [
                38,
                51,
                0
              ],
              "rotation": [
                0,
                0,
                -5
              ],
              "uv": [
                71,
                42
              ]
            },
            {
              "origin": [
                47,
                70,
                0
              ],
              "size": [
                2,
                5,
                2
              ],
              "pivot": [
                38,
                51,
                0
              ],
              "rotation": [
                0,
                0,
                -5
              ],
              "uv": [
                71,
                42
              ]
            },
            {
              "origin": [
                40.49313,
                12.35668,
                -6
              ],
              "size": [
                8,
                36,
                10
              ],
              "pivot": [
                48,
                26,
                0
              ],
              "rotation": [
                0,
                0,
                -5
              ],
              "uv": [
                0,
                244
              ]
            }
          ]
        },
        {
          "name": "bone3",
          "parent": "bone2",
          "pivot": [
            48,
            21,
            0
          ],
          "cubes": [
            {
              "origin": [
                44,
                14,
                -2
              ],
              "size": [
                5,
                5,
                1
              ],
              "uv": [
                103,
                86
              ]
            }
          ]
        },
        {
          "name": "Leftarmm",
          "parent": "bone12",
          "pivot": [
            -19,
            90,
            0
          ],
          "rotation": [
            -25,
            0,
            0
          ],
          "cubes": [
            {
              "origin": [
                -33,
                68,
                -10
              ],
              "size": [
                15,
                34,
                18
              ],
              "pivot": [
                -21,
                83,
                0
              ],
              "rotation": [
                0,
                0,
                5
              ],
              "uv": [
                184,
                77
              ],
              "mirror": true
            }
          ]
        },
        {
          "name": "bone15",
          "parent": "Leftarmm",
          "pivot": [
            -24,
            70,
            0
          ],
          "rotation": [
            2.56072,
            0.07113,
            -3.04458
          ],
          "cubes": [
            {
              "origin": [
                -36,
                30,
                -9
              ],
              "size": [
                14,
                40,
                16
              ],
              "pivot": [
                -24,
                51,
                0
              ],
              "rotation": [
                0,
                0,
                5
              ],
              "uv": [
                0,
                0
              ],
              "mirror": true
            },
            {
              "origin": [
                -32,
                22,
                -40
              ],
              "size": [
                5,
                7,
                61
              ],
              "pivot": [
                -24,
                51,
                0
              ],
              "rotation": [
                0,
                0,
                5
              ],
              "uv": [
                0,
                0
              ]
            },
            {
              "origin": [
                -34,
                19,
                -8
              ],
              "size": [
                12,
                11,
                14
              ],
              "pivot": [
                -24,
                51,
                0
              ],
              "rotation": [
                0,
                0,
                5
              ],
              "uv": [
                250,
                85
              ],
              "mirror": true
            }
          ]
        },
        {
          "name": "bone",
          "parent": "bone15",
          "pivot": [
            -32,
            17,
            -46
          ],
          "cubes": [
            {
              "origin": [
                -35,
                11,
                -51
              ],
              "size": [
                13,
                32,
                14
              ],
              "pivot": [
                -24,
                51,
                1
              ],
              "rotation": [
                0,
                0,
                5
              ],
              "uv": [
                170,
                201
              ]
            },
            {
              "origin": [
                -36,
                9,
                -52
              ],
              "size": [
                15,
                9,
                16
              ],
              "pivot": [
                -24,
                51,
                1
              ],
              "rotation": [
                0,
                0,
                5
              ],
              "uv": [
                229,
                27
              ]
            },
            {
              "origin": [
                -33,
                39,
                -49
              ],
              "size": [
                9,
                10,
                10
              ],
              "pivot": [
                -24,
                51,
                1
              ],
              "rotation": [
                0,
                0,
                5
              ],
              "uv": [
                268,
                146
              ]
            },
            {
              "origin": [
                -35,
                49,
                -51
              ],
              "size": [
                13,
                6,
                14
              ],
              "pivot": [
                -24,
                51,
                1
              ],
              "rotation": [
                0,
                0,
                5
              ],
              "uv": [
                195,
                260
              ]
            },
            {
              "origin": [
                -37,
                4,
                -53
              ],
              "size": [
                17,
                9,
                18
              ],
              "pivot": [
                -24,
                51,
                1
              ],
              "rotation": [
                0,
                0,
                5
              ],
              "uv": [
                206,
                129
              ]
            },
            {
              "origin": [
                -37,
                35,
                -53
              ],
              "size": [
                17,
                9,
                18
              ],
              "pivot": [
                -24,
                51,
                1
              ],
              "rotation": [
                0,
                0,
                5
              ],
              "uv": [
                206,
                129
              ]
            }
          ]
        },
        {
          "name": "Rightlegg",
          "parent": "Toot",
          "pivot": [
            -2,
            66,
            0
          ],
          "rotation": [
            -52.5,
            0,
            2.5
          ],
          "cubes": [
            {
              "origin": [
                -18,
                19,
                -8
              ],
              "size": [
                16,
                40,
                17
              ],
              "uv": [
                0,
                136
              ]
            }
          ]
        },
        {
          "name": "bone7",
          "parent": "Rightlegg",
          "pivot": [
            -10,
            25,
            -2
          ],
          "rotation": [
            57.5,
            0,
            -2.5
          ],
          "cubes": [
            {
              "origin": [
                -18,
                -16,
                -7
              ],
              "size": [
                16,
                40,
                17
              ],
              "pivot": [
                0,
                -23,
                1
              ],
              "rotation": [
                2.5,
                0,
                0
              ],
              "uv": [
                0,
                136
              ]
            },
            {
              "origin": [
                -18,
                -23,
                -11
              ],
              "size": [
                16,
                7,
                20
              ],
              "pivot": [
                -10,
                -16,
                1
              ],
              "rotation": [
                2.5,
                0,
                0
              ],
              "uv": [
                177,
                0
              ]
            }
          ]
        },
        {
          "name": "bone4",
          "parent": "Rightlegg",
          "pivot": [
            -10,
            66,
            0
          ],
          "rotation": [
            0,
            0,
            5
          ],
          "cubes": [
            {
              "origin": [
                -18,
                13,
                -9
              ],
              "size": [
                24,
                49,
                19
              ],
              "pivot": [
                0,
                41,
                0
              ],
              "rotation": [
                0,
                -2.5,
                0
              ],
              "uv": [
                0,
                68
              ]
            }
          ]
        },
        {
          "name": "Leftlegg",
          "parent": "Toot",
          "pivot": [
            2,
            50,
            0
          ],
          "rotation": [
            2.5,
            0,
            -2.5
          ],
          "cubes": [
            {
              "origin": [
                2,
                3,
                -8
              ],
              "size": [
                16,
                40,
                17
              ],
              "uv": [
                0,
                136
              ],
              "mirror": true
            }
          ]
        },
        {
          "name": "bone5",
          "parent": "Leftlegg",
          "pivot": [
            10,
            50,
            0
          ],
          "rotation": [
            0,
            0,
            -5
          ],
          "cubes": [
            {
              "origin": [
                -6,
                -3,
                -9
              ],
              "size": [
                24,
                49,
                19
              ],
              "pivot": [
                0,
                25,
                0
              ],
              "rotation": [
                0,
                2.5,
                0
              ],
              "uv": [
                0,
                68
              ],
              "mirror": true
            }
          ]
        },
        {
          "name": "bone8",
          "parent": "Leftlegg",
          "pivot": [
            10,
            9,
            -2
          ],
          "rotation": [
            70,
            0,
            2.5
          ],
          "cubes": [
            {
              "origin": [
                2,
                -32,
                -7
              ],
              "size": [
                16,
                40,
                17
              ],
              "pivot": [
                0,
                -39,
                1
              ],
              "rotation": [
                2.5,
                0,
                0
              ],
              "uv": [
                0,
                136
              ],
              "mirror": true
            },
            {
              "origin": [
                2,
                -39,
                -11
              ],
              "size": [
                16,
                7,
                20
              ],
              "pivot": [
                10,
                -32,
                1
              ],
              "rotation": [
                2.5,
                0,
                0
              ],
              "uv": [
                177,
                0
              ],
              "mirror": true
            }
          ]
        },
        {
          "name": "bone20",
          "pivot": [
            33,
            -40,
            -79
          ],
          "cubes": [
            {
              "origin": [
                32,
                -40,
                -80
              ],
              "size": [
                6,
                14,
                5
              ],
              "uv": [
                278,
                52
              ]
            }
          ]
        },
        {
          "name": "bone21",
          "pivot": [
            0,
            -40,
            -42
          ],
          "cubes": [
            {
              "origin": [
                -1,
                -40,
                -43
              ],
              "size": [
                6,
                14,
                5
              ],
              "uv": [
                278,
                52
              ]
            }
          ]
        }
      ]
    }
  ]
}