{
  "format_version": "1.12.0",
  "minecraft:geometry": [
    {
      "description": {
        "identifier": "geometry.sbgoji_camera_womandie3",
        "texture_width": 64,
        "texture_height": 64,
        "visible_bounds_width": 7,
        "visible_bounds_height": 5,
        "visible_bounds_offset": [
          0,
          1.5,
          0
        ]
      },
      "bones": [
        {
          "name": "bone9",
          "pivot": [
            0,
            0,
            0
          ],
          "rotation": [
            -30,
            -82.5,
            -47.5
          ]
        },
        {
          "name": "Body",
          "parent": "bone9",
          "pivot": [
            0,
            15,
            0
          ],
          "rotation": [
            0,
            32.5,
            0
          ],
          "cubes": [
            {
              "origin": [
                -4.4,
                16.3,
                -2.2
              ],
              "size": [
                8.8,
                5.8,
                4.4
              ],
              "uv": [
                19,
                0
              ]
            },
            {
              "origin": [
                -4.4,
                21.3,
                -2.2
              ],
              "size": [
                8.8,
                8.8,
                5.4
              ],
              "pivot": [
                0,
                23,
                0
              ],
              "rotation": [
                -2.5,
                0,
                0
              ],
              "uv": [
                0,
                14
              ]
            }
          ]
        },
        {
          "name": "bone6",
          "parent": "Body",
          "pivot": [
            0,
            27,
            4
          ],
          "cubes": [
            {
              "origin": [
                -1,
                27,
                3
              ],
              "size": [
                2,
                2,
                4
              ],
              "uv": [
                44,
                50
              ]
            },
            {
              "origin": [
                -2,
                21,
                4
              ],
              "size": [
                4,
                11,
                4
              ],
              "uv": [
                8,
                33
              ]
            },
            {
              "origin": [
                -1,
                16,
                6
              ],
              "size": [
                2,
                5,
                2
              ],
              "uv": [
                0,
                53
              ]
            },
            {
              "origin": [
                -1,
                12,
                4
              ],
              "size": [
                2,
                4,
                4
              ],
              "uv": [
                46,
                28
              ]
            },
            {
              "origin": [
                -1,
                32,
                5
              ],
              "size": [
                2,
                5,
                2
              ],
              "uv": [
                0,
                53
              ]
            }
          ]
        },
        {
          "name": "bone7",
          "parent": "bone6",
          "pivot": [
            0,
            30,
            6
          ],
          "cubes": [
            {
              "origin": [
                -2,
                30,
                5
              ],
              "size": [
                2,
                7,
                2
              ],
              "uv": [
                0,
                0
              ]
            }
          ]
        },
        {
          "name": "bone8",
          "parent": "bone6",
          "pivot": [
            0,
            13,
            6
          ],
          "cubes": [
            {
              "origin": [
                -2,
                13,
                5
              ],
              "size": [
                2,
                24,
                2
              ],
              "uv": [
                0,
                27
              ]
            }
          ]
        },
        {
          "name": "Body2",
          "parent": "Body",
          "pivot": [
            0,
            21,
            0
          ],
          "rotation": [
            -10,
            0,
            0
          ],
          "cubes": [
            {
              "origin": [
                -4,
                21,
                -2
              ],
              "size": [
                8,
                10,
                4
              ],
              "uv": [
                22,
                23
              ]
            },
            {
              "origin": [
                -4.4,
                22.79929,
                -3.24628
              ],
              "size": [
                8.8,
                7,
                4.4
              ],
              "pivot": [
                0,
                27,
                -1
              ],
              "rotation": [
                50,
                0,
                0
              ],
              "uv": [
                26,
                10
              ]
            },
            {
              "origin": [
                -1.4,
                22.1,
                -1.2
              ],
              "size": [
                2.8,
                12,
                2.4
              ],
              "uv": [
                24,
                50
              ]
            }
          ]
        },
        {
          "name": "H",
          "parent": "Body2",
          "pivot": [
            4,
            29,
            0
          ],
          "rotation": [
            25,
            0,
            -2.5
          ],
          "cubes": [
            {
              "origin": [
                4,
                21,
                -2
              ],
              "size": [
                4,
                9,
                4
              ],
              "uv": [
                40,
                37
              ],
              "mirror": true
            }
          ]
        },
        {
          "name": "bone4",
          "parent": "H",
          "pivot": [
            6,
            21,
            0
          ],
          "cubes": [
            {
              "origin": [
                4,
                14,
                -2
              ],
              "size": [
                4,
                7,
                4
              ],
              "uv": [
                8,
                48
              ],
              "mirror": true
            },
            {
              "origin": [
                4.1,
                11,
                -1.8
              ],
              "size": [
                3.6,
                3.6,
                3.6
              ],
              "uv": [
                32,
                50
              ],
              "mirror": true
            }
          ]
        },
        {
          "name": "H2",
          "parent": "Body2",
          "pivot": [
            -4,
            29,
            0
          ],
          "rotation": [
            10,
            0,
            32.5
          ],
          "cubes": [
            {
              "origin": [
                -8,
                21,
                -2
              ],
              "size": [
                4,
                9,
                4
              ],
              "uv": [
                40,
                37
              ]
            }
          ]
        },
        {
          "name": "bone5",
          "parent": "H2",
          "pivot": [
            -6,
            21,
            0
          ],
          "rotation": [
            -37.5,
            0,
            0
          ],
          "cubes": [
            {
              "origin": [
                -8,
                14,
                -2
              ],
              "size": [
                4,
                7,
                4
              ],
              "uv": [
                8,
                48
              ]
            },
            {
              "origin": [
                -7.7,
                11,
                -1.8
              ],
              "size": [
                3.6,
                3.6,
                3.6
              ],
              "uv": [
                32,
                50
              ]
            }
          ]
        },
        {
          "name": "Head",
          "parent": "Body2",
          "pivot": [
            0,
            33,
            0
          ],
          "rotation": [
            -77.16982,
            77.00644,
            -78.2814
          ],
          "cubes": [
            {
              "origin": [
                -2.7,
                33.20095,
                -5.35638
              ],
              "size": [
                5.4,
                5.4,
                9
              ],
              "uv": [
                0,
                0
              ]
            },
            {
              "origin": [
                -2.3,
                37.20095,
                -0.35638
              ],
              "size": [
                1.4,
                5.4,
                2
              ],
              "uv": [
                54,
                54
              ]
            },
            {
              "origin": [
                1.7,
                37.20095,
                0.64362
              ],
              "size": [
                1.4,
                2.4,
                3
              ],
              "pivot": [
                3,
                38,
                0
              ],
              "rotation": [
                0,
                0,
                -25
              ],
              "uv": [
                53,
                47
              ]
            },
            {
              "origin": [
                -2.7,
                35.90095,
                -7.25638
              ],
              "size": [
                5.4,
                2.7,
                1.9
              ],
              "uv": [
                52,
                36
              ]
            }
          ]
        },
        {
          "name": "bone",
          "parent": "Head",
          "pivot": [
            0,
            35.00095,
            -3.95638
          ],
          "cubes": [
            {
              "origin": [
                -2.7,
                33.20095,
                -4.45638
              ],
              "size": [
                5.4,
                5.4,
                1
              ],
              "uv": [
                50,
                11
              ]
            }
          ]
        },
        {
          "name": "LeftLeg",
          "parent": "bone9",
          "pivot": [
            1.9,
            16,
            0
          ],
          "rotation": [
            -2.4905,
            0.21782,
            -17.50473
          ],
          "cubes": [
            {
              "origin": [
                -0.1,
                9,
                -2
              ],
              "size": [
                4,
                7,
                4
              ],
              "uv": [
                46,
                17
              ],
              "mirror": true
            },
            {
              "origin": [
                -0.4,
                7.3,
                -2.2
              ],
              "size": [
                4.8,
                9.8,
                4.4
              ],
              "uv": [
                24,
                37
              ],
              "mirror": true
            }
          ]
        },
        {
          "name": "bone2",
          "parent": "LeftLeg",
          "pivot": [
            2,
            9,
            0
          ],
          "rotation": [
            7.60396,
            0.08693,
            0.00375
          ],
          "cubes": [
            {
              "origin": [
                -0.1,
                2,
                -2
              ],
              "size": [
                4,
                7,
                4
              ],
              "uv": [
                46,
                0
              ],
              "mirror": true
            },
            {
              "origin": [
                0.1,
                0,
                -2.7
              ],
              "size": [
                3.6,
                1.9,
                4.5
              ],
              "uv": [
                8,
                27
              ],
              "mirror": true
            }
          ]
        },
        {
          "name": "RightLeg",
          "parent": "bone9",
          "pivot": [
            -1.9,
            16,
            0
          ],
          "rotation": [
            -2.4905,
            -0.21782,
            15.00473
          ],
          "cubes": [
            {
              "origin": [
                -3.9,
                9,
                -2
              ],
              "size": [
                4,
                7,
                4
              ],
              "uv": [
                46,
                17
              ]
            },
            {
              "origin": [
                -4.4,
                7.3,
                -2.2
              ],
              "size": [
                4.8,
                9.8,
                4.4
              ],
              "uv": [
                24,
                37
              ]
            }
          ]
        },
        {
          "name": "bone3",
          "parent": "RightLeg",
          "pivot": [
            -2,
            9,
            0
          ],
          "rotation": [
            0.10396,
            -0.08693,
            -0.00375
          ],
          "cubes": [
            {
              "origin": [
                -3.9,
                2,
                -2
              ],
              "size": [
                4,
                7,
                4
              ],
              "uv": [
                46,
                0
              ]
            },
            {
              "origin": [
                -3.7,
                0,
                -2.7
              ],
              "size": [
                3.6,
                1.9,
                4.5
              ],
              "uv": [
                8,
                27
              ]
            }
          ]
        }
      ]
    }
  ]
}