{"format_version":"1.10.0","minecraft:client_entity":{"description":{"identifier":"yg:banban","materials":{"default":"enderman"},"textures":{"default":"textures/entity/banban/yg_banban"},"geometry":{"default":"geometry.yg_banban"},"scripts":{"animate":["move","general"],"pre_animation":["variable.random = math.round(math.random(0,2));"]},"animations":{"moving":"animation.yg_banban.move","move":"controller.animation.yg_banban.move","gazo_general":"animation.yg_banban.general","general":"controller.animation.yg_banban.general","attack0":"animation.yg_banban.attack","attack":"controller.animation.yg_banban.attack","look_at_target":"animation.yg_banban.looking","jumpscare":"animation.yg_banban.jumpscare"},"render_controllers":["controller.render.witch"],"spawn_egg":{"texture":"yg:banban","texture_index":0}}}}