{"format_version":"1.10.0","minecraft:client_entity":{"description":{"identifier":"yg:drone_track","materials":{"default":"witch"},"textures":{"default":"textures/entity/yg_drone_track"},"geometry":{"default":"geometry.yg_drone_track"},"scripts":{"animate":["general"],"pre_animation":["variable.random = math.round(math.random(0,2));"]},"animations":{"general":"animation.yg_drone_track.general"},"render_controllers":["controller.render.witch"],"spawn_egg":{"texture":"yg:drone_track","texture_index":0}}}}