{"format_version":"1.10.0","minecraft:client_entity":{"description":{"identifier":"yg:drone","materials":{"default":"witch"},"textures":{"default":"textures/entity/drone/yg_drone_red","orange":"textures/entity/drone/yg_drone_orange","yellow":"textures/entity/drone/yg_drone_yellow","purple":"textures/entity/drone/yg_drone_purple","magenta":"textures/entity/drone/yg_drone_magenta","pink":"textures/entity/drone/yg_drone_pink","green":"textures/entity/drone/yg_drone_green","lime":"textures/entity/drone/yg_drone_lime","blue":"textures/entity/drone/yg_drone_blue","light_blue":"textures/entity/drone/yg_drone_light_blue","brown":"textures/entity/drone/yg_drone_brown","black":"textures/entity/drone/yg_drone_black","gray":"textures/entity/drone/yg_drone_gray","silver":"textures/entity/drone/yg_drone_silver","white":"textures/entity/drone/yg_drone_white"},"geometry":{"default":"geometry.yg_drone"},"scripts":{"animate":["move","general"],"pre_animation":["variable.random = math.round(math.random(0,2));"]},"animations":{"moving":"animation.yg_drone.move","move":"controller.animation.yg_drone.move","gazo_general":"animation.yg_drone.general","general":"controller.animation.yg_drone.general","propeller":"animation.yg_drone.propeller"},"render_controllers":["controller.render.yg_drone"],"spawn_egg":{"texture":"yg:drone","texture_index":0}}}}