{
	"format_version": "1.14.0",
	"sound_definitions": {
		"jumbo_meet": {
			"category": "music",
			"sounds": [
				"sounds/mob/jumbo_meet"
			]
		},
		"opila_chase": {
			"category": "music",
			"sounds": [
				"sounds/mob/opila_chase"
			]
		},
		"opila_dead": {
			"category": "music",
			"sounds": [
				"sounds/mob/opila_dead"
			]
		},
		"opila_meet": {
			"category": "music",
			"sounds": [
				"sounds/mob/opila_meet"
			]
		},
		"opila_scream": {
			"category": "music",
			"sounds": [
				"sounds/mob/opila_scream"
			]
		},
		"opila_sub": {
			"category": "music",
			"sounds": [
				"sounds/mob/opila_sub"
			]
		},
		"advise": {
			"category": "music",
			"sounds": [
				"sounds/random/advise"
			]
		},
		"button1": {
			"category": "music",
			"sounds": [
				"sounds/random/button1"
			]
		},
		"door_op": {
			"category": "music",
			"sounds": [
				"sounds/random/door_op"
			]
		},
		"drone1": {
			"category": "music",
			"sounds": [
				"sounds/random/drone1"
			]
		},
		"drone2": {
			"category": "music",
			"sounds": [
				"sounds/random/drone2"
			]
		},
		"drone3": {
			"category": "music",
			"sounds": [
				"sounds/random/drone3"
			]
		},
		"drone4": {
			"category": "music",
			"sounds": [
				"sounds/random/drone4"
			]
		},
		"drone5": {
			"category": "music",
			"sounds": [
				"sounds/random/drone5"
			]
		},
		"drone_door": {
			"category": "music",
			"sounds": [
				"sounds/random/drone_door"
			]
		},
		"drone_door2": {
			"category": "music",
			"sounds": [
				"sounds/random/drone_door2"
			]
		},
		"elevator1": {
			"category": "music",
			"sounds": [
				"sounds/random/elevator1"
			]
		},
		"hummer": {
			"category": "music",
			"sounds": [
				"sounds/random/hummer"
			]
		},
		"lights_on": {
			"category": "music",
			"sounds": [
				"sounds/random/lights_on"
			]
		},
		"pick": {
			"category": "music",
			"sounds": [
				"sounds/random/pick"
			]
		},
		"sit1": {
			"category": "music",
			"sounds": [
				"sounds/random/sit1"
			]
		}
	}
}