{
  "format_version": "1.12.0",
  "minecraft:geometry": [
    {
      "description": {
        "identifier": "geometry.mr_captain_dead_all",
        "texture_width": 64,
        "texture_height": 64,
        "visible_bounds_width": 3,
        "visible_bounds_height": 2.5,
        "visible_bounds_offset": [
          0,
          0.75,
          0
        ]
      },
      "bones": [
        {
          "name": "Root",
          "pivot": [
            0,
            3,
            -9
          ],
          "rotation": [
            -90,
            0,
            0
          ]
        },
        {
          "name": "Body",
          "pivot": [
            0,
            11,
            -9
          ],
          "cubes": [
            {
              "origin": [
                -4.3,
                11.0,
                -12.5
              ],
              "size": [
                8.6,
                9.0,
                7.0
              ],
              "uv": [
                0,
                0
              ],
              "inflate": 0
            },
            {
              "origin": [
                -3.5,
                12.0,
                -12.5
              ],
              "size": [
                7.0,
                4.0,
                0.0
              ],
              "pivot": [
                0.0,
                12.0,
                -12.0
              ],
              "rotation": [
                2.5,
                0.0,
                0.0
              ],
              "uv": [
                30,
                8
              ],
              "inflate": 0
            }
          ],
          "parent": "Root"
        },
        {
          "name": "bone5",
          "pivot": [
            2,
            17,
            -12
          ],
          "cubes": [
            {
              "origin": [
                0.7,
                15.7,
                -13.0
              ],
              "size": [
                2.6,
                2.6,
                2.0
              ],
              "uv": [
                23,
                0
              ],
              "inflate": 0
            },
            {
              "origin": [
                1.0,
                16.0,
                -13.1
              ],
              "size": [
                2.0,
                2.0,
                0.0
              ],
              "uv": [
                0,
                2
              ],
              "inflate": 0
            }
          ],
          "parent": "Body"
        },
        {
          "name": "bone6",
          "pivot": [
            -2,
            17,
            -12
          ],
          "cubes": [
            {
              "origin": [
                -3.3,
                15.7,
                -13.0
              ],
              "size": [
                2.6,
                2.6,
                2.0
              ],
              "uv": [
                10,
                16
              ],
              "inflate": 0
            },
            {
              "origin": [
                -3.0,
                16.0,
                -13.1
              ],
              "size": [
                2.0,
                2.0,
                0.0
              ],
              "uv": [
                0,
                0
              ],
              "inflate": 0
            }
          ],
          "parent": "Body",
          "rotation": [
            0,
            7.5,
            -12.5
          ]
        },
        {
          "name": "RightArm",
          "pivot": [
            -4,
            20,
            -9
          ],
          "cubes": [
            {
              "origin": [
                -6.0,
                14.0,
                -11.0
              ],
              "size": [
                3.0,
                6.0,
                4.0
              ],
              "uv": [
                0,
                26
              ],
              "inflate": 0
            }
          ],
          "parent": "Body",
          "rotation": [
            7.68577,
            7.57004,
            30.94514
          ]
        },
        {
          "name": "bone2",
          "pivot": [
            -5,
            14,
            -9
          ],
          "cubes": [
            {
              "origin": [
                -6.3,
                8.0,
                -11.3
              ],
              "size": [
                3.6,
                6.0,
                4.6
              ],
              "uv": [
                24,
                22
              ],
              "inflate": 0
            }
          ],
          "parent": "RightArm",
          "rotation": [
            0,
            0,
            -12.5
          ]
        },
        {
          "name": "LeftArm",
          "pivot": [
            4,
            20,
            -9
          ],
          "cubes": [
            {
              "origin": [
                3.0,
                14.0,
                -11.0
              ],
              "size": [
                3.0,
                6.0,
                4.0
              ],
              "uv": [
                14,
                16
              ],
              "inflate": 0
            }
          ],
          "parent": "Body",
          "rotation": [
            4.24315,
            15.69917,
            -26.60099
          ]
        },
        {
          "name": "bone4",
          "pivot": [
            5,
            14,
            -9
          ],
          "cubes": [
            {
              "origin": [
                2.7,
                8.0,
                -11.3
              ],
              "size": [
                3.6,
                6.0,
                4.6
              ],
              "uv": [
                0,
                16
              ],
              "inflate": 0
            }
          ],
          "parent": "LeftArm"
        },
        {
          "name": "LeftLeg",
          "pivot": [
            2,
            11,
            -9
          ],
          "cubes": [
            {
              "origin": [
                0.2,
                8.0,
                -10.8
              ],
              "size": [
                3.6,
                5.0,
                3.6
              ],
              "uv": [
                14,
                29
              ],
              "inflate": 0
            }
          ],
          "parent": "Root",
          "rotation": [
            10.71661,
            -0.15902,
            -24.79941
          ]
        },
        {
          "name": "bone3",
          "pivot": [
            2,
            8,
            -9
          ],
          "cubes": [
            {
              "origin": [
                -0.1,
                4.0,
                -11.1
              ],
              "size": [
                4.2,
                4.0,
                4.2
              ],
              "uv": [
                26,
                12
              ],
              "inflate": 0
            }
          ],
          "parent": "LeftLeg"
        },
        {
          "name": "RightLeg",
          "pivot": [
            -2,
            11,
            -9
          ],
          "cubes": [
            {
              "origin": [
                -3.8,
                8.0,
                -10.8
              ],
              "size": [
                3.6,
                5.0,
                3.6
              ],
              "uv": [
                26,
                32
              ],
              "inflate": 0
            }
          ],
          "parent": "Root",
          "rotation": [
            8.16234,
            12.41411,
            17.62876
          ]
        },
        {
          "name": "bone",
          "pivot": [
            -2,
            8,
            -9
          ],
          "cubes": [
            {
              "origin": [
                -4.1,
                4.0,
                -11.1
              ],
              "size": [
                4.2,
                4.0,
                4.2
              ],
              "uv": [
                30,
                0
              ],
              "inflate": 0
            }
          ],
          "parent": "RightLeg"
        }
      ]
    }
  ]
}