{
  "format_version": "1.12.0",
  "minecraft:geometry": [
    {
      "description": {
        "identifier": "geometry.mr_captain_head",
        "texture_width": 128,
        "texture_height": 128,
        "visible_bounds_width": 3,
        "visible_bounds_height": 2.5,
        "visible_bounds_offset": [
          0,
          0.75,
          0
        ]
      },
      "bones": [
        {
          "name": "Body",
          "cubes": [
            {
              "origin": [
                -14.0,
                0.0,
                -11.0
              ],
              "size": [
                28.0,
                22.0,
                22.0
              ],
              "uv": [
                0,
                0
              ],
              "inflate": 0
            },
            {
              "origin": [
                -4.0,
                6.0,
                -12.0
              ],
              "size": [
                8.0,
                8.0,
                2.0
              ],
              "uv": [
                0,
                0
              ],
              "inflate": 0
            },
            {
              "origin": [
                -6.0,
                14.0,
                -12.4
              ],
              "size": [
                12.0,
                2.0,
                2.0
              ],
              "uv": [
                0,
                44
              ],
              "inflate": 0
            }
          ]
        },
        {
          "name": "bone",
          "pivot": [
            0,
            10,
            -12
          ],
          "cubes": [
            {
              "origin": [
                -3.0,
                7.0,
                -12.1
              ],
              "size": [
                6.0,
                6.0,
                0.0
              ],
              "uv": [
                0,
                10
              ],
              "inflate": 0
            }
          ],
          "parent": "Body"
        }
      ]
    }
  ]
}