{
  "format_version": "1.12.0",
  "minecraft:geometry": [
    {
      "description": {
        "identifier": "geometry.mr_seline",
        "texture_width": 128,
        "texture_height": 128,
        "visible_bounds_width": 5,
        "visible_bounds_height": 4,
        "visible_bounds_offset": [
          0,
          1,
          0
        ]
      },
      "bones": [
        {
          "name": "Root"
        },
        {
          "name": "Body",
          "cubes": [
            {
              "origin": [
                -5.5,
                0.0,
                -12.0
              ],
              "size": [
                11.0,
                6.0,
                23.0
              ],
              "uv": [
                0,
                41
              ],
              "inflate": 0
            },
            {
              "origin": [
                -6.0,
                3.0,
                -10.0
              ],
              "size": [
                12.0,
                20.0,
                21.0
              ],
              "pivot": [
                0.0,
                0.0,
                0.0
              ],
              "rotation": [
                -5.0,
                0.0,
                0.0
              ],
              "uv": [
                0,
                0
              ],
              "inflate": 0
            }
          ],
          "parent": "Root"
        },
        {
          "name": "bone4",
          "pivot": [
            0,
            4,
            -11
          ],
          "cubes": [
            {
              "origin": [
                -4.5,
                0.0,
                -16.0
              ],
              "size": [
                9.0,
                7.0,
                8.0
              ],
              "uv": [
                45,
                41
              ],
              "inflate": 0
            }
          ],
          "parent": "Body",
          "rotation": [
            90,
            0,
            0
          ]
        },
        {
          "name": "bone5",
          "pivot": [
            0,
            7,
            -12
          ],
          "cubes": [
            {
              "origin": [
                -4.1,
                7.0,
                -15.7
              ],
              "size": [
                8.2,
                9.0,
                7.4
              ],
              "uv": [
                66,
                14
              ],
              "inflate": 0
            }
          ],
          "parent": "bone4"
        },
        {
          "name": "bone10",
          "pivot": [
            0,
            16,
            -12
          ],
          "cubes": [
            {
              "origin": [
                -3.8,
                16.0,
                -15.3
              ],
              "size": [
                7.6,
                6.0,
                6.6
              ],
              "uv": [
                0,
                70
              ],
              "inflate": 0
            }
          ],
          "parent": "bone5"
        },
        {
          "name": "Head",
          "pivot": [
            0,
            21,
            -11
          ],
          "cubes": [
            {
              "origin": [
                -6.0,
                21.0,
                -16.4
              ],
              "size": [
                12.0,
                6.0,
                8.8
              ],
              "uv": [
                45,
                0
              ],
              "inflate": 0
            },
            {
              "origin": [
                -5.0,
                27.0,
                -16.4
              ],
              "size": [
                10.0,
                4.0,
                8.8
              ],
              "uv": [
                60,
                62
              ],
              "inflate": 0
            }
          ],
          "parent": "bone10"
        },
        {
          "name": "bone6",
          "pivot": [
            -3,
            31,
            -13
          ],
          "cubes": [
            {
              "origin": [
                -4.0,
                28.0,
                -14.0
              ],
              "size": [
                2.0,
                8.0,
                2.0
              ],
              "uv": [
                26,
                70
              ],
              "inflate": 0
            }
          ],
          "parent": "Head"
        },
        {
          "name": "bone7",
          "pivot": [
            -3,
            36,
            -13
          ],
          "cubes": [
            {
              "origin": [
                -4.5,
                36.0,
                -15.0
              ],
              "size": [
                3.0,
                3.0,
                3.0
              ],
              "uv": [
                8,
                50
              ],
              "inflate": 0
            },
            {
              "origin": [
                -4.6,
                35.9,
                -14.4
              ],
              "size": [
                3.2,
                3.2,
                3.0
              ],
              "uv": [
                45,
                14
              ],
              "inflate": 0
            }
          ],
          "parent": "bone6"
        },
        {
          "name": "bone8",
          "pivot": [
            3,
            31,
            -13
          ],
          "cubes": [
            {
              "origin": [
                2.0,
                28.0,
                -14.0
              ],
              "size": [
                2.0,
                8.0,
                2.0
              ],
              "uv": [
                0,
                47
              ],
              "inflate": 0
            }
          ],
          "parent": "Head"
        },
        {
          "name": "bone9",
          "pivot": [
            3,
            36,
            -13
          ],
          "cubes": [
            {
              "origin": [
                1.5,
                36.0,
                -15.0
              ],
              "size": [
                3.0,
                3.0,
                3.0
              ],
              "uv": [
                9,
                44
              ],
              "inflate": 0
            },
            {
              "origin": [
                1.4,
                35.9,
                -14.4
              ],
              "size": [
                3.2,
                3.2,
                3.0
              ],
              "uv": [
                0,
                41
              ],
              "inflate": 0
            }
          ],
          "parent": "bone8"
        },
        {
          "name": "bone",
          "pivot": [
            0,
            2,
            11
          ],
          "cubes": [
            {
              "origin": [
                -4.6,
                0.0,
                11.0
              ],
              "size": [
                9.2,
                6.2,
                4.0
              ],
              "uv": [
                66,
                30
              ],
              "inflate": 0
            }
          ],
          "parent": "Body"
        },
        {
          "name": "bone2",
          "pivot": [
            0,
            2,
            15
          ],
          "cubes": [
            {
              "origin": [
                -3.6,
                0.0,
                15.0
              ],
              "size": [
                7.2,
                5.2,
                3.0
              ],
              "uv": [
                0,
                0
              ],
              "inflate": 0
            }
          ],
          "parent": "bone"
        },
        {
          "name": "bone3",
          "pivot": [
            0,
            1,
            18
          ],
          "cubes": [
            {
              "origin": [
                -2.6,
                0.0,
                18.0
              ],
              "size": [
                5.2,
                4.2,
                4.0
              ],
              "uv": [
                0,
                8
              ],
              "inflate": 0
            }
          ],
          "parent": "bone2"
        }
      ]
    }
  ]
}