{
  "format_version": "1.12.0",
  "minecraft:geometry": [
    {
      "description": {
        "identifier": "geometry.speedboat",
        "texture_width": 256,
        "texture_height": 256,
        "visible_bounds_width": 8,
        "visible_bounds_height": 3.5,
        "visible_bounds_offset": [0, 1.25, 0]
      },
      "bones": [
        {
          "name": "body",
          "pivot": [0, 3, 13],
          "cubes": [
            {"origin": [-12, 0, -16], "size": [24, 4, 58], "inflate": 0.1, "uv": [0, 0]},
            {"origin": [-13, 6, 39], "size": [26, 12, 7], "inflate": -0.1, "uv": [170, 0]},
            {"origin": [-5, 11, 40], "size": [10, 8, 13], "inflate": -0.1, "pivot": [0, 16, 44], "rotation": [-35, 0, 0], "uv": [0, 27]},
            {"origin": [-1, 2, 47], "size": [2, 8, 3], "inflate": -0.1, "uv": [0, 27]},
            {"origin": [-1, 0, 46], "size": [2, 2, 7], "uv": [0, 89]},
            {"origin": [-1, 0, 53], "size": [2, 2, 1], "inflate": 0.2, "uv": [0, 6]},
            {"origin": [-3, 18, 41], "size": [6, 2, 11], "inflate": -0.1, "pivot": [0, 16, 44], "rotation": [-35, 0, 0], "uv": [22, 62]},
            {"origin": [-12, 2, 42], "size": [24, 4, 2], "uv": [0, 48]},
            {"origin": [-6, 13, -52], "size": [12, 3, 10], "uv": [106, 13]},
            {"origin": [-3, 13, -59], "size": [6, 3, 7], "uv": [0, 110]},
            {"origin": [-9, 13, -42], "size": [18, 3, 10], "uv": [0, 14]},
            {"origin": [-12, 13, -32], "size": [24, 3, 28], "uv": [0, 152]},
            {"origin": [-6, 16, -17], "size": [9, 3, 3], "uv": [90, 113]},
            {"origin": [-6, 16, -29], "size": [9, 3, 3], "uv": [26, 113]},
            {"origin": [-6, 16, -26], "size": [2, 3, 2], "uv": [0, 62]},
            {"origin": [1, 16, -26], "size": [2, 3, 2], "uv": [50, 52]},
            {"origin": [1, 16, -19], "size": [2, 3, 2], "uv": [47, 32]},
            {"origin": [-6, 16, -19], "size": [2, 3, 2], "uv": [47, 27]},
            {"origin": [-8, 16, -17], "size": [2, 3, 2], "uv": [46, 19]},
            {"origin": [-8, 16, -28], "size": [2, 3, 2], "uv": [46, 14]},
            {"origin": [3, 16, -28], "size": [2, 3, 2], "uv": [33, 32]},
            {"origin": [3, 16, -17], "size": [2, 3, 2], "uv": [33, 27]},
            {"origin": [-9, 16, -26], "size": [3, 3, 9], "uv": [0, 145]},
            {"origin": [3, 16, -26], "size": [3, 3, 9], "uv": [139, 117]},
            {"origin": [14, 4, -3], "size": [2, 3, 10], "pivot": [0, 16, 0], "rotation": [-117.5, 0, 0], "uv": [32, 100]},
            {"origin": [14, 17.67794, -2.22951], "size": [2, 3, 10], "pivot": [15, 16, 6], "rotation": [-85, 0, 0], "uv": [86, 64]},
            {"origin": [-16, 17.67794, -2.22951], "size": [2, 3, 10], "pivot": [15, 16, 6], "rotation": [-85, 0, 0], "uv": [33, 27]},
            {"origin": [-16, 4, -3], "size": [2, 3, 10], "pivot": [0, 16, 0], "rotation": [-117.5, 0, 0], "uv": [96, 100]},
            {"origin": [-16, 4, -5], "size": [32, 3, 2], "pivot": [0, 16, 0], "rotation": [-117.5, 0, 0], "uv": [170, 56]},
            {"origin": [-12, 6, -1], "size": [24, 3, 13], "pivot": [0, 15, 3], "rotation": [-62.5, 0, 0], "uv": [128, 74]},
            {"origin": [-1, 8, 0], "size": [3, 5, 3], "inflate": -0.2, "pivot": [0, 15, 3], "rotation": [-62.5, 0, 0], "uv": [46, 0]},
            {"origin": [-2, 12, -1], "size": [5, 3, 6], "pivot": [0, 15, 3], "rotation": [-62.5, 0, 0], "uv": [76, 152]},
            {"origin": [-4, 12, 0], "size": [2, 3, 3], "inflate": -0.1, "pivot": [0, 15, 3], "rotation": [-62.5, 0, 0], "uv": [0, 14]},
            {"origin": [-6, 12, -3], "size": [2, 3, 8], "pivot": [0, 15, 3], "rotation": [-62.5, 0, 0], "uv": [146, 100]},
            {"origin": [5, 12, -3], "size": [2, 3, 8], "pivot": [0, 15, 3], "rotation": [-62.5, 0, 0], "uv": [142, 5]},
            {"origin": [3, 12, 0], "size": [2, 3, 3], "inflate": -0.1, "pivot": [0, 15, 3], "rotation": [-62.5, 0, 0], "uv": [0, 0]},
            {"origin": [12, 7, -32], "size": [3, 11, 16], "uv": [64, 62]},
            {"origin": [-12, 2, -32], "size": [24, 5, 16], "uv": [104, 164]},
            {"origin": [-9, 3, -42], "size": [18, 4, 10], "uv": [0, 0]},
            {"origin": [-6, 4, -52], "size": [12, 3, 10], "uv": [106, 0]},
            {"origin": [-3, 5, -59], "size": [6, 2, 7], "uv": [64, 110]},
            {"origin": [-15, 7, -32], "size": [3, 11, 16], "uv": [0, 62]},
            {"origin": [-12, 7, -42], "size": [3, 11, 10], "uv": [122, 37]},
            {"origin": [-9, 7, -52], "size": [3, 11, 10], "uv": [92, 79]},
            {"origin": [6, 7, -52], "size": [3, 11, 10], "uv": [28, 79]},
            {"origin": [3, 7, -59], "size": [3, 11, 7], "uv": [138, 26]},
            {"origin": [-6, 7, -59], "size": [3, 11, 7], "uv": [128, 108]},
            {"origin": [-3, 7, -66], "size": [6, 11, 7], "uv": [128, 90]},
            {"origin": [9, 7, -42], "size": [3, 11, 10], "uv": [106, 26]},
            {"origin": [12, 2, -16], "size": [3, 16, 58], "uv": [0, 62]},
            {"origin": [14, 24, -9], "size": [2, 2, 19], "inflate": 0.1, "uv": [64, 89]},
            {"origin": [-16, 24, -9], "size": [2, 2, 19], "inflate": 0.1, "uv": [0, 89]},
            {"origin": [-15, 2, -16], "size": [3, 16, 58], "uv": [64, 78]},
            {"origin": [-18, 6, -16], "size": [3, 12, 58], "uv": [128, 94]},
            {"origin": [15, 6, -16], "size": [3, 12, 58], "uv": [106, 4]}
          ]
        },
        {
          "name": "propeller",
          "parent": "body",
          "pivot": [0, 1, 52],
          "cubes": [
            {"origin": [-0.86947, -3.99144, 51.5], "size": [2, 10, 1], "pivot": [0.13053, 1.00856, 52], "rotation": [0, 0, 42.5], "uv": [52, 40]},
            {"origin": [1.13053, -3.99144, 51.5], "size": [2, 2, 1], "pivot": [0.13053, 1.00856, 52], "rotation": [0, 0, 42.5], "uv": [0, 20]},
            {"origin": [-2.86947, 4.00856, 51.5], "size": [2, 2, 1], "pivot": [0.13053, 1.00856, 52], "rotation": [0, 0, 42.5], "uv": [7, 27]}
          ]
        },
        {
          "name": "seat",
          "parent": "body",
          "pivot": [0, 0, 0],
          "cubes": [
            {"origin": [-12, 7, 9], "size": [24, 2, 10], "uv": [170, 44]},
            {"origin": [-12, 4, 11], "size": [24, 3, 6], "uv": [178, 179]},
            {"origin": [-12, 4, 29], "size": [24, 3, 6], "uv": [0, 136]},
            {"origin": [-12, 6, 23], "size": [24, 3, 10], "inflate": -0.1, "pivot": [0, 5, 20], "rotation": [77.5, 0, 0], "uv": [170, 19]}
          ]
        },
        {
          "name": "seat2",
          "parent": "body",
          "pivot": [0, 0, 18],
          "cubes": [
            {"origin": [-12, 7, 27], "size": [24, 2, 10], "uv": [170, 32]},
            {"origin": [-12, 6, 41], "size": [24, 3, 10], "inflate": -0.1, "pivot": [0, 5, 38], "rotation": [77.5, 0, 0], "uv": [168, 164]}
          ]
        }
      ]
    }
  ]
}