{"format_version":"1.14.0","sound_definitions":{"custom.asobo":{"__use_legacy_max_distance":"true","category":"neutral","sounds":["sounds/custom/asobo"]},"custom.blacksad":{"sounds":["sounds/custom/blacksad"]},"custom.cat.chew":{"__use_legacy_max_distance":"true","category":"neutral","sounds":["sounds/custom/cateat"]},"custom.cat.move":{"__use_legacy_max_distance":"true","category":"neutral","sounds":["sounds/custom/catmove"]},"custom.chant":{"__use_legacy_max_distance":"true","category":"neutral","sounds":["sounds/custom/kagomechant"]},"custom.closes":{"sounds":["sounds/custom/closes"]},"custom.crumble":{"sounds":["sounds/custom/crumble"]},"custom.explain":{"__use_legacy_max_distance":"true","category":"neutral","sounds":["sounds/custom/explain"]},"custom.flea.waltz":{"__use_legacy_max_distance":"true","category":"neutral","sounds":["sounds/custom/fleawaltz"]},"custom.floor.open":{"__use_legacy_max_distance":"true","category":"neutral","sounds":["sounds/custom/openfloor"]},"custom.gameover":{"sounds":["sounds/custom/gameover"]},"custom.keydrop":{"sounds":["sounds/custom/keydrop"]},"custom.knock":{"__use_legacy_max_distance":"true","category":"neutral","sounds":["sounds/custom/knock"]},"custom.letsstart":{"__use_legacy_max_distance":"true","category":"neutral","sounds":["sounds/custom/letsstart"]},"custom.lose":{"sounds":["sounds/custom/lose"]},"custom.mind":{"sounds":["sounds/custom/mind"]},"custom.nandayo":{"__use_legacy_max_distance":"true","category":"neutral","sounds":["sounds/custom/nandayo"]},"custom.play":{"__use_legacy_max_distance":"true","category":"neutral","sounds":["sounds/custom/play"]},"custom.playerwin":{"sounds":["sounds/custom/playerwin"]},"custom.shirokumakill":{"sounds":["sounds/custom/shirokumakill"]},"custom.shirokumanext":{"sounds":["sounds/custom/shirokumanext"]},"custom.shirokumatalk":{"sounds":["sounds/custom/shirokumatalk"]},"custom.shutdown":{"__use_legacy_max_distance":"true","category":"neutral","sounds":["sounds/custom/shutdown"]},"custom.steam":{"__use_legacy_max_distance":"true","category":"neutral","sounds":["sounds/custom/steam"]},"custom.whiteangry":{"sounds":["sounds/custom/whiteangry"]}}}