{
  "format_version": "1.12.0",
  "minecraft:geometry": [
    {
      "description": {
        "identifier": "geometry.mc_banban",
        "texture_width": 64,
        "texture_height": 64,
        "visible_bounds_width": 3,
        "visible_bounds_height": 4.5,
        "visible_bounds_offset": [
          0,
          1.75,
          0
        ]
      },
      "bones": [
        {
          "name": "Root",
          "pivot": [
            0,
            0,
            0
          ]
        },
        {
          "name": "LeftLeg",
          "parent": "Root",
          "pivot": [
            2.5,
            15,
            0
          ],
          "rotation": [
            0,
            -2.5,
            0
          ],
          "cubes": [
            {
              "origin": [
                0.41284,
                9.0019,
                -1.99619
              ],
              "size": [
                4,
                7,
                4
              ],
              "uv": [
                32,
                36
              ]
            },
            {
              "origin": [
                0.16284,
                0.5019,
                -2.24619
              ],
              "size": [
                4.5,
                9,
                4.5
              ],
              "uv": [
                0,
                34
              ]
            }
          ]
        },
        {
          "name": "bone5",
          "parent": "LeftLeg",
          "pivot": [
            3,
            4,
            0
          ],
          "cubes": [
            {
              "origin": [
                0,
                0,
                -2.5
              ],
              "size": [
                5,
                4,
                5
              ],
              "uv": [
                23,
                14
              ]
            }
          ]
        },
        {
          "name": "RightLeg",
          "parent": "Root",
          "pivot": [
            -2.5,
            15,
            0
          ],
          "rotation": [
            0,
            2.5,
            0
          ],
          "cubes": [
            {
              "origin": [
                -4.41284,
                9.0019,
                -1.99619
              ],
              "size": [
                4,
                7,
                4
              ],
              "uv": [
                16,
                34
              ]
            },
            {
              "origin": [
                -4.66284,
                0.5019,
                -2.24619
              ],
              "size": [
                4.5,
                9,
                4.5
              ],
              "uv": [
                30,
                23
              ]
            }
          ]
        },
        {
          "name": "bone4",
          "parent": "RightLeg",
          "pivot": [
            -3,
            4,
            0
          ],
          "cubes": [
            {
              "origin": [
                -5,
                0,
                -2.5
              ],
              "size": [
                5,
                4,
                5
              ],
              "uv": [
                28,
                0
              ]
            }
          ]
        },
        {
          "name": "Body",
          "parent": "Root",
          "pivot": [
            0,
            15,
            0
          ],
          "cubes": [
            {
              "origin": [
                -4.25,
                14,
                -3
              ],
              "size": [
                8.5,
                13,
                6
              ],
              "uv": [
                0,
                0
              ]
            }
          ]
        },
        {
          "name": "Head",
          "parent": "Body",
          "pivot": [
            0,
            27,
            0
          ],
          "cubes": [
            {
              "origin": [
                -4,
                27,
                -3.5
              ],
              "size": [
                8,
                8,
                7
              ],
              "uv": [
                0,
                19
              ]
            },
            {
              "origin": [
                -4,
                35,
                -1.75
              ],
              "size": [
                3.5,
                3.25,
                3.5
              ],
              "uv": [
                48,
                0
              ]
            },
            {
              "origin": [
                -3.5,
                35.75,
                -1.25
              ],
              "size": [
                2.5,
                4,
                2.5
              ],
              "uv": [
                35,
                51
              ]
            },
            {
              "origin": [
                -2.25,
                39.25,
                -1.5
              ],
              "size": [
                0,
                3,
                3
              ],
              "uv": [
                0,
                16
              ]
            },
            {
              "origin": [
                1,
                35.75,
                -1.25
              ],
              "size": [
                2.5,
                4,
                2.5
              ],
              "uv": [
                50,
                6
              ]
            },
            {
              "origin": [
                0.75,
                39.25,
                0
              ],
              "size": [
                3,
                3,
                0
              ],
              "uv": [
                23,
                23
              ]
            },
            {
              "origin": [
                2.25,
                39.25,
                -1.5
              ],
              "size": [
                0,
                3,
                3
              ],
              "uv": [
                0,
                0
              ]
            },
            {
              "origin": [
                0.5,
                35,
                -1.75
              ],
              "size": [
                3.5,
                3.25,
                3.5
              ],
              "uv": [
                25,
                47
              ]
            },
            {
              "origin": [
                -3.75,
                39.25,
                0
              ],
              "size": [
                3,
                3,
                0
              ],
              "uv": [
                0,
                0
              ]
            }
          ]
        },
        {
          "name": "bone8",
          "parent": "Head",
          "pivot": [
            -1.5,
            28.75,
            -3
          ],
          "rotation": [
            -12.2127,
            2.68507,
            12.2127
          ],
          "cubes": [
            {
              "origin": [
                -2.5,
                25.75,
                -4
              ],
              "size": [
                2,
                3,
                1
              ],
              "uv": [
                0,
                22
              ]
            }
          ]
        },
        {
          "name": "bone2",
          "parent": "Head",
          "pivot": [
            -2,
            32,
            -4
          ],
          "cubes": [
            {
              "origin": [
                -3.25,
                30.75,
                -4.25
              ],
              "size": [
                2.5,
                2.5,
                2
              ],
              "uv": [
                28,
                9
              ]
            },
            {
              "origin": [
                -3,
                31,
                -4.35
              ],
              "size": [
                2,
                2,
                0
              ],
              "uv": [
                28,
                0
              ]
            }
          ]
        },
        {
          "name": "bone",
          "parent": "Head",
          "pivot": [
            -2,
            28,
            -4.5
          ],
          "rotation": [
            -2.5,
            0,
            10
          ]
        },
        {
          "name": "bone3",
          "parent": "Head",
          "pivot": [
            2,
            32,
            -4
          ],
          "cubes": [
            {
              "origin": [
                0.75,
                30.75,
                -4.25
              ],
              "size": [
                2.5,
                2.5,
                2
              ],
              "uv": [
                22,
                0
              ]
            },
            {
              "origin": [
                1,
                31,
                -4.35
              ],
              "size": [
                2,
                2,
                0
              ],
              "uv": [
                22,
                4
              ]
            }
          ]
        },
        {
          "name": "RightArm",
          "parent": "Body",
          "pivot": [
            -4,
            26,
            0
          ],
          "rotation": [
            5,
            0,
            10
          ],
          "cubes": [
            {
              "origin": [
                -6.25,
                20,
                -1.75
              ],
              "size": [
                3.5,
                7,
                3.5
              ],
              "uv": [
                0,
                47
              ]
            }
          ]
        },
        {
          "name": "bone7",
          "parent": "RightArm",
          "pivot": [
            -4,
            20,
            0
          ],
          "rotation": [
            -10,
            0,
            0
          ],
          "cubes": [
            {
              "origin": [
                -6.5,
                11,
                -2
              ],
              "size": [
                4,
                4,
                4
              ],
              "uv": [
                42,
                19
              ]
            },
            {
              "origin": [
                -6.6,
                14.6,
                -2.1
              ],
              "size": [
                4.2,
                6.4,
                4.2
              ],
              "uv": [
                44,
                43
              ]
            }
          ]
        },
        {
          "name": "LeftArm",
          "parent": "Body",
          "pivot": [
            4,
            26,
            0
          ],
          "rotation": [
            5,
            0,
            -10
          ],
          "cubes": [
            {
              "origin": [
                2.75,
                20,
                -1.75
              ],
              "size": [
                3.5,
                7,
                3.5
              ],
              "uv": [
                13,
                45
              ]
            }
          ]
        },
        {
          "name": "bone6",
          "parent": "LeftArm",
          "pivot": [
            4,
            20,
            0
          ],
          "rotation": [
            -10,
            0,
            0
          ],
          "cubes": [
            {
              "origin": [
                2.4,
                14.6,
                -2.1
              ],
              "size": [
                4.2,
                6.4,
                4.2
              ],
              "uv": [
                38,
                9
              ]
            },
            {
              "origin": [
                2.5,
                11,
                -2
              ],
              "size": [
                4,
                4,
                4
              ],
              "uv": [
                44,
                32
              ]
            }
          ]
        }
      ]
    }
  ]
}