{
  "format_version": "1.12.0",
  "minecraft:geometry": [
    {
      "description": {
        "identifier": "geometry.mc_banbaleena",
        "texture_width": 64,
        "texture_height": 64,
        "visible_bounds_width": 3,
        "visible_bounds_height": 4.5,
        "visible_bounds_offset": [
          0,
          1.75,
          0
        ]
      },
      "bones": [
        {
          "name": "Root",
          "pivot": [
            0,
            0,
            0
          ]
        },
        {
          "name": "LeftLeg",
          "parent": "Root",
          "pivot": [
            2.5,
            15,
            0
          ],
          "rotation": [
            0,
            -2.5,
            0
          ],
          "cubes": [
            {
              "origin": [
                0.16284,
                9.0019,
                -2.24619
              ],
              "size": [
                4.5,
                7,
                4.5
              ],
              "uv": [
                28,
                0
              ]
            },
            {
              "origin": [
                0.56284,
                0.5019,
                -1.84619
              ],
              "size": [
                3.7,
                9,
                3.7
              ],
              "uv": [
                28,
                38
              ]
            }
          ]
        },
        {
          "name": "bone5",
          "parent": "LeftLeg",
          "pivot": [
            3,
            4,
            0
          ],
          "cubes": [
            {
              "origin": [
                0.25,
                0,
                -2.25
              ],
              "size": [
                4.5,
                4,
                4.5
              ],
              "uv": [
                36,
                11
              ]
            }
          ]
        },
        {
          "name": "RightLeg",
          "parent": "Root",
          "pivot": [
            -2.5,
            15,
            0
          ],
          "rotation": [
            0,
            2.5,
            0
          ],
          "cubes": [
            {
              "origin": [
                -4.66284,
                9.0019,
                -2.24619
              ],
              "size": [
                4.5,
                7,
                4.5
              ],
              "uv": [
                24,
                15
              ]
            },
            {
              "origin": [
                -4.26284,
                0.5019,
                -1.84619
              ],
              "size": [
                3.7,
                9,
                3.7
              ],
              "uv": [
                16,
                35
              ]
            }
          ]
        },
        {
          "name": "bone4",
          "parent": "RightLeg",
          "pivot": [
            -3,
            4,
            0
          ],
          "cubes": [
            {
              "origin": [
                -4.75,
                0,
                -2.25
              ],
              "size": [
                4.5,
                4,
                4.5
              ],
              "uv": [
                36,
                22
              ]
            }
          ]
        },
        {
          "name": "Body",
          "parent": "Root",
          "pivot": [
            0,
            15,
            0
          ],
          "cubes": [
            {
              "origin": [
                -4.25,
                14,
                -3
              ],
              "size": [
                8.5,
                13,
                6
              ],
              "uv": [
                0,
                0
              ]
            }
          ]
        },
        {
          "name": "Head",
          "parent": "Body",
          "pivot": [
            0,
            27,
            0
          ],
          "cubes": [
            {
              "origin": [
                -4,
                27,
                -3.5
              ],
              "size": [
                8,
                8,
                7
              ],
              "uv": [
                0,
                19
              ]
            },
            {
              "origin": [
                -4,
                35,
                -1.75
              ],
              "size": [
                3.5,
                3.25,
                3.5
              ],
              "uv": [
                48,
                9
              ]
            },
            {
              "origin": [
                -3.5,
                35.75,
                -1.25
              ],
              "size": [
                2.5,
                4,
                2.5
              ],
              "uv": [
                49,
                30
              ]
            },
            {
              "origin": [
                1,
                35.75,
                -1.25
              ],
              "size": [
                2.5,
                4,
                2.5
              ],
              "uv": [
                48,
                19
              ]
            },
            {
              "origin": [
                0.5,
                35,
                -1.75
              ],
              "size": [
                3.5,
                3.25,
                3.5
              ],
              "uv": [
                12,
                47
              ]
            },
            {
              "origin": [
                -1.3,
                34.75,
                -2.1
              ],
              "size": [
                5,
                4,
                0
              ],
              "pivot": [
                0,
                27,
                0
              ],
              "rotation": [
                0,
                -6,
                6
              ],
              "uv": [
                22,
                0
              ]
            },
            {
              "origin": [
                0.45,
                35.5,
                -2.3
              ],
              "size": [
                1.5,
                1.5,
                1
              ],
              "pivot": [
                0,
                27,
                0
              ],
              "rotation": [
                0,
                -6,
                6
              ],
              "uv": [
                15,
                56
              ]
            }
          ]
        },
        {
          "name": "bone2",
          "parent": "Head",
          "pivot": [
            -2,
            32,
            -4
          ],
          "cubes": [
            {
              "origin": [
                -3.25,
                30.75,
                -4.25
              ],
              "size": [
                2.5,
                2.5,
                2
              ],
              "uv": [
                38,
                30
              ]
            },
            {
              "origin": [
                -3,
                31,
                -4.35
              ],
              "size": [
                2,
                2,
                0
              ],
              "uv": [
                0,
                2
              ]
            }
          ]
        },
        {
          "name": "bone",
          "parent": "Head",
          "pivot": [
            -2,
            28,
            -4.5
          ],
          "rotation": [
            -2.5,
            0,
            10
          ]
        },
        {
          "name": "bone3",
          "parent": "Head",
          "pivot": [
            2,
            32,
            -4
          ],
          "cubes": [
            {
              "origin": [
                0.75,
                30.75,
                -4.25
              ],
              "size": [
                2.5,
                2.5,
                2
              ],
              "uv": [
                28,
                11
              ]
            },
            {
              "origin": [
                1,
                31,
                -4.35
              ],
              "size": [
                2,
                2,
                0
              ],
              "uv": [
                0,
                0
              ]
            }
          ]
        },
        {
          "name": "RightArm",
          "parent": "Body",
          "pivot": [
            -4,
            26,
            0
          ],
          "rotation": [
            5,
            0,
            12.5
          ],
          "cubes": [
            {
              "origin": [
                -6.25,
                20,
                -1.75
              ],
              "size": [
                3.5,
                7,
                3.5
              ],
              "uv": [
                0,
                42
              ]
            }
          ]
        },
        {
          "name": "bone7",
          "parent": "RightArm",
          "pivot": [
            -4,
            20,
            0
          ],
          "rotation": [
            -10,
            0,
            0
          ],
          "cubes": [
            {
              "origin": [
                -6.5,
                11,
                -2
              ],
              "size": [
                4,
                4,
                4
              ],
              "uv": [
                26,
                30
              ]
            },
            {
              "origin": [
                -6.1,
                14.6,
                -1.6
              ],
              "size": [
                3.2,
                6.4,
                3.2
              ],
              "uv": [
                40,
                45
              ]
            }
          ]
        },
        {
          "name": "LeftArm",
          "parent": "Body",
          "pivot": [
            4,
            26,
            0
          ],
          "rotation": [
            5,
            0,
            -12.5
          ],
          "cubes": [
            {
              "origin": [
                2.75,
                20,
                -1.75
              ],
              "size": [
                3.5,
                7,
                3.5
              ],
              "uv": [
                40,
                35
              ]
            }
          ]
        },
        {
          "name": "bone6",
          "parent": "LeftArm",
          "pivot": [
            4,
            20,
            0
          ],
          "rotation": [
            -10,
            0,
            0
          ],
          "cubes": [
            {
              "origin": [
                2.9,
                14.6,
                -1.6
              ],
              "size": [
                3.2,
                6.4,
                3.2
              ],
              "uv": [
                44,
                0
              ]
            },
            {
              "origin": [
                2.5,
                11,
                -2
              ],
              "size": [
                4,
                4,
                4
              ],
              "uv": [
                0,
                34
              ]
            }
          ]
        }
      ]
    }
  ]
}