{
  "format_version": "1.12.0",
  "minecraft:geometry": [
    {
      "description": {
        "identifier": "geometry.mc_experiment_jester2",
        "texture_width": 128,
        "texture_height": 128,
        "visible_bounds_width": 4,
        "visible_bounds_height": 5,
        "visible_bounds_offset": [
          0,
          1.5,
          0
        ]
      },
      "bones": [
        {
          "name": "Root",
          "pivot": [
            0,
            -20,
            0
          ]
        },
        {
          "name": "Body",
          "parent": "Root",
          "pivot": [
            0,
            -1,
            0
          ],
          "cubes": [
            {
              "origin": [
                -4,
                0,
                -2.5
              ],
              "size": [
                8,
                15,
                5
              ],
              "uv": [
                0,
                17
              ]
            },
            {
              "origin": [
                -4.5,
                7.25,
                -3
              ],
              "size": [
                9,
                7,
                6
              ],
              "uv": [
                20,
                34
              ]
            }
          ]
        },
        {
          "name": "RightArm",
          "parent": "Body",
          "pivot": [
            -5,
            13,
            0
          ],
          "rotation": [
            0,
            0,
            10
          ],
          "cubes": [
            {
              "origin": [
                -6.75,
                6,
                -1.75
              ],
              "size": [
                3.5,
                8,
                3.5
              ],
              "uv": [
                56,
                0
              ]
            }
          ]
        },
        {
          "name": "bone5",
          "parent": "RightArm",
          "pivot": [
            -5,
            6,
            0
          ],
          "rotation": [
            0,
            0,
            42.5
          ],
          "cubes": [
            {
              "origin": [
                -6.75,
                -2,
                -1.75
              ],
              "size": [
                3.5,
                8,
                3.5
              ],
              "uv": [
                14,
                58
              ]
            }
          ]
        },
        {
          "name": "bone4",
          "parent": "bone5",
          "pivot": [
            -5,
            -2,
            0
          ],
          "rotation": [
            0,
            0,
            42.5
          ],
          "cubes": [
            {
              "origin": [
                -7.25,
                -6.25,
                -2.25
              ],
              "size": [
                4.5,
                4.5,
                4.5
              ],
              "uv": [
                52,
                21
              ]
            }
          ]
        },
        {
          "name": "bone13",
          "parent": "bone5",
          "pivot": [
            2,
            6,
            0
          ],
          "rotation": [
            0,
            0,
            35
          ],
          "cubes": [
            {
              "origin": [
                -3,
                -4.5,
                -1
              ],
              "size": [
                5,
                3,
                2
              ],
              "uv": [
                52,
                104
              ]
            },
            {
              "origin": [
                -5,
                -1.5,
                -1
              ],
              "size": [
                5,
                3,
                2
              ],
              "uv": [
                52,
                104
              ]
            }
          ]
        },
        {
          "name": "bone14",
          "parent": "RightArm",
          "pivot": [
            2,
            13,
            0
          ],
          "rotation": [
            0,
            0,
            35
          ],
          "cubes": [
            {
              "origin": [
                -3,
                2.5,
                -1
              ],
              "size": [
                5,
                3,
                2
              ],
              "uv": [
                52,
                104
              ]
            },
            {
              "origin": [
                -5,
                5.5,
                -1
              ],
              "size": [
                5,
                3,
                2
              ],
              "uv": [
                52,
                104
              ]
            }
          ]
        },
        {
          "name": "LeftArm",
          "parent": "Body",
          "pivot": [
            5,
            13,
            0
          ],
          "rotation": [
            0,
            0,
            -10
          ],
          "cubes": [
            {
              "origin": [
                3.25,
                6,
                -1.75
              ],
              "size": [
                3.5,
                8,
                3.5
              ],
              "uv": [
                58,
                50
              ]
            }
          ]
        },
        {
          "name": "bone6",
          "parent": "LeftArm",
          "pivot": [
            5,
            6,
            0
          ],
          "rotation": [
            0,
            0,
            -42.5
          ],
          "cubes": [
            {
              "origin": [
                3.5,
                -2,
                -1.5
              ],
              "size": [
                3,
                8,
                3
              ],
              "uv": [
                26,
                58
              ]
            }
          ]
        },
        {
          "name": "bone7",
          "parent": "bone6",
          "pivot": [
            5,
            -2,
            0
          ],
          "rotation": [
            0,
            0,
            -42.5
          ],
          "cubes": [
            {
              "origin": [
                2.75,
                -6.25,
                -2.25
              ],
              "size": [
                4.5,
                4.5,
                4.5
              ],
              "uv": [
                48,
                30
              ]
            }
          ]
        },
        {
          "name": "Head",
          "parent": "Body",
          "pivot": [
            0,
            14,
            0
          ],
          "cubes": [
            {
              "origin": [
                -6,
                14,
                -4
              ],
              "size": [
                12,
                9,
                8
              ],
              "uv": [
                0,
                0
              ]
            },
            {
              "origin": [
                9,
                15,
                -2
              ],
              "size": [
                2,
                5,
                4
              ],
              "pivot": [
                0,
                -20,
                0
              ],
              "rotation": [
                0,
                0,
                -5
              ],
              "uv": [
                54,
                61
              ]
            },
            {
              "origin": [
                9,
                15,
                0
              ],
              "size": [
                7,
                8,
                0
              ],
              "pivot": [
                0,
                -20,
                0
              ],
              "rotation": [
                0,
                0,
                -5
              ],
              "uv": [
                60,
                38
              ]
            }
          ]
        },
        {
          "name": "bone9",
          "parent": "Head",
          "pivot": [
            3,
            19,
            -4
          ],
          "cubes": [
            {
              "origin": [
                1.75,
                17.75,
                -4.5
              ],
              "size": [
                2.5,
                2.5,
                2
              ],
              "uv": [
                66,
                61
              ]
            }
          ]
        },
        {
          "name": "bone10",
          "parent": "bone9",
          "pivot": [
            3,
            19,
            -5
          ],
          "cubes": [
            {
              "origin": [
                2.5,
                18.5,
                -4.65
              ],
              "size": [
                1,
                1,
                2
              ],
              "uv": [
                0,
                3
              ]
            }
          ]
        },
        {
          "name": "bone11",
          "parent": "Head",
          "pivot": [
            -3,
            19,
            -4
          ],
          "cubes": [
            {
              "origin": [
                -4.25,
                17.75,
                -4.5
              ],
              "size": [
                2.5,
                2.5,
                2
              ],
              "uv": [
                0,
                65
              ]
            }
          ]
        },
        {
          "name": "bone12",
          "parent": "bone11",
          "pivot": [
            -3,
            19,
            -5
          ],
          "cubes": [
            {
              "origin": [
                -3.5,
                18.5,
                -4.65
              ],
              "size": [
                1,
                1,
                2
              ],
              "uv": [
                0,
                0
              ]
            }
          ]
        },
        {
          "name": "bone17",
          "parent": "Head",
          "pivot": [
            2,
            13,
            0
          ],
          "rotation": [
            0,
            0,
            35
          ],
          "cubes": [
            {
              "origin": [
                -8.25,
                10.25,
                -1
              ],
              "size": [
                4.5,
                3,
                2
              ],
              "uv": [
                52,
                104
              ]
            },
            {
              "origin": [
                -10.25,
                13.25,
                -1
              ],
              "size": [
                4.5,
                3,
                2
              ],
              "uv": [
                52,
                104
              ]
            },
            {
              "origin": [
                -1.25,
                14.75,
                -1
              ],
              "size": [
                3.5,
                3,
                2
              ],
              "pivot": [
                -3.5,
                20.75,
                0
              ],
              "rotation": [
                0,
                0,
                95
              ],
              "uv": [
                52,
                104
              ]
            },
            {
              "origin": [
                -2.75,
                17.25,
                -1
              ],
              "size": [
                3.5,
                3,
                2
              ],
              "pivot": [
                -3.5,
                20.75,
                0
              ],
              "rotation": [
                0,
                0,
                95
              ],
              "uv": [
                52,
                104
              ]
            }
          ]
        }
      ]
    }
  ]
}