{
  "format_version": "1.12.0",
  "minecraft:geometry": [
    {
      "description": {
        "identifier": "geometry.mc_jester_scene",
        "texture_width": 350,
        "texture_height": 350,
        "visible_bounds_width": 8,
        "visible_bounds_height": 7,
        "visible_bounds_offset": [
          0,
          1.5,
          0
        ]
      },
      "bones": [
        {
          "name": "Root",
          "pivot": [
            0,
            0,
            13
          ],
          "cubes": [
            {
              "origin": [
                -55,
                -26,
                -5
              ],
              "size": [
                110,
                96,
                0
              ],
              "uv": [
                53,
                185
              ]
            }
          ]
        },
        {
          "name": "Body",
          "parent": "Root",
          "pivot": [
            0,
            19,
            13
          ],
          "rotation": [
            60,
            0,
            0
          ],
          "cubes": [
            {
              "origin": [
                -4,
                18,
                10.5
              ],
              "size": [
                8,
                15,
                5
              ],
              "uv": [
                0,
                17
              ]
            },
            {
              "origin": [
                -4.5,
                27.25,
                10
              ],
              "size": [
                9,
                7,
                6
              ],
              "uv": [
                20,
                34
              ]
            }
          ]
        },
        {
          "name": "RightArm",
          "parent": "Body",
          "pivot": [
            -5,
            36,
            9
          ],
          "rotation": [
            -57.4345,
            46.77488,
            73.64818
          ],
          "cubes": [
            {
              "origin": [
                -7.75,
                29,
                8.25
              ],
              "size": [
                4.5,
                9,
                1.5
              ],
              "uv": [
                38,
                62
              ]
            },
            {
              "origin": [
                -6.75,
                29,
                7.25
              ],
              "size": [
                3.5,
                8,
                3.5
              ],
              "uv": [
                56,
                0
              ]
            }
          ]
        },
        {
          "name": "bone5",
          "parent": "RightArm",
          "pivot": [
            -5,
            29,
            9
          ],
          "rotation": [
            -75,
            0,
            0
          ],
          "cubes": [
            {
              "origin": [
                -7.75,
                21,
                8.25
              ],
              "size": [
                3.5,
                8,
                1.5
              ],
              "uv": [
                64,
                29
              ]
            },
            {
              "origin": [
                -6.75,
                21,
                7.25
              ],
              "size": [
                3.5,
                8,
                3.5
              ],
              "uv": [
                14,
                58
              ]
            }
          ]
        },
        {
          "name": "bone4",
          "parent": "bone5",
          "pivot": [
            -5,
            21,
            9
          ],
          "rotation": [
            0,
            -17.5,
            0
          ],
          "cubes": [
            {
              "origin": [
                -7.25,
                16.75,
                6.75
              ],
              "size": [
                4.5,
                4.5,
                4.5
              ],
              "uv": [
                52,
                21
              ]
            }
          ]
        },
        {
          "name": "LeftArm",
          "parent": "Body",
          "pivot": [
            5,
            33,
            13
          ],
          "rotation": [
            0,
            0,
            -5
          ],
          "cubes": [
            {
              "origin": [
                3.25,
                26,
                11.25
              ],
              "size": [
                3.5,
                8,
                3.5
              ],
              "uv": [
                58,
                50
              ]
            }
          ]
        },
        {
          "name": "bone6",
          "parent": "LeftArm",
          "pivot": [
            5,
            26,
            13
          ],
          "cubes": [
            {
              "origin": [
                3.25,
                18,
                11.25
              ],
              "size": [
                3.5,
                8,
                3.5
              ],
              "uv": [
                26,
                58
              ]
            }
          ]
        },
        {
          "name": "bone7",
          "parent": "bone6",
          "pivot": [
            5,
            18,
            13
          ],
          "cubes": [
            {
              "origin": [
                2.75,
                13.75,
                10.75
              ],
              "size": [
                4.5,
                4.5,
                4.5
              ],
              "uv": [
                48,
                30
              ]
            }
          ]
        },
        {
          "name": "Head",
          "parent": "Body",
          "pivot": [
            0,
            34,
            15
          ],
          "rotation": [
            -52.5,
            0,
            0
          ],
          "cubes": [
            {
              "origin": [
                -6,
                30,
                11
              ],
              "size": [
                12,
                9,
                8
              ],
              "uv": [
                0,
                0
              ]
            },
            {
              "origin": [
                -7,
                29,
                11.75
              ],
              "size": [
                7,
                11,
                6.5
              ],
              "uv": [
                26,
                17
              ]
            },
            {
              "origin": [
                9,
                31,
                13
              ],
              "size": [
                2,
                5,
                4
              ],
              "pivot": [
                0,
                -4,
                15
              ],
              "rotation": [
                0,
                0,
                -5
              ],
              "uv": [
                54,
                61
              ]
            },
            {
              "origin": [
                9,
                31,
                15
              ],
              "size": [
                7,
                8,
                0
              ],
              "pivot": [
                0,
                -4,
                15
              ],
              "rotation": [
                0,
                0,
                -5
              ],
              "uv": [
                60,
                38
              ]
            }
          ]
        },
        {
          "name": "bone9",
          "parent": "Head",
          "pivot": [
            3,
            35,
            11
          ],
          "cubes": [
            {
              "origin": [
                1.75,
                33.75,
                10.5
              ],
              "size": [
                2.5,
                2.5,
                2
              ],
              "uv": [
                66,
                61
              ]
            }
          ]
        },
        {
          "name": "bone10",
          "parent": "bone9",
          "pivot": [
            3,
            35,
            10
          ],
          "cubes": [
            {
              "origin": [
                2.5,
                34.5,
                10.35
              ],
              "size": [
                1,
                1,
                2
              ],
              "uv": [
                0,
                3
              ]
            }
          ]
        },
        {
          "name": "bone11",
          "parent": "Head",
          "pivot": [
            -3,
            35,
            11
          ],
          "cubes": [
            {
              "origin": [
                -4.25,
                33.75,
                10.5
              ],
              "size": [
                2.5,
                2.5,
                2
              ],
              "uv": [
                0,
                65
              ]
            }
          ]
        },
        {
          "name": "bone12",
          "parent": "bone11",
          "pivot": [
            -3,
            35,
            10
          ],
          "cubes": [
            {
              "origin": [
                -3.5,
                34.5,
                10.35
              ],
              "size": [
                1,
                1,
                2
              ],
              "uv": [
                0,
                0
              ]
            }
          ]
        },
        {
          "name": "LeftLeg",
          "parent": "Root",
          "pivot": [
            2.75,
            17,
            13
          ],
          "rotation": [
            0,
            -5,
            -2.5
          ],
          "cubes": [
            {
              "origin": [
                0.75,
                10,
                11
              ],
              "size": [
                4,
                9,
                4
              ],
              "uv": [
                0,
                37
              ]
            }
          ]
        },
        {
          "name": "bone",
          "parent": "LeftLeg",
          "pivot": [
            2.75,
            10,
            13
          ],
          "cubes": [
            {
              "origin": [
                0.5,
                3,
                10.75
              ],
              "size": [
                4.5,
                7,
                4.5
              ],
              "uv": [
                28,
                47
              ]
            }
          ]
        },
        {
          "name": "bone2",
          "parent": "bone",
          "pivot": [
            2.75,
            3,
            13
          ],
          "rotation": [
            0,
            0,
            2.5
          ],
          "cubes": [
            {
              "origin": [
                0.25,
                0,
                10.25
              ],
              "size": [
                5,
                3.25,
                5.5
              ],
              "uv": [
                45,
                42
              ]
            },
            {
              "origin": [
                0.75,
                0,
                8.5
              ],
              "size": [
                4,
                3,
                2
              ],
              "uv": [
                61,
                11
              ]
            },
            {
              "origin": [
                2.75,
                0,
                5.25
              ],
              "size": [
                0,
                5,
                5
              ],
              "uv": [
                21,
                12
              ]
            }
          ]
        },
        {
          "name": "RightLeg",
          "parent": "Root",
          "pivot": [
            -2.75,
            17,
            13
          ],
          "rotation": [
            0,
            5,
            2.5
          ],
          "cubes": [
            {
              "origin": [
                -4.75,
                10,
                11
              ],
              "size": [
                4,
                9,
                4
              ],
              "uv": [
                40,
                0
              ]
            },
            {
              "origin": [
                -5.75,
                10,
                11.5
              ],
              "size": [
                4,
                9,
                3
              ],
              "uv": [
                44,
                50
              ]
            }
          ]
        },
        {
          "name": "bone8",
          "parent": "RightLeg",
          "pivot": [
            -2.75,
            10,
            13
          ],
          "cubes": [
            {
              "origin": [
                -5,
                3,
                10.75
              ],
              "size": [
                4.5,
                7,
                4.5
              ],
              "uv": [
                12,
                47
              ]
            },
            {
              "origin": [
                -5.75,
                3,
                11.5
              ],
              "size": [
                4,
                7,
                3
              ],
              "uv": [
                0,
                55
              ]
            }
          ]
        },
        {
          "name": "bone3",
          "parent": "bone8",
          "pivot": [
            -2.75,
            3,
            13
          ],
          "rotation": [
            0,
            0,
            -2.5
          ],
          "cubes": [
            {
              "origin": [
                -5.25,
                0,
                10.25
              ],
              "size": [
                5,
                3.25,
                5.5
              ],
              "uv": [
                46,
                13
              ]
            },
            {
              "origin": [
                -4.75,
                0,
                8.5
              ],
              "size": [
                4,
                3,
                2
              ],
              "uv": [
                64,
                19
              ]
            },
            {
              "origin": [
                -2.75,
                0,
                5.25
              ],
              "size": [
                0,
                5,
                5
              ],
              "uv": [
                0,
                45
              ]
            }
          ]
        }
      ]
    }
  ]
}