{
  "format_version": "1.12.0",
  "minecraft:geometry": [
    {
      "description": {
        "identifier": "geometry.mc_kitisaurus",
        "texture_width": 128,
        "texture_height": 128,
        "visible_bounds_width": 5,
        "visible_bounds_height": 4.5,
        "visible_bounds_offset": [
          0,
          1.75,
          0
        ]
      },
      "bones": [
        {
          "name": "Root",
          "pivot": [
            0,
            0,
            0
          ]
        },
        {
          "name": "LeftLeg",
          "parent": "Root",
          "pivot": [
            4,
            15,
            0
          ],
          "rotation": [
            14.94548,
            -3.70744,
            -4.83045
          ],
          "cubes": [
            {
              "origin": [
                2.75,
                11,
                -2.25
              ],
              "size": [
                4.5,
                8,
                7.5
              ],
              "uv": [
                0,
                44
              ]
            }
          ]
        },
        {
          "name": "bone8",
          "parent": "LeftLeg",
          "pivot": [
            5,
            11,
            2
          ],
          "rotation": [
            -30,
            0,
            0
          ],
          "cubes": [
            {
              "origin": [
                3.25,
                1,
                0.25
              ],
              "size": [
                3.5,
                12,
                3.5
              ],
              "uv": [
                0,
                59
              ]
            }
          ]
        },
        {
          "name": "bone9",
          "parent": "bone8",
          "pivot": [
            5,
            2,
            2
          ],
          "rotation": [
            15,
            0,
            5
          ],
          "cubes": [
            {
              "origin": [
                2.5,
                -0.86732,
                -2.92388
              ],
              "size": [
                5,
                3.25,
                8
              ],
              "uv": [
                40,
                26
              ]
            }
          ]
        },
        {
          "name": "RightLeg",
          "parent": "Root",
          "pivot": [
            -4,
            15,
            0
          ],
          "rotation": [
            14.94548,
            3.70744,
            4.83045
          ],
          "cubes": [
            {
              "origin": [
                -7.25,
                11,
                -2.25
              ],
              "size": [
                4.5,
                8,
                7.5
              ],
              "uv": [
                40,
                52
              ]
            }
          ]
        },
        {
          "name": "bone5",
          "parent": "RightLeg",
          "pivot": [
            -5,
            11,
            2
          ],
          "rotation": [
            -30,
            0,
            0
          ],
          "cubes": [
            {
              "origin": [
                -6.75,
                1,
                0.25
              ],
              "size": [
                3.5,
                12,
                3.5
              ],
              "uv": [
                12,
                62
              ]
            }
          ]
        },
        {
          "name": "bone6",
          "parent": "bone5",
          "pivot": [
            -5,
            2,
            2
          ],
          "rotation": [
            15,
            0,
            -5
          ],
          "cubes": [
            {
              "origin": [
                -7.5,
                -0.86732,
                -2.92388
              ],
              "size": [
                5,
                3.25,
                8
              ],
              "uv": [
                14,
                51
              ]
            }
          ]
        },
        {
          "name": "Body",
          "parent": "Root",
          "pivot": [
            0,
            15,
            1
          ],
          "rotation": [
            40,
            0,
            0
          ],
          "cubes": [
            {
              "origin": [
                -5,
                13.5,
                -2.5
              ],
              "size": [
                10,
                14,
                10
              ],
              "uv": [
                0,
                0
              ]
            }
          ]
        },
        {
          "name": "bone",
          "parent": "Body",
          "pivot": [
            0,
            26.28558,
            2.46791
          ],
          "cubes": [
            {
              "origin": [
                -3.75,
                24.28558,
                -1.28209
              ],
              "size": [
                7.5,
                8,
                7.5
              ],
              "uv": [
                40,
                0
              ]
            }
          ]
        },
        {
          "name": "Tail",
          "parent": "Body",
          "pivot": [
            0,
            13.28558,
            2.46791
          ],
          "rotation": [
            22.5,
            0,
            0
          ],
          "cubes": [
            {
              "origin": [
                -3.5,
                9.28558,
                -1.03209
              ],
              "size": [
                7,
                8,
                7
              ],
              "uv": [
                33,
                37
              ]
            }
          ]
        },
        {
          "name": "bone2",
          "parent": "Tail",
          "pivot": [
            0,
            9.28558,
            2.46791
          ],
          "rotation": [
            10,
            0,
            0
          ],
          "cubes": [
            {
              "origin": [
                -2.5,
                3.28558,
                -0.03209
              ],
              "size": [
                5,
                7,
                5
              ],
              "uv": [
                56,
                47
              ]
            }
          ]
        },
        {
          "name": "bone3",
          "parent": "bone2",
          "pivot": [
            0,
            3.28558,
            2.46791
          ],
          "rotation": [
            11.76129,
            3.0963,
            3.2348
          ],
          "cubes": [
            {
              "origin": [
                -2,
                -1.71442,
                0.46791
              ],
              "size": [
                4,
                6,
                4
              ],
              "uv": [
                59,
                22
              ]
            }
          ]
        },
        {
          "name": "bone4",
          "parent": "bone3",
          "pivot": [
            0,
            -1.71442,
            2.46791
          ],
          "rotation": [
            17.5,
            0,
            0
          ],
          "cubes": [
            {
              "origin": [
                -1.5,
                -8.71442,
                0.96791
              ],
              "size": [
                3,
                8,
                3
              ],
              "uv": [
                36,
                67
              ]
            }
          ]
        },
        {
          "name": "RightArm",
          "parent": "Body",
          "pivot": [
            -5,
            25.28558,
            1.46791
          ],
          "rotation": [
            -52.5,
            0,
            5
          ],
          "cubes": [
            {
              "origin": [
                -7,
                16.28558,
                -0.53209
              ],
              "size": [
                3,
                10,
                3
              ],
              "uv": [
                62,
                59
              ]
            },
            {
              "origin": [
                -5.5,
                13.28558,
                -1.53209
              ],
              "size": [
                0,
                10,
                5
              ],
              "uv": [
                0,
                19
              ]
            }
          ]
        },
        {
          "name": "LeftArm",
          "parent": "Body",
          "pivot": [
            5,
            25.28558,
            1.46791
          ],
          "rotation": [
            -52.5,
            0,
            -5
          ],
          "cubes": [
            {
              "origin": [
                5.5,
                13.28558,
                -1.53209
              ],
              "size": [
                0,
                10,
                5
              ],
              "uv": [
                61,
                32
              ]
            },
            {
              "origin": [
                4,
                16.28558,
                -0.53209
              ],
              "size": [
                3,
                10,
                3
              ],
              "uv": [
                24,
                62
              ]
            }
          ]
        },
        {
          "name": "Head",
          "parent": "Body",
          "pivot": [
            0,
            31,
            -1
          ],
          "rotation": [
            -32.5,
            0,
            0
          ],
          "cubes": [
            {
              "origin": [
                -5,
                31,
                -6
              ],
              "size": [
                10,
                10,
                10
              ],
              "uv": [
                0,
                24
              ]
            },
            {
              "origin": [
                -3.25,
                30.75,
                -8.75
              ],
              "size": [
                6.5,
                3,
                2.5
              ],
              "uv": [
                92,
                16
              ]
            },
            {
              "origin": [
                -3.5,
                32,
                -9
              ],
              "size": [
                7,
                3.5,
                3
              ],
              "uv": [
                54,
                15
              ]
            }
          ]
        },
        {
          "name": "bone10",
          "parent": "Head",
          "pivot": [
            -3.5,
            40,
            -1
          ],
          "rotation": [
            0,
            0,
            -7.5
          ],
          "cubes": [
            {
              "origin": [
                -6,
                40,
                -1
              ],
              "size": [
                5,
                6,
                0
              ],
              "uv": [
                30,
                0
              ]
            }
          ]
        },
        {
          "name": "bone7",
          "parent": "Head",
          "pivot": [
            0,
            34,
            -2
          ],
          "rotation": [
            10,
            0,
            0
          ],
          "cubes": [
            {
              "origin": [
                -3.5,
                30,
                -9
              ],
              "size": [
                7,
                2,
                9
              ],
              "uv": [
                31,
                15
              ]
            },
            {
              "origin": [
                -3.25,
                31,
                -8.75
              ],
              "size": [
                6.5,
                2.5,
                8.5
              ],
              "uv": [
                8,
                103
              ]
            }
          ]
        },
        {
          "name": "bone11",
          "parent": "Head",
          "pivot": [
            3.5,
            40,
            -1
          ],
          "rotation": [
            0,
            0,
            7.5
          ],
          "cubes": [
            {
              "origin": [
                1,
                40,
                -1
              ],
              "size": [
                5,
                6,
                0
              ],
              "uv": [
                0,
                0
              ]
            }
          ]
        }
      ]
    }
  ]
}