{
  "format_version": "1.12.0",
  "minecraft:geometry": [
    {
      "description": {
        "identifier": "geometry.mc_nabnab_dead",
        "texture_width": 120,
        "texture_height": 120,
        "visible_bounds_width": 4,
        "visible_bounds_height": 3.5,
        "visible_bounds_offset": [
          0,
          1.25,
          0
        ]
      },
      "bones": [
        {
          "name": "Root",
          "pivot": [
            0,
            3,
            1
          ],
          "rotation": [
            90,
            0,
            0
          ]
        },
        {
          "name": "LeftLeg",
          "parent": "Root",
          "pivot": [
            3.5,
            -1,
            1
          ],
          "rotation": [
            -12.47285,
            -6.50174,
            -6.24516
          ],
          "cubes": [
            {
              "origin": [
                2,
                -7,
                -0.5
              ],
              "size": [
                3,
                7,
                3
              ],
              "uv": [
                34,
                41
              ],
              "mirror": true
            }
          ]
        },
        {
          "name": "bone17",
          "parent": "LeftLeg",
          "pivot": [
            3.5,
            -6,
            1
          ],
          "rotation": [
            172.25503,
            49.75081,
            174.29233
          ],
          "cubes": [
            {
              "origin": [
                2.25,
                -11,
                -0.25
              ],
              "size": [
                2.5,
                5,
                2.5
              ],
              "uv": [
                12,
                49
              ],
              "mirror": true
            }
          ]
        },
        {
          "name": "bone16",
          "parent": "bone17",
          "pivot": [
            3.5,
            -11,
            1
          ],
          "cubes": [
            {
              "origin": [
                1.49952,
                -20,
                0.97819
              ],
              "size": [
                4,
                15,
                0
              ],
              "uv": [
                94,
                93
              ]
            }
          ]
        },
        {
          "name": "RightLeg",
          "parent": "Root",
          "pivot": [
            -3.5,
            -1,
            1
          ],
          "rotation": [
            -12.47285,
            6.50174,
            6.24516
          ],
          "cubes": [
            {
              "origin": [
                -5,
                -7,
                -0.5
              ],
              "size": [
                3,
                7,
                3
              ],
              "uv": [
                34,
                41
              ]
            }
          ]
        },
        {
          "name": "bone12",
          "parent": "RightLeg",
          "pivot": [
            -3.5,
            -6,
            1
          ],
          "rotation": [
            -19.97273,
            -86.46503,
            45.02729
          ],
          "cubes": [
            {
              "origin": [
                -4.75,
                -11,
                -0.25
              ],
              "size": [
                2.5,
                5,
                2.5
              ],
              "uv": [
                12,
                49
              ]
            }
          ]
        },
        {
          "name": "bone15",
          "parent": "bone12",
          "pivot": [
            -3.5,
            -11,
            1
          ],
          "cubes": [
            {
              "origin": [
                -5.49952,
                -20,
                0.97819
              ],
              "size": [
                4,
                15,
                0
              ],
              "uv": [
                94,
                93
              ],
              "mirror": true
            }
          ]
        },
        {
          "name": "Body",
          "parent": "Root",
          "pivot": [
            0,
            3,
            1
          ],
          "cubes": [
            {
              "origin": [
                -4.5,
                -2,
                -2.25
              ],
              "size": [
                9,
                9.5,
                6
              ],
              "uv": [
                81,
                48
              ]
            },
            {
              "origin": [
                -4.2,
                -1.9,
                -2.4
              ],
              "size": [
                8.4,
                9.3,
                2
              ],
              "uv": [
                7,
                93
              ]
            },
            {
              "origin": [
                -4,
                10,
                -2.25
              ],
              "size": [
                8,
                5,
                6.5
              ],
              "uv": [
                32,
                0
              ]
            },
            {
              "origin": [
                -4.75,
                -2,
                -2.5
              ],
              "size": [
                9.5,
                12,
                7
              ],
              "uv": [
                0,
                0
              ]
            }
          ]
        },
        {
          "name": "bone8",
          "parent": "Body",
          "pivot": [
            0,
            3,
            -2
          ],
          "rotation": [
            92.5,
            0,
            0
          ],
          "cubes": [
            {
              "origin": [
                -4,
                2.50885,
                -10.21454
              ],
              "size": [
                8,
                0,
                11
              ],
              "uv": [
                0,
                19
              ]
            }
          ]
        },
        {
          "name": "bone9",
          "parent": "bone8",
          "pivot": [
            0,
            2.50885,
            -10.21454
          ],
          "rotation": [
            22.5,
            0,
            0
          ],
          "cubes": [
            {
              "origin": [
                -4,
                2.50885,
                -19.21454
              ],
              "size": [
                8,
                0,
                9
              ],
              "uv": [
                18,
                19
              ]
            }
          ]
        },
        {
          "name": "bone7",
          "parent": "Body",
          "pivot": [
            0,
            14,
            1
          ],
          "rotation": [
            -15.22074,
            9.65594,
            -2.61298
          ]
        },
        {
          "name": "bone",
          "parent": "Body",
          "pivot": [
            0,
            12,
            -2
          ],
          "rotation": [
            -5,
            0,
            0
          ],
          "cubes": [
            {
              "origin": [
                -1.5,
                10.5,
                -3.25
              ],
              "size": [
                3,
                3,
                2
              ],
              "uv": [
                20,
                51
              ]
            }
          ]
        },
        {
          "name": "bone2",
          "parent": "bone",
          "pivot": [
            0,
            12,
            -2
          ],
          "rotation": [
            -110,
            0,
            0
          ],
          "cubes": [
            {
              "origin": [
                -1,
                11,
                -3.35
              ],
              "size": [
                2,
                2,
                0
              ],
              "uv": [
                0,
                0
              ]
            }
          ]
        },
        {
          "name": "bone3",
          "parent": "Body",
          "pivot": [
            3,
            8.5,
            -2
          ],
          "rotation": [
            5,
            -5,
            0
          ],
          "cubes": [
            {
              "origin": [
                1.75,
                7.25,
                -3.25
              ],
              "size": [
                2.5,
                2.5,
                2
              ],
              "uv": [
                30,
                51
              ]
            }
          ]
        },
        {
          "name": "bone5",
          "parent": "bone3",
          "pivot": [
            3,
            8.5,
            -2
          ],
          "cubes": [
            {
              "origin": [
                2.25,
                7.75,
                -3.35
              ],
              "size": [
                1.5,
                1.5,
                0
              ],
              "uv": [
                2,
                2
              ]
            }
          ]
        },
        {
          "name": "bone4",
          "parent": "Body",
          "pivot": [
            -3,
            8.5,
            -2
          ],
          "rotation": [
            -36.42549,
            34.86753,
            3.04458
          ],
          "cubes": [
            {
              "origin": [
                -4.25,
                7.25,
                -3.25
              ],
              "size": [
                2.5,
                2.5,
                2
              ],
              "uv": [
                30,
                51
              ],
              "mirror": true
            }
          ]
        },
        {
          "name": "bone6",
          "parent": "bone4",
          "pivot": [
            -3,
            8.5,
            -2
          ],
          "cubes": [
            {
              "origin": [
                -3.75,
                7.75,
                -3.35
              ],
              "size": [
                1.5,
                1.5,
                0
              ],
              "uv": [
                2,
                2
              ],
              "mirror": true
            }
          ]
        },
        {
          "name": "RightArm",
          "parent": "Body",
          "pivot": [
            -4.5,
            6,
            1
          ],
          "rotation": [
            0,
            0,
            42.5
          ],
          "cubes": [
            {
              "origin": [
                -6,
                0,
                -0.5
              ],
              "size": [
                3,
                7,
                3
              ],
              "uv": [
                43,
                11
              ],
              "mirror": true
            }
          ]
        },
        {
          "name": "bone10",
          "parent": "RightArm",
          "pivot": [
            -4.5,
            1,
            1
          ],
          "rotation": [
            5.09165,
            12.81119,
            71.60251
          ],
          "cubes": [
            {
              "origin": [
                -5.75,
                -4,
                -0.25
              ],
              "size": [
                2.5,
                5,
                2.5
              ],
              "uv": [
                49,
                31
              ],
              "mirror": true
            }
          ]
        },
        {
          "name": "bone11",
          "parent": "bone10",
          "pivot": [
            -4.5,
            -5,
            1
          ],
          "cubes": [
            {
              "origin": [
                -6.64984,
                -13.64621,
                0.78872
              ],
              "size": [
                4,
                15,
                0
              ],
              "uv": [
                1,
                67
              ],
              "mirror": true
            }
          ]
        },
        {
          "name": "LeftArm",
          "parent": "Body",
          "pivot": [
            4.5,
            6,
            1
          ],
          "rotation": [
            -15,
            0,
            -72.5
          ],
          "cubes": [
            {
              "origin": [
                3,
                0,
                -0.5
              ],
              "size": [
                3,
                7,
                3
              ],
              "uv": [
                43,
                11
              ]
            }
          ]
        },
        {
          "name": "bone13",
          "parent": "LeftArm",
          "pivot": [
            4.5,
            1,
            1
          ],
          "rotation": [
            6.5953,
            -12.56606,
            57.77696
          ],
          "cubes": [
            {
              "origin": [
                3.25,
                -4,
                -0.25
              ],
              "size": [
                2.5,
                5,
                2.5
              ],
              "uv": [
                49,
                31
              ]
            }
          ]
        },
        {
          "name": "bone14",
          "parent": "bone13",
          "pivot": [
            4.5,
            -5,
            1
          ],
          "cubes": [
            {
              "origin": [
                2.64984,
                -13.64621,
                0.78872
              ],
              "size": [
                4,
                15,
                0
              ],
              "uv": [
                1,
                67
              ]
            }
          ]
        }
      ]
    }
  ]
}