{
  "format_version": "1.12.0",
  "minecraft:geometry": [
    {
      "description": {
        "identifier": "geometry.mc_opila_birds",
        "texture_width": 128,
        "texture_height": 128,
        "visible_bounds_width": 4,
        "visible_bounds_height": 3.5,
        "visible_bounds_offset": [
          0,
          1.25,
          0
        ]
      },
      "bones": [
        {
          "name": "root",
          "pivot": [
            0,
            0,
            0
          ]
        },
        {
          "name": "Body",
          "parent": "root",
          "pivot": [
            0,
            -1,
            0
          ]
        },
        {
          "name": "Bodys",
          "parent": "Body",
          "pivot": [
            0,
            10.37808,
            -2.19827
          ],
          "cubes": [
            {
              "origin": [
                -4,
                11,
                -7
              ],
              "size": [
                8,
                8,
                14
              ],
              "uv": [
                0,
                23
              ]
            },
            {
              "origin": [
                0,
                10,
                5
              ],
              "size": [
                0,
                10,
                10
              ],
              "pivot": [
                0,
                14,
                8
              ],
              "rotation": [
                -12.5,
                0,
                0
              ],
              "uv": [
                24,
                44
              ]
            },
            {
              "origin": [
                -5,
                10,
                -8
              ],
              "size": [
                10,
                10,
                13
              ],
              "uv": [
                0,
                0
              ]
            }
          ]
        },
        {
          "name": "neck",
          "parent": "Bodys",
          "pivot": [
            0,
            18,
            -7
          ],
          "rotation": [
            -7.5,
            0,
            0
          ],
          "cubes": [
            {
              "origin": [
                -3,
                11,
                -10
              ],
              "size": [
                6,
                15,
                6
              ],
              "uv": [
                0,
                45
              ]
            }
          ]
        },
        {
          "name": "Head",
          "parent": "neck",
          "pivot": [
            0,
            24,
            -8
          ],
          "rotation": [
            10,
            0,
            0
          ],
          "cubes": [
            {
              "origin": [
                -4,
                24,
                -12
              ],
              "size": [
                8,
                9,
                9
              ],
              "uv": [
                35,
                36
              ]
            }
          ]
        },
        {
          "name": "mouth",
          "parent": "Head",
          "pivot": [
            0,
            26,
            -12
          ],
          "cubes": [
            {
              "origin": [
                -1.5,
                26.77454,
                -10.69166
              ],
              "size": [
                3,
                1,
                3
              ],
              "pivot": [
                0,
                0,
                1
              ],
              "rotation": [
                7.5,
                0,
                0
              ],
              "uv": [
                48,
                18
              ]
            }
          ]
        },
        {
          "name": "mouth2",
          "parent": "Head",
          "pivot": [
            0,
            26,
            -12
          ],
          "cubes": [
            {
              "origin": [
                -2.25,
                27.77454,
                -11.69166
              ],
              "size": [
                4.5,
                2.25,
                4
              ],
              "pivot": [
                0,
                0,
                1
              ],
              "rotation": [
                7.5,
                0,
                0
              ],
              "uv": [
                46,
                30
              ]
            },
            {
              "origin": [
                -1.75,
                25.4459,
                -17.66587
              ],
              "size": [
                3.5,
                2,
                3
              ],
              "pivot": [
                0,
                27,
                -16
              ],
              "rotation": [
                37.5,
                0,
                0
              ],
              "uv": [
                0,
                6
              ]
            }
          ]
        },
        {
          "name": "eyeball4",
          "parent": "Head",
          "pivot": [
            2.22531,
            30.53094,
            -12.06068
          ],
          "rotation": [
            0,
            -10,
            0
          ],
          "cubes": [
            {
              "origin": [
                0.75,
                28.75,
                -13
              ],
              "size": [
                3,
                3,
                2
              ],
              "uv": [
                58,
                28
              ]
            },
            {
              "origin": [
                1.76153,
                29.21154,
                -13.13469
              ],
              "size": [
                2,
                2,
                2
              ],
              "pivot": [
                -0.22784,
                12.46131,
                7.86544
              ],
              "rotation": [
                0.05444,
                -0.56035,
                -2.43606
              ],
              "uv": [
                59,
                20
              ]
            }
          ]
        },
        {
          "name": "eyeball2",
          "parent": "Head",
          "pivot": [
            -2.22531,
            30.53094,
            -12.06068
          ],
          "rotation": [
            0,
            10,
            0
          ],
          "cubes": [
            {
              "origin": [
                -3.75,
                28.75,
                -13
              ],
              "size": [
                3,
                3,
                2
              ],
              "uv": [
                56,
                54
              ]
            }
          ]
        },
        {
          "name": "eyeball3",
          "parent": "eyeball2",
          "pivot": [
            -2.22531,
            30.53094,
            -12.06068
          ],
          "cubes": [
            {
              "origin": [
                -3.76153,
                29.21154,
                -13.13469
              ],
              "size": [
                2,
                2,
                2
              ],
              "pivot": [
                0.22784,
                12.46131,
                7.86544
              ],
              "rotation": [
                0.05444,
                0.56035,
                2.43606
              ],
              "uv": [
                42,
                30
              ]
            }
          ]
        },
        {
          "name": "hair",
          "parent": "Head",
          "pivot": [
            0,
            33,
            -8
          ]
        },
        {
          "name": "hair3",
          "parent": "Head",
          "pivot": [
            0,
            33,
            -8
          ]
        },
        {
          "name": "hair2",
          "parent": "Head",
          "pivot": [
            0,
            33,
            -8
          ],
          "cubes": [
            {
              "origin": [
                -3.25554,
                32.64889,
                -8.18234
              ],
              "size": [
                6,
                6,
                0
              ],
              "pivot": [
                -0.25554,
                33.14889,
                -8.68234
              ],
              "rotation": [
                -15,
                0,
                0
              ],
              "uv": [
                0,
                0
              ]
            }
          ]
        },
        {
          "name": "rightWing",
          "parent": "Bodys",
          "pivot": [
            5.5,
            16.87808,
            -5.69827
          ],
          "cubes": [
            {
              "origin": [
                5,
                11.37808,
                -7.19827
              ],
              "size": [
                1,
                7,
                11
              ],
              "uv": [
                48,
                0
              ]
            }
          ]
        },
        {
          "name": "leftWing",
          "parent": "Bodys",
          "pivot": [
            -5.5,
            16.87808,
            -5.69827
          ],
          "cubes": [
            {
              "origin": [
                -6,
                11.37808,
                -7.19827
              ],
              "size": [
                1,
                7,
                11
              ],
              "uv": [
                35,
                12
              ]
            }
          ]
        },
        {
          "name": "RightLeg",
          "parent": "root",
          "pivot": [
            -2.75,
            11,
            -0.5
          ],
          "rotation": [
            0,
            0,
            2.5
          ],
          "cubes": [
            {
              "origin": [
                -4.25,
                0,
                -2
              ],
              "size": [
                3,
                11,
                3
              ],
              "uv": [
                0,
                23
              ]
            }
          ]
        },
        {
          "name": "bone3",
          "parent": "RightLeg",
          "pivot": [
            -2.75,
            2,
            0
          ],
          "rotation": [
            0,
            0,
            -2.5
          ],
          "cubes": [
            {
              "origin": [
                -3.5,
                0,
                -6.5
              ],
              "size": [
                1.5,
                2,
                4.25
              ],
              "pivot": [
                -0.25,
                0,
                0
              ],
              "rotation": [
                0,
                20,
                0
              ],
              "uv": [
                45,
                88
              ],
              "mirror": true
            },
            {
              "origin": [
                -3.5,
                0,
                -6
              ],
              "size": [
                1.5,
                2,
                8.25
              ],
              "uv": [
                29,
                99
              ]
            },
            {
              "origin": [
                -3,
                0,
                -4.75
              ],
              "size": [
                1.5,
                2,
                4.25
              ],
              "pivot": [
                -0.25,
                0,
                0
              ],
              "rotation": [
                0,
                -20,
                0
              ],
              "uv": [
                45,
                88
              ],
              "mirror": true
            },
            {
              "origin": [
                -4.5,
                0,
                -3
              ],
              "size": [
                3.5,
                2.25,
                4.25
              ],
              "uv": [
                18,
                45
              ]
            }
          ]
        },
        {
          "name": "LeftLeg",
          "parent": "root",
          "pivot": [
            2.75,
            11,
            -0.5
          ],
          "rotation": [
            0,
            0,
            -2.5
          ],
          "cubes": [
            {
              "origin": [
                1.25,
                0,
                -2
              ],
              "size": [
                3,
                11,
                3
              ],
              "uv": [
                44,
                54
              ]
            }
          ]
        },
        {
          "name": "bone2",
          "parent": "LeftLeg",
          "pivot": [
            2.75,
            2,
            0
          ],
          "rotation": [
            0,
            0,
            2.5
          ],
          "cubes": [
            {
              "origin": [
                1,
                0,
                -3
              ],
              "size": [
                3.5,
                2.25,
                4.25
              ],
              "uv": [
                30,
                30
              ]
            },
            {
              "origin": [
                2,
                0,
                -6.5
              ],
              "size": [
                1.5,
                2,
                4.25
              ],
              "pivot": [
                0.25,
                0,
                0
              ],
              "rotation": [
                0,
                -20,
                0
              ],
              "uv": [
                45,
                88
              ]
            },
            {
              "origin": [
                2,
                0,
                -6
              ],
              "size": [
                1.5,
                2,
                8.25
              ],
              "uv": [
                41,
                84
              ]
            },
            {
              "origin": [
                1.5,
                0,
                -4.75
              ],
              "size": [
                1.5,
                2,
                4.25
              ],
              "pivot": [
                0.25,
                0,
                0
              ],
              "rotation": [
                0,
                20,
                0
              ],
              "uv": [
                45,
                88
              ]
            }
          ]
        }
      ]
    }
  ]
}