{
  "format_version": "1.12.0",
  "minecraft:geometry": [
    {
      "description": {
        "identifier": "geometry.mc_queen_bouncelina",
        "texture_width": 128,
        "texture_height": 128,
        "visible_bounds_width": 6,
        "visible_bounds_height": 4.5,
        "visible_bounds_offset": [
          0,
          1.75,
          0
        ]
      },
      "bones": [
        {
          "name": "Root",
          "pivot": [
            0,
            0,
            0
          ]
        },
        {
          "name": "LeftLeg",
          "parent": "Root",
          "pivot": [
            5,
            16,
            4
          ],
          "rotation": [
            -55,
            -2.5,
            -5
          ],
          "cubes": [
            {
              "origin": [
                2,
                12,
                -1
              ],
              "size": [
                6,
                9,
                9
              ],
              "uv": [
                38,
                0
              ]
            }
          ]
        },
        {
          "name": "bone10",
          "parent": "LeftLeg",
          "pivot": [
            5,
            14,
            6
          ],
          "rotation": [
            30,
            0,
            0
          ],
          "cubes": [
            {
              "origin": [
                3,
                3,
                4
              ],
              "size": [
                4,
                12,
                4
              ],
              "uv": [
                0,
                0
              ]
            }
          ]
        },
        {
          "name": "bone11",
          "parent": "bone10",
          "pivot": [
            5,
            4,
            6
          ],
          "rotation": [
            25,
            0,
            5
          ],
          "cubes": [
            {
              "origin": [
                2,
                0,
                0
              ],
              "size": [
                6,
                4,
                10
              ],
              "uv": [
                60,
                36
              ]
            }
          ]
        },
        {
          "name": "RightLeg",
          "parent": "Root",
          "pivot": [
            -5,
            16,
            4
          ],
          "rotation": [
            -55,
            2.5,
            5
          ],
          "cubes": [
            {
              "origin": [
                -8,
                12,
                -1
              ],
              "size": [
                6,
                9,
                9
              ],
              "uv": [
                39,
                43
              ]
            }
          ]
        },
        {
          "name": "bone7",
          "parent": "RightLeg",
          "pivot": [
            -5,
            14,
            6
          ],
          "rotation": [
            30,
            0,
            0
          ],
          "cubes": [
            {
              "origin": [
                -7,
                3,
                4
              ],
              "size": [
                4,
                12,
                4
              ],
              "uv": [
                80,
                15
              ]
            }
          ]
        },
        {
          "name": "bone8",
          "parent": "bone7",
          "pivot": [
            -5,
            4,
            6
          ],
          "rotation": [
            25,
            0,
            -5
          ],
          "cubes": [
            {
              "origin": [
                -8,
                0,
                0
              ],
              "size": [
                6,
                4,
                10
              ],
              "uv": [
                46,
                67
              ]
            }
          ]
        },
        {
          "name": "Body",
          "parent": "Root",
          "pivot": [
            0,
            15,
            0
          ],
          "rotation": [
            -30,
            0,
            0
          ],
          "cubes": [
            {
              "origin": [
                -5.5,
                13.5,
                -6.75
              ],
              "size": [
                11,
                11,
                13.5
              ],
              "uv": [
                0,
                28
              ]
            },
            {
              "origin": [
                -5,
                14,
                -9
              ],
              "size": [
                10,
                10,
                18
              ],
              "uv": [
                0,
                0
              ]
            }
          ]
        },
        {
          "name": "bone3",
          "parent": "Body",
          "pivot": [
            0,
            18,
            -5
          ],
          "rotation": [
            40,
            0,
            0
          ],
          "cubes": [
            {
              "origin": [
                -3,
                16,
                -9
              ],
              "size": [
                6,
                16,
                6
              ],
              "uv": [
                0,
                68
              ]
            }
          ]
        },
        {
          "name": "Head",
          "parent": "bone3",
          "pivot": [
            0,
            30,
            -6
          ],
          "rotation": [
            5,
            0,
            0
          ],
          "cubes": [
            {
              "origin": [
                -4,
                30,
                -10
              ],
              "size": [
                8,
                8,
                8
              ],
              "uv": [
                48,
                20
              ]
            },
            {
              "origin": [
                -3,
                31,
                -15
              ],
              "size": [
                6,
                3,
                5
              ],
              "uv": [
                40,
                81
              ]
            },
            {
              "origin": [
                -5.5,
                36,
                -7
              ],
              "size": [
                3,
                6,
                2
              ],
              "pivot": [
                -4,
                38,
                -7
              ],
              "rotation": [
                0,
                0,
                -32.5
              ],
              "uv": [
                35,
                28
              ]
            },
            {
              "origin": [
                2.5,
                36,
                -7
              ],
              "size": [
                3,
                6,
                2
              ],
              "pivot": [
                4,
                38,
                -7
              ],
              "rotation": [
                0,
                0,
                32.5
              ],
              "uv": [
                0,
                28
              ]
            },
            {
              "origin": [
                -2.5,
                38,
                -8.5
              ],
              "size": [
                5,
                4,
                5
              ],
              "uv": [
                59,
                0
              ]
            }
          ]
        },
        {
          "name": "bone5",
          "parent": "Head",
          "pivot": [
            2.5,
            35.5,
            -10
          ],
          "rotation": [
            0,
            -7.5,
            0
          ],
          "cubes": [
            {
              "origin": [
                1,
                34,
                -11
              ],
              "size": [
                3,
                3,
                2
              ],
              "uv": [
                0,
                52
              ]
            },
            {
              "origin": [
                1.5,
                34.5,
                -11.1
              ],
              "size": [
                2,
                2,
                0
              ],
              "uv": [
                0,
                2
              ]
            }
          ]
        },
        {
          "name": "bone4",
          "parent": "Head",
          "pivot": [
            0,
            31,
            -10
          ],
          "cubes": [
            {
              "origin": [
                -2.5,
                30,
                -14
              ],
              "size": [
                5,
                1,
                4
              ],
              "uv": [
                35,
                36
              ]
            }
          ]
        },
        {
          "name": "bone6",
          "parent": "Head",
          "pivot": [
            -2.5,
            35.5,
            -10
          ],
          "rotation": [
            0,
            7.5,
            0
          ],
          "cubes": [
            {
              "origin": [
                -4,
                34,
                -11
              ],
              "size": [
                3,
                3,
                2
              ],
              "uv": [
                0,
                36
              ]
            },
            {
              "origin": [
                -3.5,
                34.5,
                -11.1
              ],
              "size": [
                2,
                2,
                0
              ],
              "uv": [
                0,
                0
              ]
            }
          ]
        },
        {
          "name": "Tail",
          "parent": "Body",
          "pivot": [
            0,
            18,
            8
          ],
          "rotation": [
            -7.5,
            0,
            0
          ],
          "cubes": [
            {
              "origin": [
                -4,
                15,
                8
              ],
              "size": [
                8,
                8,
                8
              ],
              "uv": [
                24,
                61
              ]
            }
          ]
        },
        {
          "name": "bone",
          "parent": "Tail",
          "pivot": [
            0,
            18,
            16
          ],
          "rotation": [
            12.5,
            0,
            0
          ],
          "cubes": [
            {
              "origin": [
                -3,
                16,
                15
              ],
              "size": [
                6,
                6,
                10
              ],
              "uv": [
                59,
                51
              ]
            }
          ]
        },
        {
          "name": "bone2",
          "parent": "bone",
          "pivot": [
            0,
            18,
            25
          ],
          "rotation": [
            25,
            0,
            0
          ],
          "cubes": [
            {
              "origin": [
                -2,
                17,
                24
              ],
              "size": [
                4,
                4,
                12
              ],
              "uv": [
                0,
                52
              ]
            }
          ]
        },
        {
          "name": "RightArm",
          "parent": "Body",
          "pivot": [
            -6,
            18,
            -7
          ],
          "rotation": [
            65,
            7.5,
            0
          ],
          "cubes": [
            {
              "origin": [
                -7.75,
                16.25,
                -17
              ],
              "size": [
                3.5,
                3.5,
                12
              ],
              "uv": [
                66,
                69
              ]
            }
          ]
        },
        {
          "name": "LeftArm",
          "parent": "Body",
          "pivot": [
            6,
            18,
            -7
          ],
          "rotation": [
            65,
            -7.5,
            0
          ],
          "cubes": [
            {
              "origin": [
                4.25,
                16.25,
                -17
              ],
              "size": [
                3.5,
                3.5,
                12
              ],
              "uv": [
                68,
                0
              ]
            }
          ]
        }
      ]
    }
  ]
}