{
  "format_version": "1.12.0",
  "minecraft:geometry": [
    {
      "description": {
        "identifier": "geometry.mc_stinger_off",
        "texture_width": 128,
        "texture_height": 128,
        "visible_bounds_width": 6,
        "visible_bounds_height": 7,
        "visible_bounds_offset": [
          0,
          1.5,
          0
        ]
      },
      "bones": [
        {
          "name": "Body",
          "pivot": [
            0,
            2,
            0
          ],
          "cubes": [
            {
              "origin": [
                -8,
                2,
                -8
              ],
              "size": [
                16,
                17,
                16
              ],
              "uv": [
                0,
                29
              ]
            },
            {
              "origin": [
                -8.25,
                0,
                -8.25
              ],
              "size": [
                16.5,
                3,
                16.5
              ],
              "uv": [
                48,
                46
              ]
            },
            {
              "origin": [
                -9,
                5,
                -9
              ],
              "size": [
                18,
                11,
                18
              ],
              "uv": [
                0,
                0
              ]
            },
            {
              "origin": [
                -7,
                19,
                -7
              ],
              "size": [
                14,
                2,
                14
              ],
              "uv": [
                48,
                29
              ]
            }
          ]
        },
        {
          "name": "bone3",
          "parent": "Body",
          "pivot": [
            0,
            13,
            -9
          ],
          "cubes": [
            {
              "origin": [
                -3,
                8,
                -9.1
              ],
              "size": [
                6,
                6,
                0
              ],
              "uv": [
                48,
                36
              ]
            }
          ]
        },
        {
          "name": "bone",
          "parent": "Body",
          "pivot": [
            0,
            11,
            -6.5
          ],
          "cubes": [
            {
              "origin": [
                -2.5,
                8.5,
                -8.5
              ],
              "size": [
                5,
                5,
                2
              ],
              "uv": [
                48,
                29
              ]
            }
          ]
        },
        {
          "name": "bone2",
          "parent": "bone",
          "pivot": [
            0,
            11,
            -8.5
          ],
          "cubes": [
            {
              "origin": [
                -1.5,
                9.5,
                -8.6
              ],
              "size": [
                3,
                3,
                0
              ],
              "uv": [
                9,
                0
              ]
            }
          ]
        },
        {
          "name": "bone6",
          "parent": "Body",
          "pivot": [
            0,
            0,
            0
          ]
        },
        {
          "name": "bone17",
          "parent": "bone6",
          "pivot": [
            -5,
            2,
            0
          ],
          "rotation": [
            0,
            0,
            90
          ]
        },
        {
          "name": "Leg2",
          "parent": "bone17",
          "pivot": [
            -5,
            2,
            6
          ],
          "rotation": [
            19.58596,
            0.84002,
            47.38733
          ],
          "cubes": [
            {
              "origin": [
                -6.5,
                -9,
                4.5
              ],
              "size": [
                3,
                11,
                3
              ],
              "uv": [
                0,
                29
              ]
            }
          ]
        },
        {
          "name": "bone7",
          "parent": "Leg2",
          "pivot": [
            -5,
            -8,
            6
          ],
          "rotation": [
            22.5,
            0,
            0
          ],
          "cubes": [
            {
              "origin": [
                -6.25,
                -21,
                4.75
              ],
              "size": [
                2.5,
                13,
                2.5
              ],
              "uv": [
                54,
                0
              ]
            }
          ]
        },
        {
          "name": "bone8",
          "parent": "bone7",
          "pivot": [
            -5,
            -20,
            6
          ],
          "rotation": [
            -22.26914,
            -24.30509,
            -45.14615
          ],
          "cubes": [
            {
              "origin": [
                -6.5,
                -31,
                4.5
              ],
              "size": [
                3,
                11,
                3
              ],
              "uv": [
                0,
                0
              ]
            }
          ]
        },
        {
          "name": "Leg3",
          "parent": "bone17",
          "pivot": [
            -5,
            2,
            -6
          ],
          "rotation": [
            -23.70348,
            -14.36495,
            -29.47028
          ],
          "cubes": [
            {
              "origin": [
                -6.5,
                -9,
                -7.5
              ],
              "size": [
                3,
                11,
                3
              ],
              "uv": [
                0,
                29
              ]
            }
          ]
        },
        {
          "name": "bone9",
          "parent": "Leg3",
          "pivot": [
            -5,
            -8,
            -6
          ],
          "rotation": [
            20,
            0,
            0
          ],
          "cubes": [
            {
              "origin": [
                -6.25,
                -21,
                -7.25
              ],
              "size": [
                2.5,
                13,
                2.5
              ],
              "uv": [
                54,
                0
              ]
            }
          ]
        },
        {
          "name": "bone10",
          "parent": "bone9",
          "pivot": [
            -5,
            -20,
            -6
          ],
          "rotation": [
            -41.15088,
            -11.72145,
            -13.0867
          ],
          "cubes": [
            {
              "origin": [
                -6.5,
                -31,
                -7.5
              ],
              "size": [
                3,
                11,
                3
              ],
              "uv": [
                0,
                0
              ]
            }
          ]
        },
        {
          "name": "Leg5",
          "parent": "bone17",
          "pivot": [
            -6,
            2,
            0
          ],
          "rotation": [
            0,
            0,
            30
          ],
          "cubes": [
            {
              "origin": [
                -7.5,
                -9,
                -1.5
              ],
              "size": [
                3,
                11,
                3
              ],
              "uv": [
                0,
                29
              ]
            }
          ]
        },
        {
          "name": "bone13",
          "parent": "Leg5",
          "pivot": [
            -6,
            -8,
            0
          ],
          "rotation": [
            0,
            0,
            22.5
          ],
          "cubes": [
            {
              "origin": [
                -7.25,
                -21,
                -1.25
              ],
              "size": [
                2.5,
                13,
                2.5
              ],
              "uv": [
                54,
                0
              ]
            }
          ]
        },
        {
          "name": "bone14",
          "parent": "bone13",
          "pivot": [
            -6,
            -20,
            0
          ],
          "rotation": [
            0,
            0,
            -50
          ],
          "cubes": [
            {
              "origin": [
                -7.5,
                -31,
                -1.5
              ],
              "size": [
                3,
                11,
                3
              ],
              "uv": [
                0,
                0
              ]
            }
          ]
        },
        {
          "name": "bone18",
          "parent": "bone6",
          "pivot": [
            5,
            2,
            0
          ],
          "rotation": [
            0,
            0,
            -90
          ]
        },
        {
          "name": "Leg",
          "parent": "bone18",
          "pivot": [
            5,
            4,
            -6
          ],
          "rotation": [
            -19.25656,
            11.86554,
            30.48005
          ],
          "cubes": [
            {
              "origin": [
                3.5,
                -7,
                -7.5
              ],
              "size": [
                3,
                11,
                3
              ],
              "uv": [
                0,
                29
              ]
            }
          ]
        },
        {
          "name": "bone4",
          "parent": "Leg",
          "pivot": [
            5,
            -6,
            -6
          ],
          "rotation": [
            -30,
            0,
            0
          ],
          "cubes": [
            {
              "origin": [
                3.75,
                -19,
                -7.25
              ],
              "size": [
                2.5,
                13,
                2.5
              ],
              "uv": [
                54,
                0
              ]
            }
          ]
        },
        {
          "name": "bone5",
          "parent": "bone4",
          "pivot": [
            5,
            -18,
            -6
          ],
          "rotation": [
            40,
            0,
            0
          ],
          "cubes": [
            {
              "origin": [
                3.5,
                -29,
                -7.5
              ],
              "size": [
                3,
                11,
                3
              ],
              "uv": [
                0,
                0
              ]
            }
          ]
        },
        {
          "name": "Leg6",
          "parent": "bone18",
          "pivot": [
            5,
            2,
            6
          ],
          "rotation": [
            18.2489,
            17.38772,
            -42.18626
          ],
          "cubes": [
            {
              "origin": [
                3.5,
                -9,
                4.5
              ],
              "size": [
                3,
                11,
                3
              ],
              "uv": [
                0,
                29
              ]
            }
          ]
        },
        {
          "name": "bone15",
          "parent": "Leg6",
          "pivot": [
            5,
            -8,
            6
          ],
          "rotation": [
            20,
            0,
            0
          ],
          "cubes": [
            {
              "origin": [
                3.75,
                -21,
                4.75
              ],
              "size": [
                2.5,
                13,
                2.5
              ],
              "uv": [
                54,
                0
              ]
            }
          ]
        },
        {
          "name": "bone16",
          "parent": "bone15",
          "pivot": [
            5,
            -20,
            6
          ],
          "rotation": [
            -32.94098,
            28.53623,
            36.40051
          ],
          "cubes": [
            {
              "origin": [
                3.5,
                -31,
                4.5
              ],
              "size": [
                3,
                11,
                3
              ],
              "uv": [
                0,
                0
              ]
            }
          ]
        },
        {
          "name": "Leg4",
          "parent": "bone18",
          "pivot": [
            10,
            -1,
            0
          ],
          "cubes": [
            {
              "origin": [
                8.5,
                -12,
                -1.5
              ],
              "size": [
                3,
                11,
                3
              ],
              "pivot": [
                4,
                -5,
                0
              ],
              "rotation": [
                0,
                0,
                -25
              ],
              "uv": [
                0,
                29
              ]
            }
          ]
        },
        {
          "name": "bone11",
          "parent": "Leg4",
          "pivot": [
            13,
            -9,
            0
          ],
          "rotation": [
            0,
            0,
            -32.5
          ],
          "cubes": [
            {
              "origin": [
                8.75,
                -24,
                -1.25
              ],
              "size": [
                2.5,
                13,
                2.5
              ],
              "pivot": [
                4,
                -5,
                0
              ],
              "rotation": [
                0,
                0,
                -25
              ],
              "uv": [
                54,
                0
              ]
            }
          ]
        },
        {
          "name": "bone12",
          "parent": "bone11",
          "pivot": [
            17,
            -19,
            0
          ],
          "rotation": [
            0,
            0,
            50
          ],
          "cubes": [
            {
              "origin": [
                8.5,
                -34,
                -1.5
              ],
              "size": [
                3,
                11,
                3
              ],
              "pivot": [
                4,
                -5,
                0
              ],
              "rotation": [
                0,
                0,
                -25
              ],
              "uv": [
                0,
                0
              ]
            }
          ]
        },
        {
          "name": "bone19",
          "parent": "Body",
          "pivot": [
            -37,
            59,
            0
          ],
          "cubes": [
            {
              "origin": [
                -38,
                14,
                -3
              ],
              "size": [
                14,
                6,
                6
              ],
              "uv": [
                10,
                90
              ]
            },
            {
              "origin": [
                -39,
                15,
                -2
              ],
              "size": [
                4,
                47,
                4
              ],
              "uv": [
                91,
                76
              ]
            }
          ]
        },
        {
          "name": "bone20",
          "parent": "Body",
          "pivot": [
            0,
            0,
            0
          ]
        },
        {
          "name": "bone22",
          "parent": "bone20",
          "pivot": [
            26,
            62,
            0
          ],
          "cubes": [
            {
              "origin": [
                25,
                17,
                -3
              ],
              "size": [
                14,
                6,
                6
              ],
              "uv": [
                10,
                90
              ]
            },
            {
              "origin": [
                38,
                18,
                -2
              ],
              "size": [
                4,
                47,
                4
              ],
              "uv": [
                91,
                76
              ]
            }
          ]
        },
        {
          "name": "bone23",
          "parent": "bone20",
          "pivot": [
            20,
            60,
            17
          ],
          "cubes": [
            {
              "origin": [
                19,
                15,
                14
              ],
              "size": [
                14,
                6,
                6
              ],
              "uv": [
                10,
                90
              ]
            },
            {
              "origin": [
                32,
                16,
                15
              ],
              "size": [
                4,
                47,
                4
              ],
              "uv": [
                91,
                76
              ]
            }
          ]
        },
        {
          "name": "bone21",
          "parent": "bone20",
          "pivot": [
            -36,
            57,
            18
          ],
          "cubes": [
            {
              "origin": [
                -37,
                12,
                15
              ],
              "size": [
                14,
                6,
                6
              ],
              "uv": [
                10,
                90
              ]
            },
            {
              "origin": [
                -38,
                13,
                16
              ],
              "size": [
                4,
                47,
                4
              ],
              "uv": [
                91,
                76
              ]
            }
          ]
        }
      ]
    }
  ]
}