{
  "format_version": "1.12.0",
  "minecraft:geometry": [
    {
      "description": {
        "identifier": "geometry.mc_sheriff_todster",
        "texture_width": 128,
        "texture_height": 128,
        "visible_bounds_width": 3,
        "visible_bounds_height": 4.5,
        "visible_bounds_offset": [
          0,
          1.75,
          0
        ]
      },
      "bones": [
        {
          "name": "Root",
          "pivot": [
            0,
            0,
            0
          ]
        },
        {
          "name": "Body",
          "parent": "Root",
          "pivot": [
            0,
            21,
            0
          ],
          "cubes": [
            {
              "origin": [
                -5.5,
                19,
                -5
              ],
              "size": [
                11,
                13,
                10
              ],
              "uv": [
                0,
                0
              ]
            },
            {
              "origin": [
                -4.5,
                21,
                -4
              ],
              "size": [
                9,
                13,
                8
              ],
              "uv": [
                0,
                23
              ]
            }
          ]
        },
        {
          "name": "RightArm",
          "parent": "Body",
          "pivot": [
            -7,
            30,
            0
          ],
          "rotation": [
            5,
            0,
            7.5
          ],
          "cubes": [
            {
              "origin": [
                -9,
                21,
                -2
              ],
              "size": [
                4,
                10,
                4
              ],
              "uv": [
                0,
                71
              ]
            }
          ]
        },
        {
          "name": "bone",
          "parent": "RightArm",
          "pivot": [
            -7,
            21,
            0
          ],
          "rotation": [
            -10,
            0,
            0
          ],
          "cubes": [
            {
              "origin": [
                -9.25,
                11,
                -2.25
              ],
              "size": [
                4.5,
                10,
                4.5
              ],
              "uv": [
                70,
                22
              ]
            }
          ]
        },
        {
          "name": "LeftArm",
          "parent": "Body",
          "pivot": [
            7,
            30,
            0
          ],
          "rotation": [
            5,
            0,
            -7.5
          ],
          "cubes": [
            {
              "origin": [
                5,
                21,
                -2
              ],
              "size": [
                4,
                10,
                4
              ],
              "uv": [
                66,
                8
              ]
            }
          ]
        },
        {
          "name": "bone2",
          "parent": "LeftArm",
          "pivot": [
            7,
            21,
            0
          ],
          "rotation": [
            -10,
            0,
            0
          ],
          "cubes": [
            {
              "origin": [
                4.75,
                11,
                -2.25
              ],
              "size": [
                4.5,
                10,
                4.5
              ],
              "uv": [
                56,
                62
              ]
            }
          ]
        },
        {
          "name": "Head",
          "parent": "Body",
          "pivot": [
            0,
            32,
            0
          ],
          "cubes": [
            {
              "origin": [
                -1,
                32,
                -1
              ],
              "size": [
                2,
                2,
                2
              ],
              "uv": [
                34,
                30
              ]
            },
            {
              "origin": [
                -8.75,
                32,
                -6
              ],
              "size": [
                9,
                7,
                10
              ],
              "pivot": [
                0,
                33,
                0
              ],
              "rotation": [
                0,
                2.5,
                7.5
              ],
              "uv": [
                24,
                34
              ]
            },
            {
              "origin": [
                -0.25,
                32,
                -6
              ],
              "size": [
                9,
                7,
                10
              ],
              "pivot": [
                0,
                33,
                0
              ],
              "rotation": [
                0,
                -2.5,
                -7.5
              ],
              "uv": [
                32,
                13
              ]
            },
            {
              "origin": [
                -1,
                38.75,
                -5.25
              ],
              "size": [
                6.5,
                4,
                8
              ],
              "pivot": [
                0,
                41,
                0
              ],
              "rotation": [
                0,
                -2.5,
                -10
              ],
              "uv": [
                0,
                44
              ]
            },
            {
              "origin": [
                -5.75,
                42,
                -4
              ],
              "size": [
                4,
                2,
                5
              ],
              "pivot": [
                0,
                18,
                0
              ],
              "rotation": [
                0,
                0,
                2.5
              ],
              "uv": [
                62,
                0
              ]
            },
            {
              "origin": [
                1.75,
                42,
                -4
              ],
              "size": [
                4,
                2,
                5
              ],
              "pivot": [
                0,
                18,
                0
              ],
              "rotation": [
                0,
                0,
                -2.5
              ],
              "uv": [
                32,
                0
              ]
            },
            {
              "origin": [
                -5.5,
                38.75,
                -5.25
              ],
              "size": [
                6.5,
                4,
                8
              ],
              "pivot": [
                0,
                41,
                0
              ],
              "rotation": [
                0,
                2.5,
                10
              ],
              "uv": [
                42,
                0
              ]
            }
          ]
        },
        {
          "name": "bone11",
          "parent": "Head",
          "pivot": [
            3,
            44,
            0
          ],
          "rotation": [
            -0.32652,
            -2.4786,
            7.50706
          ],
          "cubes": [
            {
              "origin": [
                0,
                43.5,
                -4
              ],
              "size": [
                6,
                1.5,
                6
              ],
              "uv": [
                52,
                30
              ]
            },
            {
              "origin": [
                1,
                45,
                -3
              ],
              "size": [
                4,
                2,
                4
              ],
              "uv": [
                38,
                51
              ]
            }
          ]
        },
        {
          "name": "bone5",
          "parent": "Head",
          "pivot": [
            3,
            41,
            -5
          ],
          "cubes": [
            {
              "origin": [
                1.5,
                39.5,
                -6
              ],
              "size": [
                3,
                3,
                2
              ],
              "uv": [
                0,
                5
              ]
            },
            {
              "origin": [
                2,
                40,
                -6.1
              ],
              "size": [
                2,
                2,
                2
              ],
              "uv": [
                0,
                27
              ]
            }
          ]
        },
        {
          "name": "bone8",
          "parent": "Head",
          "pivot": [
            0,
            41,
            -6
          ]
        },
        {
          "name": "bone9",
          "parent": "Head",
          "pivot": [
            -3,
            41,
            -5
          ],
          "cubes": [
            {
              "origin": [
                -4.5,
                39.5,
                -6
              ],
              "size": [
                3,
                3,
                2
              ],
              "uv": [
                0,
                0
              ]
            }
          ]
        },
        {
          "name": "bone10",
          "parent": "bone9",
          "pivot": [
            -3,
            41,
            -5
          ],
          "cubes": [
            {
              "origin": [
                -4,
                40,
                -6.1
              ],
              "size": [
                2,
                2,
                2
              ],
              "uv": [
                0,
                23
              ]
            }
          ]
        },
        {
          "name": "LeftLeg",
          "parent": "Root",
          "pivot": [
            4,
            19,
            0
          ],
          "rotation": [
            -7.5,
            -2.5,
            -2.5
          ],
          "cubes": [
            {
              "origin": [
                2,
                10,
                -2
              ],
              "size": [
                4,
                10,
                4
              ],
              "uv": [
                62,
                37
              ]
            }
          ]
        },
        {
          "name": "bone6",
          "parent": "LeftLeg",
          "pivot": [
            4,
            11,
            0
          ],
          "rotation": [
            15,
            0,
            0
          ],
          "cubes": [
            {
              "origin": [
                1.5,
                1,
                -2.5
              ],
              "size": [
                5,
                10,
                5
              ],
              "uv": [
                0,
                56
              ]
            }
          ]
        },
        {
          "name": "bone7",
          "parent": "bone6",
          "pivot": [
            4,
            2,
            0
          ],
          "rotation": [
            -7.5,
            0,
            2.5
          ],
          "cubes": [
            {
              "origin": [
                1.25,
                0,
                -5.75
              ],
              "size": [
                5.5,
                3,
                8.5
              ],
              "uv": [
                20,
                51
              ]
            }
          ]
        },
        {
          "name": "RightLeg",
          "parent": "Root",
          "pivot": [
            -4,
            19,
            0
          ],
          "rotation": [
            -7.5,
            2.5,
            2.5
          ],
          "cubes": [
            {
              "origin": [
                -6,
                10,
                -2
              ],
              "size": [
                4,
                10,
                4
              ],
              "uv": [
                40,
                62
              ]
            }
          ]
        },
        {
          "name": "bone3",
          "parent": "RightLeg",
          "pivot": [
            -4,
            11,
            0
          ],
          "rotation": [
            15,
            0,
            0
          ],
          "cubes": [
            {
              "origin": [
                -6.5,
                1,
                -2.5
              ],
              "size": [
                5,
                10,
                5
              ],
              "uv": [
                20,
                62
              ]
            }
          ]
        },
        {
          "name": "bone4",
          "parent": "bone3",
          "pivot": [
            -4,
            2,
            0
          ],
          "rotation": [
            -7.5,
            0,
            -2.5
          ],
          "cubes": [
            {
              "origin": [
                -6.75,
                0,
                -5.75
              ],
              "size": [
                5.5,
                3,
                8.5
              ],
              "uv": [
                46,
                51
              ]
            }
          ]
        }
      ]
    }
  ]
}