{
  "format_version": "1.12.0",
  "minecraft:geometry": [
    {
      "description": {
        "identifier": "geometry.mc_tatamaki_chatamaki",
        "texture_width": 128,
        "texture_height": 128,
        "visible_bounds_width": 6,
        "visible_bounds_height": 2.5,
        "visible_bounds_offset": [
          0,
          0.75,
          0
        ]
      },
      "bones": [
        {
          "name": "Root",
          "pivot": [
            0,
            13,
            0
          ]
        },
        {
          "name": "Body",
          "parent": "Root",
          "pivot": [
            0,
            8,
            0
          ],
          "cubes": [
            {
              "origin": [
                -8,
                6,
                -10
              ],
              "size": [
                16,
                10,
                20
              ],
              "uv": [
                0,
                30
              ]
            },
            {
              "origin": [
                -9,
                9,
                -11
              ],
              "size": [
                18,
                8,
                22
              ],
              "uv": [
                0,
                0
              ]
            },
            {
              "origin": [
                -7,
                10,
                -9
              ],
              "size": [
                14,
                8,
                18
              ],
              "uv": [
                54,
                42
              ]
            }
          ]
        },
        {
          "name": "bone3",
          "parent": "Body",
          "pivot": [
            -5,
            11,
            -9
          ],
          "rotation": [
            -7.5,
            7.5,
            0
          ],
          "cubes": [
            {
              "origin": [
                -7,
                9,
                -14
              ],
              "size": [
                4,
                4,
                6
              ],
              "uv": [
                0,
                84
              ]
            }
          ]
        },
        {
          "name": "bone4",
          "parent": "bone3",
          "pivot": [
            -5,
            11,
            -12
          ],
          "rotation": [
            7.5,
            -5,
            0
          ],
          "cubes": [
            {
              "origin": [
                -9,
                7,
                -20
              ],
              "size": [
                8,
                8,
                8
              ],
              "uv": [
                36,
                68
              ]
            }
          ]
        },
        {
          "name": "bone5",
          "parent": "bone4",
          "pivot": [
            -2.5,
            11.5,
            -20
          ],
          "rotation": [
            0,
            -7.5,
            0
          ],
          "cubes": [
            {
              "origin": [
                -4,
                10,
                -21
              ],
              "size": [
                3,
                3,
                2
              ],
              "uv": [
                78,
                81
              ]
            }
          ]
        },
        {
          "name": "bone6",
          "parent": "bone5",
          "pivot": [
            -1.5,
            11.5,
            -21
          ],
          "cubes": [
            {
              "origin": [
                -2.25,
                10.75,
                -21.25
              ],
              "size": [
                1.5,
                1.5,
                1
              ],
              "uv": [
                0,
                2
              ]
            }
          ]
        },
        {
          "name": "bone7",
          "parent": "bone4",
          "pivot": [
            -7.5,
            11.5,
            -20
          ],
          "rotation": [
            0,
            7.5,
            0
          ],
          "cubes": [
            {
              "origin": [
                -9,
                10,
                -21
              ],
              "size": [
                3,
                3,
                2
              ],
              "uv": [
                77,
                14
              ]
            }
          ]
        },
        {
          "name": "bone8",
          "parent": "bone7",
          "pivot": [
            -7.5,
            11.5,
            -21
          ],
          "cubes": [
            {
              "origin": [
                -9.25,
                10.75,
                -21.25
              ],
              "size": [
                1.5,
                1.5,
                1
              ],
              "uv": [
                0,
                0
              ]
            }
          ]
        },
        {
          "name": "bone10",
          "parent": "Body",
          "pivot": [
            5,
            11,
            -9
          ],
          "rotation": [
            -7.5,
            -7.5,
            0
          ],
          "cubes": [
            {
              "origin": [
                3,
                9,
                -14
              ],
              "size": [
                4,
                4,
                6
              ],
              "uv": [
                24,
                60
              ]
            }
          ]
        },
        {
          "name": "bone11",
          "parent": "bone10",
          "pivot": [
            5,
            11,
            -13
          ],
          "rotation": [
            7.5,
            0,
            0
          ],
          "cubes": [
            {
              "origin": [
                1,
                9,
                -22
              ],
              "size": [
                8,
                5,
                9
              ],
              "uv": [
                58,
                0
              ]
            },
            {
              "origin": [
                2,
                17,
                -20
              ],
              "size": [
                6,
                3,
                9
              ],
              "pivot": [
                5,
                10,
                1
              ],
              "rotation": [
                15,
                0,
                0
              ],
              "uv": [
                68,
                30
              ]
            }
          ]
        },
        {
          "name": "bone16",
          "parent": "bone11",
          "pivot": [
            5,
            9.1,
            -18
          ],
          "cubes": [
            {
              "origin": [
                1,
                9.1,
                -25
              ],
              "size": [
                8,
                0,
                9
              ],
              "uv": [
                43,
                39
              ]
            }
          ]
        },
        {
          "name": "bone17",
          "parent": "bone16",
          "pivot": [
            5,
            9.1,
            -25
          ],
          "rotation": [
            60,
            0,
            0
          ],
          "cubes": [
            {
              "origin": [
                1,
                9.1,
                -34
              ],
              "size": [
                8,
                0,
                9
              ],
              "uv": [
                43,
                30
              ]
            }
          ]
        },
        {
          "name": "bone9",
          "parent": "bone11",
          "pivot": [
            5,
            9,
            -17
          ],
          "cubes": [
            {
              "origin": [
                2,
                8,
                -22
              ],
              "size": [
                6,
                1,
                7
              ],
              "uv": [
                58,
                14
              ]
            }
          ]
        },
        {
          "name": "bone12",
          "parent": "bone11",
          "pivot": [
            7.5,
            11.5,
            -19
          ],
          "cubes": [
            {
              "origin": [
                7,
                10,
                -19
              ],
              "size": [
                3,
                3,
                3
              ],
              "uv": [
                0,
                44
              ]
            }
          ]
        },
        {
          "name": "bone13",
          "parent": "bone12",
          "pivot": [
            8.5,
            11.5,
            -20
          ]
        },
        {
          "name": "bone14",
          "parent": "bone11",
          "pivot": [
            1.5,
            11.5,
            -20
          ],
          "cubes": [
            {
              "origin": [
                0,
                10,
                -20
              ],
              "size": [
                3,
                3,
                3
              ],
              "uv": [
                0,
                14
              ]
            }
          ]
        },
        {
          "name": "bone15",
          "parent": "bone14",
          "pivot": [
            0.5,
            11.5,
            -21
          ]
        },
        {
          "name": "Tail",
          "parent": "Body",
          "pivot": [
            0,
            10,
            9
          ],
          "rotation": [
            20,
            0,
            0
          ],
          "cubes": [
            {
              "origin": [
                -2.25,
                7.75,
                9
              ],
              "size": [
                4.5,
                4.5,
                8
              ],
              "uv": [
                80,
                14
              ]
            }
          ]
        },
        {
          "name": "bone",
          "parent": "Tail",
          "pivot": [
            0,
            10,
            16
          ],
          "rotation": [
            -40,
            0,
            0
          ],
          "cubes": [
            {
              "origin": [
                -2,
                8,
                15
              ],
              "size": [
                4,
                4,
                9
              ],
              "uv": [
                68,
                68
              ]
            }
          ]
        },
        {
          "name": "bone2",
          "parent": "bone",
          "pivot": [
            0,
            10,
            21
          ],
          "rotation": [
            17.5,
            0,
            0
          ],
          "cubes": [
            {
              "origin": [
                -3,
                7,
                21
              ],
              "size": [
                6,
                12,
                12
              ],
              "uv": [
                0,
                60
              ]
            }
          ]
        },
        {
          "name": "LeftLeg",
          "parent": "Root",
          "pivot": [
            6,
            9,
            8
          ],
          "cubes": [
            {
              "origin": [
                3.5,
                0,
                5.5
              ],
              "size": [
                5,
                9,
                5
              ],
              "uv": [
                0,
                30
              ]
            }
          ]
        },
        {
          "name": "RightLeg",
          "parent": "Root",
          "pivot": [
            -6,
            9,
            -8
          ],
          "cubes": [
            {
              "origin": [
                -8.5,
                0,
                -10.5
              ],
              "size": [
                5,
                9,
                5
              ],
              "uv": [
                83,
                81
              ]
            }
          ]
        },
        {
          "name": "LeftLeg2",
          "parent": "Root",
          "pivot": [
            6,
            9,
            -8
          ],
          "cubes": [
            {
              "origin": [
                3.5,
                0,
                -10.5
              ],
              "size": [
                5,
                9,
                5
              ],
              "uv": [
                0,
                0
              ]
            },
            {
              "origin": [
                3,
                0,
                -12
              ],
              "size": [
                2,
                2,
                3
              ],
              "uv": [
                38,
                60
              ]
            },
            {
              "origin": [
                5,
                0,
                -7
              ],
              "size": [
                2,
                2,
                3
              ],
              "uv": [
                0,
                60
              ]
            },
            {
              "origin": [
                7,
                0,
                -12
              ],
              "size": [
                2,
                2,
                3
              ],
              "uv": [
                12,
                14
              ]
            }
          ]
        },
        {
          "name": "RightLeg2",
          "parent": "Root",
          "pivot": [
            -6,
            9,
            8
          ],
          "cubes": [
            {
              "origin": [
                -8.5,
                0,
                5.5
              ],
              "size": [
                5,
                9,
                5
              ],
              "uv": [
                63,
                81
              ]
            },
            {
              "origin": [
                -9,
                0,
                4
              ],
              "size": [
                2,
                2,
                3
              ],
              "uv": [
                67,
                70
              ]
            },
            {
              "origin": [
                -7,
                0,
                9
              ],
              "size": [
                2,
                2,
                3
              ],
              "uv": [
                0,
                65
              ]
            },
            {
              "origin": [
                -5,
                0,
                4
              ],
              "size": [
                2,
                2,
                3
              ],
              "uv": [
                60,
                68
              ]
            }
          ]
        }
      ]
    }
  ]
}