{"format_version":"1.8.0","animations":{"animation.yg_slow_seline.general":{"loop":true,"animation_length":2,"bones":{"Head":{"rotation":{"0.0":{"post":[0,0,0],"lerp_mode":"catmullrom"},"1.0":{"post":[2.5,0,0],"lerp_mode":"catmullrom"},"2.0":{"post":[0,0,0],"lerp_mode":"catmullrom"}}}}},"animation.yg_slow_seline.looking":{"loop":true,"bones":{"Head":{"rotation":{"0.0":{"post":[0,"query.target_y_rotation-this",0],"lerp_mode":"catmullrom"}}},"bone4":{"rotation":{"0.0":{"post":["query.target_x_rotation-this","query.target_y_rotation-this",0],"lerp_mode":"catmullrom"}}},"bone7":{"rotation":{"0.0":{"post":["query.target_x_rotation-this","query.target_y_rotation-this",0],"lerp_mode":"catmullrom"}}}}},"animation.yg_slow_seline.move":{"loop":true,"animation_length":1,"anim_time_update":"query.modified_distance_moved * 0.1","bones":{"Root":{"position":{"0.0":{"post":[0,0,1],"lerp_mode":"catmullrom"},"0.5":{"post":[0,0,0],"lerp_mode":"catmullrom"},"0.6667":{"post":[0,0,1],"lerp_mode":"catmullrom"},"1.0":{"post":[0,0,1],"lerp_mode":"catmullrom"}}},"bone":{"scale":{"0.0":{"post":[1,1,1],"lerp_mode":"catmullrom"},"0.5":{"post":[1,1,0.6],"lerp_mode":"catmullrom"},"1.0":{"post":[1,1,1],"lerp_mode":"catmullrom"}}}}},"animation.yg_slow_seline.attack":{"animation_length":0.66667,"bones":{"Head":{"rotation":{"0.0":{"post":[0,0,0],"lerp_mode":"catmullrom"},"0.1667":{"post":[-20,0,0],"lerp_mode":"catmullrom"},"0.3333":{"post":[50,0,0],"lerp_mode":"catmullrom"},"0.5":{"post":[50,0,0],"lerp_mode":"catmullrom"},"0.6667":{"post":[0,0,0],"lerp_mode":"catmullrom"}}}}},"animation.yg_slow_seline.hello":{"animation_length":4,"bones":{"Head":{"rotation":{"0.0":{"post":[0,0,0],"lerp_mode":"catmullrom"},"0.5":{"post":[-10,0,0],"lerp_mode":"catmullrom"},"1.0":{"post":[35,0,0],"lerp_mode":"catmullrom"},"1.5":{"post":[32.5,0,0],"lerp_mode":"catmullrom"},"2.0":{"post":[35,0,0],"lerp_mode":"catmullrom"},"2.5":{"post":[30,0,0],"lerp_mode":"catmullrom"},"3.0":{"post":[32.5,0,0],"lerp_mode":"catmullrom"},"4.0":{"post":[0,0,0],"lerp_mode":"catmullrom"}}},"Eye":{"rotation":{"0.0":{"post":[0,0,0],"lerp_mode":"catmullrom"},"0.5":{"post":[0,0,-32.5],"lerp_mode":"catmullrom"},"1.0":{"post":[0,0,-65],"lerp_mode":"catmullrom"},"3.0":{"post":[0,0,-65],"lerp_mode":"catmullrom"},"4.0":{"post":[0,0,0],"lerp_mode":"catmullrom"},"4.5":{"post":[0,0,-65],"lerp_mode":"catmullrom"}}},"bone2":{"rotation":{"0.0":{"post":[0,0,0],"lerp_mode":"catmullrom"},"1.0":{"post":[0,0,-32.5],"lerp_mode":"catmullrom"},"3.0":{"post":[0,0,-32.5],"lerp_mode":"catmullrom"},"4.0":{"post":[0,0,0],"lerp_mode":"catmullrom"}}},"bone3":{"rotation":{"0.0":{"post":[0,0,0],"lerp_mode":"catmullrom"},"1.0":{"post":[-27.5,0,-17.5],"lerp_mode":"catmullrom"},"2.0":{"post":[-28.97558,-11.34631,-39.24675],"lerp_mode":"catmullrom"},"3.0":{"post":[-27.5,0,-17.5],"lerp_mode":"catmullrom"},"4.0":{"post":[0,0,0],"lerp_mode":"catmullrom"}}},"bone4":{"rotation":{"0.0":{"post":[0,0,0],"lerp_mode":"catmullrom"},"1.0":{"post":[-30,0,0],"lerp_mode":"catmullrom"},"2.0":{"post":[-32.50746,-9.61711,-14.69015],"lerp_mode":"catmullrom"},"3.0":{"post":[-30,0,0],"lerp_mode":"catmullrom"},"4.0":{"post":[0,0,0],"lerp_mode":"catmullrom"}}},"Eye2":{"rotation":{"0.0":{"post":[0,0,0],"lerp_mode":"catmullrom"},"1.0":{"post":[0,0,65],"lerp_mode":"catmullrom"},"3.0":{"post":[0,0,65],"lerp_mode":"catmullrom"},"4.0":{"post":[0,0,0],"lerp_mode":"catmullrom"}}},"bone5":{"rotation":{"0.0":{"post":[0,0,0],"lerp_mode":"catmullrom"},"1.0":{"post":[0,0,30],"lerp_mode":"catmullrom"},"3.0":{"post":[0,0,30],"lerp_mode":"catmullrom"},"4.0":{"post":[0,0,0],"lerp_mode":"catmullrom"}}},"bone6":{"rotation":{"0.0":{"post":[0,0,0],"lerp_mode":"catmullrom"},"1.0":{"post":[-22.5,0,0],"lerp_mode":"catmullrom"},"2.0":{"post":[-24.7853,5.30974,11.3325],"lerp_mode":"catmullrom"},"3.0":{"post":[-22.5,0,0],"lerp_mode":"catmullrom"},"4.0":{"post":[0,0,0],"lerp_mode":"catmullrom"}}},"bone7":{"rotation":{"0.0":{"post":[0,0,0],"lerp_mode":"catmullrom"},"1.0":{"post":[-35,0,0],"lerp_mode":"catmullrom"},"2.0":{"post":[-19.88576,7.07316,23.03665],"lerp_mode":"catmullrom"},"4.0":{"post":[0,0,0],"lerp_mode":"catmullrom"}}}}}}}