{
  "format_version": "1.10.0",
  "minecraft:entity": {
    "description": {
      "identifier": "mr:nab_climb",
      "is_spawnable": true,
      "is_summonable": true,
      "is_experimental": false
    },
    "component_groups": {},
    "components": {
      "minecraft:type_family": {
        "family": [
          "vulture",
          "bird"
        ]
      },
      "minecraft:nameable": {
        "alwaysShow": false,
        "allowNameTagRenaming": false
      },
      "minecraft:health": {
        "value": 2000,
        "max": 2000
      },
      "minecraft:physics": {
        "has_gravity": false
      },
      "minecraft:attack": {
        "damage": 30
      },
      "minecraft:collision_box": {
        "height": 0.5,
        "width": 0.9
      },
      "minecraft:movement": {
        "value": 0.2
      },
      "minecraft:movement.glide": {
        "start_speed": 0.1,
        "speed_when_turning": 0.2
      },
      "minecraft:follow_range": {
        "value": 64,
        "max": 64
      },
      "minecraft:behavior.avoid_mob_type": {
        "priority": 0,
        "max_dist": 16.0,
        "ignore_visibility": true,
        "entity_types": [
          {
            "filters": {
              "any_of": [
                {
                  "test": "is_family",
                  "subject": "other",
                  "value": "ocelot"
                },
                {
                  "test": "is_family",
                  "subject": "other",
                  "value": "cat"
                }
              ],
              "other_with_families": []
            },
            "max_dist": 16,
            "walk_speed_multiplier": 1,
            "sprint_speed_multiplier": 1
          }
        ]
      },
      "minecraft:behavior.nearest_attackable_target": {
        "priority": 1,
        "within_radius": 64,
        "reselect_targets": true,
        "entity_types": [
          {
            "filters": {
              "any_of": [
                {
                  "test": "is_family",
                  "subject": "other",
                  "value": "player"
                },
                {
                  "test": "is_family",
                  "subject": "other",
                  "value": "villager"
                }
              ]
            },
            "max_dist": 64.0,
            "must_see": false
          }
        ],
        "must_see": false,
        "must_see_forget_duration": 0.5,
        "scan_interval": 20,
        "target_search_height": 80.0,
        "must_reach": false
      },
      "minecraft:behavior.swoop_attack": {
        "priority": 2,
        "delay_range": [
          10.0,
          20.0
        ]
      },
      "minecraft:behavior.circle_around_anchor": {
        "priority": 3,
        "radius_range": [
          5.0,
          15.0
        ],
        "radius_change_chance": 250,
        "height_above_target_range": [
          20.0,
          40.0
        ],
        "height_offset_range": [
          -4.0,
          5.0
        ],
        "height_change_chance": 350,
        "goal_radius": 1.0
      },
      "minecraft:scale": {
        "value": 1
      },
      "minecraft:breedable": {
        "requireTame": false,
        "breedsWith": [
          {
            "mateType": "mr:nab_climb",
            "babyType": "pa:vulture",
            "breed_event": {
              "event": "minecraft:entity_born",
              "target": "baby"
            }
          }
        ],
        "breedItems": [
          "beef",
          "chicken",
          "fish",
          "muttonraw",
          "porkchop",
          "rabbit",
          "rotten_flesh",
          "salmon"
        ]
      },
      "minecraft:behavior.breed": {
        "priority": 3,
        "speed_multiplier": 1.0
      },
      "minecraft:tameable": {
        "probability": 0.33,
        "tameItems": [
          "beef",
          "chicken",
          "fish",
          "muttonraw",
          "porkchop",
          "rabbit",
          "rotten_flesh",
          "salmon"
        ],
        "tame_event": {
          "event": "minecraft:on_tame",
          "target": "self"
        }
      },
      "minecraft:loot": {
        "table": "loot_tables/entities/pa:vulture.json"
      },
      "minecraft:experience_reward": {
        "on_death": "query.last_hit_by_player ? 10 : 0"
      },
      "minecraft:underwater_movement": {
        "value": 0.02
      },
      "minecraft:flying_speed": {
        "value": 0.02
      },
      "minecraft:behavior.melee_attack": {
        "priority": 2,
        "speed_multiplier": 1.0,
        "target_dist": 0.0,
        "max_dist": 3,
        "random_stop_interval": 100,
        "track_target": true,
        "reach_multiplier": 1.4
      },
      "minecraft:behavior.hurt_by_target": {
        "priority": 3
      },
      "minecraft:behavior.owner_hurt_by_target": {
        "priority": 1
      },
      "minecraft:behavior.owner_hurt_target": {
        "priority": 2
      },
      "minecraft:behavior.float": {
        "priority": 0
      },
      "minecraft:can_fly": {},
      "minecraft:behavior.float_wander": {
        "random_reselect": true,
        "priority": 2
      },
      "minecraft:movement.generic": {},
      "minecraft:can_climb": {}
    },
    "events": {
      "on:death": {
        "run_command": {
          "command": []
        }
      },
      "on:hurt": {
        "run_command": {
          "command": []
        }
      },
      "on:hurt_by_player": {
        "run_command": {
          "command": []
        }
      },
      "on:ignite": {
        "run_command": {
          "command": []
        }
      },
      "on:target_acquired": {
        "run_command": {
          "command": []
        }
      },
      "on:target_escape": {
        "run_command": {
          "command": []
        }
      },
      "on:wake_with_owner": {
        "run_command": {
          "command": []
        }
      }
    }
  }
}