{"format_version":"1.12.0","minecraft:entity":{"component_groups":{"minecraft:lamp":{"minecraft:transformation":{"into":"se:tablelamp_2"}}},"components":{"minecraft:collision_box":{"height":0,"width":0},"minecraft:health":{"max":9999,"value":9999},"minecraft:knockback_resistance":{"max":1,"value":1},"minecraft:movement":{"max":0,"value":0},"minecraft:movement.basic":{},"minecraft:nameable":{},"minecraft:physics":{},"minecraft:push_through":{"value":1},"minecraft:scale":{"value":0.7},"minecraft:timer":{"looping":false,"randomInterval":false,"time":[1.561,1.571]},"minecraft:type_family":{"family":["inanimate"]}},"description":{"animations":{"position":"animation.positioning","positioning_controller":"controller.animation.positioning"},"identifier":"se:tablelamp_spawn","is_experimental":false,"is_spawnable":true,"is_summonable":false,"scripts":{"animate":["tracking"]}},"events":{"minecraft:entity_spawned":{"randomize":[{"add":{"component_groups":["minecraft:lamp"]},"weight":16.66666666666667}]}}}}