{
  "format_version": "1.12.0",
  "minecraft:geometry": [
    {
      "description": {
        "identifier": "geometry.cy_wooly_bully",
        "texture_width": 128,
        "texture_height": 128,
        "visible_bounds_width": 3,
        "visible_bounds_height": 4,
        "visible_bounds_offset": [
          0,
          1,
          0
        ]
      },
      "bones": [
        {
          "name": "root",
          "pivot": [
            0,
            0,
            0
          ]
        },
        {
          "name": "rightleg",
          "parent": "root",
          "pivot": [
            -6,
            9,
            0
          ],
          "cubes": [
            {
              "origin": [
                -8,
                2,
                -2
              ],
              "size": [
                5,
                8,
                5
              ],
              "uv": [
                43,
                0
              ],
              "mirror": true
            },
            {
              "origin": [
                -8,
                0,
                -2
              ],
              "size": [
                5,
                2,
                5
              ],
              "uv": [
                53,
                33
              ],
              "mirror": true
            }
          ]
        },
        {
          "name": "Body",
          "parent": "root",
          "pivot": [
            0,
            9,
            0
          ],
          "cubes": [
            {
              "origin": [
                -8,
                14,
                -2
              ],
              "size": [
                16,
                17,
                5
              ],
              "uv": [
                0,
                0
              ]
            },
            {
              "origin": [
                -8,
                14,
                0
              ],
              "size": [
                16,
                17,
                5
              ],
              "uv": [
                0,
                0
              ]
            },
            {
              "origin": [
                -8,
                31,
                -4
              ],
              "size": [
                16,
                1,
                8
              ],
              "uv": [
                0,
                36
              ]
            },
            {
              "origin": [
                -8,
                30,
                -4
              ],
              "size": [
                16,
                1,
                4
              ],
              "uv": [
                41,
                19
              ]
            },
            {
              "origin": [
                -9,
                14,
                -4
              ],
              "size": [
                1,
                17,
                8
              ],
              "uv": [
                0,
                46
              ]
            },
            {
              "origin": [
                8,
                14,
                -4
              ],
              "size": [
                1,
                17,
                8
              ],
              "uv": [
                41,
                38
              ]
            },
            {
              "origin": [
                -5,
                19,
                -5
              ],
              "size": [
                10,
                1,
                1
              ],
              "uv": [
                64,
                3
              ]
            },
            {
              "origin": [
                -5,
                26,
                -5
              ],
              "size": [
                10,
                1,
                1
              ],
              "uv": [
                59,
                0
              ]
            },
            {
              "origin": [
                5,
                19,
                -5
              ],
              "size": [
                1,
                8,
                1
              ],
              "uv": [
                20,
                72
              ]
            },
            {
              "origin": [
                6,
                14,
                -5
              ],
              "size": [
                3,
                17,
                1
              ],
              "uv": [
                40,
                64
              ]
            },
            {
              "origin": [
                -6,
                27,
                -5
              ],
              "size": [
                12,
                4,
                1
              ],
              "uv": [
                60,
                42
              ]
            },
            {
              "origin": [
                -6,
                14,
                -5
              ],
              "size": [
                12,
                5,
                1
              ],
              "uv": [
                49,
                25
              ]
            },
            {
              "origin": [
                8,
                14,
                4
              ],
              "size": [
                1,
                17,
                1
              ],
              "uv": [
                64,
                70
              ]
            },
            {
              "origin": [
                -9,
                14,
                4
              ],
              "size": [
                1,
                17,
                1
              ],
              "uv": [
                69,
                48
              ]
            },
            {
              "origin": [
                -6,
                19,
                -5
              ],
              "size": [
                1,
                8,
                1
              ],
              "uv": [
                15,
                72
              ]
            },
            {
              "origin": [
                -9,
                14,
                -5
              ],
              "size": [
                3,
                17,
                1
              ],
              "uv": [
                60,
                48
              ]
            },
            {
              "origin": [
                -8,
                10,
                -4
              ],
              "size": [
                16,
                4,
                8
              ],
              "inflate": 0.5,
              "uv": [
                0,
                23
              ]
            }
          ]
        },
        {
          "name": "tooth",
          "parent": "Body",
          "pivot": [
            0,
            20,
            -4
          ],
          "cubes": [
            {
              "origin": [
                -4,
                20,
                -4
              ],
              "size": [
                10,
                2,
                0
              ],
              "uv": [
                19,
                69
              ],
              "mirror": true
            }
          ]
        },
        {
          "name": "tooth2",
          "parent": "Body",
          "pivot": [
            0,
            26,
            -4
          ],
          "cubes": [
            {
              "origin": [
                -5,
                24,
                -4
              ],
              "size": [
                10,
                2,
                0
              ],
              "uv": [
                64,
                67
              ],
              "mirror": true
            }
          ]
        },
        {
          "name": "eyes",
          "parent": "Body",
          "pivot": [
            -3.5,
            23,
            -0.5
          ],
          "cubes": [
            {
              "origin": [
                -5.5,
                21,
                -3
              ],
              "size": [
                4,
                4,
                3
              ],
              "uv": [
                0,
                72
              ]
            }
          ]
        },
        {
          "name": "eyes2",
          "parent": "Body",
          "pivot": [
            3.5,
            23,
            -0.5
          ],
          "cubes": [
            {
              "origin": [
                1.5,
                21,
                -3
              ],
              "size": [
                4,
                4,
                3
              ],
              "uv": [
                0,
                72
              ],
              "mirror": true
            }
          ]
        },
        {
          "name": "leftarm",
          "parent": "Body",
          "pivot": [
            11.5,
            29,
            0.5
          ],
          "rotation": [
            0,
            0,
            -2.5
          ],
          "cubes": [
            {
              "origin": [
                9,
                13,
                -2
              ],
              "size": [
                5,
                17,
                5
              ],
              "uv": [
                19,
                46
              ]
            },
            {
              "origin": [
                15.25092,
                9.77943,
                0
              ],
              "size": [
                1,
                3,
                1
              ],
              "pivot": [
                16.25092,
                24.77943,
                -2
              ],
              "rotation": [
                0,
                0,
                20
              ],
              "uv": [
                0,
                36
              ],
              "mirror": true
            },
            {
              "origin": [
                15.25092,
                9.77943,
                1.9
              ],
              "size": [
                1,
                3,
                1
              ],
              "pivot": [
                16.25092,
                24.77943,
                -2
              ],
              "rotation": [
                0,
                0,
                20
              ],
              "uv": [
                0,
                36
              ],
              "mirror": true
            },
            {
              "origin": [
                15.25092,
                9.77943,
                -1.9
              ],
              "size": [
                1,
                3,
                1
              ],
              "pivot": [
                16.25092,
                24.77943,
                -2
              ],
              "rotation": [
                0,
                0,
                20
              ],
              "uv": [
                0,
                36
              ],
              "mirror": true
            }
          ]
        },
        {
          "name": "rightarm",
          "parent": "Body",
          "pivot": [
            -11.5,
            29,
            0.5
          ],
          "rotation": [
            0,
            0,
            2.5
          ],
          "cubes": [
            {
              "origin": [
                -14,
                13,
                -2
              ],
              "size": [
                5,
                17,
                5
              ],
              "uv": [
                19,
                46
              ]
            },
            {
              "origin": [
                -16.25092,
                9.77943,
                1.9
              ],
              "size": [
                1,
                3,
                1
              ],
              "pivot": [
                -16.25092,
                24.77943,
                -2
              ],
              "rotation": [
                0,
                0,
                -20
              ],
              "uv": [
                0,
                36
              ]
            },
            {
              "origin": [
                -16.25092,
                9.77943,
                -1.9
              ],
              "size": [
                1,
                3,
                1
              ],
              "pivot": [
                -16.25092,
                24.77943,
                -2
              ],
              "rotation": [
                0,
                0,
                -20
              ],
              "uv": [
                0,
                36
              ]
            },
            {
              "origin": [
                -16.25092,
                9.77943,
                0
              ],
              "size": [
                1,
                3,
                1
              ],
              "pivot": [
                -16.25092,
                24.77943,
                -2
              ],
              "rotation": [
                0,
                0,
                -20
              ],
              "uv": [
                0,
                36
              ]
            }
          ]
        },
        {
          "name": "leftleg",
          "parent": "root",
          "pivot": [
            6,
            9,
            0
          ],
          "cubes": [
            {
              "origin": [
                3,
                2,
                -2
              ],
              "size": [
                5,
                8,
                5
              ],
              "uv": [
                43,
                0
              ]
            },
            {
              "origin": [
                3,
                0,
                -2
              ],
              "size": [
                5,
                2,
                5
              ],
              "uv": [
                53,
                33
              ]
            }
          ]
        }
      ]
    }
  ]
}