{
  "format_version": "1.12.0",
  "minecraft:geometry": [
    {
      "description": {
        "identifier": "geometry.kg_bcst",
        "texture_width": 256,
        "texture_height": 256,
        "visible_bounds_width": 4,
        "visible_bounds_height": 4.5,
        "visible_bounds_offset": [
          0,
          1.75,
          0
        ]
      },
      "bones": [
        {
          "name": "bone",
          "pivot": [
            0,
            0,
            0
          ],
          "cubes": [
            {
              "origin": [
                -5,
                0,
                -4
              ],
              "size": [
                10,
                2,
                20
              ],
              "uv": [
                73,
                0
              ]
            },
            {
              "origin": [
                -10,
                0,
                11
              ],
              "size": [
                20,
                41,
                6
              ],
              "uv": [
                0,
                58
              ]
            },
            {
              "origin": [
                13,
                16,
                13
              ],
              "size": [
                2,
                22,
                2
              ],
              "uv": [
                0,
                0
              ]
            },
            {
              "origin": [
                4,
                38,
                13
              ],
              "size": [
                11,
                2,
                2
              ],
              "uv": [
                64,
                49
              ]
            },
            {
              "origin": [
                -2,
                43,
                12
              ],
              "size": [
                5,
                2,
                3
              ],
              "uv": [
                8,
                0
              ]
            },
            {
              "origin": [
                -1,
                40,
                13
              ],
              "size": [
                3,
                4,
                1
              ],
              "uv": [
                8,
                5
              ]
            },
            {
              "origin": [
                -6,
                2,
                -5
              ],
              "size": [
                12,
                3,
                16
              ],
              "uv": [
                52,
                81
              ]
            },
            {
              "origin": [
                -7,
                3,
                -6
              ],
              "size": [
                14,
                3,
                17
              ],
              "uv": [
                64,
                29
              ]
            },
            {
              "origin": [
                -8,
                6,
                -7
              ],
              "size": [
                16,
                5,
                18
              ],
              "uv": [
                52,
                58
              ]
            },
            {
              "origin": [
                -10,
                11,
                -13
              ],
              "size": [
                20,
                5,
                24
              ],
              "uv": [
                0,
                29
              ]
            },
            {
              "origin": [
                -12,
                14,
                -14
              ],
              "size": [
                24,
                4,
                25
              ],
              "uv": [
                0,
                0
              ]
            }
          ]
        },
        {
          "name": "bone2",
          "parent": "bone",
          "pivot": [
            0,
            0,
            0
          ],
          "cubes": [
            {
              "origin": [
                -3,
                17,
                -6
              ],
              "size": [
                7,
                10,
                6
              ],
              "uv": [
                102,
                49
              ]
            },
            {
              "origin": [
                -4,
                22,
                -7
              ],
              "size": [
                9,
                14,
                8
              ],
              "uv": [
                44,
                100
              ]
            },
            {
              "origin": [
                -5,
                22,
                -6
              ],
              "size": [
                11,
                13,
                6
              ],
              "uv": [
                78,
                100
              ]
            },
            {
              "origin": [
                -6,
                22,
                -5
              ],
              "size": [
                13,
                12,
                4
              ],
              "uv": [
                92,
                81
              ]
            },
            {
              "origin": [
                -7,
                29,
                -4
              ],
              "size": [
                15,
                4,
                2
              ],
              "uv": [
                98,
                22
              ]
            }
          ]
        }
      ]
    }
  ]
}