{
  "format_version": "1.12.0",
  "minecraft:geometry": [
    {
      "description": {
        "identifier": "geometry.kg_dctst",
        "texture_width": 256,
        "texture_height": 256,
        "visible_bounds_width": 6,
        "visible_bounds_height": 11,
        "visible_bounds_offset": [
          0,
          4.5,
          0
        ]
      },
      "bones": [
        {
          "name": "bone",
          "pivot": [
            0,
            0,
            0
          ],
          "rotation": [
            0,
            -90,
            0
          ],
          "cubes": [
            {
              "origin": [
                -20,
                0,
                -20
              ],
              "size": [
                40,
                5,
                40
              ],
              "uv": [
                -38,
                -38
              ]
            },
            {
              "origin": [
                -21,
                3,
                -21
              ],
              "size": [
                42,
                15,
                42
              ],
              "uv": [
                50,
                129
              ]
            },
            {
              "origin": [
                -23,
                12,
                -22
              ],
              "size": [
                45,
                62,
                44
              ],
              "uv": [
                49,
                150
              ]
            },
            {
              "origin": [
                -27,
                29,
                -27
              ],
              "size": [
                49,
                45,
                54
              ],
              "uv": [
                50,
                157
              ]
            },
            {
              "origin": [
                -39,
                53,
                -30
              ],
              "size": [
                61,
                21,
                59
              ],
              "uv": [
                16,
                113
              ]
            },
            {
              "origin": [
                -40,
                66,
                -33
              ],
              "size": [
                62,
                9,
                64
              ],
              "uv": [
                4,
                117
              ]
            },
            {
              "origin": [
                -18,
                66,
                -11
              ],
              "size": [
                19,
                31,
                21
              ],
              "uv": [
                176,
                0
              ]
            },
            {
              "origin": [
                -20,
                89,
                -21
              ],
              "size": [
                24,
                45,
                40
              ],
              "uv": [
                40,
                23
              ]
            },
            {
              "origin": [
                22,
                51,
                -30
              ],
              "size": [
                13,
                86,
                59
              ],
              "uv": [
                112,
                50
              ]
            }
          ]
        }
      ]
    }
  ]
}