{
  "format_version": "1.10.0",
  "geometry.kg_scst": {
    "texturewidth": 128,
    "textureheight": 128,
    "visible_bounds_width": 2,
    "visible_bounds_height": 3.5,
    "visible_bounds_offset": [
      0,
      1.25,
      0
    ],
    "bones": [
      {
        "name": "bone",
        "pivot": [
          0,
          0,
          0
        ],
        "rotation": [
          0,
          90,
          0
        ],
        "cubes": [
          {
            "origin": [
              -3,
              0,
              -3
            ],
            "size": [
              6,
              8,
              6
            ],
            "uv": [
              30,
              43
            ]
          },
          {
            "origin": [
              -4,
              4,
              -4
            ],
            "size": [
              8,
              7,
              8
            ],
            "uv": [
              30,
              28
            ]
          },
          {
            "origin": [
              -5,
              6,
              -5
            ],
            "size": [
              12,
              3,
              10
            ],
            "uv": [
              0,
              15
            ]
          },
          {
            "origin": [
              -6,
              9,
              -6
            ],
            "size": [
              14,
              3,
              12
            ],
            "uv": [
              0,
              0
            ]
          },
          {
            "origin": [
              -6,
              9,
              -6
            ],
            "size": [
              3,
              13,
              12
            ],
            "uv": [
              0,
              28
            ]
          },
          {
            "origin": [
              -4,
              0,
              -4
            ],
            "size": [
              8,
              2,
              8
            ],
            "uv": [
              34,
              15
            ]
          },
          {
            "origin": [
              -5,
              21,
              -1
            ],
            "size": [
              1,
              3,
              2
            ],
            "uv": [
              0,
              0
            ]
          },
          {
            "origin": [
              -6,
              24,
              -2
            ],
            "size": [
              3,
              1,
              4
            ],
            "uv": [
              48,
              43
            ]
          }
        ]
      },
      {
        "name": "bone2",
        "pivot": [
          0,
          0,
          0
        ],
        "rotation": [
          0,
          90,
          0
        ],
        "cubes": [
          {
            "origin": [
              1,
              11,
              -2
            ],
            "size": [
              3,
              7,
              4
            ],
            "uv": [
              18,
              53
            ]
          },
          {
            "origin": [
              0,
              15,
              -3
            ],
            "size": [
              6,
              7,
              6
            ],
            "uv": [
              48,
              51
            ]
          },
          {
            "origin": [
              0,
              19,
              -3
            ],
            "size": [
              7,
              1,
              2
            ],
            "uv": [
              18,
              31
            ]
          },
          {
            "origin": [
              0,
              19,
              1
            ],
            "size": [
              7,
              1,
              2
            ],
            "uv": [
              18,
              28
            ]
          },
          {
            "origin": [
              0,
              15,
              -2
            ],
            "size": [
              5,
              8,
              4
            ],
            "uv": [
              0,
              53
            ]
          },
          {
            "origin": [
              3,
              18,
              -4
            ],
            "size": [
              2,
              3,
              8
            ],
            "uv": [
              40,
              0
            ]
          }
        ]
      }
    ]
  }
}