{
	"format_version": "1.16.0",
	"minecraft:entity": {
	  "description": {
		"identifier": "dg:slime_girl",
		"is_spawnable": true, 
		"is_summonable": true,
		"is_experimental": false,
		   "scripts": {
        "animate": [
          "spawn"
        ]
      },
      "animations": {
        "spawn": "controller.animation.spawn"
      }
	  },
	  "components": {
		  "minecraft:behavior.follow_owner": {
			  "start_distance": 10.0,
			  "speed_multiplier": 1.0,
			  "stop_distance": 2.0,
			  "priorty": 6
		  },
		"minecraft:type_family": {
		  "family": [ "slime_girl" ]
		},
		"minecraft:knockback_resistance": {
		  "value": 0.1
		},
		"minecraft:health": {
		  "value": 100,
		  "max": 100
		},
		"minecraft:sittable": {},
		"minecraft:behavior.stay_while_sitting": {
			"priority": 3
		},
		"minecraft:behavior.ocelot_sit_on_block": {
			"priority": 7,
			"speed_multiplier": 1
		},
		"minecraft:breedable": {
			"require_tame": true,
			"require_full_health": true,
			"allow_sitting": true,
			"breeds_with": {
				"mate_type": "none",
				"baby_type": "dg:post",
				"breed_event": {
					"event": "minecraft:entity_born",
					"target": "baby"
				}
			},
			"breed_items": ["apple"]
		},
		  "minecraft:scale": {"value": 1},
		  "minecraft:tameable": {
			"probability": 0.33,
			"tameItems": [
			  "apple"
			],
			"tame_event": {
			  "event": "minecraft:on_tame",
			  "target": "self"
			}
			
		  },
		"minecraft:movement.basic": {},
		"minecraft:movement": {"value": 0.3},
		"minecraft:underwater_movement": {"value": 0.15},
		"minecraft:fire_immune": true,
		 "minecraft:fall_damage": {
		  "value": 0.0
        },
      "minecraft:healable": {
        "items": [
          {
            "item": "minecraft:apple",
            "heal_amount": 8
          }
        ]
      },
		"minecraft:navigation.generic": {
		  "is_amphibious": true,
		  "can_pass_doors": true,
		  "can_open_doors": true
		},
		"minecraft:collision_box": {
		  "width": 0.6,
		  "height": 1.8
		},
		"minecraft:follow_range": {
		  "value": 30,
		  "max": 30
		},
      "minecraft:behavior.tempt": {
        "priority": 5,
        "speed_multiplier": 1.2,
        "items": [
          "apple"
        ]
		},
		"minecraft:jump.static": {},
		"minecraft:can_climb": {},
		"minecraft:ballonable": {},
		"minecraft:behavior.melee_attack": {
		  "priority": 3,
		  "speed_multiplier": 1.2,
		  "track_target": true
		},
	  "minecraft:behavior.hurt_by_target": {
		  "priority": 1
		},
		"minecraft:behavior.move_towards_restriction": {
		  "priority": 3,
		  "speed_multiplier": 1
		},
		"minecraft:physics": {},
	  "minecraft:behavior.random_stroll": {
			"priority": 6,
			"speed_multiplier": 1.0
		},
		"minecraft:pushable": {
		  "is_pushable": true,
		  "is_pushable_by_piston": true
		}
	  },
	  "events": {
    }
}
  }
  