{
  "format_version": "1.12.0",
  "minecraft:geometry": [
    {
      "description": {
        "identifier": "geometry.grt_drone",
        "texture_width": 64,
        "texture_height": 64,
        "visible_bounds_width": 3,
        "visible_bounds_height": 2.5,
        "visible_bounds_offset": [
          0,
          0.75,
          0
        ]
      },
      "bones": [
        {
          "name": "bb_main",
          "pivot": [
            0,
            19,
            0
          ],
          "cubes": [
            {
              "origin": [
                -1.0,
                19.0,
                -1.0
              ],
              "size": [
                2.0,
                2.0,
                2.0
              ],
              "uv": [
                8,
                25
              ],
              "inflate": 0
            },
            {
              "origin": [
                -1.0,
                19.0,
                1.0
              ],
              "size": [
                2.0,
                2.0,
                2.0
              ],
              "uv": [
                25,
                0
              ],
              "inflate": 0
            },
            {
              "origin": [
                -1.0,
                21.0,
                1.0
              ],
              "size": [
                2.0,
                1.0,
                2.0
              ],
              "uv": [
                25,
                13
              ],
              "inflate": 0
            },
            {
              "origin": [
                -3.0,
                19.0,
                1.0
              ],
              "size": [
                2.0,
                2.0,
                2.0
              ],
              "uv": [
                0,
                25
              ],
              "inflate": 0
            },
            {
              "origin": [
                -7.0,
                20.0,
                1.5
              ],
              "size": [
                4.0,
                1.0,
                1.0
              ],
              "uv": [
                21,
                23
              ],
              "inflate": 0
            },
            {
              "origin": [
                3.1,
                20.0,
                1.5
              ],
              "size": [
                4.0,
                1.0,
                1.0
              ],
              "uv": [
                20,
                5
              ],
              "inflate": 0
            },
            {
              "origin": [
                1.0,
                19.0,
                1.0
              ],
              "size": [
                2.0,
                2.0,
                2.0
              ],
              "uv": [
                22,
                9
              ],
              "inflate": 0
            },
            {
              "origin": [
                -1.0,
                19.0,
                3.0
              ],
              "size": [
                2.0,
                2.0,
                2.0
              ],
              "uv": [
                13,
                21
              ],
              "inflate": 0
            },
            {
              "origin": [
                -0.5,
                20.0,
                5.0
              ],
              "size": [
                1.0,
                1.0,
                4.0
              ],
              "uv": [
                14,
                4
              ],
              "inflate": 0
            },
            {
              "origin": [
                -0.5,
                19.9,
                -5.3
              ],
              "size": [
                1.0,
                1.0,
                4.0
              ],
              "uv": [
                0,
                14
              ],
              "inflate": 0
            },
            {
              "origin": [
                -3.0,
                21.0,
                -4.9
              ],
              "size": [
                1.0,
                1.0,
                3.0
              ],
              "uv": [
                5,
                21
              ],
              "inflate": 0
            },
            {
              "origin": [
                -3.0,
                21.0,
                6.0
              ],
              "size": [
                1.0,
                1.0,
                3.0
              ],
              "uv": [
                20,
                19
              ],
              "inflate": 0
            },
            {
              "origin": [
                -7.0,
                21.0,
                -1.0
              ],
              "size": [
                3.0,
                1.0,
                1.0
              ],
              "uv": [
                25,
                16
              ],
              "inflate": 0
            },
            {
              "origin": [
                4.0,
                21.0,
                -1.0
              ],
              "size": [
                3.0,
                1.0,
                1.0
              ],
              "uv": [
                14,
                25
              ],
              "inflate": 0
            },
            {
              "origin": [
                4.0,
                21.0,
                4.0
              ],
              "size": [
                3.0,
                1.0,
                1.0
              ],
              "uv": [
                24,
                7
              ],
              "inflate": 0
            },
            {
              "origin": [
                -7.0,
                21.0,
                4.0
              ],
              "size": [
                3.0,
                1.0,
                1.0
              ],
              "uv": [
                6,
                14
              ],
              "inflate": 0
            },
            {
              "origin": [
                2.0,
                21.0,
                -4.9
              ],
              "size": [
                1.0,
                1.0,
                3.0
              ],
              "uv": [
                20,
                15
              ],
              "inflate": 0
            },
            {
              "origin": [
                -3.0,
                20.0,
                2.0
              ],
              "size": [
                1.0,
                1.0,
                3.0
              ],
              "pivot": [
                0.0,
                19.0,
                0.0
              ],
              "rotation": [
                0.0,
                15.0,
                0.0
              ],
              "uv": [
                20,
                1
              ],
              "inflate": 0
            },
            {
              "origin": [
                1.0,
                20.0,
                -1.0
              ],
              "size": [
                1.0,
                1.0,
                3.0
              ],
              "pivot": [
                0.0,
                19.0,
                0.0
              ],
              "rotation": [
                0.0,
                15.0,
                0.0
              ],
              "uv": [
                0,
                19
              ],
              "inflate": 0
            },
            {
              "origin": [
                3.0,
                20.0,
                1.0
              ],
              "size": [
                1.0,
                1.0,
                3.0
              ],
              "pivot": [
                0.0,
                19.0,
                0.0
              ],
              "rotation": [
                0.0,
                -30.0,
                0.0
              ],
              "uv": [
                15,
                17
              ],
              "inflate": 0
            },
            {
              "origin": [
                -2.0,
                20.0,
                0.0
              ],
              "size": [
                1.0,
                1.0,
                3.0
              ],
              "pivot": [
                0.0,
                19.0,
                0.0
              ],
              "rotation": [
                0.0,
                -30.0,
                0.0
              ],
              "uv": [
                7,
                17
              ],
              "inflate": 0
            },
            {
              "origin": [
                -4.0,
                21.0,
                -1.0
              ],
              "size": [
                1.0,
                1.0,
                6.0
              ],
              "uv": [
                0,
                7
              ],
              "inflate": 0
            },
            {
              "origin": [
                3.0,
                21.0,
                -1.0
              ],
              "size": [
                1.0,
                1.0,
                6.0
              ],
              "uv": [
                0,
                0
              ],
              "inflate": 0
            },
            {
              "origin": [
                -8.0,
                21.0,
                0.0
              ],
              "size": [
                1.0,
                1.0,
                4.0
              ],
              "uv": [
                10,
                12
              ],
              "inflate": 0
            },
            {
              "origin": [
                7.0,
                21.0,
                0.0
              ],
              "size": [
                1.0,
                1.0,
                4.0
              ],
              "uv": [
                8,
                7
              ],
              "inflate": 0
            },
            {
              "origin": [
                2.0,
                21.0,
                6.0
              ],
              "size": [
                1.0,
                1.0,
                3.0
              ],
              "uv": [
                16,
                11
              ],
              "inflate": 0
            },
            {
              "origin": [
                -2.0,
                21.0,
                -5.9
              ],
              "size": [
                4.0,
                1.0,
                1.0
              ],
              "uv": [
                14,
                9
              ],
              "inflate": 0
            },
            {
              "origin": [
                -2.0,
                21.0,
                9.0
              ],
              "size": [
                4.0,
                1.0,
                1.0
              ],
              "uv": [
                8,
                4
              ],
              "inflate": 0
            },
            {
              "origin": [
                -3.0,
                21.0,
                -1.9
              ],
              "size": [
                6.0,
                1.0,
                1.0
              ],
              "uv": [
                8,
                2
              ],
              "inflate": 0
            },
            {
              "origin": [
                -3.0,
                21.0,
                5.0
              ],
              "size": [
                6.0,
                1.0,
                1.0
              ],
              "uv": [
                8,
                0
              ],
              "inflate": 0
            }
          ]
        }
      ]
    }
  ]
}