{"format_version":"1.8.0","minecraft:entity":{"description":{"identifier":"yg:jumbo_josh_dead","is_spawnable":false,"is_summonable":true,"is_experimental":false},"component_groups":{},"components":{"minecraft:collision_box":{"width":2,"height":1.8},"minecraft:health":{"value":5,"max":5},"minecraft:scale":{"value":1},"minecraft:knockback_resistance":{"value":999},"minecraft:physics":{},"minecraft:pushable":{"is_pushable":false,"is_pushable_by_piston":false},"minecraft:damage_sensor":{"triggers":{"cause":"all","deals_damage":false}}},"events":{"minecraft:entity_spawned":{}}}}