{
  "format_version": "1.16.100",
  "minecraft:item": {
    "description": {
      "identifier": "exemplo:item",
	  "category": "equipment" // LOCAL DO ITEM NO CRIATIVO (Items, nature, equipment, construction)
    }, //BASE BY ANDRIEL GAMES
    "components": {
      "minecraft:icon": {
        "texture": "tutorial"
      },
	    "minecraft:hand_equipped": false,
      "minecraft:max_stack_size": 16,
		"minecraft:stacked_by_data": false
    }
  }
}
// ABDS (ignore isso) BASE BY ANDRIEL GAMES