{
	"format_version": "1.8.0",
	"animations": {
		"animation.Hijacked tarta opila.move": {
			"loop": true,
			"animation_length": 1,
			"bones": {
				"Root": {
					"position": {
						"0.0": [0, -2, 0],
						"0.25": [0, 0, 0],
						"0.5": [0, -2, 0],
						"0.75": [0, 0, 0],
						"1.0": [0, -2, 0]
					}
				},
				"Body": {
					"rotation": {
						"0.0": {
							"post": [7.5, 0, 0],
							"lerp_mode": "catmullrom"
						},
						"0.5": {
							"post": [2.5, 0, 0],
							"lerp_mode": "catmullrom"
						},
						"1.0": {
							"post": [7.5, 0, 0],
							"lerp_mode": "catmullrom"
						}
					}
				},
				"Wing": {
					"rotation": {
						"0.0": {
							"post": [0, -7.5, 0],
							"lerp_mode": "catmullrom"
						},
						"0.5": {
							"post": [0, -2.5, 0],
							"lerp_mode": "catmullrom"
						},
						"1.0": {
							"post": [0, -7.5, 0],
							"lerp_mode": "catmullrom"
						}
					}
				},
				"Wing2": {
					"rotation": {
						"0.0": {
							"post": [0, 7.5, 0],
							"lerp_mode": "catmullrom"
						},
						"0.5": {
							"post": [0, 2.5, 0],
							"lerp_mode": "catmullrom"
						},
						"1.0": {
							"post": [0, 7.5, 0],
							"lerp_mode": "catmullrom"
						}
					}
				},
				"Rightleg": {
					"rotation": {
						"0.0": {
							"post": [-50, 0, 0],
							"lerp_mode": "catmullrom"
						},
						"0.25": {
							"post": [0, 0, 0],
							"lerp_mode": "catmullrom"
						},
						"0.5": {
							"post": [35, 0, 0],
							"lerp_mode": "catmullrom"
						},
						"0.75": {
							"post": [0, 0, 0],
							"lerp_mode": "catmullrom"
						},
						"1.0": {
							"post": [-50, 0, 0],
							"lerp_mode": "catmullrom"
						}
					},
					"position": {
						"0.0": [0, 0, -2],
						"0.25": [0, 0, 0],
						"0.5": [0, 0, 2],
						"0.75": [0, 2, 0],
						"1.0": [0, 0, -2]
					}
				},
				"bone": {
					"rotation": {
						"0.0": {
							"post": [50, 0, 0],
							"lerp_mode": "catmullrom"
						},
						"0.25": {
							"post": [0, 0, 0],
							"lerp_mode": "catmullrom"
						},
						"0.5": {
							"post": [45, 0, 0],
							"lerp_mode": "catmullrom"
						},
						"1.0": {
							"post": [50, 0, 0],
							"lerp_mode": "catmullrom"
						}
					}
				},
				"Leftleg": {
					"rotation": {
						"0.0": {
							"post": [35, 0, 0],
							"lerp_mode": "catmullrom"
						},
						"0.25": {
							"post": [0, 0, 0],
							"lerp_mode": "catmullrom"
						},
						"0.5": {
							"post": [-50, 0, 0],
							"lerp_mode": "catmullrom"
						},
						"0.75": {
							"post": [0, 0, 0],
							"lerp_mode": "catmullrom"
						},
						"1.0": {
							"post": [35, 0, 0],
							"lerp_mode": "catmullrom"
						}
					},
					"position": {
						"0.0": [0, 0, 2],
						"0.25": [0, 2, 0],
						"0.5": [0, 0, -2],
						"0.75": [0, 0, 0],
						"1.0": [0, 0, 2]
					}
				},
				"bone2": {
					"rotation": {
						"0.0": {
							"post": [45, 0, 0],
							"lerp_mode": "catmullrom"
						},
						"0.5": {
							"post": [50, 0, 0],
							"lerp_mode": "catmullrom"
						},
						"0.75": {
							"post": [0, 0, 0],
							"lerp_mode": "catmullrom"
						},
						"1.0": {
							"post": [45, 0, 0],
							"lerp_mode": "catmullrom"
						}
					}
				},
				"Jaw": {
					"rotation": [7.5, 0, 0]
				},
				"Arm": {
					"rotation": [12.5, 30, 0]
				},
				"Arm2": {
					"rotation": [17.5, -52.5, 0]
				},
				"Leg": {
					"rotation": {
						"0.0": [-30, 0, 0],
						"0.1667": [0, 0, 0],
						"0.3333": [30, 0, 0],
						"0.5": [-7.5, 0, 0],
						"0.6667": [15, 0, 0],
						"0.8333": [-10, 0, 0],
						"0.9167": [-15, 0, 0]
					}
				},
				"Leg3": {
					"rotation": {
						"0.0": [42.5, 0, 0],
						"0.1667": [2.5, 0, 0],
						"0.3333": [-30, 0, 0],
						"0.5": [30, 0, 0],
						"0.6667": [-12.5, 0, 0],
						"0.8333": [15, 0, 0],
						"0.9167": [25, 0, 0]
					}
				}
			}
		}
	}
}