{
	"format_version": "1.8.0",
	"animations": {
		"animation.yg_banban.move": {
			"loop": true,
			"animation_length": 1,
			"anim_time_update": "query.modified_distance_moved * 0.1",
			"bones": {
				"Body": {
					"rotation": {
						"0.0": {
							"post": [0, 5, 0],
							"lerp_mode": "catmullrom"
						},
						"0.5": {
							"post": [0, -2.5, 0],
							"lerp_mode": "catmullrom"
						},
						"1.0": {
							"post": [0, 5, 0],
							"lerp_mode": "catmullrom"
						}
					}
				},
				"Rightarm": {
					"rotation": {
						"0.0": {
							"post": [9.99067, -0.43399, 2.46207],
							"lerp_mode": "catmullrom"
						},
						"0.5": {
							"post": [-14.94548, 1.29256, 4.83045],
							"lerp_mode": "catmullrom"
						},
						"1.0": {
							"post": [9.99067, -0.43399, 2.46207],
							"lerp_mode": "catmullrom"
						}
					}
				},
				"Rightleg": {
					"rotation": {
						"0.0": {
							"post": [-15, 0, 0],
							"lerp_mode": "catmullrom"
						},
						"0.5": {
							"post": [17.5, 0, 0],
							"lerp_mode": "catmullrom"
						},
						"1.0": {
							"post": [-15, 0, 0],
							"lerp_mode": "catmullrom"
						}
					},
					"position": {
						"0.0": {
							"post": [0, 0, -1],
							"lerp_mode": "catmullrom"
						},
						"0.25": {
							"post": [0, 0, 0],
							"lerp_mode": "catmullrom"
						},
						"0.5": {
							"post": [0, 0, 1],
							"lerp_mode": "catmullrom"
						},
						"0.75": {
							"post": [0, 3, 0],
							"lerp_mode": "catmullrom"
						},
						"1.0": {
							"post": [0, 0, -1],
							"lerp_mode": "catmullrom"
						}
					}
				},
				"Root": {
					"position": {
						"0.0": {
							"post": [0, -1, 0],
							"lerp_mode": "catmullrom"
						},
						"0.25": {
							"post": [0, 0, 0],
							"lerp_mode": "catmullrom"
						},
						"0.5": {
							"post": [0, -1, 0],
							"lerp_mode": "catmullrom"
						},
						"0.75": {
							"post": [0, 0, 0],
							"lerp_mode": "catmullrom"
						},
						"1.0": {
							"post": [0, -1, 0],
							"lerp_mode": "catmullrom"
						}
					}
				},
				"Leftleg": {
					"rotation": {
						"0.0": {
							"post": [17.5, 0, 0],
							"lerp_mode": "catmullrom"
						},
						"0.5": {
							"post": [-15, 0, 0],
							"lerp_mode": "catmullrom"
						},
						"1.0": {
							"post": [17.5, 0, 0],
							"lerp_mode": "catmullrom"
						}
					},
					"position": {
						"0.0": {
							"post": [0, 0, 1],
							"lerp_mode": "catmullrom"
						},
						"0.25": {
							"post": [0, 3, 0],
							"lerp_mode": "catmullrom"
						},
						"0.5": {
							"post": [0, 0, -1],
							"lerp_mode": "catmullrom"
						},
						"0.75": {
							"post": [0, 0, 0],
							"lerp_mode": "catmullrom"
						},
						"1.0": {
							"post": [0, 0, 1],
							"lerp_mode": "catmullrom"
						}
					}
				},
				"Leftarm": {
					"rotation": {
						"0.0": {
							"post": [-14.98637, -0.64686, -2.41492],
							"lerp_mode": "catmullrom"
						},
						"0.5": {
							"post": [9.96271, 0.86717, -4.92442],
							"lerp_mode": "catmullrom"
						},
						"1.0": {
							"post": [-14.98637, -0.64686, -2.41492],
							"lerp_mode": "catmullrom"
						}
					}
				},
				"Head": {
					"rotation": [0, 0, -12.5]
				},
				"Head2": {
					"rotation": [0, 0, 17.5]
				},
				"Jaw": {
					"rotation": [40, 0, 0],
					"position": [0, -1, 7],
					"scale": [1, 1.7, 1]
				},
				"Arm2": {
					"position": {
						"0.0": [2, 0, 0],
						"0.4167": [0, 0, 0]
					}
				},
				"Leg": {
					"rotation": {
						"0.0833": [-12.5, 0, 0],
						"0.25": [-25, 0, 0],
						"0.4167": [-5, 0, 0],
						"0.5833": [20, 0, 0],
						"0.75": [-2.5, 0, 0],
						"0.9167": [-27.5, 0, 0],
						"1.0": [-10.7688, -3.4999, -0.5185]
					}
				},
				"Leg2": {
					"rotation": {
						"0.0": [27.5, 0, 0],
						"0.0833": [25, 0, 0],
						"0.25": [40, 0, 0],
						"0.4167": [12.5, 0, 0],
						"0.5833": [-20, 0, 0],
						"0.75": [2.5, 0, 0],
						"0.8333": [27.5, 0, 0],
						"1.0": [15, 0, 0]
					}
				}
			}
		}
	}
}