{
  "format_version": "1.12",
  "minecraft:recipe_shaped": {
    "description": {
      "identifier": "drone_tracks_f78ca7cd"
    },
    "tags": [
      "crafting_table"
    ],
    "pattern": [
      " A ",
      "BCB",
      "BBB"
    ],
    "key": {
      "A": {
        "item": "minecraft:lightning_rod",
        "data": 0
      },
      "B": {
        "item": "minecraft:iron_ingot",
        "data": 0
      },
      "C": {
        "item": "minecraft:wooden_button",
        "data": 0
      }
    },
    "result": {
      "item": "mr:drone_tracks",
      "count": 1
    }
  }
}