{
  "format_version": "1.12.0",
  "minecraft:geometry": [
    {
      "description": {
        "identifier": "geometry.sb_upgrade_camera_man",
        "texture_width": 256,
        "texture_height": 256,
        "visible_bounds_width": 13,
        "visible_bounds_height": 10.5,
        "visible_bounds_offset": [
          0,
          4.75,
          0
        ]
      },
      "bones": [
        {
          "name": "Rott",
          "pivot": [
            0,
            44,
            0
          ]
        },
        {
          "name": "body",
          "parent": "Rott",
          "pivot": [
            0,
            37,
            4
          ],
          "cubes": [
            {
              "origin": [
                -10,
                52,
                0
              ],
              "size": [
                12,
                15,
                11
              ],
              "pivot": [
                0,
                52,
                0
              ],
              "rotation": [
                0,
                -7.5,
                -7.5
              ],
              "uv": [
                88,
                52
              ]
            },
            {
              "origin": [
                -2,
                52,
                0
              ],
              "size": [
                12,
                15,
                11
              ],
              "pivot": [
                0,
                52,
                0
              ],
              "rotation": [
                0,
                7.5,
                7.5
              ],
              "uv": [
                88,
                52
              ],
              "mirror": true
            },
            {
              "origin": [
                -8,
                42.07596,
                -0.13176
              ],
              "size": [
                16,
                12,
                9
              ],
              "pivot": [
                0,
                53,
                0
              ],
              "rotation": [
                -7.5,
                0,
                0
              ],
              "uv": [
                105,
                109
              ]
            }
          ]
        },
        {
          "name": "body2",
          "parent": "body",
          "pivot": [
            0,
            80,
            4
          ],
          "cubes": [
            {
              "origin": [
                -4,
                75.01142,
                -2.52343
              ],
              "size": [
                8,
                6,
                7
              ],
              "pivot": [
                0,
                78,
                4
              ],
              "rotation": [
                12.5,
                0,
                0
              ],
              "uv": [
                136,
                27
              ]
            },
            {
              "origin": [
                -12,
                62,
                -3
              ],
              "size": [
                24,
                13,
                13
              ],
              "pivot": [
                0,
                66,
                4
              ],
              "rotation": [
                2.5,
                0,
                0
              ],
              "uv": [
                56,
                0
              ]
            },
            {
              "origin": [
                -4,
                71.85697,
                -6.68131
              ],
              "size": [
                8,
                2,
                10
              ],
              "pivot": [
                0,
                73,
                -1
              ],
              "rotation": [
                -17.5,
                0,
                0
              ],
              "uv": [
                0,
                35
              ]
            },
            {
              "origin": [
                5.03579,
                68.63508,
                -6.33929
              ],
              "size": [
                2,
                6,
                3
              ],
              "pivot": [
                5,
                72,
                -1
              ],
              "rotation": [
                6.60179,
                11.31335,
                -33.34411
              ],
              "uv": [
                0,
                0
              ],
              "mirror": true
            },
            {
              "origin": [
                -7.03579,
                68.63508,
                -6.33929
              ],
              "size": [
                2,
                6,
                3
              ],
              "pivot": [
                -5,
                72,
                -1
              ],
              "rotation": [
                6.60179,
                -11.31335,
                33.34411
              ],
              "uv": [
                0,
                0
              ]
            },
            {
              "origin": [
                6,
                63.73635,
                -6.99727
              ],
              "size": [
                2,
                8,
                7
              ],
              "pivot": [
                5,
                71,
                -1
              ],
              "rotation": [
                20,
                0,
                0
              ],
              "uv": [
                28,
                152
              ],
              "mirror": true
            },
            {
              "origin": [
                -8,
                63.73635,
                -6.99727
              ],
              "size": [
                2,
                8,
                7
              ],
              "pivot": [
                -5,
                71,
                -1
              ],
              "rotation": [
                20,
                0,
                0
              ],
              "uv": [
                28,
                152
              ]
            },
            {
              "origin": [
                -4,
                57.98858,
                -2.47657
              ],
              "size": [
                2,
                8,
                5
              ],
              "pivot": [
                -3,
                54,
                4
              ],
              "rotation": [
                7.30991,
                0.95645,
                -22.48072
              ],
              "uv": [
                0,
                109
              ]
            },
            {
              "origin": [
                2,
                57.98858,
                -2.47657
              ],
              "size": [
                2,
                8,
                5
              ],
              "pivot": [
                3,
                54,
                4
              ],
              "rotation": [
                7.30991,
                -0.95645,
                22.48072
              ],
              "uv": [
                0,
                109
              ],
              "mirror": true
            },
            {
              "origin": [
                -2,
                67,
                -4
              ],
              "size": [
                4,
                4,
                1
              ],
              "pivot": [
                0,
                66,
                4
              ],
              "rotation": [
                2.5,
                0,
                0
              ],
              "uv": [
                104,
                85
              ]
            },
            {
              "origin": [
                -2,
                66,
                -4
              ],
              "size": [
                4,
                1,
                1
              ],
              "pivot": [
                0,
                66,
                4
              ],
              "rotation": [
                2.5,
                0,
                0
              ],
              "uv": [
                34,
                9
              ]
            },
            {
              "origin": [
                -2,
                71,
                -4
              ],
              "size": [
                4,
                1,
                1
              ],
              "pivot": [
                0,
                66,
                4
              ],
              "rotation": [
                2.5,
                0,
                0
              ],
              "uv": [
                34,
                9
              ]
            },
            {
              "origin": [
                2,
                67,
                -4
              ],
              "size": [
                1,
                4,
                1
              ],
              "pivot": [
                0,
                66,
                4
              ],
              "rotation": [
                2.5,
                0,
                0
              ],
              "uv": [
                34,
                0
              ]
            },
            {
              "origin": [
                -3,
                67,
                -4
              ],
              "size": [
                1,
                4,
                1
              ],
              "pivot": [
                0,
                66,
                4
              ],
              "rotation": [
                2.5,
                0,
                0
              ],
              "uv": [
                34,
                0
              ]
            },
            {
              "origin": [
                -2,
                65,
                -5
              ],
              "size": [
                4,
                1,
                2
              ],
              "pivot": [
                0,
                66,
                4
              ],
              "rotation": [
                2.5,
                0,
                0
              ],
              "uv": [
                0,
                9
              ]
            },
            {
              "origin": [
                -2,
                72,
                -5
              ],
              "size": [
                4,
                1,
                2
              ],
              "pivot": [
                0,
                66,
                4
              ],
              "rotation": [
                2.5,
                0,
                0
              ],
              "uv": [
                0,
                9
              ]
            },
            {
              "origin": [
                2,
                71,
                -5
              ],
              "size": [
                1,
                1,
                2
              ],
              "pivot": [
                0,
                66,
                4
              ],
              "rotation": [
                2.5,
                0,
                0
              ],
              "uv": [
                42,
                9
              ]
            },
            {
              "origin": [
                -3,
                71,
                -5
              ],
              "size": [
                1,
                1,
                2
              ],
              "pivot": [
                0,
                66,
                4
              ],
              "rotation": [
                2.5,
                0,
                0
              ],
              "uv": [
                42,
                9
              ],
              "mirror": true
            },
            {
              "origin": [
                2,
                66,
                -5
              ],
              "size": [
                1,
                1,
                2
              ],
              "pivot": [
                0,
                66,
                4
              ],
              "rotation": [
                2.5,
                0,
                0
              ],
              "uv": [
                42,
                9
              ]
            },
            {
              "origin": [
                -3,
                66,
                -5
              ],
              "size": [
                1,
                1,
                2
              ],
              "pivot": [
                0,
                66,
                4
              ],
              "rotation": [
                2.5,
                0,
                0
              ],
              "uv": [
                42,
                9
              ],
              "mirror": true
            },
            {
              "origin": [
                3,
                67,
                -5
              ],
              "size": [
                1,
                4,
                2
              ],
              "pivot": [
                0,
                66,
                4
              ],
              "rotation": [
                2.5,
                0,
                0
              ],
              "uv": [
                26,
                35
              ]
            },
            {
              "origin": [
                -4,
                67,
                -5
              ],
              "size": [
                1,
                4,
                2
              ],
              "pivot": [
                0,
                66,
                4
              ],
              "rotation": [
                2.5,
                0,
                0
              ],
              "uv": [
                26,
                35
              ],
              "mirror": true
            }
          ]
        },
        {
          "name": "bone11",
          "parent": "body2",
          "pivot": [
            0,
            56,
            3
          ],
          "cubes": [
            {
              "origin": [
                -4,
                56.06133,
                -5.82648
              ],
              "size": [
                3,
                6,
                1
              ],
              "pivot": [
                -3,
                55,
                -6
              ],
              "rotation": [
                18.09234,
                12.33921,
                32.97908
              ],
              "uv": [
                104,
                78
              ]
            },
            {
              "origin": [
                -1,
                56.71931,
                -6.88679
              ],
              "size": [
                2,
                8,
                1
              ],
              "pivot": [
                0,
                55,
                -7
              ],
              "rotation": [
                10,
                0,
                0
              ],
              "uv": [
                62,
                125
              ]
            },
            {
              "origin": [
                1,
                56.06133,
                -5.82648
              ],
              "size": [
                3,
                6,
                1
              ],
              "pivot": [
                3,
                55,
                -6
              ],
              "rotation": [
                18.09234,
                -12.33921,
                -32.97908
              ],
              "uv": [
                104,
                78
              ],
              "mirror": true
            },
            {
              "origin": [
                -4,
                56.77143,
                -6.52495
              ],
              "size": [
                8,
                2,
                17
              ],
              "pivot": [
                0,
                55,
                -1
              ],
              "rotation": [
                20,
                0,
                0
              ],
              "uv": [
                0,
                109
              ]
            }
          ]
        },
        {
          "name": "bone12",
          "parent": "body2",
          "pivot": [
            -12,
            71,
            1
          ],
          "rotation": [
            -30,
            0,
            100
          ],
          "cubes": [
            {
              "origin": [
                -16,
                70.06133,
                -7.82648
              ],
              "size": [
                3,
                4,
                1
              ],
              "pivot": [
                -15,
                70,
                -8
              ],
              "rotation": [
                18.09234,
                12.33921,
                32.97908
              ],
              "uv": [
                9,
                109
              ]
            },
            {
              "origin": [
                -13,
                69.71931,
                -8.88679
              ],
              "size": [
                2,
                7,
                1
              ],
              "pivot": [
                -12,
                70,
                -9
              ],
              "rotation": [
                10,
                0,
                0
              ],
              "uv": [
                68,
                125
              ]
            },
            {
              "origin": [
                -11,
                70.06133,
                -7.82648
              ],
              "size": [
                3,
                4,
                1
              ],
              "pivot": [
                -9,
                70,
                -8
              ],
              "rotation": [
                18.09234,
                -12.33921,
                -32.97908
              ],
              "uv": [
                9,
                109
              ],
              "mirror": true
            },
            {
              "origin": [
                -15,
                70.77143,
                -8.52495
              ],
              "size": [
                6,
                2,
                9
              ],
              "pivot": [
                -12,
                70,
                -3
              ],
              "rotation": [
                20,
                0,
                0
              ],
              "uv": [
                146,
                107
              ]
            }
          ]
        },
        {
          "name": "bone13",
          "parent": "body2",
          "pivot": [
            12,
            71,
            1
          ],
          "rotation": [
            -30,
            0,
            -100
          ],
          "cubes": [
            {
              "origin": [
                13,
                70.06133,
                -7.82648
              ],
              "size": [
                3,
                4,
                1
              ],
              "pivot": [
                15,
                70,
                -8
              ],
              "rotation": [
                18.09234,
                -12.33921,
                -32.97908
              ],
              "uv": [
                9,
                109
              ],
              "mirror": true
            },
            {
              "origin": [
                11,
                69.71931,
                -8.88679
              ],
              "size": [
                2,
                7,
                1
              ],
              "pivot": [
                12,
                70,
                -9
              ],
              "rotation": [
                10,
                0,
                0
              ],
              "uv": [
                68,
                125
              ],
              "mirror": true
            },
            {
              "origin": [
                8,
                70.06133,
                -7.82648
              ],
              "size": [
                3,
                4,
                1
              ],
              "pivot": [
                9,
                70,
                -8
              ],
              "rotation": [
                18.09234,
                12.33921,
                32.97908
              ],
              "uv": [
                9,
                109
              ]
            },
            {
              "origin": [
                9,
                70.77143,
                -8.52495
              ],
              "size": [
                6,
                2,
                9
              ],
              "pivot": [
                12,
                70,
                -3
              ],
              "rotation": [
                20,
                0,
                0
              ],
              "uv": [
                146,
                107
              ],
              "mirror": true
            }
          ]
        },
        {
          "name": "bone2",
          "parent": "body2",
          "pivot": [
            0,
            66,
            -1
          ],
          "cubes": [
            {
              "origin": [
                -2,
                67,
                -4
              ],
              "size": [
                4,
                4,
                10
              ],
              "pivot": [
                0,
                66,
                -13
              ],
              "rotation": [
                2.5,
                0,
                0
              ],
              "uv": [
                146,
                93
              ]
            }
          ]
        },
        {
          "name": "Leftarm",
          "parent": "body2",
          "pivot": [
            -11,
            71,
            4
          ],
          "rotation": [
            2.46207,
            -0.43399,
            9.99067
          ],
          "cubes": [
            {
              "origin": [
                -20,
                48.5019,
                -3.08724
              ],
              "size": [
                8,
                26,
                10
              ],
              "uv": [
                78,
                82
              ],
              "mirror": true
            },
            {
              "origin": [
                -20,
                48.5019,
                -3.08724
              ],
              "size": [
                8,
                26,
                10
              ],
              "pivot": [
                -16,
                54,
                0
              ],
              "rotation": [
                0.21803,
                -2.49048,
                -5.00474
              ],
              "uv": [
                78,
                82
              ],
              "mirror": true
            },
            {
              "origin": [
                -18,
                74.5019,
                -2.08724
              ],
              "size": [
                4,
                3,
                8
              ],
              "pivot": [
                -16,
                54,
                0
              ],
              "rotation": [
                0.21803,
                -2.49048,
                -5.00474
              ],
              "uv": [
                71,
                70
              ],
              "mirror": true
            }
          ]
        },
        {
          "name": "bone9",
          "parent": "Leftarm",
          "pivot": [
            -19,
            77.0019,
            1.91276
          ],
          "cubes": [
            {
              "origin": [
                -22,
                81.5019,
                -10.08724
              ],
              "size": [
                8,
                2,
                4
              ],
              "pivot": [
                -19,
                77.0019,
                1.91276
              ],
              "rotation": [
                0,
                0,
                -20
              ],
              "uv": [
                78,
                42
              ],
              "mirror": true
            },
            {
              "origin": [
                -22,
                76.5019,
                -6.08724
              ],
              "size": [
                8,
                7,
                17
              ],
              "pivot": [
                -19,
                77.0019,
                1.91276
              ],
              "rotation": [
                0,
                0,
                -20
              ],
              "uv": [
                38,
                68
              ],
              "mirror": true
            },
            {
              "origin": [
                -19,
                76.5019,
                -0.08724
              ],
              "size": [
                3,
                16,
                3
              ],
              "pivot": [
                -19,
                77.0019,
                1.91276
              ],
              "rotation": [
                0,
                0,
                -20
              ],
              "uv": [
                60,
                141
              ],
              "mirror": true
            },
            {
              "origin": [
                -23.7101,
                81.80344,
                -9.08724
              ],
              "size": [
                8,
                2,
                5
              ],
              "pivot": [
                -19,
                82.0019,
                -9.08724
              ],
              "rotation": [
                -40,
                0,
                -20
              ],
              "uv": [
                56,
                39
              ],
              "mirror": true
            }
          ]
        },
        {
          "name": "bone10",
          "parent": "Leftarm",
          "pivot": [
            -17,
            50.0019,
            1.91276
          ],
          "rotation": [
            -17.5,
            0,
            0
          ],
          "cubes": [
            {
              "origin": [
                -20,
                26.5019,
                -3.08724
              ],
              "size": [
                8,
                26,
                10
              ],
              "pivot": [
                0,
                54.0019,
                1.91276
              ],
              "rotation": [
                -2.5,
                0,
                0
              ],
              "uv": [
                78,
                82
              ],
              "mirror": true
            },
            {
              "origin": [
                -18,
                21.5019,
                -26.08724
              ],
              "size": [
                4,
                4,
                48
              ],
              "pivot": [
                0,
                54.0019,
                1.91276
              ],
              "rotation": [
                -2.5,
                0,
                0
              ],
              "uv": [
                0,
                0
              ]
            },
            {
              "origin": [
                -20,
                12.5019,
                -33.08724
              ],
              "size": [
                8,
                21,
                8
              ],
              "pivot": [
                0,
                54.0019,
                1.91276
              ],
              "rotation": [
                -2.5,
                0,
                0
              ],
              "uv": [
                102,
                130
              ]
            },
            {
              "origin": [
                -19,
                33.5019,
                -32.08724
              ],
              "size": [
                6,
                6,
                6
              ],
              "pivot": [
                0,
                54.0019,
                1.91276
              ],
              "rotation": [
                -2.5,
                0,
                0
              ],
              "uv": [
                155,
                118
              ]
            },
            {
              "origin": [
                -21,
                10.5019,
                -34.08724
              ],
              "size": [
                10,
                5,
                10
              ],
              "pivot": [
                0,
                54.0019,
                1.91276
              ],
              "rotation": [
                -2.5,
                0,
                0
              ],
              "uv": [
                130,
                0
              ]
            },
            {
              "origin": [
                -19,
                20.5019,
                -2.08724
              ],
              "size": [
                6,
                6,
                7
              ],
              "pivot": [
                0,
                54.0019,
                1.91276
              ],
              "rotation": [
                -2.5,
                0,
                0
              ],
              "uv": [
                148,
                64
              ],
              "mirror": true
            }
          ]
        },
        {
          "name": "Rightarm",
          "parent": "body2",
          "pivot": [
            11,
            71,
            4
          ],
          "rotation": [
            2.46207,
            0.43399,
            -9.99067
          ],
          "cubes": [
            {
              "origin": [
                12,
                48.5019,
                -3.08724
              ],
              "size": [
                8,
                26,
                10
              ],
              "uv": [
                78,
                82
              ]
            },
            {
              "origin": [
                12,
                48.5019,
                -3.08724
              ],
              "size": [
                8,
                26,
                10
              ],
              "pivot": [
                16,
                54,
                0
              ],
              "rotation": [
                0.21803,
                2.49048,
                5.00474
              ],
              "uv": [
                78,
                82
              ]
            },
            {
              "origin": [
                14,
                74.5019,
                -2.08724
              ],
              "size": [
                4,
                3,
                8
              ],
              "pivot": [
                16,
                54,
                0
              ],
              "rotation": [
                0.21803,
                2.49048,
                5.00474
              ],
              "uv": [
                71,
                70
              ]
            }
          ]
        },
        {
          "name": "bone5",
          "parent": "Rightarm",
          "pivot": [
            19,
            77.0019,
            1.91276
          ],
          "cubes": [
            {
              "origin": [
                14,
                81.5019,
                -10.08724
              ],
              "size": [
                8,
                2,
                4
              ],
              "pivot": [
                19,
                77.0019,
                1.91276
              ],
              "rotation": [
                0,
                0,
                20
              ],
              "uv": [
                78,
                42
              ]
            },
            {
              "origin": [
                14,
                76.5019,
                -6.08724
              ],
              "size": [
                8,
                7,
                17
              ],
              "pivot": [
                19,
                77.0019,
                1.91276
              ],
              "rotation": [
                0,
                0,
                20
              ],
              "uv": [
                38,
                68
              ]
            },
            {
              "origin": [
                16,
                76.5019,
                -0.08724
              ],
              "size": [
                3,
                16,
                3
              ],
              "pivot": [
                19,
                77.0019,
                1.91276
              ],
              "rotation": [
                0,
                0,
                20
              ],
              "uv": [
                60,
                141
              ]
            },
            {
              "origin": [
                15.7101,
                81.80344,
                -9.08724
              ],
              "size": [
                8,
                2,
                5
              ],
              "pivot": [
                19,
                82.0019,
                -9.08724
              ],
              "rotation": [
                -40,
                0,
                20
              ],
              "uv": [
                56,
                39
              ]
            }
          ]
        },
        {
          "name": "bone6",
          "parent": "Rightarm",
          "pivot": [
            17,
            50.0019,
            1.91276
          ],
          "rotation": [
            -17.5,
            0,
            0
          ],
          "cubes": [
            {
              "origin": [
                12,
                26.5019,
                -3.08724
              ],
              "size": [
                8,
                26,
                10
              ],
              "pivot": [
                0,
                54.0019,
                1.91276
              ],
              "rotation": [
                -2.5,
                0,
                0
              ],
              "uv": [
                78,
                82
              ]
            },
            {
              "origin": [
                13,
                20.5019,
                -2.08724
              ],
              "size": [
                6,
                6,
                7
              ],
              "pivot": [
                0,
                54.0019,
                1.91276
              ],
              "rotation": [
                -2.5,
                0,
                0
              ],
              "uv": [
                148,
                64
              ]
            }
          ]
        },
        {
          "name": "bone3",
          "parent": "bone6",
          "pivot": [
            22,
            42.0019,
            1.91276
          ],
          "cubes": [
            {
              "origin": [
                21,
                27.48382,
                -3.91601
              ],
              "size": [
                4,
                10,
                6
              ],
              "pivot": [
                23,
                35.0019,
                1.91276
              ],
              "rotation": [
                22.48072,
                -0.95645,
                2.30991
              ],
              "uv": [
                156,
                77
              ]
            },
            {
              "origin": [
                21,
                19.5019,
                -0.08724
              ],
              "size": [
                4,
                9,
                4
              ],
              "pivot": [
                0,
                54.0019,
                1.91276
              ],
              "rotation": [
                -2.5,
                0,
                0
              ],
              "uv": [
                38,
                68
              ]
            },
            {
              "origin": [
                21,
                33.5019,
                -3.08724
              ],
              "size": [
                4,
                25,
                10
              ],
              "pivot": [
                0,
                54.0019,
                1.91276
              ],
              "rotation": [
                -2.5,
                0,
                0
              ],
              "uv": [
                0,
                128
              ]
            },
            {
              "origin": [
                18,
                33.49048,
                -2.61067
              ],
              "size": [
                7,
                25,
                8
              ],
              "pivot": [
                25,
                42.0019,
                1.91276
              ],
              "rotation": [
                -2.47864,
                0.32621,
                7.49294
              ],
              "uv": [
                126,
                70
              ]
            },
            {
              "origin": [
                21,
                27.48382,
                0.08399
              ],
              "size": [
                4,
                10,
                6
              ],
              "pivot": [
                23,
                35.0019,
                1.91276
              ],
              "rotation": [
                -17.43745,
                1.50179,
                4.76968
              ],
              "uv": [
                156,
                77
              ]
            }
          ]
        },
        {
          "name": "head",
          "parent": "body2",
          "pivot": [
            -1,
            77,
            2
          ],
          "cubes": [
            {
              "origin": [
                0,
                77.36379,
                -7.84305
              ],
              "size": [
                3,
                5,
                2
              ],
              "pivot": [
                3,
                85,
                -11
              ],
              "rotation": [
                2.5,
                0,
                0
              ],
              "uv": [
                88,
                52
              ]
            },
            {
              "origin": [
                0,
                78.36379,
                -9.84305
              ],
              "size": [
                2,
                3,
                4
              ],
              "pivot": [
                3,
                85,
                -11
              ],
              "rotation": [
                2.5,
                0,
                0
              ],
              "uv": [
                66,
                92
              ]
            },
            {
              "origin": [
                -2,
                78.36379,
                -9.84305
              ],
              "size": [
                2,
                3,
                4
              ],
              "pivot": [
                -3,
                85,
                -11
              ],
              "rotation": [
                2.5,
                0,
                0
              ],
              "uv": [
                66,
                92
              ],
              "mirror": true
            },
            {
              "origin": [
                -3,
                77.36379,
                -7.84305
              ],
              "size": [
                3,
                5,
                2
              ],
              "pivot": [
                -3,
                85,
                -11
              ],
              "rotation": [
                2.5,
                0,
                0
              ],
              "uv": [
                88,
                52
              ],
              "mirror": true
            },
            {
              "origin": [
                0.1,
                84.36379,
                0.15695
              ],
              "size": [
                1,
                13,
                5
              ],
              "pivot": [
                3,
                85,
                -11
              ],
              "rotation": [
                2.5,
                0,
                0
              ],
              "uv": [
                28,
                128
              ]
            },
            {
              "origin": [
                7.1,
                83.36379,
                1.15695
              ],
              "size": [
                2,
                8,
                2
              ],
              "pivot": [
                3,
                85,
                -11
              ],
              "rotation": [
                2.5,
                0,
                0
              ],
              "uv": [
                0,
                35
              ]
            },
            {
              "origin": [
                -9.1,
                83.36379,
                1.15695
              ],
              "size": [
                2,
                8,
                2
              ],
              "pivot": [
                -3,
                85,
                -11
              ],
              "rotation": [
                2.5,
                0,
                0
              ],
              "uv": [
                0,
                35
              ],
              "mirror": true
            },
            {
              "origin": [
                6.455,
                83.93198,
                1.2148
              ],
              "size": [
                2.1,
                5.25,
                2.1
              ],
              "pivot": [
                3.15,
                89.35,
                -11.55
              ],
              "rotation": [
                2.5,
                0,
                0
              ],
              "uv": [
                98,
                39
              ]
            },
            {
              "origin": [
                -8.555,
                83.93198,
                1.2148
              ],
              "size": [
                2.1,
                5.25,
                2.1
              ],
              "pivot": [
                -3.15,
                89.35,
                -11.55
              ],
              "rotation": [
                2.5,
                0,
                0
              ],
              "uv": [
                98,
                39
              ],
              "mirror": true
            },
            {
              "origin": [
                -0.9,
                84.36379,
                0.15695
              ],
              "size": [
                1,
                13,
                5
              ],
              "pivot": [
                3,
                85,
                -11
              ],
              "rotation": [
                2.5,
                0,
                0
              ],
              "uv": [
                28,
                128
              ]
            },
            {
              "origin": [
                6,
                83.84265,
                -0.78896
              ],
              "size": [
                2,
                4,
                2
              ],
              "pivot": [
                8,
                84,
                0
              ],
              "rotation": [
                2.50954,
                -4.99523,
                -0.21865
              ],
              "uv": [
                96,
                118
              ]
            },
            {
              "origin": [
                -8,
                82.84265,
                -0.78896
              ],
              "size": [
                2,
                4,
                2
              ],
              "pivot": [
                -8,
                84,
                0
              ],
              "rotation": [
                2.50954,
                4.99523,
                0.21865
              ],
              "uv": [
                96,
                118
              ],
              "mirror": true
            },
            {
              "origin": [
                2,
                85.84265,
                -1.78896
              ],
              "size": [
                2,
                4,
                5
              ],
              "pivot": [
                8,
                84,
                0
              ],
              "rotation": [
                2.50954,
                -4.99523,
                -0.21865
              ],
              "uv": [
                34,
                0
              ]
            },
            {
              "origin": [
                -4,
                85.84265,
                -1.78896
              ],
              "size": [
                2,
                4,
                5
              ],
              "pivot": [
                -8,
                84,
                0
              ],
              "rotation": [
                2.50954,
                4.99523,
                0.21865
              ],
              "uv": [
                34,
                0
              ],
              "mirror": true
            },
            {
              "origin": [
                6,
                81,
                -4
              ],
              "size": [
                3,
                3,
                1
              ],
              "pivot": [
                0,
                66,
                4
              ],
              "rotation": [
                2.5,
                0,
                0
              ],
              "uv": [
                36,
                44
              ]
            },
            {
              "origin": [
                -9,
                81,
                -4
              ],
              "size": [
                3,
                3,
                1
              ],
              "pivot": [
                0,
                66,
                4
              ],
              "rotation": [
                2.5,
                0,
                0
              ],
              "uv": [
                36,
                44
              ],
              "mirror": true
            },
            {
              "origin": [
                5,
                81,
                -1
              ],
              "size": [
                4,
                3,
                6
              ],
              "pivot": [
                0,
                66,
                4
              ],
              "rotation": [
                2.5,
                0,
                0
              ],
              "uv": [
                117,
                0
              ]
            },
            {
              "origin": [
                -9,
                81,
                -1
              ],
              "size": [
                4,
                3,
                6
              ],
              "pivot": [
                0,
                66,
                4
              ],
              "rotation": [
                2.5,
                0,
                0
              ],
              "uv": [
                117,
                0
              ],
              "mirror": true
            },
            {
              "origin": [
                6,
                81.10247,
                1.30399
              ],
              "size": [
                1,
                7,
                3
              ],
              "pivot": [
                0,
                82,
                6
              ],
              "rotation": [
                -22.5,
                0,
                0
              ],
              "uv": [
                71,
                68
              ]
            },
            {
              "origin": [
                -7,
                81.10247,
                1.30399
              ],
              "size": [
                1,
                7,
                3
              ],
              "pivot": [
                0,
                82,
                6
              ],
              "rotation": [
                -22.5,
                0,
                0
              ],
              "uv": [
                71,
                68
              ],
              "mirror": true
            },
            {
              "origin": [
                8,
                81,
                -2
              ],
              "size": [
                3,
                1,
                1
              ],
              "pivot": [
                0,
                66,
                4
              ],
              "rotation": [
                2.5,
                0,
                0
              ],
              "uv": [
                56,
                46
              ]
            },
            {
              "origin": [
                -11,
                81,
                -2
              ],
              "size": [
                3,
                1,
                1
              ],
              "pivot": [
                0,
                66,
                4
              ],
              "rotation": [
                2.5,
                0,
                0
              ],
              "uv": [
                56,
                46
              ],
              "mirror": true
            },
            {
              "origin": [
                5,
                79.96971,
                1.38838
              ],
              "size": [
                5,
                2,
                4
              ],
              "pivot": [
                8,
                80,
                3
              ],
              "rotation": [
                52.5,
                0,
                0
              ],
              "uv": [
                114,
                103
              ]
            },
            {
              "origin": [
                -10,
                79.96971,
                1.38838
              ],
              "size": [
                5,
                2,
                4
              ],
              "pivot": [
                -8,
                80,
                3
              ],
              "rotation": [
                52.5,
                0,
                0
              ],
              "uv": [
                114,
                103
              ],
              "mirror": true
            },
            {
              "origin": [
                -5,
                77,
                -5
              ],
              "size": [
                5,
                9,
                15
              ],
              "pivot": [
                0,
                66,
                4
              ],
              "rotation": [
                2.5,
                0,
                0
              ],
              "uv": [
                111,
                26
              ],
              "mirror": true
            },
            {
              "origin": [
                -3.96224,
                84.84774,
                -2.83258
              ],
              "size": [
                1,
                8,
                2
              ],
              "pivot": [
                -4,
                85,
                0
              ],
              "rotation": [
                -12.78217,
                -1.15408,
                27.47766
              ],
              "uv": [
                38,
                92
              ],
              "mirror": true
            },
            {
              "origin": [
                2.96224,
                84.84774,
                -2.83258
              ],
              "size": [
                1,
                8,
                2
              ],
              "pivot": [
                4,
                85,
                0
              ],
              "rotation": [
                -12.78217,
                1.15408,
                -27.47766
              ],
              "uv": [
                38,
                92
              ]
            },
            {
              "origin": [
                3.06294,
                83.74174,
                5.29232
              ],
              "size": [
                1,
                8,
                2
              ],
              "pivot": [
                4,
                85,
                5
              ],
              "rotation": [
                9.71783,
                1.15408,
                -27.47766
              ],
              "uv": [
                38,
                92
              ]
            },
            {
              "origin": [
                -4.06294,
                83.74174,
                5.29232
              ],
              "size": [
                1,
                8,
                2
              ],
              "pivot": [
                -4,
                85,
                5
              ],
              "rotation": [
                9.71783,
                -1.15408,
                27.47766
              ],
              "uv": [
                38,
                92
              ],
              "mirror": true
            },
            {
              "origin": [
                4,
                74.36379,
                -10.84305
              ],
              "size": [
                1,
                9,
                4
              ],
              "pivot": [
                3,
                85,
                -11
              ],
              "rotation": [
                35.82921,
                2.55127,
                3.27948
              ],
              "uv": [
                56,
                0
              ]
            },
            {
              "origin": [
                -5,
                83.36379,
                -10.84305
              ],
              "size": [
                5,
                2,
                5
              ],
              "pivot": [
                -3,
                85,
                -11
              ],
              "rotation": [
                2.5,
                0,
                0
              ],
              "uv": [
                123,
                50
              ],
              "mirror": true
            },
            {
              "origin": [
                -5,
                82.36379,
                -9.84305
              ],
              "size": [
                5,
                3,
                6
              ],
              "pivot": [
                -3,
                85,
                -11
              ],
              "rotation": [
                20.01754,
                -2.34914,
                -0.85553
              ],
              "uv": [
                26,
                35
              ],
              "mirror": true
            },
            {
              "origin": [
                0,
                82.36379,
                -9.84305
              ],
              "size": [
                5,
                3,
                6
              ],
              "pivot": [
                3,
                85,
                -11
              ],
              "rotation": [
                20.01754,
                2.34914,
                0.85553
              ],
              "uv": [
                26,
                35
              ]
            },
            {
              "origin": [
                0,
                83.36379,
                -10.84305
              ],
              "size": [
                5,
                2,
                5
              ],
              "pivot": [
                3,
                85,
                -11
              ],
              "rotation": [
                2.5,
                0,
                0
              ],
              "uv": [
                123,
                50
              ]
            },
            {
              "origin": [
                0,
                77,
                -5
              ],
              "size": [
                5,
                9,
                15
              ],
              "pivot": [
                0,
                66,
                4
              ],
              "rotation": [
                2.5,
                0,
                0
              ],
              "uv": [
                111,
                26
              ]
            },
            {
              "origin": [
                -5,
                74.36379,
                -10.84305
              ],
              "size": [
                1,
                9,
                4
              ],
              "pivot": [
                -3,
                85,
                -11
              ],
              "rotation": [
                35.82921,
                -2.55127,
                -3.27948
              ],
              "uv": [
                56,
                0
              ],
              "mirror": true
            },
            {
              "origin": [
                7,
                82,
                -3
              ],
              "size": [
                1,
                1,
                1
              ],
              "pivot": [
                0,
                66,
                4
              ],
              "rotation": [
                2.5,
                0,
                0
              ],
              "uv": [
                7,
                0
              ]
            },
            {
              "origin": [
                -8,
                82,
                -3
              ],
              "size": [
                1,
                1,
                1
              ],
              "pivot": [
                0,
                66,
                4
              ],
              "rotation": [
                2.5,
                0,
                0
              ],
              "uv": [
                7,
                0
              ],
              "mirror": true
            },
            {
              "origin": [
                7,
                82,
                -2
              ],
              "size": [
                1,
                1,
                1
              ],
              "pivot": [
                0,
                66,
                4
              ],
              "rotation": [
                2.5,
                0,
                0
              ],
              "uv": [
                7,
                0
              ]
            },
            {
              "origin": [
                -8,
                82,
                -2
              ],
              "size": [
                1,
                1,
                1
              ],
              "pivot": [
                0,
                66,
                4
              ],
              "rotation": [
                2.5,
                0,
                0
              ],
              "uv": [
                7,
                0
              ],
              "mirror": true
            }
          ]
        },
        {
          "name": "bone4",
          "parent": "body2",
          "pivot": [
            0,
            74,
            11
          ],
          "cubes": [
            {
              "origin": [
                -7,
                47,
                12
              ],
              "size": [
                14,
                36,
                5
              ],
              "uv": [
                0,
                68
              ]
            },
            {
              "origin": [
                -11,
                45,
                12
              ],
              "size": [
                7,
                36,
                6
              ],
              "uv": [
                76,
                118
              ]
            },
            {
              "origin": [
                -8,
                79,
                12
              ],
              "size": [
                3,
                20,
                6
              ],
              "pivot": [
                -5,
                65,
                1
              ],
              "rotation": [
                0,
                0,
                -17.5
              ],
              "uv": [
                134,
                146
              ]
            },
            {
              "origin": [
                5,
                79,
                12
              ],
              "size": [
                3,
                20,
                6
              ],
              "pivot": [
                5,
                65,
                1
              ],
              "rotation": [
                0,
                0,
                17.5
              ],
              "uv": [
                134,
                146
              ],
              "mirror": true
            },
            {
              "origin": [
                -20.0447,
                78.36728,
                12
              ],
              "size": [
                3,
                18,
                6
              ],
              "pivot": [
                -17,
                90,
                15
              ],
              "rotation": [
                -5,
                0,
                -2.5
              ],
              "uv": [
                152,
                146
              ]
            },
            {
              "origin": [
                17.0447,
                78.36728,
                12
              ],
              "size": [
                3,
                18,
                6
              ],
              "pivot": [
                17,
                90,
                15
              ],
              "rotation": [
                -5,
                0,
                2.5
              ],
              "uv": [
                152,
                146
              ],
              "mirror": true
            },
            {
              "origin": [
                16.0447,
                88.36728,
                13
              ],
              "size": [
                3,
                18,
                3
              ],
              "pivot": [
                17,
                90,
                15
              ],
              "rotation": [
                -5,
                0,
                2.5
              ],
              "uv": [
                114,
                78
              ],
              "mirror": true
            },
            {
              "origin": [
                -19.0447,
                88.36728,
                13
              ],
              "size": [
                3,
                18,
                3
              ],
              "pivot": [
                -17,
                90,
                15
              ],
              "rotation": [
                -5,
                0,
                -2.5
              ],
              "uv": [
                114,
                78
              ]
            },
            {
              "origin": [
                -19.87022,
                64.36347,
                12
              ],
              "size": [
                3,
                20,
                6
              ],
              "pivot": [
                -17,
                86,
                1
              ],
              "rotation": [
                0,
                0,
                -25
              ],
              "uv": [
                134,
                146
              ]
            },
            {
              "origin": [
                16.87022,
                64.36347,
                12
              ],
              "size": [
                3,
                20,
                6
              ],
              "pivot": [
                17,
                86,
                1
              ],
              "rotation": [
                0,
                0,
                25
              ],
              "uv": [
                134,
                146
              ],
              "mirror": true
            },
            {
              "origin": [
                4,
                45,
                12
              ],
              "size": [
                7,
                36,
                6
              ],
              "uv": [
                76,
                118
              ],
              "mirror": true
            },
            {
              "origin": [
                -12,
                52,
                11
              ],
              "size": [
                9,
                8,
                8
              ],
              "uv": [
                134,
                130
              ]
            },
            {
              "origin": [
                3,
                52,
                11
              ],
              "size": [
                9,
                8,
                8
              ],
              "uv": [
                134,
                130
              ],
              "mirror": true
            },
            {
              "origin": [
                3,
                75,
                11
              ],
              "size": [
                9,
                4,
                8
              ],
              "uv": [
                136,
                15
              ],
              "mirror": true
            },
            {
              "origin": [
                3,
                67,
                11
              ],
              "size": [
                9,
                4,
                8
              ],
              "uv": [
                136,
                15
              ],
              "mirror": true
            },
            {
              "origin": [
                3,
                46,
                11
              ],
              "size": [
                9,
                4,
                8
              ],
              "uv": [
                136,
                15
              ],
              "mirror": true
            },
            {
              "origin": [
                5,
                46,
                9
              ],
              "size": [
                9,
                4,
                8
              ],
              "pivot": [
                7,
                49,
                13
              ],
              "rotation": [
                0,
                -85,
                0
              ],
              "uv": [
                136,
                15
              ],
              "mirror": true
            },
            {
              "origin": [
                -14,
                46,
                9
              ],
              "size": [
                9,
                4,
                8
              ],
              "pivot": [
                -7,
                49,
                13
              ],
              "rotation": [
                0,
                85,
                0
              ],
              "uv": [
                136,
                15
              ]
            },
            {
              "origin": [
                -12,
                46,
                11
              ],
              "size": [
                9,
                4,
                8
              ],
              "uv": [
                136,
                15
              ]
            },
            {
              "origin": [
                -12,
                67,
                11
              ],
              "size": [
                9,
                4,
                8
              ],
              "uv": [
                136,
                15
              ]
            },
            {
              "origin": [
                -12,
                67,
                12
              ],
              "size": [
                9,
                4,
                8
              ],
              "pivot": [
                -7,
                71,
                15
              ],
              "rotation": [
                0,
                95,
                0
              ],
              "uv": [
                136,
                15
              ]
            },
            {
              "origin": [
                3,
                67,
                12
              ],
              "size": [
                9,
                4,
                8
              ],
              "pivot": [
                7,
                71,
                15
              ],
              "rotation": [
                0,
                -95,
                0
              ],
              "uv": [
                136,
                15
              ],
              "mirror": true
            },
            {
              "origin": [
                -12,
                75,
                12
              ],
              "size": [
                9,
                4,
                8
              ],
              "pivot": [
                -7,
                71,
                15
              ],
              "rotation": [
                0,
                92.5,
                0
              ],
              "uv": [
                136,
                15
              ]
            },
            {
              "origin": [
                3,
                75,
                12
              ],
              "size": [
                9,
                4,
                8
              ],
              "pivot": [
                7,
                71,
                15
              ],
              "rotation": [
                0,
                -92.5,
                0
              ],
              "uv": [
                136,
                15
              ],
              "mirror": true
            }
          ]
        },
        {
          "name": "Wing",
          "parent": "bone4",
          "pivot": [
            -18,
            90,
            16
          ],
          "rotation": [
            0,
            0,
            -35
          ],
          "cubes": [
            {
              "origin": [
                -51.92552,
                65.6139,
                7.79651
              ],
              "size": [
                32,
                10,
                3
              ],
              "pivot": [
                -71,
                90,
                14
              ],
              "rotation": [
                4.31837,
                -6.13784,
                -17.73163
              ],
              "uv": [
                56,
                26
              ],
              "mirror": true
            },
            {
              "origin": [
                -46.18133,
                75.75178,
                12.12655
              ],
              "size": [
                32,
                10,
                3
              ],
              "pivot": [
                -40,
                78,
                14
              ],
              "rotation": [
                15.54401,
                -5.05904,
                -30.24511
              ],
              "uv": [
                56,
                26
              ],
              "mirror": true
            }
          ]
        },
        {
          "name": "Wing3",
          "parent": "bone4",
          "pivot": [
            18,
            90,
            16
          ],
          "rotation": [
            0,
            0,
            35
          ],
          "cubes": [
            {
              "origin": [
                19.92552,
                65.6139,
                7.79651
              ],
              "size": [
                32,
                10,
                3
              ],
              "pivot": [
                71,
                90,
                14
              ],
              "rotation": [
                4.31837,
                6.13784,
                17.73163
              ],
              "uv": [
                56,
                26
              ]
            },
            {
              "origin": [
                14.18133,
                75.75178,
                12.12655
              ],
              "size": [
                32,
                10,
                3
              ],
              "pivot": [
                40,
                78,
                14
              ],
              "rotation": [
                15.54401,
                5.05904,
                30.24511
              ],
              "uv": [
                56,
                26
              ]
            }
          ]
        },
        {
          "name": "Wing2",
          "parent": "bone4",
          "pivot": [
            -9,
            59,
            16
          ],
          "rotation": [
            -3.47875,
            6.64851,
            -37.70212
          ],
          "cubes": [
            {
              "origin": [
                -50.95873,
                27.3822,
                4.9297
              ],
              "size": [
                41.6,
                13,
                3.9
              ],
              "pivot": [
                -74.80853,
                59.4881,
                12.86975
              ],
              "rotation": [
                4.31837,
                -6.13784,
                -17.73163
              ],
              "uv": [
                0,
                52
              ],
              "mirror": true
            },
            {
              "origin": [
                -56.8532,
                25.12701,
                -0.69866
              ],
              "size": [
                41.6,
                13,
                3.9
              ],
              "pivot": [
                -74.80853,
                59.4881,
                12.86975
              ],
              "rotation": [
                15.54401,
                -5.05904,
                -30.24511
              ],
              "uv": [
                0,
                52
              ],
              "mirror": true
            }
          ]
        },
        {
          "name": "Wing4",
          "parent": "bone4",
          "pivot": [
            9,
            59,
            16
          ],
          "rotation": [
            -3.47875,
            -6.64851,
            37.70212
          ],
          "cubes": [
            {
              "origin": [
                9.35873,
                27.3822,
                4.9297
              ],
              "size": [
                41.6,
                13,
                3.9
              ],
              "pivot": [
                74.80853,
                59.4881,
                12.86975
              ],
              "rotation": [
                4.31837,
                6.13784,
                17.73163
              ],
              "uv": [
                0,
                52
              ]
            },
            {
              "origin": [
                15.2532,
                25.12701,
                -0.69866
              ],
              "size": [
                41.6,
                13,
                3.9
              ],
              "pivot": [
                74.80853,
                59.4881,
                12.86975
              ],
              "rotation": [
                15.54401,
                5.05904,
                30.24511
              ],
              "uv": [
                0,
                52
              ]
            }
          ]
        },
        {
          "name": "Rightleg",
          "parent": "Rott",
          "pivot": [
            3,
            40,
            4
          ],
          "rotation": [
            -19.98247,
            -0.85481,
            -2.34941
          ],
          "cubes": [
            {
              "origin": [
                2.035,
                20.96465,
                -2.39489
              ],
              "size": [
                9.24,
                23.87,
                10.01
              ],
              "pivot": [
                14.52,
                45.38465,
                1.89511
              ],
              "rotation": [
                15,
                0,
                0
              ],
              "uv": [
                38,
                92
              ]
            },
            {
              "origin": [
                3.25,
                -2.13035,
                3.22011
              ],
              "size": [
                6.81,
                25.5,
                9.01
              ],
              "inflate": 0.5,
              "pivot": [
                14.52,
                25.25465,
                1.89511
              ],
              "rotation": [
                20,
                0,
                0
              ],
              "uv": [
                41,
                125
              ]
            },
            {
              "origin": [
                1.1,
                21.3,
                -3.2
              ],
              "size": [
                11.1,
                23.4,
                12.1
              ],
              "pivot": [
                1.1,
                41.8,
                -1
              ],
              "rotation": [
                15,
                0,
                0
              ],
              "uv": [
                0,
                0
              ]
            },
            {
              "origin": [
                2.035,
                45.16465,
                -2.39489
              ],
              "size": [
                9.24,
                4.07,
                10.01
              ],
              "pivot": [
                10.52,
                45.38465,
                1.89511
              ],
              "rotation": [
                11.17505,
                10.07026,
                -41.5123
              ],
              "uv": [
                134,
                50
              ]
            }
          ]
        },
        {
          "name": "Leftleg",
          "parent": "Rott",
          "pivot": [
            -3,
            40,
            4
          ],
          "rotation": [
            -19.98247,
            0.85481,
            2.34941
          ],
          "cubes": [
            {
              "origin": [
                -11.275,
                20.96465,
                -2.39489
              ],
              "size": [
                9.24,
                23.87,
                10.01
              ],
              "pivot": [
                -14.52,
                45.38465,
                1.89511
              ],
              "rotation": [
                15,
                0,
                0
              ],
              "uv": [
                38,
                92
              ],
              "mirror": true
            },
            {
              "origin": [
                -10.06,
                -2.13035,
                3.22011
              ],
              "size": [
                6.81,
                25.5,
                9.01
              ],
              "inflate": 0.5,
              "pivot": [
                -14.52,
                25.25465,
                1.89511
              ],
              "rotation": [
                20,
                0,
                0
              ],
              "uv": [
                41,
                125
              ],
              "mirror": true
            },
            {
              "origin": [
                -12.2,
                21.3,
                -3.2
              ],
              "size": [
                11.1,
                23.4,
                12.1
              ],
              "pivot": [
                -1.1,
                41.8,
                -1
              ],
              "rotation": [
                15,
                0,
                0
              ],
              "uv": [
                0,
                0
              ],
              "mirror": true
            },
            {
              "origin": [
                -11.275,
                45.16465,
                -2.39489
              ],
              "size": [
                9.24,
                4.07,
                10.01
              ],
              "pivot": [
                -10.52,
                45.38465,
                1.89511
              ],
              "rotation": [
                11.17505,
                -10.07026,
                41.5123
              ],
              "uv": [
                134,
                50
              ],
              "mirror": true
            }
          ]
        }
      ]
    }
  ]
}