{"format_version":"1.10.0","minecraft:client_entity":{"description":{"identifier":"yg:cicklopus","materials":{"default":"witch"},"textures":{"default":"textures/entity/yg_cicklopus"},"geometry":{"default":"geometry.yg_cicklopus"},"scripts":{"animate":["move","general"],"pre_animation":["variable.random = math.round(math.random(0,2));"],"scale":"2"},"animations":{"moving":"animation.yg_cicklopus.move","move":"controller.animation.yg_cicklopus.move","gazo_general":"animation.yg_cicklopus.general","general":"controller.animation.yg_cicklopus.general","attack0":"animation.yg_cicklopus.attack","attack":"controller.animation.yg_cicklopus.attack","look_at_target":"animation.yg_cicklopus.looking","jumpscare":"animation.yg_cicklopus.jumpscare"},"render_controllers":["controller.render.witch"],"spawn_egg":{"texture":"yg:cicklopus","texture_index":0}}}}