{"format_version":"1.10.0","minecraft:client_entity":{"description":{"identifier":"yg:coach_pickles","materials":{"default":"witch"},"textures":{"default":"textures/entity/yg_coach_pickles"},"geometry":{"default":"geometry.yg_coach_pickles"},"scripts":{"animate":["move","general"],"pre_animation":["variable.random = math.round(math.random(0,2));"],"scale":"2"},"animations":{"moving":"animation.yg_coach_pickles.move","move":"controller.animation.yg_coach_pickles.move","gazo_general":"animation.yg_coach_pickles.general","general":"controller.animation.yg_coach_pickles.general","attack0":"animation.yg_coach_pickles.attack","attack":"controller.animation.yg_coach_pickles.attack","jumpscare":"animation.yg_coach_pickles.jumpscare"},"render_controllers":["controller.render.witch"],"spawn_egg":{"texture":"yg:coach_pickles","texture_index":0}}}}