{"format_version":"1.10.0","minecraft:client_entity":{"description":{"identifier":"yg:dr_fluffyphants","materials":{"default":"witch"},"textures":{"default":"textures/entity/yg_dr_fluffyphants"},"geometry":{"default":"geometry.yg_dr_fluffyphants"},"scripts":{"animate":["move","general"],"pre_animation":["variable.random = math.round(math.random(0,2));"],"scale":"2"},"animations":{"moving":"animation.yg_dr_fluffyphants.move","move":"controller.animation.yg_dr_fluffyphants.move","gazo_general":"animation.yg_dr_fluffyphants.general","general":"controller.animation.yg_dr_fluffyphants.general","attack0":"animation.yg_dr_fluffyphants.attack","attack":"controller.animation.yg_dr_fluffyphants.attack","look_at_target":"animation.yg_dr_fluffyphants.looking","jumpscare":"animation.yg_dr_fluffyphants.jumpscare"},"render_controllers":["controller.render.witch"],"spawn_egg":{"texture":"yg:dr_fluffyphants","texture_index":0}}}}