{"format_version":"1.10.0","minecraft:client_entity":{"description":{"identifier":"yg:doom_doom","materials":{"default":"witch"},"textures":{"default":"textures/entity/yg_doom_doom"},"geometry":{"default":"geometry.yg_doom_doom"},"scripts":{"animate":["move","general"],"pre_animation":["variable.random = math.round(math.random(0,2));"],"scale":"2"},"animations":{"moving":"animation.yg_doom_doom.move","move":"controller.animation.yg_doom_doom.move","gazo_general":"animation.yg_doom_doom.general","general":"controller.animation.yg_doom_doom.general","attack0":"animation.yg_doom_doom.attack","attack":"controller.animation.yg_doom_doom.attack","look_at_target":"animation.yg_doom_doom.looking","jumpscare":"animation.yg_doom_doom.jumpscare"},"render_controllers":["controller.render.witch"],"spawn_egg":{"texture":"yg:doom_doom","texture_index":0}}}}