{"format_version":"1.10.0","minecraft:client_entity":{"description":{"identifier":"yg:giant_captain_fiddels","materials":{"default":"witch"},"textures":{"default":"textures/entity/captain_fiddels/yg_captain_fiddels_giant"},"geometry":{"default":"geometry.yg_captain_fiddels"},"scripts":{"animate":["move","general"],"pre_animation":["variable.random = math.round(math.random(0,2));"],"scale":"4"},"animations":{"moving":"animation.yg_captain_fiddels.move","move":"controller.animation.yg_captain_fiddels.move","gazo_general":"animation.yg_captain_fiddels.general","general":"controller.animation.yg_captain_fiddels.general","attack0":"animation.yg_captain_fiddels.attack","attack":"controller.animation.yg_captain_fiddels.attack"},"render_controllers":["controller.render.witch"],"spawn_egg":{"texture":"yg:captain_fiddels","texture_index":0}}}}