{"format_version":"1.10.0","minecraft:client_entity":{"description":{"identifier":"yg:hunky_jake","materials":{"default":"witch"},"textures":{"default":"textures/entity/yg_hunky_jake"},"geometry":{"default":"geometry.yg_hunky_jake"},"scripts":{"animate":["move","general","attack"],"pre_animation":["variable.random = math.round(math.random(0,2));"],"scale":"2"},"animations":{"moving":"animation.yg_hunky_jake.move","move":"controller.animation.yg_hunky_jake.move","gazo_general":"animation.yg_hunky_jake.general","general":"controller.animation.yg_hunky_jake.general","attack0":"animation.yg_hunky_jake.attack","attack":"controller.animation.yg_hunky_jake.attack","look_at_target":"animation.yg_hunky_jake.looking","jumpscare":"animation.yg_hunky_jake.jumpscare"},"render_controllers":["controller.render.witch"],"spawn_egg":{"texture":"yg:hunky_jake","texture_index":0}}}}