{"format_version":"1.10.0","minecraft:client_entity":{"description":{"identifier":"yg:ms_luna","materials":{"default":"witch"},"textures":{"default":"textures/entity/yg_ms_luna"},"geometry":{"default":"geometry.yg_ms_luna"},"scripts":{"animate":["move","general"],"pre_animation":["variable.random = math.round(math.random(0,2));"]},"animations":{"moving":"animation.yg_ms_luna.move","move":"controller.animation.yg_ms_luna.move","gazo_general":"animation.yg_ms_luna.general","general":"controller.animation.yg_ms_luna.general","attack0":"animation.yg_ms_luna.attack","attack":"controller.animation.yg_ms_luna.attack","look_at_target":"animation.yg_ms_luna.looking","jumpscare":"animation.yg_ms_luna.jumpscare"},"render_controllers":["controller.render.witch"],"spawn_egg":{"texture":"yg:ms_luna","texture_index":0}}}}