{"format_version":"1.10.0","minecraft:client_entity":{"description":{"identifier":"yg:noodle_ninja","materials":{"default":"witch"},"textures":{"default":"textures/entity/yg_noodle_ninja"},"geometry":{"default":"geometry.yg_noodle_ninja"},"scripts":{"animate":["move","general"],"pre_animation":["variable.random = math.round(math.random(0,2));"],"scale":"2"},"animations":{"moving":"animation.yg_noodle_ninja.move","move":"controller.animation.yg_noodle_ninja.move","gazo_general":"animation.yg_noodle_ninja.general","general":"controller.animation.yg_noodle_ninja.general","attack0":"animation.yg_noodle_ninja.attack","attack":"controller.animation.yg_noodle_ninja.attack","jumpscare":"animation.yg_noodle_ninja.jumpscare"},"render_controllers":["controller.render.witch"],"spawn_egg":{"texture":"yg:noodle_ninja","texture_index":0}}}}