{"format_version":"1.10.0","minecraft:client_entity":{"description":{"identifier":"yg:patched_willy","materials":{"default":"witch"},"textures":{"default":"textures/entity/yg_patched_willy"},"geometry":{"default":"geometry.yg_patched_willy"},"scripts":{"animate":["move","general"],"scale":"4"},"animations":{"moving":"animation.yg_patched_willy.move","move":"controller.animation.yg_patched_willy.move","gazo_general":"animation.yg_patched_willy.general","general":"controller.animation.yg_patched_willy.general"},"render_controllers":["controller.render.witch"],"spawn_egg":{"texture":"yg:patched_willy","texture_index":0}}}}