{"format_version":"1.10.0","minecraft:client_entity":{"description":{"identifier":"yg:slinky_andrew","materials":{"default":"witch"},"textures":{"default":"textures/entity/yg_slinky_andrew"},"geometry":{"default":"geometry.yg_slinky_andrew"},"scripts":{"animate":["general"],"pre_animation":["variable.random = math.round(math.random(0,2));"],"scale":"2"},"animations":{"gazo_general":"animation.yg_slinky_andrew.general","general":"controller.animation.yg_slinky_andrew.general","attack0":"animation.yg_slinky_andrew.attack","attack":"controller.animation.yg_slinky_andrew.attack","jumpscare":"animation.yg_slinky_andrew.jumpscare"},"render_controllers":["controller.render.witch"],"spawn_egg":{"texture":"yg:slinky_andrew","texture_index":0}}}}