{"format_version":"1.10.0","minecraft:client_entity":{"description":{"identifier":"yg:shark_clee","materials":{"default":"witch"},"textures":{"default":"textures/entity/yg_shark_clee"},"geometry":{"default":"geometry.yg_shark_clee"},"scripts":{"animate":["move","general"],"pre_animation":["variable.random = math.round(math.random(0,2));"],"scale":"2"},"animations":{"moving":"animation.yg_shark_clee.move","move":"controller.animation.yg_shark_clee.move","gazo_general":"animation.yg_shark_clee.general","general":"controller.animation.yg_shark_clee.general","attack0":"animation.yg_shark_clee.attack","attack":"controller.animation.yg_shark_clee.attack","look_at_target":"animation.yg_shark_clee.looking","jumpscare":"animation.yg_shark_clee.jumpscare"},"render_controllers":["controller.render.witch"],"spawn_egg":{"texture":"yg:shark_clee","texture_index":0}}}}