{"format_version":"1.10.0","minecraft:client_entity":{"description":{"identifier":"yg:toxic_gazer","materials":{"default":"witch"},"textures":{"default":"textures/entity/yg_toxic_gazer"},"geometry":{"default":"geometry.yg_toxic_gazer"},"scripts":{"animate":["move","general"],"pre_animation":["variable.random = math.round(math.random(0,2));"]},"animations":{"moving":"animation.yg_toxic_gazer.move","move":"controller.animation.yg_toxic_gazer.move","gazo_general":"animation.yg_toxic_gazer.general","general":"controller.animation.yg_toxic_gazer.general","attack0":"animation.yg_toxic_gazer.attack","attack":"controller.animation.yg_toxic_gazer.attack","look_at_target":"animation.yg_toxic_gazer.looking","jumpscare":"animation.yg_toxic_gazer.jumpscare"},"render_controllers":["controller.render.witch"],"spawn_egg":{"texture":"yg:toxic_gazer","texture_index":0}}}}