{
	"format_version": "1.12.0",
	"minecraft:geometry": [
		{
			"description": {
				"identifier": "geometry.shield.r",
				"texture_width": 64,
				"texture_height": 64,
				"visible_bounds_width": 2,
				"visible_bounds_height": 4,
				"visible_bounds_offset": [0, 1, 0]
			},
			"bones": [
				{
					"name": "rightitem",
					"pivot": [1, 15.5, 3],
					"cubes": [
						{
							"origin": [0, 26, 5],
							"size": [2, 4, 1],
							"uv": {
								"north": {"uv": [32, 7], "uv_size": [2, 4]},
								"east": {"uv": [39, 7], "uv_size": [1, 4]},
								"south": {"uv": [32, 7], "uv_size": [2, 4]},
								"west": {"uv": [26, 7], "uv_size": [1, 4]},
								"up": {"uv": [33, 5], "uv_size": [2, 1]},
								"down": {"uv": [32, 12], "uv_size": [2, -1]}
							}
						},
						{
							"origin": [0, 26, 0],
							"size": [2, 4, 1],
							"uv": {
								"north": {"uv": [32, 7], "uv_size": [2, 4]},
								"east": {"uv": [39, 7], "uv_size": [1, 4]},
								"south": {"uv": [32, 7], "uv_size": [2, 4]},
								"west": {"uv": [26, 7], "uv_size": [1, 4]},
								"up": {"uv": [33, 5], "uv_size": [2, 1]},
								"down": {"uv": [32, 12], "uv_size": [2, -1]}
							}
						},
						{
							"origin": [0, 30, 0],
							"size": [2, 1, 6],
							"uv": {
								"north": {"uv": [33, 3], "uv_size": [2, 1]},
								"east": {"uv": [30, 6], "uv_size": [6, 1]},
								"south": {"uv": [33, 0], "uv_size": [2, 1]},
								"west": {"uv": [30, 6], "uv_size": [6, 1]},
								"up": {"uv": [33, 0], "uv_size": [2, 6]},
								"down": {"uv": [33, 6], "uv_size": [2, -6]}
							}
						},
						{
							"origin": [0, 25, 0],
							"size": [2, 1, 6],
							"uv": {
								"north": {"uv": [33, 3], "uv_size": [2, 1]},
								"east": {"uv": [30, 6], "uv_size": [6, 1]},
								"south": {"uv": [33, 0], "uv_size": [2, 1]},
								"west": {"uv": [30, 6], "uv_size": [6, 1]},
								"up": {"uv": [33, 0], "uv_size": [2, 6]},
								"down": {"uv": [33, 6], "uv_size": [2, -6]}
							}
						},
						{
							"origin": [-4, 18, -1],
							"size": [10, 20, 0.8],
							"uv": {
								"north": {"uv": [2, 2], "uv_size": [10, 20]},
								"east": {"uv": [2, 2], "uv_size": [0, 20]},
								"south": {"uv": [15, 2], "uv_size": [10, 20]},
								"west": {"uv": [11, 2], "uv_size": [0, 20]},
								"up": {"uv": [2, 3], "uv_size": [10, 0]},
								"down": {"uv": [2, 21], "uv_size": [10, 0]}
							}
						},
						{
							"origin": [4.01, 35, -1.2],
							"size": [1, 1, 0.2],
							"uv": {
								"north": {"uv": [17, 0], "uv_size": [1, 1]},
								"east": {"uv": [17, 0], "uv_size": [0, 1]},
								"south": {"uv": [18, 0], "uv_size": [1, 1]},
								"west": {"uv": [18, 0], "uv_size": [0, 1]},
								"up": {"uv": [17, 0], "uv_size": [1, 0]},
								"down": {"uv": [18, 0], "uv_size": [1, 0]}
							}
						},
						{
							"origin": [-3, 35, -1.2],
							"size": [1, 1, 0.2],
							"uv": {
								"north": {"uv": [17, 0], "uv_size": [1, 1]},
								"east": {"uv": [17, 0], "uv_size": [0, 1]},
								"south": {"uv": [18, 0], "uv_size": [1, 1]},
								"west": {"uv": [18, 0], "uv_size": [0, 1]},
								"up": {"uv": [17, 0], "uv_size": [1, 0]},
								"down": {"uv": [18, 0], "uv_size": [1, 0]}
							}
						},
						{
							"origin": [-3, 20, -1.2],
							"size": [1, 1, 0.2],
							"uv": {
								"north": {"uv": [17, 0], "uv_size": [1, 1]},
								"east": {"uv": [17, 0], "uv_size": [0, 1]},
								"south": {"uv": [18, 0], "uv_size": [1, 1]},
								"west": {"uv": [18, 0], "uv_size": [0, 1]},
								"up": {"uv": [17, 0], "uv_size": [1, 0]},
								"down": {"uv": [18, 0], "uv_size": [1, 0]}
							}
						},
						{
							"origin": [-3, 25, -1.2],
							"size": [1, 1, 0.2],
							"uv": {
								"north": {"uv": [17, 0], "uv_size": [1, 1]},
								"east": {"uv": [17, 0], "uv_size": [0, 1]},
								"south": {"uv": [18, 0], "uv_size": [1, 1]},
								"west": {"uv": [18, 0], "uv_size": [0, 1]},
								"up": {"uv": [17, 0], "uv_size": [1, 0]},
								"down": {"uv": [18, 0], "uv_size": [1, 0]}
							}
						},
						{
							"origin": [-3, 30, -1.2],
							"size": [1, 1, 0.2],
							"uv": {
								"north": {"uv": [17, 0], "uv_size": [1, 1]},
								"east": {"uv": [17, 0], "uv_size": [0, 1]},
								"south": {"uv": [18, 0], "uv_size": [1, 1]},
								"west": {"uv": [18, 0], "uv_size": [0, 1]},
								"up": {"uv": [17, 0], "uv_size": [1, 0]},
								"down": {"uv": [18, 0], "uv_size": [1, 0]}
							}
						},
						{
							"origin": [4.01, 20, -1.2],
							"size": [1, 1, 0.2],
							"uv": {
								"north": {"uv": [17, 0], "uv_size": [1, 1]},
								"east": {"uv": [17, 0], "uv_size": [0, 1]},
								"south": {"uv": [18, 0], "uv_size": [1, 1]},
								"west": {"uv": [18, 0], "uv_size": [0, 1]},
								"up": {"uv": [17, 0], "uv_size": [1, 0]},
								"down": {"uv": [18, 0], "uv_size": [1, 0]}
							}
						},
						{
							"origin": [4.01, 30, -1.2],
							"size": [1, 1, 0.2],
							"uv": {
								"north": {"uv": [17, 0], "uv_size": [1, 1]},
								"east": {"uv": [17, 0], "uv_size": [0, 1]},
								"south": {"uv": [18, 0], "uv_size": [1, 1]},
								"west": {"uv": [18, 0], "uv_size": [0, 1]},
								"up": {"uv": [17, 0], "uv_size": [1, 0]},
								"down": {"uv": [18, 0], "uv_size": [1, 0]}
							}
						},
						{
							"origin": [4.01, 25, -1.2],
							"size": [1, 1, 0.2],
							"uv": {
								"north": {"uv": [17, 0], "uv_size": [1, 1]},
								"east": {"uv": [17, 0], "uv_size": [0, 1]},
								"south": {"uv": [18, 0], "uv_size": [1, 1]},
								"west": {"uv": [18, 0], "uv_size": [0, 1]},
								"up": {"uv": [17, 0], "uv_size": [1, 0]},
								"down": {"uv": [18, 0], "uv_size": [1, 0]}
							}
						},
						{
							"origin": [-5, 17, -1.4],
							"size": [1, 22, 1.4],
							"uv": {
								"north": {"uv": [1, 1], "uv_size": [1, 22]},
								"east": {"uv": [1, 1], "uv_size": [1, 22]},
								"south": {"uv": [25, 1], "uv_size": [1, 22]},
								"west": {"uv": [1, 1], "uv_size": [1, 22]},
								"up": {"uv": [1, 0], "uv_size": [1, 1.4]},
								"down": {"uv": [1, 23], "uv_size": [1, -1]}
							}
						},
						{
							"origin": [6, 17, -1.4],
							"size": [1, 22, 1.4],
							"uv": {
								"north": {"uv": [12, 1], "uv_size": [1, 22]},
								"east": {"uv": [12, 1], "uv_size": [1, 22]},
								"south": {"uv": [14, 1], "uv_size": [1, 22]},
								"west": {"uv": [12, 1], "uv_size": [1, 22]},
								"up": {"uv": [12, 0], "uv_size": [1, 1.4]},
								"down": {"uv": [12, 22], "uv_size": [0, 0]}
							}
						},
						{
							"origin": [-4, 38, -1.4],
							"size": [10, 1, 1.4],
							"uv": {
								"north": {"uv": [2, 1], "uv_size": [10, 1]},
								"east": {"uv": [1, 1], "uv_size": [1, 1]},
								"south": {"uv": [15, 1], "uv_size": [10, 1]},
								"west": {"uv": [12, 1], "uv_size": [1, 1]},
								"up": {"uv": [2, 0], "uv_size": [10, 1]},
								"down": {"uv": [2, 2], "uv_size": [10, -1]}
							}
						},
						{
							"origin": [-4, 17, -1.4],
							"size": [10, 1, 1.4],
							"uv": {
								"north": {"uv": [2, 22], "uv_size": [10, 1]},
								"east": {"uv": [1, 1], "uv_size": [1, 1]},
								"south": {"uv": [15, 22], "uv_size": [10, 1]},
								"west": {"uv": [12, 1], "uv_size": [1, 1]},
								"up": {"uv": [2, 0], "uv_size": [10, 1]},
								"down": {"uv": [2, 23], "uv_size": [10, -1]}
							}
						}
					]
				}
			]
		}
	]
}