{
  "mob.sbgoji_camera_man3.say": {
    "category": " neutral",
    "sounds": [
      "sounds/sounds/camera/camera_snap1",
      "sounds/sounds/camera/camera_snap2",
      {
        "load_on_low_memory": true,
        "name": "sounds/sounds/camera/camera_snap3"
      }
    ]
  },
  "mob.sbgoji_camera_man3.hurt": {
    "category": " neutral",
    "sounds": [
      "sounds/sounds/camera/camera_snap1",
      "sounds/sounds/camera/camera_snap3",
      "sounds/sounds/camera/camera_snap2",
      "sounds/sounds/camera/camera_snap1"
    ]
  },
  "mob.sbgoji_camera_man3.death": {
    "category": " neutral",
    "sounds": [
      "sounds/mob/sbgoji_camera_man3/death/death"
    ]
  },
  "mob.sbgoji_camera_man3.step": {
    "category": " neutral",
    "sounds": [
      {
        "load_on_low_memory": true,
        "name": "sounds/sounds/armor/equip_iron1"
      },
      "sounds/sounds/armor/equip_iron4",
      "sounds/sounds/armor/equip_iron6",
      "sounds/sounds/armor/equip_iron2"
    ]
  },
  "mob.sbgoji_titan_camera_man3.hurt": {
    "category": " neutral",
    "sounds": [
      "sounds/mob/sbgoji_titan_camera_man3/hurt/hurt1",
      "sounds/mob/sbgoji_titan_camera_man3/hurt/hurt2",
      "sounds/mob/sbgoji_titan_camera_man3/hurt/hurt3",
      "sounds/mob/sbgoji_titan_camera_man3/hurt/hurt4"
    ]
  },
  "mob.sbgoji_titan_camera_man3.step": {
    "category": " neutral",
    "sounds": [
      {
        "load_on_low_memory": true,
        "name": "sounds/mob/sbgoji_titan_camera_man3/step/step1"
      },
      "sounds/mob/sbgoji_titan_camera_man3/step/step2",
      "sounds/mob/sbgoji_titan_camera_man3/step/step3",
      "sounds/mob/sbgoji_titan_camera_man3/step/step4"
    ]
  }
}