{
  "resource_pack_name": "vanilla",
  "texture_name": "atlas.items",
  "texture_data": {
    "egg_camel": {
      "textures": "textures/items/egg_camel"
    },
    "egg_lion": {
      "textures": "textures/items/egg_lion"
    },
    "egg_penguin": {
      "textures": "textures/items/egg_penguin"
    },
    "egg_tiger": {
      "textures": "textures/items/egg_tiger"
    },
    "egg_elephant": {
      "textures": "textures/items/egg_elephant"
    },
    "egg_deer": {
      "textures": "textures/items/egg_deer"
    },
    "egg_panther": {
      "textures": "textures/items/egg_panther"
    },
    "egg_frog": {
      "textures": "textures/items/egg_frog"
    },
    "egg_crocodile": {
      "textures": "textures/items/egg_crocodile"
    },
    "egg_mouse": {
      "textures": "textures/items/egg_mouse"
    },
    "gallardo": {
      "textures": "textures/items/gallardo"
    },
    "bench": {
      "textures": "textures/items/bench"
    },
    "christmas_tree": {
      "textures": "textures/items/christmas_tree"
    },
    "tivi": {
      "textures": "textures/items/tivi"
    },
    "closet": {
      "textures": "textures/items/closet"
    },
    "laptop": {
      "textures": "textures/items/laptop"
    },
    "piano": {
      "textures": "textures/items/piano"
    },
    "armchairs": {
      "textures": "textures/items/armchairs"
    },
    "chair": {
      "textures": "textures/items/chair"
    },
    "big_table": {
      "textures": "textures/items/big_table"
    },
    "small_table": {
      "textures": "textures/items/small_table"
    },
    "drone": {
      "textures": "textures/items/drone"
    },
    "colorful_gifts": {
      "textures": "textures/items/colorful_gifts"
    },
    "mc:sheriff_todster": {
      "textures": "textures/items/pamobile/mc_sheriff_todster"
    },
    "mc:tartar_birds": {
      "textures": "textures/items/pamobile/mc_tartar_birds"
    },
    "mc:banban": {
      "textures": "textures/items/pamobile/mc_banban"
    },
    "mc:banbaleena": {
      "textures": "textures/items/pamobile/mc_banbaleena"
    },
    "mc:opila_birds": {
      "textures": "textures/items/pamobile/mc_opila_birds"
    },
    "mc:jumbo_josh": {
      "textures": "textures/items/pamobile/mc_jumbo_josh"
    },
    "mc:kitisaurus": {
      "textures": "textures/items/pamobile/mc_kitisaurus"
    },
    "mc:mini_opila": {
      "textures": "textures/items/pamobile/mc_mini_opila"
    },
    "mc_chicken_opila": {
      "textures": "textures/items/pamobile/mc_chicken_opila"
    },
    "mc_drone_track": {
      "textures": "textures/items/pamobile/mc_drone_track"
    },
    "mc:tatamaki_chatamaki": {
      "textures": "textures/items/pamobile/mc_tatamaki_chatamaki"
    },
    "mc:queen_bouncelina": {
      "textures": "textures/items/pamobile/mc_queen_bouncelina"
    },
    "mc:stinger_off": {
      "textures": "textures/items/pamobile/mc_stinger_off"
    },
    "mc:jester_scene": {
      "textures": "textures/items/pamobile/mc_jester_scene"
    },
    "mc:drone": {
      "textures": "textures/items/pamobile/mc_drone"
    },
    "mc:droner": {
      "textures": "textures/items/pamobile/mc_droner"
    },
    "mc:mutant_mini": {
      "textures": "textures/items/pamobile/mc_mutant_mini"
    },
    "mc:evil_banban": {
      "textures": "textures/items/pamobile/mc_evil_banban"
    },
    "mc:jester": {
      "textures": "textures/items/pamobile/mc_jester"
    },
    "mc:experiment_jester2": {
      "textures": "textures/items/pamobile/mc_experiment_jester2"
    },
    "mc:givanium": {
      "textures": "textures/items/pamobile/mc_givanium"
    },
    "mc:nabnab_dead": {
      "textures": "textures/items/pamobile/mc_nabnab_dead"
    },
    "mc:experiment_jester1": {
      "textures": "textures/items/pamobile/mc_experiment_jester1"
    }
  }
}