{"format_version":"1.10.0","minecraft:client_entity":{"description":{"identifier":"yg:captain_fiddels_dead","materials":{"default":"witch"},"textures":{"cf":"textures/entity/captain_fiddels/yg_captain_fiddels","cf2":"textures/entity/captain_fiddels/yg_captain_fiddels2","cf3":"textures/entity/captain_fiddels/yg_captain_fiddels3","cf4":"textures/entity/captain_fiddels/yg_captain_fiddels4","cf5":"textures/entity/captain_fiddels/yg_captain_fiddels5","cf6":"textures/entity/captain_fiddels/yg_captain_fiddels6"},"geometry":{"default":"geometry.yg_captain_fiddels"},"scripts":{"animate":["dead"]},"animations":{"dead":"animation.yg_captain_fiddels.dead"},"render_controllers":["controller.render.yg_captain_fiddels"],"spawn_egg":{"texture":"yg:captain_fiddels","texture_index":0}}}}