{"format_version":"1.10.0","minecraft:client_entity":{"description":{"identifier":"yg:hungry_tamy","materials":{"default":"witch"},"textures":{"default":"textures/entity/yg_hungry_tamy"},"geometry":{"default":"geometry.yg_hungry_tamy"},"scripts":{"animate":["move","general"],"pre_animation":["variable.random = math.round(math.random(0,2));"]},"animations":{"moving":"animation.yg_hungry_tamy.move","move":"controller.animation.yg_hungry_tamy.move","gazo_general":"animation.yg_hungry_tamy.general","general":"controller.animation.yg_hungry_tamy.general","attack0":"animation.yg_hungry_tamy.attack","attack":"controller.animation.yg_hungry_tamy.attack","look_at_target":"animation.yg_hungry_tamy.looking","jumpscare":"animation.yg_hungry_tamy.jumpscare"},"render_controllers":["controller.render.witch"],"spawn_egg":{"texture":"yg:hungry_tamy","texture_index":0}}}}