{"format_version":"1.10.0","minecraft:client_entity":{"description":{"identifier":"yg:mr_grimm","materials":{"default":"enderman"},"textures":{"default":"textures/entity/yg_mr_grimm"},"geometry":{"default":"geometry.yg_mr_grimm"},"scripts":{"animate":["move","general"],"pre_animation":["variable.random = math.round(math.random(0,2));"],"scale":"2"},"animations":{"moving":"animation.yg_mr_grimm.move","move":"controller.animation.yg_mr_grimm.move","gazo_general":"animation.yg_mr_grimm.general","general":"controller.animation.yg_mr_grimm.general","attack0":"animation.yg_mr_grimm.attack","attack":"controller.animation.yg_mr_grimm.attack","look_at_target":"animation.yg_mr_grimm.looking","jumpscare":"animation.yg_mr_grimm.jumpscare"},"render_controllers":["controller.render.witch"],"spawn_egg":{"texture":"yg:mr_grimm","texture_index":0}}}}