{"format_version":"1.10.0","minecraft:client_entity":{"description":{"identifier":"yg:nibbler","materials":{"default":"witch"},"textures":{"default":"textures/entity/yg_nibbler"},"geometry":{"default":"geometry.yg_nibbler"},"scripts":{"animate":["move","general"],"pre_animation":["variable.random = math.round(math.random(0,2));"],"scale":"3"},"animations":{"moving":"animation.yg_nibbler.move","move":"controller.animation.yg_nibbler.move","gazo_general":"animation.yg_nibbler.general","general":"controller.animation.yg_nibbler.general","attack0":"animation.yg_nibbler.attack","attack":"controller.animation.yg_nibbler.attack","jumpscare":"animation.yg_nibbler.jumpscare"},"render_controllers":["controller.render.witch"],"spawn_egg":{"texture":"yg:nibbler","texture_index":0}}}}