{"format_version":"1.10.0","minecraft:client_entity":{"description":{"identifier":"yg:smiley_miley","materials":{"default":"witch"},"textures":{"default":"textures/entity/yg_smiley_miley"},"geometry":{"default":"geometry.yg_smiley_miley"},"scripts":{"animate":["move","general"],"pre_animation":["variable.random = math.round(math.random(0,2));"],"scale":"2"},"animations":{"moving":"animation.yg_smiley_miley.move","move":"controller.animation.yg_smiley_miley.move","gazo_general":"animation.yg_smiley_miley.general","general":"controller.animation.yg_smiley_miley.general","attack0":"animation.yg_smiley_miley.attack","attack":"controller.animation.yg_smiley_miley.attack","look_at_target":"animation.yg_smiley_miley.looking","jumpscare":"animation.yg_smiley_miley.jumpscare"},"render_controllers":["controller.render.witch"],"spawn_egg":{"texture":"yg:smiley_miley","texture_index":0}}}}