{"format_version":"1.10.0","minecraft:client_entity":{"description":{"identifier":"yg:tamataki_chamataki","materials":{"default":"witch"},"textures":{"default":"textures/entity/yg_tamataki_chamataki"},"geometry":{"default":"geometry.yg_tamataki_chamataki"},"scripts":{"animate":["move","look_at_target","general","throw_controller"],"pre_animation":["variable.random = math.round(math.random(0,2));"],"scale":"2"},"animations":{"moving":"animation.yg_tamataki_chamataki.move","gazo_general":"animation.yg_tamataki_chamataki.general","attack0":"animation.yg_tamataki_chamataki.attack","throw":"animation.yg_tamataki_chamataki.shoot","look_at_target":"animation.common.look_at_target","move":"controller.animation.yg_tamataki_chamataki.move","general":"controller.animation.yg_tamataki_chamataki.general","attack":"controller.animation.yg_tamataki_chamataki.attack","throw_controller":"controller.animation.yg_tamataki_chamataki.throw"},"render_controllers":["controller.render.witch"],"spawn_egg":{"texture":"yg:tamataki_chamataki","texture_index":0}}}}