{"format_version":"1.10.0","minecraft:client_entity":{"description":{"identifier":"yg:the_jester","materials":{"default":"witch"},"textures":{"default":"textures/entity/yg_the_jester"},"geometry":{"default":"geometry.yg_the_jester"},"scripts":{"animate":["move","general"],"pre_animation":["variable.random = math.round(math.random(0,2));"]},"animations":{"moving":"animation.yg_the_jester.move","move":"controller.animation.yg_the_jester.move","gazo_general":"animation.yg_the_jester.general","general":"controller.animation.yg_the_jester.general","attack0":"animation.yg_the_jester.attack","attack":"controller.animation.yg_the_jester.attack","look_at_target":"animation.yg_the_jester.looking","jumpscare":"animation.yg_the_jester.jumpscare"},"render_controllers":["controller.render.witch"],"spawn_egg":{"texture":"yg:the_jester","texture_index":0}}}}