{
  "format_version": "1.8.0",
  "animations": {
    "animation.sbgoji_plunger_camera_man3.st": {
      "loop": true,
      "animation_length": 1.9166666666666667,
      "bones": {
        "Body2": {
          "rotation": {
            "0.0": [
              2.5,
              0,
              0
            ],
            "0.75": [
              7.5,
              0,
              0
            ],
            "1.5": [
              2.5,
              0,
              0
            ]
          }
        },
        "RightArm": {
          "rotation": {
            "0.0": [
              0,
              0,
              7.5
            ],
            "0.75": [
              -10,
              0,
              7.5
            ],
            "1.5": [
              0,
              0,
              7.5
            ]
          }
        },
        "bone": {
          "rotation": {
            "0.0": [
              -12.5,
              0,
              0
            ],
            "0.75": [
              -20,
              0,
              0
            ],
            "1.5": [
              -12.5,
              0,
              0
            ]
          }
        },
        "Head": {
          "rotation": {
            "0.0": [
              -2.5,
              0,
              0
            ],
            "0.75": [
              -12.5,
              0,
              0
            ],
            "1.5": [
              -2.5,
              0,
              0
            ]
          }
        },
        "RightLeg": {
          "rotation": [
            -2.5,
            0,
            5
          ]
        },
        "bone3": {
          "rotation": [
            10,
            0,
            -2.5
          ]
        },
        "LeftLeg": {
          "rotation": [
            -2.5,
            0,
            -5
          ]
        },
        "bone2": {
          "rotation": [
            10,
            0,
            2.5
          ]
        },
        "Body": {
          "rotation": {
            "0.0": [
              0,
              0,
              0
            ],
            "0.75": [
              5,
              0,
              0
            ],
            "1.5": [
              0,
              0,
              0
            ]
          }
        },
        "LeftArm": {
          "rotation": {
            "0.0": [
              0,
              0,
              -7.5
            ],
            "0.75": [
              -10,
              0,
              -7.5
            ],
            "1.5": [
              0,
              0,
              -7.5
            ]
          }
        },
        "bone6": {
          "rotation": {
            "0.0": [
              -12.5,
              0,
              0
            ],
            "0.75": [
              -20,
              0,
              0
            ],
            "1.5": [
              -12.5,
              0,
              0
            ]
          }
        }
      }
    },
    "animation.sbgoji_plunger_camera_man3.att": {
      "loop": true,
      "animation_length": 2,
      "bones": {
        "Body": {
          "rotation": {
            "0.6667": [
              0,
              0,
              0
            ],
            "0.7917": [
              0,
              -2.5,
              0
            ],
            "1.25": [
              0,
              0,
              0
            ]
          },
          "position": [
            0,
            0,
            0
          ],
          "scale": [
            1,
            1,
            1
          ]
        },
        "Body2": {
          "rotation": {
            "0.25": [
              0,
              0,
              0
            ],
            "0.5": [
              0,
              12.5,
              0
            ],
            "0.625": [
              0,
              -32.5,
              0
            ],
            "0.8333": [
              7.5,
              -32.5,
              0
            ],
            "1.25": [
              0,
              0,
              0
            ]
          },
          "position": [
            0,
            0,
            0
          ],
          "scale": [
            1,
            1,
            1
          ]
        },
        "RightArm": {
          "rotation": {
            "0.25": [
              0,
              0,
              0
            ],
            "0.5": [
              0,
              0,
              30
            ],
            "0.5833": [
              -60.77535,
              -16.25903,
              47.29121
            ],
            "1.25": [
              0,
              0,
              0
            ]
          },
          "position": {
            "0.25": [
              0,
              0,
              0
            ],
            "0.5833": [
              0,
              -1,
              0
            ],
            "1.0": [
              0,
              0,
              0
            ]
          },
          "scale": [
            1,
            1,
            1
          ]
        },
        "bone": {
          "rotation": {
            "0.25": [
              0,
              0,
              0
            ],
            "0.5": [
              -22.5,
              0,
              0
            ],
            "0.625": [
              -45,
              0,
              0
            ],
            "1.25": [
              0,
              0,
              0
            ]
          },
          "position": [
            0,
            0,
            0
          ],
          "scale": [
            1,
            1,
            1
          ]
        },
        "RightLeg": {
          "rotation": {
            "0.25": [
              0,
              0,
              0
            ],
            "0.4583": [
              7.5,
              0,
              0
            ],
            "0.625": [
              -7.5,
              0,
              0
            ],
            "0.9167": [
              0,
              0,
              0
            ]
          },
          "position": [
            0,
            0,
            0
          ]
        },
        "bone3": {
          "rotation": {
            "0.25": [
              0,
              0,
              0
            ],
            "0.4583": [
              7.5,
              0,
              0
            ],
            "0.625": [
              10,
              0,
              0
            ],
            "0.9167": [
              0,
              0,
              0
            ]
          },
          "position": [
            0,
            0,
            0
          ],
          "scale": [
            1,
            1,
            1
          ]
        },
        "LeftLeg": {
          "rotation": {
            "0.25": [
              0,
              0,
              0
            ],
            "0.5": [
              -15,
              0,
              0
            ],
            "0.625": [
              2.5,
              0,
              0
            ],
            "0.9167": [
              0,
              0,
              0
            ]
          },
          "position": [
            0,
            0,
            0
          ],
          "scale": [
            1,
            1,
            1
          ]
        },
        "bone2": {
          "rotation": {
            "0.25": [
              0,
              0,
              0
            ],
            "0.5": [
              10,
              0,
              0
            ],
            "0.9167": [
              0,
              0,
              0
            ]
          },
          "position": {
            "0.0": [
              0,
              0,
              0
            ],
            "2.0": [
              0,
              0,
              0
            ]
          }
        },
        "LeftArm": {
          "rotation": {
            "0.2917": [
              0,
              0,
              0
            ],
            "0.5417": [
              -57.5,
              0,
              0
            ],
            "0.625": [
              23.662353294316745,
              8.310871731317093,
              -18.256124010900294
            ],
            "1.0417": [
              0,
              0,
              0
            ]
          },
          "position": [
            0,
            0,
            0
          ],
          "scale": [
            1,
            1,
            1
          ]
        },
        "bone6": {
          "rotation": {
            "0.375": [
              0,
              0,
              0
            ],
            "0.5417": [
              -30,
              0,
              0
            ],
            "0.625": [
              -15,
              0,
              0
            ],
            "1.0417": [
              0,
              0,
              0
            ]
          },
          "position": [
            0,
            0,
            0
          ]
        }
      }
    },
    "animation.sbgoji_plunger_camera_man3.fly": {
      "loop": true,
      "animation_length": 2,
      "bones": {
        "Body2": {
          "rotation": {
            "0.0": [
              2.5,
              0,
              0
            ],
            "0.6667": [
              10,
              0,
              0
            ],
            "1.9167": [
              2.5,
              0,
              0
            ]
          }
        },
        "bone8": {
          "rotation": {
            "0.0": [
              0,
              -45,
              0
            ],
            "0.125": [
              0,
              -72.5,
              0
            ],
            "0.3333": [
              0,
              -87.5,
              0
            ],
            "0.4167": [
              0,
              -105,
              0
            ],
            "0.5": [
              0,
              -135,
              0
            ],
            "0.5417": [
              0,
              -17.5,
              0
            ],
            "0.7083": [
              0,
              -25,
              0
            ],
            "0.875": [
              0,
              -45,
              0
            ],
            "0.9167": [
              0,
              -37.08,
              0
            ],
            "1.125": [
              0,
              -72.5,
              0
            ],
            "1.3333": [
              0,
              -87.5,
              0
            ],
            "1.4167": [
              0,
              -105,
              0
            ],
            "1.5": [
              0,
              -135,
              0
            ]
          },
          "position": {
            "0.0": [
              0,
              -9,
              0
            ],
            "0.0417": [
              0,
              -2,
              0
            ],
            "0.125": [
              0,
              -9,
              0
            ],
            "0.2083": [
              0,
              -7,
              0
            ],
            "0.25": [
              0,
              -2,
              0
            ],
            "0.3333": [
              0,
              -9,
              0
            ],
            "0.4167": [
              0,
              -7,
              0
            ],
            "0.4583": [
              0,
              -2,
              0
            ],
            "0.5417": [
              0,
              -7,
              0
            ],
            "0.5833": [
              0,
              -2,
              0
            ],
            "0.6667": [
              0,
              -9,
              0
            ],
            "0.75": [
              0,
              -7,
              0
            ],
            "0.7917": [
              0,
              -2,
              0
            ],
            "0.875": [
              0,
              -9,
              0
            ],
            "1.0": [
              0,
              -7,
              0
            ],
            "1.0417": [
              0,
              -2,
              0
            ],
            "1.125": [
              0,
              -9,
              0
            ],
            "1.2083": [
              0,
              -7,
              0
            ],
            "1.25": [
              0,
              -2,
              0
            ],
            "1.3333": [
              0,
              -9,
              0
            ],
            "1.4167": [
              0,
              -7,
              0
            ],
            "1.4583": [
              0,
              -2,
              0
            ],
            "1.5417": [
              0,
              -9,
              0
            ],
            "1.625": [
              0,
              -2,
              0
            ],
            "1.7083": [
              0,
              -10,
              0
            ],
            "1.7917": [
              0,
              -12,
              0
            ],
            "1.875": [
              0,
              -4,
              0
            ]
          },
          "scale": {
            "0.0": [
              1,
              1.4,
              1
            ],
            "0.0833": [
              1,
              1.3,
              1
            ],
            "0.125": [
              1,
              1.5000000000000004,
              1
            ],
            "0.2083": [
              1,
              0.5999999999999996,
              1
            ],
            "0.2917": [
              1,
              1.3,
              1
            ],
            "0.3333": [
              1,
              1.5000000000000004,
              1
            ],
            "0.4167": [
              1,
              0.5999999999999996,
              1
            ],
            "0.5": [
              1,
              1.3,
              1
            ],
            "0.5417": [
              1,
              0.5999999999999996,
              1
            ],
            "0.625": [
              1,
              1.3,
              1
            ],
            "0.6667": [
              1,
              1.5000000000000004,
              1
            ],
            "0.75": [
              1,
              0.5999999999999996,
              1
            ],
            "0.8333": [
              1,
              1.3,
              1
            ],
            "0.875": [
              1,
              1.5000000000000004,
              1
            ],
            "0.9583": [
              1,
              1.4,
              1
            ],
            "1.0": [
              1,
              0.5999999999999996,
              1
            ],
            "1.0833": [
              1,
              1.3,
              1
            ],
            "1.125": [
              1,
              1.5000000000000004,
              1
            ],
            "1.2083": [
              1,
              0.5999999999999996,
              1
            ],
            "1.2917": [
              1,
              1.3,
              1
            ],
            "1.3333": [
              1,
              1.5000000000000004,
              1
            ],
            "1.4167": [
              1,
              0.5999999999999996,
              1
            ],
            "1.5": [
              1,
              1.3,
              1
            ],
            "1.5417": [
              1,
              1.5000000000000004,
              1
            ]
          }
        },
        "RightArm": {
          "rotation": {
            "0.0": [
              -10,
              0,
              12.5
            ],
            "0.75": [
              -9.91615385274099,
              1.2987564674722307,
              19.887326251353898
            ],
            "1.9167": [
              -10,
              0,
              12.5
            ]
          }
        },
        "bone": {
          "rotation": [
            -15,
            0,
            0
          ]
        },
        "LeftArm": {
          "rotation": {
            "0.0": [
              -10,
              0,
              -12.5
            ],
            "0.75": [
              -9.91615385274099,
              -1.2987564674722307,
              -19.887326251353898
            ],
            "1.9167": [
              -10,
              0,
              -12.5
            ]
          }
        },
        "bone6": {
          "rotation": [
            -15,
            0,
            0
          ]
        },
        "Head": {
          "rotation": [
            -12.5,
            0,
            0
          ]
        },
        "RightLeg": {
          "rotation": {
            "0.0": [
              -35,
              0,
              0
            ],
            "0.5": [
              -42.5,
              0,
              0
            ],
            "1.0": [
              -35,
              0,
              0
            ]
          }
        },
        "bone3": {
          "rotation": {
            "0.0": [
              37.5,
              0,
              0
            ],
            "0.5": [
              47.5,
              0,
              0
            ],
            "1.0": [
              37.5,
              0,
              0
            ]
          }
        },
        "LeftLeg": {
          "rotation": {
            "0.0": [
              17.5,
              0,
              0
            ],
            "0.5": [
              12.5,
              0,
              0
            ],
            "1.0": [
              17.5,
              0,
              0
            ]
          }
        },
        "bone2": {
          "rotation": {
            "0.0": [
              17.5,
              0,
              0
            ],
            "0.5": [
              30,
              0,
              0
            ],
            "1.0": [
              17.5,
              0,
              0
            ]
          }
        },
        "Rott": {
          "rotation": [
            17.5,
            0,
            0
          ],
          "position": {
            "0.0": [
              0,
              6,
              0
            ],
            "0.75": [
              0,
              8,
              -1
            ],
            "1.9167": [
              0,
              6,
              0
            ]
          }
        },
        "bone7": {
          "rotation": {
            "0.0": [
              0,
              45,
              0
            ],
            "0.125": [
              0,
              72.5,
              0
            ],
            "0.3333": [
              0,
              87.5,
              0
            ],
            "0.4167": [
              0,
              105,
              0
            ],
            "0.5": [
              0,
              135,
              0
            ],
            "0.5417": [
              0,
              17.5,
              0
            ],
            "0.7083": [
              0,
              25,
              0
            ],
            "0.875": [
              0,
              45,
              0
            ],
            "0.9167": [
              0,
              37.08,
              0
            ],
            "1.125": [
              0,
              72.5,
              0
            ],
            "1.3333": [
              0,
              87.5,
              0
            ],
            "1.4167": [
              0,
              105,
              0
            ],
            "1.5": [
              0,
              135,
              0
            ]
          },
          "position": {
            "0.0": [
              0,
              -9,
              0
            ],
            "0.0417": [
              0,
              -2,
              0
            ],
            "0.125": [
              0,
              -9,
              0
            ],
            "0.2083": [
              0,
              -7,
              0
            ],
            "0.25": [
              0,
              -2,
              0
            ],
            "0.3333": [
              0,
              -9,
              0
            ],
            "0.4167": [
              0,
              -7,
              0
            ],
            "0.4583": [
              0,
              -2,
              0
            ],
            "0.5417": [
              0,
              -7,
              0
            ],
            "0.5833": [
              0,
              -2,
              0
            ],
            "0.6667": [
              0,
              -9,
              0
            ],
            "0.75": [
              0,
              -7,
              0
            ],
            "0.7917": [
              0,
              -2,
              0
            ],
            "0.875": [
              0,
              -9,
              0
            ],
            "1.0": [
              0,
              -7,
              0
            ],
            "1.0417": [
              0,
              -2,
              0
            ],
            "1.125": [
              0,
              -9,
              0
            ],
            "1.2083": [
              0,
              -7,
              0
            ],
            "1.25": [
              0,
              -2,
              0
            ],
            "1.3333": [
              0,
              -9,
              0
            ],
            "1.4167": [
              0,
              -7,
              0
            ],
            "1.4583": [
              0,
              -2,
              0
            ],
            "1.5417": [
              0,
              -9,
              0
            ],
            "1.625": [
              0,
              -2,
              0
            ],
            "1.7083": [
              0,
              -10,
              0
            ],
            "1.7917": [
              0,
              -12,
              0
            ],
            "1.875": [
              0,
              -4,
              0
            ]
          },
          "scale": {
            "0.0": [
              1,
              1.4,
              1
            ],
            "0.0833": [
              1,
              1.3,
              1
            ],
            "0.125": [
              1,
              1.5000000000000004,
              1
            ],
            "0.2083": [
              1,
              0.5999999999999996,
              1
            ],
            "0.2917": [
              1,
              1.3,
              1
            ],
            "0.3333": [
              1,
              1.5000000000000004,
              1
            ],
            "0.4167": [
              1,
              0.5999999999999996,
              1
            ],
            "0.5": [
              1,
              1.3,
              1
            ],
            "0.5417": [
              1,
              0.5999999999999996,
              1
            ],
            "0.625": [
              1,
              1.3,
              1
            ],
            "0.6667": [
              1,
              1.5000000000000004,
              1
            ],
            "0.75": [
              1,
              0.5999999999999996,
              1
            ],
            "0.8333": [
              1,
              1.3,
              1
            ],
            "0.875": [
              1,
              1.5000000000000004,
              1
            ],
            "0.9583": [
              1,
              1.4,
              1
            ],
            "1.0": [
              1,
              0.5999999999999996,
              1
            ],
            "1.0833": [
              1,
              1.3,
              1
            ],
            "1.125": [
              1,
              1.5000000000000004,
              1
            ],
            "1.2083": [
              1,
              0.5999999999999996,
              1
            ],
            "1.2917": [
              1,
              1.3,
              1
            ],
            "1.3333": [
              1,
              1.5000000000000004,
              1
            ],
            "1.4167": [
              1,
              0.5999999999999996,
              1
            ],
            "1.5": [
              1,
              1.3,
              1
            ],
            "1.5417": [
              1,
              1.5000000000000004,
              1
            ]
          }
        },
        "bone9": {
          "position": {
            "0.0": [
              0,
              103,
              4
            ],
            "0.25": [
              0,
              100,
              4
            ],
            "0.5": [
              0,
              103,
              4
            ],
            "0.75": [
              0,
              100,
              4
            ],
            "1.0": [
              0,
              103,
              4
            ],
            "1.25": [
              0,
              100,
              4
            ],
            "1.5": [
              0,
              103,
              4
            ],
            "1.75": [
              0,
              100,
              4
            ],
            "2.0": [
              0,
              103,
              4
            ]
          },
          "scale": {
            "0.0": [
              1.4000000000000004,
              1,
              1.4000000000000004
            ],
            "0.25": [
              1.9000000000000004,
              1,
              1.9
            ],
            "0.5": [
              1.4000000000000004,
              1,
              1.4000000000000004
            ],
            "0.75": [
              1.9000000000000004,
              1,
              1.9
            ],
            "1.0": [
              1.4000000000000004,
              1,
              1.4000000000000004
            ],
            "1.25": [
              1.9000000000000004,
              1,
              1.9
            ],
            "1.5": [
              1.4000000000000004,
              1,
              1.4000000000000004
            ],
            "1.75": [
              1.9000000000000004,
              1,
              1.9
            ],
            "2.0": [
              1.4000000000000004,
              1,
              1.4000000000000004
            ]
          }
        }
      }
    }
  }
}