{
  "format_version": "1.8.0",
  "animations": {
    "animation.sbgoji_camera_man_droppa.castid": {
      "loop": true,
      "animation_length": 1.75,
      "bones": {
        "arms": {
          "scale": [
            0,
            0,
            0
          ]
        },
        "leftarm": {
          "rotation": [
            "math.cos(query.life_time * 763.4) * 14.3239 - this",
            "-this",
            "-135.0 - this"
          ],
          "scale": [
            1,
            1,
            1
          ]
        },
        "rightarm": {
          "rotation": [
            "math.cos(query.life_time * 763.4) * 14.3239 - this",
            "-this",
            "135.0 - this"
          ],
          "scale": [
            1,
            1,
            1
          ]
        },
        "bone3": {
          "position": {
            "0.0": [
              0,
              1,
              0
            ],
            "0.3333": [
              0,
              -34,
              0
            ],
            "1.625": [
              0,
              -34,
              0
            ],
            "1.7083": [
              0,
              1,
              0
            ]
          },
          "scale": {
            "0.0": [
              2.4000000000000012,
              1,
              1
            ],
            "0.3333": [
              3.7,
              1,
              4.300000000000001
            ],
            "0.6667": [
              3.7,
              1.8000000000000003,
              4.3
            ],
            "1.625": [
              3.7,
              1.8000000000000003,
              4.3
            ],
            "1.7083": [
              2.4000000000000012,
              1,
              1
            ]
          }
        },
        "bone4": {
          "rotation": [
            0,
            0,
            0
          ],
          "position": {
            "0.0": [
              0,
              0,
              0
            ],
            "0.375": [
              0,
              -25,
              0
            ],
            "0.6667": [
              0,
              -61,
              0
            ],
            "1.5833": [
              0,
              -61,
              0
            ],
            "1.75": [
              0,
              0,
              0
            ]
          },
          "scale": {
            "0.0": [
              1,
              1,
              1
            ],
            "0.375": [
              2.3000000000000007,
              1,
              2.500000000000001
            ],
            "0.75": [
              6.3999999999999995,
              1,
              5.599999999999998
            ],
            "1.5833": [
              6.3999999999999995,
              1,
              5.599999999999998
            ],
            "1.75": [
              1,
              1,
              1
            ]
          }
        }
      }
    },
    "animation.sbgoji_camera_man_droppa.fly": {
      "loop": true,
      "animation_length": 1.5,
      "bones": {
        "bone": {
          "rotation": {
            "0.0": [
              0,
              0,
              2.5
            ],
            "0.75": [
              0,
              0,
              -2.5
            ],
            "1.5": [
              0,
              0,
              2.5
            ]
          },
          "position": {
            "0.0": [
              0,
              -1,
              0
            ],
            "0.5": [
              0,
              0,
              0
            ],
            "0.8333": [
              0,
              2,
              0
            ],
            "1.2083": [
              0,
              -1,
              0
            ],
            "1.5": [
              0,
              -1,
              0
            ]
          }
        }
      }
    }
  }
}