{
  "format_version": "1.8.0",
  "animations": {
    "animation.sbgoji_plunger_camera_mandie3.dth": {
      "animation_length": 0.9583333333333334,
      "bones": {
        "Rott": {
          "rotation": {
            "0.0": [
              82.5,
              0,
              0
            ],
            "0.5": [
              0,
              0,
              0
            ],
            "0.6667": [
              2.5,
              0,
              0
            ],
            "0.75": [
              0,
              0,
              0
            ]
          },
          "position": [
            0,
            0,
            0
          ],
          "scale": [
            1,
            1,
            1
          ]
        },
        "Body2": {
          "rotation": {
            "0.0": [
              0,
              7.5,
              0
            ],
            "0.5": [
              0,
              0,
              0
            ],
            "0.6667": [
              17.5,
              0,
              0
            ],
            "0.8333": [
              0,
              0,
              0
            ]
          },
          "position": [
            0,
            0,
            0
          ]
        },
        "RightArm": {
          "rotation": {
            "0.0": [
              0,
              0,
              0
            ],
            "0.1667": [
              -37.5,
              0,
              0
            ],
            "0.5": [
              0,
              0,
              0
            ],
            "0.7083": [
              -17.5,
              0,
              0
            ]
          },
          "position": {
            "0.0": [
              0,
              0,
              0
            ],
            "0.5": [
              0,
              0,
              0
            ]
          }
        },
        "bone": {
          "rotation": {
            "0.0": [
              129.8587731478342,
              -74.97277758767541,
              142.5955304720551
            ],
            "0.5": [
              0,
              0,
              0
            ],
            "0.7083": [
              153.50871777368138,
              -42.11756835163169,
              148.39205276892426
            ],
            "0.875": [
              0,
              0,
              0
            ]
          },
          "position": [
            0,
            0,
            0
          ]
        },
        "LeftArm": {
          "rotation": {
            "0.0": [
              0,
              0,
              27.5
            ],
            "0.5": [
              0,
              0,
              0
            ]
          },
          "position": [
            0,
            0,
            0
          ]
        },
        "bone6": {
          "rotation": {
            "0.0": [
              0,
              92.5,
              0
            ],
            "0.5": [
              0,
              0,
              0
            ]
          },
          "position": [
            0,
            0,
            0
          ]
        },
        "Head": {
          "rotation": {
            "0.0": [
              22.5,
              80,
              0
            ],
            "0.3333": [
              60,
              80,
              0
            ],
            "0.5": [
              0,
              0,
              0
            ],
            "0.7083": [
              0,
              17.5,
              0
            ],
            "0.7917": [
              0,
              0,
              0
            ]
          },
          "position": [
            0,
            0,
            0
          ]
        },
        "RightLeg": {
          "rotation": {
            "0.0": [
              -2.495265197606386,
              0.21782074970724352,
              -15.00950125347481
            ],
            "0.5": [
              0,
              0,
              0
            ]
          },
          "position": [
            0,
            0,
            0
          ],
          "scale": [
            1,
            1,
            1
          ]
        },
        "bone3": {
          "rotation": {
            "0.0": [
              -5,
              0,
              0
            ],
            "0.5417": [
              0,
              0,
              0
            ]
          },
          "position": [
            0,
            0,
            0
          ]
        },
        "LeftLeg": {
          "rotation": {
            "0.0": [
              0,
              0,
              5
            ],
            "0.4583": [
              0,
              0,
              0
            ]
          },
          "position": [
            0,
            0,
            0
          ],
          "scale": [
            1,
            1,
            1
          ]
        }
      }
    }
  }
}