{
  "format_version": "1.8.0",
  "animations": {
    "animation.sbgoji_camera_womandie3.new": {
      "animation_length": 1,
      "bones": {
        "Body": {
          "rotation": {
            "0.0": [
              0,
              -37.5,
              0
            ],
            "0.5": [
              0,
              0,
              0
            ],
            "0.5833": [
              7.5,
              0,
              0
            ],
            "0.6667": [
              0,
              0,
              0
            ]
          },
          "position": [
            0,
            0,
            0
          ]
        },
        "H": {
          "rotation": {
            "0.0": [
              -15,
              0,
              0
            ],
            "0.4583": [
              0,
              0,
              0
            ]
          },
          "position": [
            0,
            0,
            0
          ]
        },
        "H2": {
          "rotation": {
            "0.0": [
              0,
              0,
              -27.5
            ],
            "0.4583": [
              0,
              0,
              0
            ]
          },
          "position": [
            0,
            0,
            0
          ]
        },
        "bone5": {
          "rotation": {
            "0.0": [
              25,
              0,
              0
            ],
            "0.5": [
              0,
              0,
              0
            ]
          },
          "position": [
            0,
            0,
            0
          ]
        },
        "Head": {
          "rotation": {
            "0.0": [
              79.4025691568745,
              -70.44950846881011,
              79.77908676388097
            ],
            "0.4583": [
              0,
              0,
              0
            ]
          },
          "position": [
            0,
            0,
            0
          ]
        },
        "LeftLeg": {
          "rotation": {
            "0.0": [
              0,
              0,
              12.5
            ],
            "0.4583": [
              0,
              0,
              0
            ],
            "0.625": [
              -15,
              0,
              0
            ],
            "0.7083": [
              0,
              0,
              0
            ]
          },
          "position": [
            0,
            0,
            0
          ]
        },
        "RightLeg": {
          "rotation": {
            "0.0": [
              0,
              0,
              -12.5
            ],
            "0.4583": [
              0,
              0,
              0
            ],
            "0.5833": [
              -7.5,
              0,
              0
            ],
            "0.7083": [
              0,
              0,
              0
            ]
          },
          "position": [
            0,
            0,
            0
          ]
        },
        "bone9": {
          "rotation": {
            "0.0": [
              36.86448833983559,
              89.96883447275513,
              47.92235440679633
            ],
            "0.5": [
              0,
              0,
              0
            ]
          },
          "position": [
            0,
            0,
            0
          ]
        }
      }
    }
  }
}