{
  "format_version": "1.10.0",
  "minecraft:client_entity": {
    "description": {
      "identifier": "sbgoji:camera_man_droppadie",
      "min_engine_version": "1.8.0",
      "materials": {
        "default": "evoker"
      },
      "textures": {
        "default": "textures/entity/pamobile/sbgoji_camera_man_droppadie"
      },
      "geometry": {
        "default": "geometry.sbgoji_camera_man_droppadie"
      },
      "scripts": {
        "scale": "0.9375",
        "animate": [
          "controller_general",
          "controller_move"
        ]
      },
      "animations": {
        "general": "animation.sbgoji_camera_man_droppadie.neh",
        "casting": "animation.sbgoji_camera_man_droppadie.dth",
        "look_at_target": "animation.sbgoji_camera_man_droppadie.castid",
        "move": "animation.sbgoji_camera_man_droppadie.new",
        "celebrating": "animation.humanoid.celebrating",
        "controller_general": "controller.animation.evoker.general",
        "controller_move": "controller.animation.villager.move"
      },
      "particle_effects": {
        "spell": "minecraft:evoker_spell"
      },
      "render_controllers": [
        "controller.render.evoker"
      ],
      "spawn_egg": {
        "base_color": "#A29B96",
        "overlay_color": "#212121"
      }
    }
  }
}