{
  "format_version": "1.8.0",
  "animations": {
    "animation.mr_toilet_dead.dead": {
      "animation_length": 1.5,
      "bones": {
        "bone": {
          "rotation": {
            "0.0": [
              0,
              0,
              0
            ],
            "0.2917": [
              0,
              0,
              -7.5
            ],
            "0.4167": [
              0,
              0,
              7.5
            ],
            "0.5": [
              -15,
              0,
              0
            ],
            "0.75": [
              -50.61841,
              0.23118,
              7.13895
            ],
            "1.5": [
              -170,
              0,
              0
            ]
          },
          "position": {
            "0.0": [
              0,
              0,
              0
            ],
            "0.2917": [
              0,
              -0.42,
              0
            ],
            "0.4167": [
              0,
              0.83,
              0
            ],
            "0.5": [
              0,
              5,
              0
            ],
            "0.75": [
              0,
              10,
              13
            ],
            "1.5": [
              0,
              -34,
              29
            ]
          }
        },
        "bone3": {
          "rotation": {
            "0.0": [
              0,
              0,
              0
            ],
            "0.7083": [
              0,
              0,
              0
            ],
            "1.0417": [
              0,
              0,
              0
            ],
            "1.5": [
              0,
              -655,
              0
            ]
          },
          "position": {
            "0.7083": [
              0,
              11,
              -1
            ],
            "1.0417": [
              0,
              10.58,
              -1.42
            ],
            "1.3333": [
              0,
              14.56,
              -1.01
            ],
            "1.5": [
              0,
              0,
              0
            ]
          }
        }
      }
    }
  }
}