{
	"format_version": "1.8.0",
	"animations": {
		"animation.cat.stop": {
			"loop": "hold_on_last_frame",
			"animation_length": 2.16667,
			"bones": {
				"Head": {
					"rotation": {
						"0.0": [0, 0, 0],
						"0.75": [22.5, 0, 0],
						"1.5": [22.5, 0, 0]
					},
					"position": {
						"0.0": [0, 0, 0],
						"0.75": [0, 1, 4],
						"1.5": [0, 1, 4]
					}
				},
				"Chin": {
					"position": {
						"1.5": [0, 0, 0],
						"1.9167": [0, 0, 3]
					}
				},
				"Bottomlip": {
					"rotation": {
						"1.5": [0, 0, 0],
						"2.0": [15, 0, 0]
					},
					"position": {
						"1.5": [0, 0, 0],
						"2.0": [0, 0, 0.35]
					}
				},
				"Toplip": {
					"rotation": {
						"1.5": [0, 0, 0],
						"2.0": [-10, 0, 0]
					},
					"position": {
						"1.5": [0, 0, 0],
						"2.0": [0, 0, -0.35]
					}
				}
			}
		}
	}
}