{
  "format_version": "1.8.0",
  "animations": {
    "animation.mr_stinger_on.scenes": {
      "animation_length": 10,
      "bones": {
        "Body": {
          "position": {
            "2.0": [
              0,
              0,
              0
            ],
            "2.25": [
              0,
              0,
              0
            ]
          }
        },
        "bone4": {
          "position": {
            "1.75": [
              0,
              0,
              7
            ],
            "2.0": [
              0,
              0,
              0
            ]
          },
          "scale": 1
        },
        "bone3": {
          "rotation": {
            "0.0": [
              0,
              0,
              0
            ],
            "1.0": [
              0,
              0,
              0
            ]
          },
          "position": {
            "0.0": [
              0,
              0,
              0
            ],
            "1.0": [
              0,
              1,
              0
            ],
            "1.25": [
              0,
              1,
              6
            ]
          },
          "scale": {
            "0.0": [
              1,
              1,
              1
            ],
            "1.0": [
              1,
              0.2,
              1
            ]
          }
        },
        "RightLeg": {
          "rotation": {
            "4.5": [
              0,
              0,
              0
            ],
            "5.0": [
              -0.88831,
              -16.28394,
              48.10467
            ]
          }
        },
        "bone": {
          "rotation": {
            "5.0": [
              0,
              0,
              0
            ],
            "5.5": [
              -136.30408,
              -23.41819,
              -113.59584
            ],
            "5.75": [
              -151.45247,
              -8.37199,
              -131.18359
            ]
          }
        },
        "bone2": {
          "rotation": {
            "5.5": [
              0,
              0,
              0
            ],
            "5.75": [
              0,
              20,
              0
            ]
          }
        }
      }
    }
  }
}