{
  "format_version": "1.8.0",
  "animations": {
    "animation.mr_silent_steve.move": {
      "loop": true,
      "animation_length": 1,
      "bones": {
        "Body": {
          "rotation": {
            "0.0": [
              0,
              2.5,
              0
            ],
            "0.25": [
              5,
              0,
              0
            ],
            "0.5": [
              0,
              -2.5,
              0
            ],
            "0.75": [
              5,
              0,
              0
            ],
            "1.0": [
              0,
              2.5,
              0
            ]
          }
        },
        "bone": {
          "rotation": {
            "0.0": [
              0,
              0,
              0
            ],
            "0.25": [
              7.5,
              0,
              0
            ],
            "0.5": [
              0,
              0,
              0
            ],
            "0.75": [
              7.5,
              0,
              0
            ],
            "1.0": [
              0,
              0,
              0
            ]
          }
        },
        "bone2": {
          "rotation": {
            "0.0": [
              0,
              0,
              0
            ],
            "0.25": [
              -12.5,
              0,
              0
            ],
            "0.5": [
              0,
              0,
              0
            ],
            "0.75": [
              -15,
              0,
              0
            ],
            "1.0": [
              0,
              0,
              0
            ]
          }
        },
        "Tail": {
          "rotation": {
            "0.0": [
              0,
              -10,
              0
            ],
            "0.5": [
              0,
              10,
              0
            ],
            "1.0": [
              0,
              -10,
              0
            ]
          }
        },
        "bone3": {
          "rotation": {
            "0.0": [
              0,
              30,
              0
            ],
            "0.5": [
              0,
              -30,
              0
            ],
            "1.0": [
              0,
              30,
              0
            ]
          }
        },
        "bone4": {
          "rotation": {
            "0.0": [
              0,
              -30,
              0
            ],
            "0.5": [
              0,
              30,
              0
            ],
            "1.0": [
              0,
              -30,
              0
            ]
          }
        },
        "Head": {
          "relative_to": {
            "rotation": "entity"
          },
          "rotation": [
            -47.5,
            0,
            0
          ]
        },
        "bone5": {
          "rotation": {
            "0.0": [
              0,
              0,
              0
            ],
            "0.25": [
              2.5,
              0,
              0
            ],
            "0.5": [
              0,
              0,
              0
            ],
            "0.75": [
              2.5,
              0,
              0
            ],
            "1.0": [
              0,
              0,
              0
            ]
          }
        },
        "bone6": {
          "rotation": {
            "0.0": [
              0,
              -5,
              0
            ],
            "0.5": [
              0,
              5,
              0
            ],
            "1.0": [
              0,
              -5,
              0
            ]
          }
        },
        "bone7": {
          "relative_to": {
            "rotation": "entity"
          },
          "rotation": [
            25,
            0,
            0
          ]
        },
        "bone8": {
          "rotation": {
            "0.0": [
              0,
              0,
              0
            ],
            "0.5": [
              20,
              0,
              0
            ],
            "1.0": [
              0,
              0,
              0
            ]
          }
        },
        "bone9": {
          "rotation": {
            "0.0": [
              0,
              0,
              0
            ],
            "0.5": [
              15,
              0,
              0
            ],
            "1.0": [
              0,
              0,
              0
            ]
          }
        },
        "bone10": {
          "rotation": {
            "0.0": [
              0,
              0,
              0
            ],
            "0.5": [
              15,
              0,
              0
            ],
            "1.0": [
              0,
              0,
              0
            ]
          }
        },
        "bone13": {
          "rotation": {
            "0.0": [
              0,
              0,
              0
            ],
            "0.5": [
              7.35435,
              -4.69664,
              -3.27825
            ],
            "1.0": [
              0,
              0,
              0
            ]
          }
        },
        "bone14": {
          "rotation": {
            "0.0": [
              0,
              0,
              0
            ],
            "0.5": [
              7.22727,
              7.04278,
              2.40539
            ],
            "1.0": [
              0,
              0,
              0
            ]
          }
        }
      }
    },
    "animation.mr_silent_steve.general": {
      "loop": true,
      "animation_length": 2,
      "bones": {
        "Body": {
          "rotation": {
            "0.0": [
              0,
              0,
              0
            ],
            "1.0": [
              2.5,
              0,
              0
            ],
            "2.0": [
              0,
              0,
              0
            ]
          }
        },
        "bone": {
          "rotation": {
            "0.0": [
              0,
              0,
              0
            ],
            "1.0": [
              5,
              0,
              0
            ],
            "2.0": [
              0,
              0,
              0
            ]
          }
        },
        "bone2": {
          "rotation": {
            "0.0": [
              0,
              0,
              0
            ],
            "1.0": [
              -7.5,
              0,
              0
            ],
            "2.0": [
              0,
              0,
              0
            ]
          }
        },
        "bone13": {
          "rotation": {
            "0.0": [
              0,
              0,
              0
            ],
            "1.0": [
              -5,
              -5,
              0
            ],
            "2.0": [
              0,
              0,
              0
            ]
          }
        },
        "bone14": {
          "rotation": {
            "0.0": [
              0,
              0,
              0
            ],
            "1.0": [
              -5,
              5,
              0
            ],
            "2.0": [
              0,
              0,
              0
            ]
          }
        },
        "Head": {
          "rotation": {
            "0.0": [
              0,
              0,
              0
            ],
            "1.0": [
              12.5,
              0,
              0
            ],
            "2.0": [
              0,
              0,
              0
            ]
          }
        },
        "bone5": {
          "rotation": {
            "0.0": [
              0,
              0,
              0
            ],
            "1.0": [
              7.5,
              0,
              0
            ],
            "2.0": [
              0,
              0,
              0
            ]
          }
        }
      }
    }
  }
}