{"format_version":"1.10.0","minecraft:client_entity":{"description":{"identifier":"yg:bouncy_dino","materials":{"default":"witch"},"textures":{"default":"textures/entity/yg_bouncy_dino"},"geometry":{"default":"geometry.yg_bouncy_dino"},"scripts":{"animate":["move","general"],"pre_animation":["variable.random = math.round(math.random(0,2));"],"scale":"1.5"},"animations":{"moving":"animation.yg_bouncy_dino.move","move":"controller.animation.yg_bouncy_dino.move","gazo_general":"animation.yg_bouncy_dino.general","general":"controller.animation.yg_bouncy_dino.general","attack0":"animation.yg_bouncy_dino.attack","jumpscare":"animation.yg_bouncy_dino.jumpscare","look_at_target":"animation.yg_bouncy_dino.looking"},"render_controllers":["controller.render.witch"],"spawn_egg":{"texture":"yg:bouncy_dino","texture_index":0}}}}