{"format_version":"1.10.0","minecraft:client_entity":{"description":{"identifier":"yg:blenny","materials":{"default":"witch"},"textures":{"default":"textures/entity/yg_blenny"},"geometry":{"default":"geometry.yg_blenny"},"scripts":{"animate":["move","general"],"pre_animation":["variable.random = math.round(math.random(0,2));"]},"animations":{"moving":"animation.yg_blenny.move","move":"controller.animation.yg_blenny.move","gazo_general":"animation.yg_blenny.general","general":"controller.animation.yg_blenny.general","jumpscare":"animation.yg_blenny.jumpscare","look_at_target":"animation.yg_blenny.looking"},"render_controllers":["controller.render.witch"],"spawn_egg":{"texture":"yg:blenny","texture_index":0}}}}