{"format_version":"1.10.0","minecraft:client_entity":{"description":{"identifier":"yg:mordy","materials":{"default":"witch"},"textures":{"default":"textures/entity/yg_mordy"},"geometry":{"default":"geometry.yg_mordy"},"scripts":{"animate":["move","general"],"pre_animation":["variable.random = math.round(math.random(0,2));"]},"animations":{"moving":"animation.yg_mordy.move","move":"controller.animation.yg_mordy.move","gazo_general":"animation.yg_mordy.general","general":"controller.animation.yg_mordy.general","jumpscare":"animation.yg_mordy.jumpscare","look_at_target":"animation.yg_mordy.looking"},"render_controllers":["controller.render.witch"],"spawn_egg":{"texture":"yg:mordy","texture_index":0}}}}