{"format_version":"1.10.0","minecraft:client_entity":{"description":{"identifier":"yg:wooly_bully","materials":{"default":"witch"},"textures":{"default":"textures/entity/yg_wooly_bully"},"geometry":{"default":"geometry.yg_wooly_bully"},"scripts":{"animate":["move","general"],"pre_animation":["variable.random = math.round(math.random(0,2));"],"scale":"1.5"},"animations":{"moving":"animation.yg_wooly_bully.move","move":"controller.animation.yg_wooly_bully.move","gazo_general":"animation.yg_wooly_bully.general","general":"controller.animation.yg_wooly_bully.general","attack0":"animation.yg_wooly_bully.attack","jumpscare":"animation.yg_wooly_bully.jumpscare","look_at_target":"animation.yg_wooly_bully.looking"},"render_controllers":["controller.render.witch"],"spawn_egg":{"texture":"yg:wooly_bully","texture_index":0}}}}