{
	"format_version": "1.8.0",
	"animations": {
		"animation.cy_wooly_bully.move": {
			"loop": true,
			"animation_length": 1,
			"bones": {
				"rightleg": {
					"rotation": {
						"0.0": [47.5, 0, 0],
						"0.25": [-10, 0, 0],
						"0.5": [0, 0, 0],
						"0.75": [30, 0, 0],
						"1.0": [70, 0, 0]
					},
					"position": {
						"0.0": [0, 0, 2],
						"0.25": [0, -1, -4],
						"0.5": [0, 0, 0],
						"0.75": [0, 0, 2],
						"1.0": [0, 0, 2]
					}
				},
				"Body": {
					"position": {
						"0.0": [0, -2, 0],
						"0.25": [0, -1, 0],
						"0.5": [0, 0, 0],
						"0.75": [0, -3, 0],
						"1.0": [0, -2, 0]
					}
				},
				"leftarm": {
					"rotation": {
						"0.0": [20, 0, 0],
						"0.25": [0, 0, 0],
						"0.5": [-20, 0, 0],
						"0.75": [0, 0, 0],
						"1.0": [20, 0, 0]
					},
					"position": {
						"0.0": [0, 0, 0],
						"0.25": [0, 0, 0],
						"0.5": [0, 0, 0],
						"0.75": [0, 0, 0],
						"1.0": [0, 0, 0]
					}
				},
				"rightarm": {
					"rotation": {
						"0.0": [-20, 0, 0],
						"0.25": [0, 0, 0],
						"0.5": [20, 0, 0],
						"0.75": [0, 0, 0],
						"1.0": [-20, 0, 0]
					},
					"position": {
						"0.0": [0, 0, 0],
						"0.25": [0, 0, 0],
						"0.5": [0, 0, 0],
						"0.75": [0, 0, 0],
						"1.0": [0, 0, 0]
					}
				},
				"leftleg": {
					"rotation": {
						"0.0": [-10, 0, 0],
						"0.25": [30, 0, 0],
						"0.5": [0, 0, 0],
						"0.75": [-50, 0, 0],
						"1.0": [-10, 0, 0]
					},
					"position": {
						"0.0": [0, -1, -4],
						"0.25": [0, 0, 2],
						"0.5": [0, 0, 0],
						"0.75": [0, -1, -4],
						"1.0": [0, -1, -4]
					}
				}
			}
		},
		"animation.cy_wooly_bully.General": {
			"loop": true,
			"animation_length": 8,
			"bones": {
				"Body": {
					"rotation": {
						"0.0": [0, 0, 0],
						"2.0": [0, 0, -2.5],
						"4.0": [0, 0, 0],
						"6.0": [0.03032, -0.18014, 2.50663],
						"8.0": [0.03782, -0.17852, 0.00999]
					},
					"position": {
						"0.0": [0, 0, 0],
						"8.0": [0, 0, 0]
					}
				},
				"leftarm": {
					"rotation": {
						"0.0": [0, 0, 0],
						"2.0": [0, 0, -10],
						"4.0": [0, 0, 0],
						"6.0": [0, 0, -10],
						"8.0": [0, 0, 0]
					},
					"position": {
						"0.0": [0, 0, 0],
						"2.0": [-1, 0, 0],
						"4.0": [0, 0, 0],
						"6.0": [-1, 0, 0],
						"8.0": [0, 0, 0]
					}
				},
				"rightarm": {
					"rotation": {
						"0.0": [0, 0, 0],
						"2.0": [0, 0, 10],
						"4.0": [0, 0, 0],
						"6.0": [0, 0, 10],
						"8.0": [0, 0, 0]
					},
					"position": {
						"0.0": [0, 0, 0],
						"2.0": [1, 0, 0],
						"4.0": [0, 0, 0],
						"6.0": [2, 0, 0],
						"8.0": [0, 0, 0]
					}
				}
			}
		},
		"animation.cy_wooly_bully.Attack": {
			"animation_length": 0.41667,
			"override_previous_animation": true,
			"bones": {
				"Body": {
					"rotation": {
						"0.0833": [0, 0, 0],
						"0.1667": [0, -27.5, 0]
					}
				},
				"leftarm": {
					"rotation": {
						"0.0": [0, 0, 0],
						"0.1667": [27.5, 0, 0]
					}
				},
				"rightarm": {
					"rotation": {
						"0.0": [0, 0, 0],
						"0.0833": [0, 60, 67.5],
						"0.1667": [-57.99794, -19.3546, -34.20092]
					},
					"position": {
						"0.0": [0, 0, 0],
						"0.0833": [3, -2, 0],
						"0.1667": [-1, -4, 0]
					},
					"scale": {
						"0.0": [1, 1, 1],
						"0.1667": [1, 1.8, 1]
					}
				}
			}
		},
		"animation.cy_wooly_bully.jumpscare": {
			"animation_length": 1.16667,
			"bones": {
				"Body": {
					"rotation": {
						"0.0": [0, 0, 0],
						"0.75": [0, 0, 0]
					},
					"position": {
						"0.0": [0, 0, 0],
						"0.75": [0, 0, 0],
						"0.9583": [0, 0, 0],
						"1.0": [0, -24, 7]
					},
					"scale": {
						"0.9583": [1, 1, 1],
						"1.0": [2.3, 2.1, 5.4]
					}
				},
				"leftarm": {
					"rotation": {
						"0.0": [0, 0, 0],
						"0.125": [-90, 10, 0]
					},
					"position": {
						"0.0": [0, 0, 0],
						"0.125": [0, -5, 0]
					},
					"scale": {
						"0.0": [1, 1, 1],
						"0.125": [1, 1.5, 1]
					}
				},
				"rightarm": {
					"rotation": {
						"0.0": [0, 0, 0],
						"0.125": [-90, -10, 0]
					},
					"position": {
						"0.0": [0, 0, 0],
						"0.125": [0, -4, 0]
					},
					"scale": {
						"0.0": [1, 1, 1],
						"0.125": [1, 1.6, 1]
					}
				}
			}
		}
	}
}