{
  "format_version": "1.12.0",
  "minecraft:geometry": [
    {
      "description": {
        "identifier": "geometry.os_daisy",
        "texture_width": 64,
        "texture_height": 64,
        "visible_bounds_width": 3,
        "visible_bounds_height": 5.5,
        "visible_bounds_offset": [
          0,
          2.25,
          0
        ]
      },
      "bones": [
        {
          "name": "root",
          "pivot": [
            0,
            21,
            0
          ]
        },
        {
          "name": "waist",
          "pivot": [
            0,
            21,
            0
          ],
          "parent": "root"
        },
        {
          "name": "body",
          "pivot": [
            0,
            21,
            0
          ],
          "cubes": [
            {
              "origin": [
                -4.0,
                21.0,
                -4.0
              ],
              "size": [
                8.0,
                8.0,
                8.0
              ],
              "uv": [
                0,
                0
              ],
              "inflate": 0
            }
          ],
          "parent": "waist"
        },
        {
          "name": "body2",
          "pivot": [
            0,
            29,
            0
          ],
          "cubes": [
            {
              "origin": [
                -1.0,
                29.0,
                -1.0
              ],
              "size": [
                2.0,
                8.0,
                2.0
              ],
              "uv": [
                50,
                52
              ],
              "inflate": 0
            }
          ],
          "parent": "body"
        },
        {
          "name": "body3",
          "pivot": [
            0,
            37,
            0
          ],
          "cubes": [
            {
              "origin": [
                -1.0,
                37.0,
                -1.0
              ],
              "size": [
                2.0,
                8.0,
                2.0
              ],
              "uv": [
                50,
                52
              ],
              "inflate": 0
            }
          ],
          "parent": "body2"
        },
        {
          "name": "head",
          "pivot": [
            0,
            45,
            0
          ],
          "cubes": [
            {
              "origin": [
                -4.0,
                45.0,
                -2.0
              ],
              "size": [
                8.0,
                8.0,
                3.0
              ],
              "pivot": [
                0.0,
                49.0,
                -0.5
              ],
              "rotation": [
                0.0,
                0.0,
                90.0
              ],
              "uv": [
                0,
                16
              ],
              "inflate": 0
            }
          ],
          "parent": "body3"
        },
        {
          "name": "flower",
          "pivot": [
            0,
            49,
            -0.5
          ],
          "cubes": [
            {
              "origin": [
                -3.0,
                39.0,
                -1.0
              ],
              "size": [
                6.0,
                7.0,
                1.0
              ],
              "pivot": [
                0.0,
                49.0,
                -0.5
              ],
              "rotation": [
                0.0,
                0.0,
                42.5
              ],
              "uv": [
                0,
                56
              ],
              "inflate": 0
            },
            {
              "origin": [
                -2.0,
                37.0,
                -1.0
              ],
              "size": [
                4.0,
                2.0,
                1.0
              ],
              "pivot": [
                0.0,
                49.0,
                -0.5
              ],
              "rotation": [
                0.0,
                0.0,
                42.5
              ],
              "uv": [
                54,
                0
              ],
              "inflate": 0
            },
            {
              "origin": [
                -10.0,
                46.0,
                -1.0
              ],
              "size": [
                7.0,
                6.0,
                1.0
              ],
              "pivot": [
                0.0,
                49.0,
                -0.5
              ],
              "rotation": [
                0.0,
                0.0,
                42.5
              ],
              "uv": [
                0,
                57
              ],
              "inflate": 0
            },
            {
              "origin": [
                -12.0,
                47.0,
                -1.0
              ],
              "size": [
                2.0,
                4.0,
                1.0
              ],
              "pivot": [
                0.0,
                49.0,
                -0.5
              ],
              "rotation": [
                0.0,
                0.0,
                42.5
              ],
              "uv": [
                0,
                59
              ],
              "inflate": 0
            },
            {
              "origin": [
                -3.0,
                52.0,
                -1.0
              ],
              "size": [
                6.0,
                7.0,
                1.0
              ],
              "pivot": [
                0.0,
                49.0,
                -0.5
              ],
              "rotation": [
                0.0,
                0.0,
                42.5
              ],
              "uv": [
                0,
                56
              ],
              "inflate": 0
            },
            {
              "origin": [
                -2.0,
                59.0,
                -1.0
              ],
              "size": [
                4.0,
                2.0,
                1.0
              ],
              "pivot": [
                0.0,
                49.0,
                -0.5
              ],
              "rotation": [
                0.0,
                0.0,
                42.5
              ],
              "uv": [
                54,
                0
              ],
              "inflate": 0
            },
            {
              "origin": [
                3.0,
                46.0,
                -1.0
              ],
              "size": [
                7.0,
                6.0,
                1.0
              ],
              "pivot": [
                0.0,
                49.0,
                -0.5
              ],
              "rotation": [
                0.0,
                0.0,
                42.5
              ],
              "uv": [
                0,
                57
              ],
              "inflate": 0
            },
            {
              "origin": [
                10.0,
                47.0,
                -1.0
              ],
              "size": [
                2.0,
                4.0,
                1.0
              ],
              "pivot": [
                0.0,
                49.0,
                -0.5
              ],
              "rotation": [
                0.0,
                0.0,
                42.5
              ],
              "uv": [
                0,
                59
              ],
              "inflate": 0
            }
          ],
          "parent": "head"
        },
        {
          "name": "flower2",
          "pivot": [
            0,
            49,
            -1.5
          ],
          "cubes": [
            {
              "origin": [
                -3.0,
                39.0,
                -2.0
              ],
              "size": [
                6.0,
                6.0,
                0.0
              ],
              "pivot": [
                0.0,
                49.0,
                -1.5
              ],
              "rotation": [
                0.0,
                0.0,
                42.5
              ],
              "uv": [
                0,
                58
              ],
              "inflate": 0
            },
            {
              "origin": [
                -2.0,
                37.0,
                -2.0
              ],
              "size": [
                4.0,
                2.0,
                0.0
              ],
              "pivot": [
                0.0,
                49.0,
                -1.5
              ],
              "rotation": [
                0.0,
                0.0,
                42.5
              ],
              "uv": [
                56,
                0
              ],
              "inflate": 0
            },
            {
              "origin": [
                -10.0,
                46.0,
                -2.0
              ],
              "size": [
                6.0,
                6.0,
                0.0
              ],
              "pivot": [
                0.0,
                49.0,
                -1.5
              ],
              "rotation": [
                0.0,
                0.0,
                42.5
              ],
              "uv": [
                0,
                58
              ],
              "inflate": 0
            },
            {
              "origin": [
                -12.0,
                47.0,
                -2.0
              ],
              "size": [
                2.0,
                4.0,
                0.0
              ],
              "pivot": [
                0.0,
                49.0,
                -1.5
              ],
              "rotation": [
                0.0,
                0.0,
                42.5
              ],
              "uv": [
                0,
                60
              ],
              "inflate": 0
            },
            {
              "origin": [
                -3.0,
                53.0,
                -2.0
              ],
              "size": [
                6.0,
                6.0,
                0.0
              ],
              "pivot": [
                0.0,
                49.0,
                -1.5
              ],
              "rotation": [
                0.0,
                0.0,
                42.5
              ],
              "uv": [
                0,
                58
              ],
              "inflate": 0
            },
            {
              "origin": [
                -2.0,
                59.0,
                -2.0
              ],
              "size": [
                4.0,
                2.0,
                0.0
              ],
              "pivot": [
                0.0,
                49.0,
                -1.5
              ],
              "rotation": [
                0.0,
                0.0,
                42.5
              ],
              "uv": [
                56,
                0
              ],
              "inflate": 0
            },
            {
              "origin": [
                4.0,
                46.0,
                -2.0
              ],
              "size": [
                6.0,
                6.0,
                0.0
              ],
              "pivot": [
                0.0,
                49.0,
                -1.5
              ],
              "rotation": [
                0.0,
                0.0,
                42.5
              ],
              "uv": [
                0,
                58
              ],
              "inflate": 0
            },
            {
              "origin": [
                10.0,
                47.0,
                -2.0
              ],
              "size": [
                2.0,
                4.0,
                0.0
              ],
              "pivot": [
                0.0,
                49.0,
                -1.5
              ],
              "rotation": [
                0.0,
                0.0,
                42.5
              ],
              "uv": [
                0,
                60
              ],
              "inflate": 0
            }
          ],
          "parent": "head",
          "rotation": [
            0,
            0,
            47.5
          ]
        },
        {
          "name": "eyeball",
          "pivot": [
            -2,
            50,
            -2
          ],
          "cubes": [
            {
              "origin": [
                -3.0,
                49.0,
                -2.0
              ],
              "size": [
                2.0,
                2.0,
                1.0
              ],
              "uv": [
                16,
                30
              ],
              "inflate": 0.5
            }
          ],
          "parent": "head"
        },
        {
          "name": "eyeball2",
          "pivot": [
            2,
            50,
            -2
          ],
          "cubes": [
            {
              "origin": [
                1.0,
                49.0,
                -2.0
              ],
              "size": [
                2.0,
                2.0,
                1.0
              ],
              "uv": [
                16,
                27
              ],
              "inflate": 0.5
            }
          ],
          "parent": "head"
        },
        {
          "name": "rightArm",
          "pivot": [
            -1,
            42,
            0
          ],
          "cubes": [
            {
              "origin": [
                -3.0,
                32.0,
                -1.0
              ],
              "size": [
                2.0,
                11.0,
                2.0
              ],
              "uv": [
                50,
                49
              ],
              "inflate": 0
            }
          ],
          "parent": "body3"
        },
        {
          "name": "rightArm2",
          "pivot": [
            -2,
            32,
            0
          ],
          "cubes": [
            {
              "origin": [
                -3.0,
                23.0,
                -1.0
              ],
              "size": [
                2.0,
                9.0,
                2.0
              ],
              "uv": [
                50,
                51
              ],
              "inflate": 0
            }
          ],
          "parent": "rightArm"
        },
        {
          "name": "rightArm3",
          "pivot": [
            -2,
            23,
            0
          ],
          "cubes": [
            {
              "origin": [
                -6.0,
                13.0,
                0.0
              ],
              "size": [
                8.0,
                10.0,
                0.0
              ],
              "uv": [
                0,
                27
              ],
              "inflate": 0
            }
          ],
          "parent": "rightArm2"
        },
        {
          "name": "leftArm3",
          "pivot": [
            1,
            42,
            0
          ],
          "cubes": [
            {
              "origin": [
                1.0,
                32.0,
                -1.0
              ],
              "size": [
                2.0,
                11.0,
                2.0
              ],
              "uv": [
                50,
                49
              ],
              "inflate": 0
            }
          ],
          "parent": "body3"
        },
        {
          "name": "leftArm",
          "pivot": [
            2,
            32,
            0
          ],
          "cubes": [
            {
              "origin": [
                1.0,
                23.0,
                -1.0
              ],
              "size": [
                2.0,
                9.0,
                2.0
              ],
              "uv": [
                50,
                51
              ],
              "inflate": 0
            }
          ],
          "parent": "leftArm3"
        },
        {
          "name": "leftArm2",
          "pivot": [
            2,
            23,
            0
          ],
          "cubes": [
            {
              "origin": [
                -2.0,
                13.0,
                0.0
              ],
              "size": [
                8.0,
                10.0,
                0.0
              ],
              "uv": [
                0,
                27
              ],
              "inflate": 0
            }
          ],
          "parent": "leftArm"
        },
        {
          "name": "rightLeg",
          "pivot": [
            -3,
            20,
            0
          ],
          "cubes": [
            {
              "origin": [
                -3.0,
                10.0,
                -1.0
              ],
              "size": [
                2.0,
                11.0,
                2.0
              ],
              "uv": [
                50,
                49
              ],
              "inflate": 0
            }
          ],
          "parent": "root"
        },
        {
          "name": "rightLeg2",
          "pivot": [
            -2,
            10,
            0
          ],
          "cubes": [
            {
              "origin": [
                -3.0,
                1.0,
                -1.0
              ],
              "size": [
                2.0,
                9.0,
                2.0
              ],
              "uv": [
                50,
                51
              ],
              "inflate": 0
            }
          ],
          "parent": "rightLeg"
        },
        {
          "name": "rightLeg3",
          "pivot": [
            -2,
            1,
            0
          ],
          "cubes": [
            {
              "origin": [
                -6.0,
                -9.0,
                0.0
              ],
              "size": [
                8.0,
                10.0,
                0.0
              ],
              "pivot": [
                -4.0,
                1.0,
                0.0
              ],
              "rotation": [
                -90.0,
                0.0,
                0.0
              ],
              "uv": [
                0,
                27
              ],
              "inflate": 0
            }
          ],
          "parent": "rightLeg2"
        },
        {
          "name": "leftLeg",
          "pivot": [
            1,
            20,
            0
          ],
          "cubes": [
            {
              "origin": [
                1.0,
                10.0,
                -1.0
              ],
              "size": [
                2.0,
                11.0,
                2.0
              ],
              "uv": [
                50,
                49
              ],
              "inflate": 0
            }
          ],
          "parent": "root"
        },
        {
          "name": "leftLeg2",
          "pivot": [
            2,
            10,
            0
          ],
          "cubes": [
            {
              "origin": [
                1.0,
                1.0,
                -1.0
              ],
              "size": [
                2.0,
                9.0,
                2.0
              ],
              "uv": [
                50,
                51
              ],
              "inflate": 0
            }
          ],
          "parent": "leftLeg"
        },
        {
          "name": "leftLeg3",
          "pivot": [
            2,
            1,
            0
          ],
          "cubes": [
            {
              "origin": [
                -2.0,
                -9.0,
                0.0
              ],
              "size": [
                8.0,
                10.0,
                0.0
              ],
              "pivot": [
                0.0,
                1.0,
                0.0
              ],
              "rotation": [
                -90.0,
                0.0,
                0.0
              ],
              "uv": [
                0,
                27
              ],
              "inflate": 0
            }
          ],
          "parent": "leftLeg2"
        }
      ]
    }
  ]
}