{
  "mob.mr_stinger_flynn_v2.hurt": {
    "category": " neutral",
    "sounds": [
      "sounds/mob/mr_stinger_flynn_v2/hurt"
    ]
  },
  "mob.mr_stinger_flynn_v2.ambient": {
    "category": " neutral",
    "sounds": [
      "sounds/mob/mr_stinger_flynn_v2/ambient"
    ]
  },
  "mob.mr_stinger_flynn_v2.drink": {
    "category": " neutral",
    "sounds": [
      "sounds/mob/mr_stinger_flynn_v2/drink"
    ]
  },
  "mob.mr_stinger_flynn_v2.death": {
    "category": " neutral",
    "sounds": [
      "sounds/mob/mr_stinger_flynn_v2/death"
    ]
  },
  "mob.mr_evil_bannan.hurt": {
    "category": " neutral",
    "sounds": [
      "sounds/mob/mr_evil_bannan/hurt"
    ]
  },
  "mob.mr_evil_bannan.ambient": {
    "category": " neutral",
    "sounds": [
      "sounds/mob/mr_evil_bannan/ambient"
    ]
  },
  "mob.mr_evil_bannan.death": {
    "category": " neutral",
    "sounds": [
      "sounds/mob/mr_evil_bannan/death"
    ]
  },
  "mob.mr_nabnab.ambient": {
    "category": " neutral",
    "sounds": [
      "sounds/mob/mr_nabnab/ambient"
    ]
  },
  "mob.mr_evil_bannan.drink": {
    "category": " neutral",
    "sounds": [
      "sounds/mob/mr_evil_bannan/drink"
    ]
  },
  "mob.mr_nabnab.hurt": {
    "category": " neutral",
    "sounds": [
      "sounds/mob/mr_nabnab/hurt"
    ]
  },
  "mob.mr_nabnab.drink": {
    "category": " neutral",
    "sounds": [
      "sounds/mob/mr_nabnab/drink"
    ]
  },
  "mob.mr_nabnab.death": {
    "category": " neutral",
    "sounds": [
      "sounds/mob/mr_nabnab/death"
    ]
  },
  "mob.mr_tarta_opila_evil.ambient": {
    "category": " neutral",
    "sounds": [
      "sounds/mob/mr_tarta_opila_evil/ambient"
    ]
  },
  "mob.mr_tarta_opila_evil.drink": {
    "category": " neutral",
    "sounds": [
      "sounds/mob/mr_tarta_opila_evil/drink"
    ]
  },
  "mob.mr_tarta_opila_evil.hurt": {
    "category": " neutral",
    "sounds": [
      "sounds/mob/mr_tarta_opila_evil/hurt"
    ]
  },
  "mob.mr_opila_birds.ambient": {
    "category": " neutral",
    "sounds": [
      "sounds/mob/mr_opila_birds/ambient"
    ]
  },
  "mob.mr_tarta_opila_evil.death": {
    "category": " neutral",
    "sounds": [
      "sounds/mob/mr_tarta_opila_evil/death"
    ]
  },
  "mob.mr_opila_birds.death": {
    "category": " neutral",
    "sounds": [
      "sounds/mob/mr_opila_birds/death"
    ]
  },
  "mob.mr_opila_birds.hurt": {
    "category": " neutral",
    "sounds": [
      "sounds/mob/mr_opila_birds/hurt"
    ]
  },
  "mob.mr_opila_birds.drink": {
    "category": " neutral",
    "sounds": [
      "sounds/mob/mr_opila_birds/drink"
    ]
  },
  "mob.mr_nabnaleena.ambient": {
    "category": " neutral",
    "sounds": [
      "sounds/mob/mr_nabnaleena/ambient"
    ]
  },
  "mob.mr_nabnaleena.hurt": {
    "category": " neutral",
    "sounds": [
      "sounds/mob/mr_nabnaleena/hurt"
    ]
  },
  "mob.mr_nabnaleena.drink": {
    "category": " neutral",
    "sounds": [
      "sounds/mob/mr_nabnaleena/drink"
    ]
  },
  "mob.mr_nabnaleena.death": {
    "category": " neutral",
    "sounds": [
      "sounds/mob/mr_nabnaleena/death"
    ]
  },
  "mob.mr_jumbo_josh.ambient": {
    "category": " neutral",
    "sounds": [
      "sounds/mob/mr_jumbo_josh/ambient"
    ]
  },
  "mob.mr_jumbo_josh.hurt": {
    "category": " neutral",
    "sounds": [
      "sounds/mob/mr_jumbo_josh/hurt"
    ]
  },
  "mob.mr_jumbo_josh.drink": {
    "category": " neutral",
    "sounds": [
      "sounds/mob/mr_jumbo_josh/drink"
    ]
  },
  "mob.mr_mini_opila.hurt": {
    "category": " neutral",
    "sounds": [
      "sounds/mob/mr_mini_opila/hurt"
    ]
  },
  "mob.mr_jumbo_josh.death": {
    "category": " neutral",
    "sounds": [
      "sounds/mob/mr_jumbo_josh/death"
    ]
  },
  "mob.mr_mini_opila.ambient": {
    "category": " neutral",
    "sounds": [
      "sounds/mob/mr_mini_opila/ambient"
    ]
  },
  "mob.mr_mini_opila.death": {
    "category": " neutral",
    "sounds": [
      "sounds/mob/mr_mini_opila/death"
    ]
  },
  "mob.mr_mini_opila.drink": {
    "category": " neutral",
    "sounds": [
      "sounds/mob/mr_mini_opila/drink"
    ]
  },
  "mob.mr_banban.ambient": {
    "category": " neutral",
    "sounds": [
      "sounds/mob/mr_banban/ambient"
    ]
  },
  "mob.mr_banban.death": {
    "category": " neutral",
    "sounds": [
      "sounds/mob/mr_banban/death"
    ]
  },
  "mob.mr_banban.hurt": {
    "category": " neutral",
    "sounds": [
      "sounds/mob/mr_banban/hurt"
    ]
  },
  "mob.mr_banban.drink": {
    "category": " neutral",
    "sounds": [
      "sounds/mob/mr_banban/drink"
    ]
  },
  "mob.mr_mr_kabob.panic": {
    "category": " neutral",
    "sounds": [
      "sounds/mob/mr_mr_kabob/panic"
    ]
  },
  "mr_drone_tracks_shot": {
    "category": "neutral",
    "sounds": [
      "sounds/mr_drone_tracks_shot"
    ]
  },
  "mob.mr_banbaleena.ambient": {
    "category": " neutral",
    "sounds": [
      "sounds/mob/mr_banbaleena/ambient"
    ]
  },
  "mob.mr_banbaleena.death": {
    "category": " neutral",
    "sounds": [
      "sounds/mob/mr_banbaleena/death"
    ]
  },
  "mob.mr_banbaleena.hurt": {
    "category": " neutral",
    "sounds": [
      "sounds/mob/mr_banbaleena/hurt"
    ]
  },
  "mob.mr_banbaleena.drink": {
    "category": " neutral",
    "sounds": [
      "sounds/mob/mr_banbaleena/drink"
    ]
  }
}