{
  "format_version": "1.12.0",
  "minecraft:geometry": [
    {
      "description": {
        "identifier": "geometry.yg_kitty_bitty",
        "texture_width": 128,
        "texture_height": 128,
        "visible_bounds_width": 5,
        "visible_bounds_height": 4.5,
        "visible_bounds_offset": [
          0,
          1.75,
          0
        ]
      },
      "bones": [
        {
          "name": "Root"
        },
        {
          "name": "Body",
          "pivot": [
            -0.5,
            11,
            0
          ],
          "cubes": [
            {
              "origin": [
                -4.0,
                10.77468,
                -3.1606
              ],
              "size": [
                8.0,
                8.0,
                8.0
              ],
              "uv": [
                0,
                30
              ],
              "inflate": 0
            },
            {
              "origin": [
                -2.0,
                12.03516,
                3.81661
              ],
              "size": [
                4.0,
                4.0,
                4.0
              ],
              "pivot": [
                0.0,
                14.03516,
                5.81661
              ],
              "rotation": [
                10.0,
                0.0,
                0.0
              ],
              "uv": [
                52,
                28
              ],
              "inflate": 0
            }
          ],
          "parent": "Root"
        },
        {
          "name": "bone3",
          "pivot": [
            -0.5,
            18.5,
            1
          ],
          "cubes": [
            {
              "origin": [
                -3.5,
                18.01712,
                -2.6078
              ],
              "size": [
                7.0,
                8.0,
                6.0
              ],
              "pivot": [
                0.0,
                22.01712,
                0.3922
              ],
              "rotation": [
                5.0,
                0.0,
                0.0
              ],
              "uv": [
                32,
                30
              ],
              "inflate": 0
            }
          ],
          "parent": "Body"
        },
        {
          "name": "Head",
          "pivot": [
            0,
            26,
            0
          ],
          "cubes": [
            {
              "origin": [
                -5.0,
                31.0,
                -5.0
              ],
              "size": [
                10.0,
                5.0,
                10.0
              ],
              "uv": [
                0,
                15
              ],
              "inflate": 0
            },
            {
              "origin": [
                -6.0,
                26.0,
                -5.3
              ],
              "size": [
                12.0,
                8.0,
                0.0
              ],
              "uv": [
                40,
                20
              ],
              "inflate": 0
            },
            {
              "origin": [
                -3.61,
                29.39,
                -5.3
              ],
              "size": [
                1.22,
                1.22,
                0.0
              ],
              "uv": [
                0,
                0
              ],
              "inflate": 0
            },
            {
              "origin": [
                2.39,
                29.39,
                -5.3
              ],
              "size": [
                1.22,
                1.22,
                0.0
              ],
              "uv": [
                0,
                0
              ],
              "inflate": 0,
              "mirror": true
            },
            {
              "origin": [
                -7.98887,
                32.42871,
                -1.5
              ],
              "size": [
                6.0,
                6.0,
                3.0
              ],
              "pivot": [
                -4.98887,
                35.42871,
                0.0
              ],
              "rotation": [
                1.29131,
                -2.42248,
                -29.81234
              ],
              "uv": [
                46,
                44
              ],
              "inflate": 0
            },
            {
              "origin": [
                1.98891,
                32.42868,
                -1.5
              ],
              "size": [
                6.0,
                6.0,
                3.0
              ],
              "pivot": [
                4.98891,
                35.42868,
                0.0
              ],
              "rotation": [
                1.29131,
                2.42248,
                29.81234
              ],
              "uv": [
                46,
                44
              ],
              "inflate": 0,
              "mirror": true
            },
            {
              "origin": [
                -9.83091,
                37.55918,
                -1.56308
              ],
              "size": [
                5.0,
                4.0,
                2.0
              ],
              "pivot": [
                -7.33091,
                39.55918,
                -0.56308
              ],
              "rotation": [
                8.79131,
                -2.42248,
                -29.81234
              ],
              "uv": [
                24,
                30
              ],
              "inflate": 0
            },
            {
              "origin": [
                4.83091,
                37.55918,
                -1.56308
              ],
              "size": [
                5.0,
                4.0,
                2.0
              ],
              "pivot": [
                7.33091,
                39.55918,
                -0.56308
              ],
              "rotation": [
                8.79131,
                2.42248,
                29.81234
              ],
              "uv": [
                24,
                30
              ],
              "inflate": 0,
              "mirror": true
            },
            {
              "origin": [
                -5.2,
                25.86,
                -5.2
              ],
              "size": [
                10.4,
                5.28,
                10.4
              ],
              "uv": [
                0,
                0
              ],
              "inflate": 0
            },
            {
              "origin": [
                -6.13093,
                25.94145,
                -5.2
              ],
              "size": [
                1.4,
                5.28,
                10.4
              ],
              "pivot": [
                -5.43093,
                28.58145,
                0.0
              ],
              "rotation": [
                0.0,
                0.0,
                10.0
              ],
              "uv": [
                30,
                5
              ],
              "inflate": 0
            },
            {
              "origin": [
                4.73093,
                25.94145,
                -5.2
              ],
              "size": [
                1.4,
                5.28,
                10.4
              ],
              "pivot": [
                5.43093,
                28.58145,
                0.0
              ],
              "rotation": [
                0.0,
                0.0,
                -10.0
              ],
              "uv": [
                30,
                5
              ],
              "inflate": 0,
              "mirror": true
            }
          ],
          "parent": "bone3"
        },
        {
          "name": "Rightarm",
          "pivot": [
            -3.5,
            25,
            1
          ],
          "cubes": [
            {
              "origin": [
                -5.0,
                20.35849,
                -0.82916
              ],
              "size": [
                2.0,
                5.0,
                2.0
              ],
              "pivot": [
                -4.0,
                22.85849,
                0.17084
              ],
              "rotation": [
                -17.5,
                0.0,
                0.0
              ],
              "uv": [
                0,
                15
              ],
              "inflate": 0
            }
          ],
          "parent": "bone3"
        },
        {
          "name": "bone4",
          "pivot": [
            -4,
            20.5,
            0
          ],
          "cubes": [
            {
              "origin": [
                -5.5,
                19.0,
                -5.0
              ],
              "size": [
                3.0,
                3.0,
                5.0
              ],
              "uv": [
                52,
                11
              ],
              "inflate": 0
            },
            {
              "origin": [
                -6.0,
                17.23769,
                -8.7793
              ],
              "size": [
                4.0,
                3.0,
                6.0
              ],
              "pivot": [
                -4.0,
                18.73769,
                -5.7793
              ],
              "rotation": [
                50.0,
                0.0,
                0.0
              ],
              "uv": [
                26,
                44
              ],
              "inflate": 0
            },
            {
              "origin": [
                -6.0,
                14.32419,
                -10.03484
              ],
              "size": [
                1.0,
                2.0,
                4.0
              ],
              "pivot": [
                -5.5,
                15.32419,
                -8.03484
              ],
              "rotation": [
                85.0,
                0.0,
                0.0
              ],
              "uv": [
                0,
                0
              ],
              "inflate": 0
            },
            {
              "origin": [
                -3.0,
                14.3242,
                -10.03485
              ],
              "size": [
                1.0,
                2.0,
                4.0
              ],
              "pivot": [
                -2.5,
                15.3242,
                -8.03485
              ],
              "rotation": [
                85.0,
                0.0,
                0.0
              ],
              "uv": [
                0,
                0
              ],
              "inflate": 0
            },
            {
              "origin": [
                -4.5,
                14.32419,
                -10.03484
              ],
              "size": [
                1.0,
                2.0,
                4.0
              ],
              "pivot": [
                -4.0,
                15.32419,
                -8.03484
              ],
              "rotation": [
                85.0,
                0.0,
                0.0
              ],
              "uv": [
                0,
                0
              ],
              "inflate": 0
            }
          ],
          "parent": "Rightarm"
        },
        {
          "name": "Leftarm",
          "pivot": [
            3.5,
            25,
            1
          ],
          "cubes": [
            {
              "origin": [
                3.0,
                20.35849,
                -0.82916
              ],
              "size": [
                2.0,
                5.0,
                2.0
              ],
              "pivot": [
                4.0,
                22.85849,
                0.17084
              ],
              "rotation": [
                -17.5,
                0.0,
                0.0
              ],
              "uv": [
                0,
                15
              ],
              "inflate": 0,
              "mirror": true
            }
          ],
          "parent": "bone3"
        },
        {
          "name": "bone6",
          "pivot": [
            4,
            20.5,
            0
          ],
          "cubes": [
            {
              "origin": [
                2.5,
                19.0,
                -5.0
              ],
              "size": [
                3.0,
                3.0,
                5.0
              ],
              "uv": [
                52,
                11
              ],
              "inflate": 0,
              "mirror": true
            },
            {
              "origin": [
                2.0,
                17.23769,
                -8.7793
              ],
              "size": [
                4.0,
                3.0,
                6.0
              ],
              "pivot": [
                4.0,
                18.73769,
                -5.7793
              ],
              "rotation": [
                50.0,
                0.0,
                0.0
              ],
              "uv": [
                26,
                44
              ],
              "inflate": 0,
              "mirror": true
            },
            {
              "origin": [
                5.0,
                14.32419,
                -10.03484
              ],
              "size": [
                1.0,
                2.0,
                4.0
              ],
              "pivot": [
                5.5,
                15.32419,
                -8.03484
              ],
              "rotation": [
                85.0,
                0.0,
                0.0
              ],
              "uv": [
                0,
                0
              ],
              "inflate": 0,
              "mirror": true
            },
            {
              "origin": [
                2.0,
                14.32419,
                -10.03484
              ],
              "size": [
                1.0,
                2.0,
                4.0
              ],
              "pivot": [
                2.5,
                15.32419,
                -8.03484
              ],
              "rotation": [
                85.0,
                0.0,
                0.0
              ],
              "uv": [
                0,
                0
              ],
              "inflate": 0,
              "mirror": true
            },
            {
              "origin": [
                3.5,
                14.32419,
                -10.03484
              ],
              "size": [
                1.0,
                2.0,
                4.0
              ],
              "pivot": [
                4.0,
                15.32419,
                -8.03484
              ],
              "rotation": [
                85.0,
                0.0,
                0.0
              ],
              "uv": [
                0,
                0
              ],
              "inflate": 0,
              "mirror": true
            }
          ],
          "parent": "Leftarm"
        },
        {
          "name": "Tail",
          "pivot": [
            0,
            14.5,
            7.5
          ],
          "cubes": [
            {
              "origin": [
                -1.0,
                13.5,
                7.0
              ],
              "size": [
                2.0,
                2.0,
                7.0
              ],
              "uv": [
                9,
                51
              ],
              "inflate": 0
            }
          ],
          "parent": "Body"
        },
        {
          "name": "bone",
          "pivot": [
            0,
            14.5,
            13.5
          ],
          "cubes": [
            {
              "origin": [
                -1.14,
                13.36,
                13.51
              ],
              "size": [
                2.28,
                2.28,
                7.98
              ],
              "uv": [
                9,
                51
              ],
              "inflate": 0
            }
          ],
          "parent": "Tail"
        },
        {
          "name": "bone2",
          "pivot": [
            0,
            14.5,
            21
          ],
          "cubes": [
            {
              "origin": [
                -1.5,
                13.0,
                21.0
              ],
              "size": [
                3.0,
                3.0,
                8.0
              ],
              "uv": [
                42,
                0
              ],
              "inflate": 0
            }
          ],
          "parent": "bone"
        },
        {
          "name": "Rightleg",
          "pivot": [
            -3.5,
            11,
            1.5
          ],
          "cubes": [
            {
              "origin": [
                -5.0,
                6.16948,
                -1.19262
              ],
              "size": [
                3.0,
                6.0,
                3.0
              ],
              "pivot": [
                -3.5,
                9.16948,
                0.30738
              ],
              "rotation": [
                -27.5,
                0.0,
                0.0
              ],
              "uv": [
                27,
                53
              ],
              "inflate": 0
            }
          ],
          "parent": "Root"
        },
        {
          "name": "bone5",
          "pivot": [
            -3.5,
            7,
            0
          ],
          "cubes": [
            {
              "origin": [
                -5.5,
                0.0,
                -1.0
              ],
              "size": [
                4.0,
                8.0,
                4.0
              ],
              "uv": [
                0,
                46
              ],
              "inflate": 0
            }
          ],
          "parent": "Rightleg"
        },
        {
          "name": "Leftleg",
          "pivot": [
            3.5,
            11,
            1.5
          ],
          "cubes": [
            {
              "origin": [
                2.0,
                6.16948,
                -1.19262
              ],
              "size": [
                3.0,
                6.0,
                3.0
              ],
              "pivot": [
                3.5,
                9.16948,
                0.30738
              ],
              "rotation": [
                -27.5,
                0.0,
                0.0
              ],
              "uv": [
                27,
                53
              ],
              "inflate": 0,
              "mirror": true
            }
          ],
          "parent": "Root"
        },
        {
          "name": "bone7",
          "pivot": [
            3.5,
            7,
            0
          ],
          "cubes": [
            {
              "origin": [
                1.5,
                0.0,
                -1.0
              ],
              "size": [
                4.0,
                8.0,
                4.0
              ],
              "uv": [
                0,
                46
              ],
              "inflate": 0,
              "mirror": true
            }
          ],
          "parent": "Leftleg"
        }
      ]
    }
  ]
}