{
  "format_version": "1.12.0",
  "minecraft:geometry": [
    {
      "description": {
        "identifier": "geometry.yg_wooly_bully",
        "texture_width": 128,
        "texture_height": 128,
        "visible_bounds_width": 3,
        "visible_bounds_height": 3.5,
        "visible_bounds_offset": [
          0,
          1.25,
          0
        ]
      },
      "bones": [
        {
          "name": "Root"
        },
        {
          "name": "Body",
          "pivot": [
            0,
            13,
            0
          ],
          "cubes": [
            {
              "origin": [
                -6.0,
                13.0,
                -5.0
              ],
              "size": [
                12.0,
                7.0,
                10.0
              ],
              "uv": [
                0,
                23
              ],
              "inflate": 0
            }
          ],
          "parent": "Root"
        },
        {
          "name": "bone2",
          "pivot": [
            0,
            20,
            -0.5
          ],
          "cubes": [
            {
              "origin": [
                -7.0,
                20.0,
                -5.5
              ],
              "size": [
                14.0,
                12.0,
                11.0
              ],
              "uv": [
                0,
                0
              ],
              "inflate": 0
            },
            {
              "origin": [
                -6.0,
                23.0,
                -5.1
              ],
              "size": [
                12.0,
                6.0,
                0.0
              ],
              "uv": [
                24,
                48
              ],
              "inflate": 0
            },
            {
              "origin": [
                -5.3,
                24.7,
                -5.2
              ],
              "size": [
                2.6,
                2.6,
                0.0
              ],
              "uv": [
                6,
                6
              ],
              "inflate": 0
            },
            {
              "origin": [
                2.7,
                24.7,
                -5.2
              ],
              "size": [
                2.6,
                2.6,
                0.0
              ],
              "uv": [
                6,
                6
              ],
              "inflate": 0,
              "mirror": true
            },
            {
              "origin": [
                -5.0,
                25.0,
                -5.3
              ],
              "size": [
                2.0,
                2.0,
                0.0
              ],
              "uv": [
                6,
                0
              ],
              "inflate": 0
            },
            {
              "origin": [
                3.0,
                25.0,
                -5.3
              ],
              "size": [
                2.0,
                2.0,
                0.0
              ],
              "uv": [
                6,
                0
              ],
              "inflate": 0,
              "mirror": true
            },
            {
              "origin": [
                3.0,
                26.0,
                -5.4
              ],
              "size": [
                2.0,
                3.0,
                0.0
              ],
              "uv": [
                4,
                29
              ],
              "inflate": 0,
              "mirror": true
            },
            {
              "origin": [
                -5.0,
                26.0,
                -5.4
              ],
              "size": [
                2.0,
                3.0,
                0.0
              ],
              "uv": [
                4,
                29
              ],
              "inflate": 0
            },
            {
              "origin": [
                -1.0,
                24.5,
                -5.4
              ],
              "size": [
                2.0,
                3.0,
                0.0
              ],
              "uv": [
                4,
                29
              ],
              "inflate": 0
            },
            {
              "origin": [
                -1.0,
                22.5,
                -5.4
              ],
              "size": [
                2.0,
                3.0,
                0.0
              ],
              "uv": [
                0,
                29
              ],
              "inflate": 0
            },
            {
              "origin": [
                3.0,
                23.0,
                -5.4
              ],
              "size": [
                2.0,
                3.0,
                0.0
              ],
              "uv": [
                0,
                29
              ],
              "inflate": 0,
              "mirror": true
            },
            {
              "origin": [
                -5.0,
                23.0,
                -5.4
              ],
              "size": [
                2.0,
                3.0,
                0.0
              ],
              "uv": [
                0,
                29
              ],
              "inflate": 0
            },
            {
              "origin": [
                -9.94501,
                23.0003,
                -4.5
              ],
              "size": [
                6.0,
                8.0,
                9.0
              ],
              "pivot": [
                -6.94501,
                27.0003,
                0.0
              ],
              "rotation": [
                0.0,
                0.0,
                -37.5
              ],
              "uv": [
                35,
                31
              ],
              "inflate": 0
            },
            {
              "origin": [
                3.94501,
                23.0003,
                -4.5
              ],
              "size": [
                6.0,
                8.0,
                9.0
              ],
              "pivot": [
                6.94501,
                27.0003,
                0.0
              ],
              "rotation": [
                0.0,
                0.0,
                37.5
              ],
              "uv": [
                35,
                31
              ],
              "inflate": 0,
              "mirror": true
            }
          ],
          "parent": "Body"
        },
        {
          "name": "Rightarm",
          "pivot": [
            -7,
            27,
            0
          ],
          "cubes": [
            {
              "origin": [
                -11.0,
                20.0,
                -2.0
              ],
              "size": [
                4.0,
                8.0,
                4.0
              ],
              "uv": [
                48,
                48
              ],
              "inflate": 0
            }
          ],
          "parent": "bone2"
        },
        {
          "name": "bone",
          "pivot": [
            -9,
            20,
            0
          ],
          "cubes": [
            {
              "origin": [
                -11.5,
                15.0,
                -2.5
              ],
              "size": [
                5.0,
                5.0,
                5.0
              ],
              "uv": [
                39,
                0
              ],
              "inflate": 0
            },
            {
              "origin": [
                -12.0,
                8.0,
                -3.0
              ],
              "size": [
                6.0,
                7.0,
                6.0
              ],
              "uv": [
                0,
                40
              ],
              "inflate": 0
            },
            {
              "origin": [
                -11.62519,
                4.65776,
                -1.12
              ],
              "size": [
                2.24,
                4.48,
                2.24
              ],
              "pivot": [
                -10.50519,
                6.89776,
                0.0
              ],
              "rotation": [
                0.0,
                0.0,
                17.5
              ],
              "uv": [
                0,
                23
              ],
              "inflate": 0
            },
            {
              "origin": [
                -7.61481,
                4.65776,
                -2.12
              ],
              "size": [
                2.24,
                4.48,
                2.24
              ],
              "pivot": [
                -6.49481,
                6.89776,
                -1.0
              ],
              "rotation": [
                0.0,
                0.0,
                -17.5
              ],
              "uv": [
                0,
                23
              ],
              "inflate": 0,
              "mirror": true
            },
            {
              "origin": [
                -11.57569,
                4.83817,
                1.24823
              ],
              "size": [
                2.28,
                4.56,
                2.28
              ],
              "pivot": [
                -10.43569,
                7.11817,
                2.38823
              ],
              "rotation": [
                15.0,
                0.0,
                17.5
              ],
              "uv": [
                0,
                23
              ],
              "inflate": 0
            },
            {
              "origin": [
                -11.57569,
                4.83817,
                -3.52823
              ],
              "size": [
                2.28,
                4.56,
                2.28
              ],
              "pivot": [
                -10.43569,
                7.11817,
                -2.38823
              ],
              "rotation": [
                -15.0,
                0.0,
                17.5
              ],
              "uv": [
                0,
                23
              ],
              "inflate": 0
            },
            {
              "origin": [
                -11.27197,
                2.14026,
                -4.13603
              ],
              "size": [
                2.0,
                4.0,
                2.0
              ],
              "pivot": [
                -10.27197,
                4.14026,
                -3.13603
              ],
              "rotation": [
                -11.59948,
                -9.57658,
                -21.52504
              ],
              "uv": [
                0,
                0
              ],
              "inflate": 0
            },
            {
              "origin": [
                -11.27197,
                2.14026,
                2.13603
              ],
              "size": [
                2.0,
                4.0,
                2.0
              ],
              "pivot": [
                -10.27197,
                4.14026,
                3.13603
              ],
              "rotation": [
                11.59948,
                9.57658,
                -21.52504
              ],
              "uv": [
                0,
                0
              ],
              "inflate": 0
            },
            {
              "origin": [
                -11.31694,
                1.99762,
                -1.0
              ],
              "size": [
                2.0,
                4.0,
                2.0
              ],
              "pivot": [
                -10.31694,
                3.99762,
                0.0
              ],
              "rotation": [
                0.0,
                0.0,
                -22.5
              ],
              "uv": [
                0,
                0
              ],
              "inflate": 0
            },
            {
              "origin": [
                -7.68306,
                1.99762,
                -2.0
              ],
              "size": [
                2.0,
                4.0,
                2.0
              ],
              "pivot": [
                -6.68306,
                3.99762,
                -1.0
              ],
              "rotation": [
                0.0,
                0.0,
                22.5
              ],
              "uv": [
                0,
                0
              ],
              "inflate": 0,
              "mirror": true
            },
            {
              "origin": [
                -12.0,
                7.01522,
                -3.34862
              ],
              "size": [
                6.0,
                8.0,
                0.0
              ],
              "pivot": [
                -9.0,
                11.01522,
                -3.34862
              ],
              "rotation": [
                -5.0,
                0.0,
                0.0
              ],
              "uv": [
                50,
                10
              ],
              "inflate": 0
            },
            {
              "origin": [
                -12.0,
                7.01522,
                3.34862
              ],
              "size": [
                6.0,
                8.0,
                0.0
              ],
              "pivot": [
                -9.0,
                11.01522,
                3.34862
              ],
              "rotation": [
                5.0,
                0.0,
                0.0
              ],
              "uv": [
                50,
                10
              ],
              "inflate": 0
            },
            {
              "origin": [
                -5.65038,
                7.01531,
                -3.0
              ],
              "size": [
                0.0,
                8.0,
                6.0
              ],
              "pivot": [
                -5.65038,
                11.01531,
                0.0
              ],
              "rotation": [
                0.0,
                0.0,
                -5.0
              ],
              "uv": [
                16,
                48
              ],
              "inflate": 0
            },
            {
              "origin": [
                -12.34763,
                7.01513,
                -3.0
              ],
              "size": [
                0.0,
                8.0,
                6.0
              ],
              "pivot": [
                -12.34763,
                11.01513,
                0.0
              ],
              "rotation": [
                0.0,
                0.0,
                5.0
              ],
              "uv": [
                16,
                48
              ],
              "inflate": 0,
              "mirror": true
            }
          ],
          "parent": "Rightarm"
        },
        {
          "name": "Leftarm",
          "pivot": [
            7,
            27,
            0
          ],
          "cubes": [
            {
              "origin": [
                7.0,
                20.0,
                -2.0
              ],
              "size": [
                4.0,
                8.0,
                4.0
              ],
              "uv": [
                48,
                48
              ],
              "inflate": 0,
              "mirror": true
            }
          ],
          "parent": "bone2"
        },
        {
          "name": "bone4",
          "pivot": [
            9,
            20,
            0
          ],
          "cubes": [
            {
              "origin": [
                6.5,
                15.0,
                -2.5
              ],
              "size": [
                5.0,
                5.0,
                5.0
              ],
              "uv": [
                39,
                0
              ],
              "inflate": 0,
              "mirror": true
            },
            {
              "origin": [
                6.0,
                8.0,
                -3.0
              ],
              "size": [
                6.0,
                7.0,
                6.0
              ],
              "uv": [
                0,
                40
              ],
              "inflate": 0,
              "mirror": true
            },
            {
              "origin": [
                9.38519,
                4.65776,
                -1.12
              ],
              "size": [
                2.24,
                4.48,
                2.24
              ],
              "pivot": [
                10.50519,
                6.89776,
                0.0
              ],
              "rotation": [
                0.0,
                0.0,
                -17.5
              ],
              "uv": [
                0,
                23
              ],
              "inflate": 0,
              "mirror": true
            },
            {
              "origin": [
                5.37481,
                4.65776,
                -2.12
              ],
              "size": [
                2.24,
                4.48,
                2.24
              ],
              "pivot": [
                6.49481,
                6.89776,
                -1.0
              ],
              "rotation": [
                0.0,
                0.0,
                17.5
              ],
              "uv": [
                0,
                23
              ],
              "inflate": 0
            },
            {
              "origin": [
                9.29569,
                4.83817,
                1.24823
              ],
              "size": [
                2.28,
                4.56,
                2.28
              ],
              "pivot": [
                10.43569,
                7.11817,
                2.38823
              ],
              "rotation": [
                15.0,
                0.0,
                -17.5
              ],
              "uv": [
                0,
                23
              ],
              "inflate": 0,
              "mirror": true
            },
            {
              "origin": [
                9.29569,
                4.83817,
                -3.52823
              ],
              "size": [
                2.28,
                4.56,
                2.28
              ],
              "pivot": [
                10.43569,
                7.11817,
                -2.38823
              ],
              "rotation": [
                -15.0,
                0.0,
                -17.5
              ],
              "uv": [
                0,
                23
              ],
              "inflate": 0,
              "mirror": true
            },
            {
              "origin": [
                9.27197,
                2.14026,
                -4.13603
              ],
              "size": [
                2.0,
                4.0,
                2.0
              ],
              "pivot": [
                10.27197,
                4.14026,
                -3.13603
              ],
              "rotation": [
                -11.59948,
                9.57658,
                21.52504
              ],
              "uv": [
                0,
                0
              ],
              "inflate": 0,
              "mirror": true
            },
            {
              "origin": [
                9.27197,
                2.14026,
                2.13603
              ],
              "size": [
                2.0,
                4.0,
                2.0
              ],
              "pivot": [
                10.27197,
                4.14026,
                3.13603
              ],
              "rotation": [
                11.59948,
                -9.57658,
                21.52504
              ],
              "uv": [
                0,
                0
              ],
              "inflate": 0,
              "mirror": true
            },
            {
              "origin": [
                9.31694,
                1.99762,
                -1.0
              ],
              "size": [
                2.0,
                4.0,
                2.0
              ],
              "pivot": [
                10.31694,
                3.99762,
                0.0
              ],
              "rotation": [
                0.0,
                0.0,
                22.5
              ],
              "uv": [
                0,
                0
              ],
              "inflate": 0,
              "mirror": true
            },
            {
              "origin": [
                5.68306,
                1.99762,
                -2.0
              ],
              "size": [
                2.0,
                4.0,
                2.0
              ],
              "pivot": [
                6.68306,
                3.99762,
                -1.0
              ],
              "rotation": [
                0.0,
                0.0,
                -22.5
              ],
              "uv": [
                0,
                0
              ],
              "inflate": 0
            },
            {
              "origin": [
                6.0,
                7.01522,
                -3.34862
              ],
              "size": [
                6.0,
                8.0,
                0.0
              ],
              "pivot": [
                9.0,
                11.01522,
                -3.34862
              ],
              "rotation": [
                -5.0,
                0.0,
                0.0
              ],
              "uv": [
                50,
                10
              ],
              "inflate": 0,
              "mirror": true
            },
            {
              "origin": [
                6.0,
                7.01522,
                3.34862
              ],
              "size": [
                6.0,
                8.0,
                0.0
              ],
              "pivot": [
                9.0,
                11.01522,
                3.34862
              ],
              "rotation": [
                5.0,
                0.0,
                0.0
              ],
              "uv": [
                50,
                10
              ],
              "inflate": 0,
              "mirror": true
            },
            {
              "origin": [
                5.65038,
                7.01531,
                -3.0
              ],
              "size": [
                0.0,
                8.0,
                6.0
              ],
              "pivot": [
                5.65038,
                11.01531,
                0.0
              ],
              "rotation": [
                0.0,
                0.0,
                5.0
              ],
              "uv": [
                16,
                48
              ],
              "inflate": 0,
              "mirror": true
            },
            {
              "origin": [
                12.34763,
                7.01513,
                -3.0
              ],
              "size": [
                0.0,
                8.0,
                6.0
              ],
              "pivot": [
                12.34763,
                11.01513,
                0.0
              ],
              "rotation": [
                0.0,
                0.0,
                -5.0
              ],
              "uv": [
                16,
                48
              ],
              "inflate": 0
            }
          ],
          "parent": "Leftarm"
        },
        {
          "name": "Rightleg",
          "pivot": [
            -4,
            13,
            0
          ],
          "cubes": [
            {
              "origin": [
                -6.0,
                7.0,
                -2.0
              ],
              "size": [
                4.0,
                6.0,
                4.0
              ],
              "uv": [
                0,
                53
              ],
              "inflate": 0
            }
          ],
          "parent": "Root"
        },
        {
          "name": "bone3",
          "pivot": [
            -4,
            7,
            0
          ],
          "cubes": [
            {
              "origin": [
                -6.5,
                0.0,
                -2.5
              ],
              "size": [
                5.0,
                7.0,
                5.0
              ],
              "uv": [
                45,
                18
              ],
              "inflate": 0
            },
            {
              "origin": [
                -5.0,
                0.0,
                -4.5
              ],
              "size": [
                2.0,
                2.0,
                2.0
              ],
              "uv": [
                0,
                6
              ],
              "inflate": 0
            },
            {
              "origin": [
                -6.92262,
                0.0,
                -4.40631
              ],
              "size": [
                2.0,
                2.0,
                2.0
              ],
              "pivot": [
                -5.92262,
                1.0,
                -3.40631
              ],
              "rotation": [
                0.0,
                25.0,
                0.0
              ],
              "uv": [
                0,
                6
              ],
              "inflate": 0
            },
            {
              "origin": [
                -3.07738,
                0.0,
                -4.40631
              ],
              "size": [
                2.0,
                2.0,
                2.0
              ],
              "pivot": [
                -2.07738,
                1.0,
                -3.40631
              ],
              "rotation": [
                0.0,
                -25.0,
                0.0
              ],
              "uv": [
                0,
                6
              ],
              "inflate": 0
            }
          ],
          "parent": "Rightleg"
        },
        {
          "name": "Leftleg",
          "pivot": [
            4,
            13,
            0
          ],
          "cubes": [
            {
              "origin": [
                2.0,
                7.0,
                -2.0
              ],
              "size": [
                4.0,
                6.0,
                4.0
              ],
              "uv": [
                0,
                53
              ],
              "inflate": 0,
              "mirror": true
            }
          ],
          "parent": "Root"
        },
        {
          "name": "bone5",
          "pivot": [
            4,
            7,
            0
          ],
          "cubes": [
            {
              "origin": [
                1.5,
                0.0,
                -2.5
              ],
              "size": [
                5.0,
                7.0,
                5.0
              ],
              "uv": [
                45,
                18
              ],
              "inflate": 0,
              "mirror": true
            },
            {
              "origin": [
                3.0,
                0.0,
                -4.5
              ],
              "size": [
                2.0,
                2.0,
                2.0
              ],
              "uv": [
                0,
                6
              ],
              "inflate": 0,
              "mirror": true
            },
            {
              "origin": [
                4.92262,
                0.0,
                -4.40631
              ],
              "size": [
                2.0,
                2.0,
                2.0
              ],
              "pivot": [
                5.92262,
                1.0,
                -3.40631
              ],
              "rotation": [
                0.0,
                -25.0,
                0.0
              ],
              "uv": [
                0,
                6
              ],
              "inflate": 0,
              "mirror": true
            },
            {
              "origin": [
                1.07738,
                0.0,
                -4.40631
              ],
              "size": [
                2.0,
                2.0,
                2.0
              ],
              "pivot": [
                2.07738,
                1.0,
                -3.40631
              ],
              "rotation": [
                0.0,
                25.0,
                0.0
              ],
              "uv": [
                0,
                6
              ],
              "inflate": 0,
              "mirror": true
            }
          ],
          "parent": "Leftleg"
        }
      ]
    }
  ]
}