{"format_version":"1.10.0","minecraft:entity":{"component_groups":{"adult":{"minecraft:behavior.make_love":{"priority":0},"minecraft:behavior.receive_love":{"priority":0}},"become_zombie":{}},"components":{"minecraft:annotation.open_door":{},"minecraft:behavior.look_at_player":{"look_distance":0,"priority":0,"probability":0},"minecraft:behavior.move_indoors":{"priority":0,"speed_multiplier":0},"minecraft:behavior.move_towards_restriction":{"priority":0,"speed_multiplier":0},"minecraft:behavior.random_stroll":{"priority":0,"speed_multiplier":0},"minecraft:behavior.restrict_open_door":{"priority":0},"minecraft:behavior.share_items":{"entity_types":[],"goal_radius":0,"max_dist":0,"priority":0,"speed_multiplier":0},"minecraft:collision_box":{"height":0,"width":0},"minecraft:damage_sensor":[{"deals_damage":false,"on_damage":{"event":"become_witch","filters":{"subject":"other","test":"is_family","value":"lightning"}}},{"on_damage":{"event":"become_zombie","filters":{"all_of":[{"test":"has_damage","value":"fatal"}],"any_of":[{"subject":"other","test":"is_family","value":"zombie"},{"subject":"other","test":"is_family","value":"husk"}]}}}],"minecraft:equip_item":{},"minecraft:experience_reward":{"on_death":"query.last_hit_by_player ? 10 : 0"},"minecraft:health":{"max":9999,"value":9999},"minecraft:jump.static":{},"minecraft:knockback_resistance":{"max":1,"value":1},"minecraft:movement":{"value":0},"minecraft:movement.basic":{},"minecraft:nameable":{"allowNameTagRenaming":false,"alwaysShow":false},"minecraft:navigation.walk":{"avoid_water":false,"can_open_doors":false,"can_pass_doors":false,"can_path_over_water":false,"can_walk":false,"is_amphibious":true},"minecraft:on_death":{"event":"","target":"self"},"minecraft:on_hurt":{"event":"on:hurt","target":"self"},"minecraft:on_hurt_by_player":{"event":"on:hurt_by_player","target":"self"},"minecraft:on_ignite":{"event":"on:ignite","target":"self"},"minecraft:on_target_acquired":{"event":"on:target_acquired","target":"self"},"minecraft:on_target_escape":{"event":"on:target_escape","target":"self"},"minecraft:on_wake_with_owner":{"event":"on:wake_with_owner","target":"self"},"minecraft:physics":{},"minecraft:scale":{"value":1},"minecraft:type_family":{"family":["npc"]},"minecraft:underwater_movement":{"value":0}},"description":{"identifier":"pa:player","is_experimental":false,"is_spawnable":true,"is_summonable":true},"events":{"become_zombie":{"sequence":[{"filters":{"test":"is_difficulty","value":"normal"},"randomize":[{"add":{"component_groups":["become_zombie"]},"weight":50},{"weight":50}]},{"add":{"component_groups":["become_zombie"]},"filters":{"test":"is_difficulty","value":"hard"}}]},"minecraft:ageable_grow_up":{"sequence":[{"add":{"component_groups":["adult"]},"remove":{"component_groups":["baby"]}}]},"minecraft:entity_born":{"sequence":[{"add":{"component_groups":["baby"]}}]},"minecraft:entity_spawned":{"sequence":[{"filters":{"operator":"!=","test":"has_component","value":"minecraft:variant"},"randomize":[{"add":{"component_groups":["baby"]},"weight":5},{"add":{"component_groups":["adult"]},"weight":95}]}]},"minecraft:entity_transformed":{"sequence":[{"add":{"component_groups":["baby"]},"filters":{"subject":"other","test":"has_component","value":"minecraft:is_baby"}},{"add":{"component_groups":["adult"]},"filters":{"operator":"!=","subject":"other","test":"has_component","value":"minecraft:is_baby"}}]},"on:death":{"run_command":{"command":[]}},"on:hurt":{"run_command":{"command":[]}},"on:hurt_by_player":{"run_command":{"command":[]}},"on:ignite":{"run_command":{"command":[]}},"on:target_acquired":{"run_command":{"command":[]}},"on:target_escape":{"run_command":{"command":[]}},"on:wake_with_owner":{"run_command":{"command":[]}}}}}