{
  "format_version": "1.12.0",
  "minecraft:geometry": [
    {
      "description": {
        "identifier": "geometry.os_c",
        "texture_width": 128,
        "texture_height": 128,
        "visible_bounds_width": 3,
        "visible_bounds_height": 2.5,
        "visible_bounds_offset": [
          0,
          0.75,
          0
        ]
      },
      "bones": [
        {
          "name": "root"
        },
        {
          "name": "waist",
          "parent": "root"
        },
        {
          "name": "body",
          "pivot": [
            1,
            7.625,
            0
          ],
          "cubes": [
            {
              "origin": [
                -5.0,
                8.0,
                -4.0
              ],
              "size": [
                12.0,
                2.0,
                8.0
              ],
              "uv": [
                36,
                19
              ],
              "inflate": 0
            },
            {
              "origin": [
                -6.0,
                10.0,
                -4.0
              ],
              "size": [
                14.0,
                2.0,
                8.0
              ],
              "uv": [
                0,
                27
              ],
              "inflate": 0
            },
            {
              "origin": [
                -6.0,
                21.0,
                -4.0
              ],
              "size": [
                14.0,
                2.0,
                8.0
              ],
              "uv": [
                0,
                17
              ],
              "inflate": 0
            },
            {
              "origin": [
                -7.0,
                12.0,
                -4.0
              ],
              "size": [
                16.0,
                9.0,
                8.0
              ],
              "uv": [
                0,
                0
              ],
              "inflate": 0
            },
            {
              "origin": [
                -2.0,
                11.0,
                -4.0
              ],
              "size": [
                1.0,
                3.0,
                1.0
              ],
              "pivot": [
                -1.5,
                11.5,
                -3.5
              ],
              "rotation": [
                36.54514,
                9.06524,
                -12.0012
              ],
              "uv": [
                4,
                27
              ],
              "inflate": 0
            },
            {
              "origin": [
                3.0,
                11.0,
                -4.0
              ],
              "size": [
                1.0,
                3.0,
                1.0
              ],
              "pivot": [
                3.5,
                11.5,
                -3.5
              ],
              "rotation": [
                37.07723,
                -6.06809,
                7.96341
              ],
              "uv": [
                0,
                27
              ],
              "inflate": 0
            }
          ],
          "parent": "waist"
        },
        {
          "name": "eyeball",
          "pivot": [
            -3,
            18,
            -4
          ],
          "cubes": [
            {
              "origin": [
                -5.0,
                16.0,
                -5.0
              ],
              "size": [
                4.0,
                4.0,
                2.0
              ],
              "uv": [
                36,
                48
              ],
              "inflate": 0
            }
          ],
          "parent": "body"
        },
        {
          "name": "eyeball2",
          "pivot": [
            5,
            18,
            -4
          ],
          "cubes": [
            {
              "origin": [
                3.0,
                16.0,
                -5.0
              ],
              "size": [
                4.0,
                4.0,
                2.0
              ],
              "uv": [
                36,
                48
              ],
              "inflate": 0
            }
          ],
          "parent": "body"
        },
        {
          "name": "righArm",
          "pivot": [
            -7.5,
            18.625,
            0.5
          ],
          "cubes": [
            {
              "origin": [
                -10.0,
                12.625,
                -1.0
              ],
              "size": [
                3.0,
                8.0,
                3.0
              ],
              "uv": [
                12,
                37
              ],
              "inflate": 0
            }
          ],
          "parent": "body"
        },
        {
          "name": "righArm2",
          "pivot": [
            -8.5,
            12.625,
            0.5
          ],
          "cubes": [
            {
              "origin": [
                -10.0,
                6.625,
                -1.0
              ],
              "size": [
                3.0,
                6.0,
                3.0
              ],
              "uv": [
                12,
                48
              ],
              "inflate": 0
            },
            {
              "origin": [
                -11.0,
                2.625,
                -1.0
              ],
              "size": [
                4.0,
                4.0,
                3.0
              ],
              "pivot": [
                -9.0,
                4.625,
                0.5
              ],
              "rotation": [
                0.0,
                0.0,
                -17.5
              ],
              "uv": [
                48,
                7
              ],
              "inflate": 0
            },
            {
              "origin": [
                -9.0,
                3.625,
                -2.0
              ],
              "size": [
                2.0,
                3.0,
                2.0
              ],
              "pivot": [
                -8.0,
                6.125,
                -1.5
              ],
              "rotation": [
                -15.00674,
                -22.6068,
                15.01968
              ],
              "uv": [
                0,
                17
              ],
              "inflate": 0
            }
          ],
          "parent": "righArm"
        },
        {
          "name": "leftArm",
          "pivot": [
            9.5,
            18.625,
            0.5
          ],
          "cubes": [
            {
              "origin": [
                9.0,
                12.625,
                -1.0
              ],
              "size": [
                3.0,
                8.0,
                3.0
              ],
              "uv": [
                0,
                37
              ],
              "inflate": 0
            }
          ],
          "parent": "body"
        },
        {
          "name": "leftArm2",
          "pivot": [
            10.5,
            12.625,
            0.5
          ],
          "cubes": [
            {
              "origin": [
                9.0,
                6.625,
                -1.0
              ],
              "size": [
                3.0,
                6.0,
                3.0
              ],
              "uv": [
                0,
                48
              ],
              "inflate": 0
            },
            {
              "origin": [
                9.0,
                3.625,
                -1.0
              ],
              "size": [
                2.0,
                3.0,
                2.0
              ],
              "pivot": [
                10.0,
                6.125,
                0.0
              ],
              "rotation": [
                -25.90349,
                6.66773,
                -25.53744
              ],
              "uv": [
                0,
                0
              ],
              "inflate": 0
            },
            {
              "origin": [
                9.0,
                2.625,
                -1.0
              ],
              "size": [
                4.0,
                4.0,
                3.0
              ],
              "pivot": [
                11.0,
                4.625,
                0.5
              ],
              "rotation": [
                0.0,
                0.0,
                25.0
              ],
              "uv": [
                44,
                29
              ],
              "inflate": 0
            }
          ],
          "parent": "leftArm"
        },
        {
          "name": "righLeg",
          "pivot": [
            -1,
            7.625,
            -1
          ],
          "cubes": [
            {
              "origin": [
                -3.0,
                0.625,
                -2.0
              ],
              "size": [
                3.0,
                8.0,
                3.0
              ],
              "uv": [
                24,
                44
              ],
              "inflate": 0
            },
            {
              "origin": [
                -3.0,
                -0.375,
                -4.0
              ],
              "size": [
                3.0,
                2.0,
                5.0
              ],
              "uv": [
                40,
                0
              ],
              "inflate": 0
            }
          ],
          "parent": "root"
        },
        {
          "name": "leftLeg",
          "pivot": [
            4,
            7.625,
            -1
          ],
          "cubes": [
            {
              "origin": [
                2.0,
                0.625,
                -2.0
              ],
              "size": [
                3.0,
                8.0,
                3.0
              ],
              "uv": [
                40,
                37
              ],
              "inflate": 0
            },
            {
              "origin": [
                2.0,
                -0.375,
                -4.0
              ],
              "size": [
                3.0,
                2.0,
                5.0
              ],
              "uv": [
                24,
                37
              ],
              "inflate": 0
            }
          ],
          "parent": "root"
        }
      ]
    }
  ]
}