{
  "format_version": "1.12.0",
  "minecraft:geometry": [
    {
      "description": {
        "identifier": "geometry.mr_crabzilla",
        "texture_width": 128,
        "texture_height": 128,
        "visible_bounds_width": 6,
        "visible_bounds_height": 3.5,
        "visible_bounds_offset": [
          0,
          1.25,
          0
        ]
      },
      "bones": [
        {
          "name": "Body",
          "pivot": [
            0,
            20,
            0
          ],
          "cubes": [
            {
              "origin": [
                -7.0,
                20.0,
                -5.0
              ],
              "size": [
                14.0,
                7.0,
                10.0
              ],
              "uv": [
                0,
                0
              ],
              "inflate": 0
            },
            {
              "origin": [
                -6.0,
                27.0,
                -4.0
              ],
              "size": [
                12.0,
                1.0,
                8.0
              ],
              "uv": [
                0,
                17
              ],
              "inflate": 0
            },
            {
              "origin": [
                -7.0,
                18.0,
                -4.4
              ],
              "size": [
                5.0,
                2.0,
                8.8
              ],
              "uv": [
                40,
                10
              ],
              "inflate": 0
            },
            {
              "origin": [
                -7.0,
                18.0,
                -4.0
              ],
              "size": [
                4.0,
                2.0,
                8.0
              ],
              "pivot": [
                0.0,
                20.0,
                0.0
              ],
              "rotation": [
                0.0,
                0.0,
                -15.0
              ],
              "uv": [
                32,
                49
              ],
              "inflate": 0
            },
            {
              "origin": [
                -6.3,
                16.0,
                -3.0
              ],
              "size": [
                2.6,
                2.0,
                6.0
              ],
              "pivot": [
                0.0,
                20.0,
                0.0
              ],
              "rotation": [
                0.0,
                0.0,
                -15.0
              ],
              "uv": [
                50,
                70
              ],
              "inflate": 0
            },
            {
              "origin": [
                2.0,
                18.0,
                -4.4
              ],
              "size": [
                5.0,
                2.0,
                8.8
              ],
              "uv": [
                38,
                0
              ],
              "inflate": 0
            },
            {
              "origin": [
                3.7,
                16.0,
                -3.0
              ],
              "size": [
                2.6,
                2.0,
                6.0
              ],
              "pivot": [
                0.0,
                20.0,
                0.0
              ],
              "rotation": [
                0.0,
                0.0,
                15.0
              ],
              "uv": [
                66,
                70
              ],
              "inflate": 0
            },
            {
              "origin": [
                3.0,
                18.0,
                -4.0
              ],
              "size": [
                4.0,
                2.0,
                8.0
              ],
              "pivot": [
                0.0,
                20.0,
                0.0
              ],
              "rotation": [
                0.0,
                0.0,
                15.0
              ],
              "uv": [
                48,
                28
              ],
              "inflate": 0
            }
          ]
        },
        {
          "name": "bone",
          "pivot": [
            -4,
            27,
            0
          ],
          "cubes": [
            {
              "origin": [
                -5.0,
                28.0,
                -1.0
              ],
              "size": [
                2.0,
                7.0,
                2.0
              ],
              "uv": [
                71,
                0
              ],
              "inflate": 0
            }
          ],
          "parent": "Body",
          "rotation": [
            0,
            5,
            -5
          ]
        },
        {
          "name": "bone2",
          "pivot": [
            -4,
            35,
            0
          ],
          "cubes": [
            {
              "origin": [
                -5.5,
                35.0,
                -1.5
              ],
              "size": [
                3.0,
                3.0,
                3.0
              ],
              "uv": [
                13,
                56
              ],
              "inflate": 0
            }
          ],
          "parent": "bone"
        },
        {
          "name": "bone3",
          "pivot": [
            4,
            27,
            0
          ],
          "cubes": [
            {
              "origin": [
                3.0,
                28.0,
                -1.0
              ],
              "size": [
                2.0,
                7.0,
                2.0
              ],
              "uv": [
                0,
                0
              ],
              "inflate": 0
            }
          ],
          "parent": "Body",
          "rotation": [
            0,
            -5,
            5
          ]
        },
        {
          "name": "bone4",
          "pivot": [
            4,
            35,
            0
          ],
          "cubes": [
            {
              "origin": [
                2.5,
                35.0,
                -1.5
              ],
              "size": [
                3.0,
                3.0,
                3.0
              ],
              "uv": [
                18,
                26
              ],
              "inflate": 0
            }
          ],
          "parent": "bone3"
        },
        {
          "name": "RightArm",
          "pivot": [
            -2,
            22,
            0
          ],
          "cubes": [
            {
              "origin": [
                -10.0,
                21.0,
                -2.0
              ],
              "size": [
                8.0,
                3.0,
                3.0
              ],
              "uv": [
                62,
                49
              ],
              "inflate": 0
            },
            {
              "origin": [
                -19.0,
                20.5,
                -2.5
              ],
              "size": [
                9.0,
                4.0,
                4.0
              ],
              "uv": [
                42,
                20
              ],
              "inflate": 0
            }
          ]
        },
        {
          "name": "bone5",
          "pivot": [
            -18,
            23,
            0
          ],
          "cubes": [
            {
              "origin": [
                -23.0,
                15.0,
                -3.0
              ],
              "size": [
                5.0,
                10.0,
                5.0
              ],
              "uv": [
                20,
                41
              ],
              "inflate": 0
            }
          ],
          "parent": "RightArm"
        },
        {
          "name": "bone6",
          "pivot": [
            -21,
            15,
            0
          ],
          "cubes": [
            {
              "origin": [
                -23.5,
                6.0,
                -3.5
              ],
              "size": [
                6.0,
                9.0,
                6.0
              ],
              "uv": [
                24,
                26
              ],
              "inflate": 0
            }
          ],
          "parent": "bone5"
        },
        {
          "name": "bone8",
          "pivot": [
            -21,
            6,
            0
          ],
          "cubes": [
            {
              "origin": [
                -24.0,
                0.0,
                -4.0
              ],
              "size": [
                3.5,
                6.0,
                7.0
              ],
              "uv": [
                20,
                59
              ],
              "inflate": 0
            },
            {
              "origin": [
                -22.7,
                0.2,
                -3.8
              ],
              "size": [
                2.5,
                5.6,
                6.6
              ],
              "uv": [
                40,
                65
              ],
              "inflate": 0
            }
          ],
          "parent": "bone6",
          "rotation": [
            0,
            0,
            10
          ]
        },
        {
          "name": "bone9",
          "pivot": [
            -20,
            6,
            0
          ],
          "cubes": [
            {
              "origin": [
                -20.5,
                0.0,
                -4.0
              ],
              "size": [
                3.5,
                6.0,
                7.0
              ],
              "uv": [
                58,
                3
              ],
              "inflate": 0
            },
            {
              "origin": [
                -20.7,
                0.2,
                -3.8
              ],
              "size": [
                2.5,
                5.6,
                6.6
              ],
              "uv": [
                0,
                69
              ],
              "inflate": 0
            }
          ],
          "parent": "bone6",
          "rotation": [
            0,
            0,
            -10
          ]
        },
        {
          "name": "LeftArm",
          "pivot": [
            2,
            22,
            0
          ],
          "cubes": [
            {
              "origin": [
                2.0,
                21.0,
                -2.0
              ],
              "size": [
                8.0,
                3.0,
                3.0
              ],
              "uv": [
                62,
                38
              ],
              "inflate": 0
            },
            {
              "origin": [
                10.0,
                20.5,
                -2.5
              ],
              "size": [
                9.0,
                4.0,
                4.0
              ],
              "uv": [
                40,
                41
              ],
              "inflate": 0
            }
          ]
        },
        {
          "name": "bone10",
          "pivot": [
            18,
            23,
            0
          ],
          "cubes": [
            {
              "origin": [
                18.0,
                15.0,
                -3.0
              ],
              "size": [
                5.0,
                10.0,
                5.0
              ],
              "uv": [
                0,
                41
              ],
              "inflate": 0
            }
          ],
          "parent": "LeftArm"
        },
        {
          "name": "bone11",
          "pivot": [
            21,
            15,
            0
          ],
          "cubes": [
            {
              "origin": [
                17.5,
                6.0,
                -3.5
              ],
              "size": [
                6.0,
                9.0,
                6.0
              ],
              "uv": [
                0,
                26
              ],
              "inflate": 0
            }
          ],
          "parent": "bone10"
        },
        {
          "name": "bone12",
          "pivot": [
            20,
            6,
            0
          ],
          "cubes": [
            {
              "origin": [
                17.0,
                0.0,
                -4.0
              ],
              "size": [
                3.5,
                6.0,
                7.0
              ],
              "uv": [
                0,
                56
              ],
              "inflate": 0
            },
            {
              "origin": [
                18.3,
                0.2,
                -3.8
              ],
              "size": [
                2.5,
                5.6,
                6.6
              ],
              "uv": [
                64,
                22
              ],
              "inflate": 0
            }
          ],
          "parent": "bone11",
          "rotation": [
            0,
            0,
            10
          ]
        },
        {
          "name": "bone13",
          "pivot": [
            21,
            6,
            0
          ],
          "cubes": [
            {
              "origin": [
                20.5,
                0.0,
                -4.0
              ],
              "size": [
                3.5,
                6.0,
                7.0
              ],
              "uv": [
                49,
                52
              ],
              "inflate": 0
            },
            {
              "origin": [
                20.3,
                0.2,
                -3.8
              ],
              "size": [
                2.5,
                5.6,
                6.6
              ],
              "uv": [
                63,
                59
              ],
              "inflate": 0
            }
          ],
          "parent": "bone11",
          "rotation": [
            0,
            0,
            -10
          ]
        }
      ]
    }
  ]
}