{
  "format_version": "1.12.0",
  "minecraft:geometry": [
    {
      "description": {
        "identifier": "geometry.mr_chata_scen",
        "texture_width": 128,
        "texture_height": 128,
        "visible_bounds_width": 5,
        "visible_bounds_height": 3.5,
        "visible_bounds_offset": [
          0,
          1.25,
          0
        ]
      },
      "bones": [
        {
          "name": "Root",
          "pivot": [
            0,
            -101,
            0
          ]
        },
        {
          "name": "Body",
          "pivot": [
            0,
            -95,
            0
          ],
          "cubes": [
            {
              "origin": [
                -7.0,
                -95.0,
                -10.0
              ],
              "size": [
                14.0,
                6.0,
                20.0
              ],
              "uv": [
                0,
                0
              ],
              "inflate": 0
            },
            {
              "origin": [
                -7.0,
                -92.0,
                -10.3
              ],
              "size": [
                9.0,
                6.0,
                20.6
              ],
              "pivot": [
                0.0,
                -95.0,
                0.0
              ],
              "rotation": [
                0.0,
                0.1,
                -12.5
              ],
              "uv": [
                38,
                32
              ],
              "inflate": 0
            },
            {
              "origin": [
                -2.0,
                -92.0,
                -10.3
              ],
              "size": [
                9.0,
                6.0,
                20.6
              ],
              "pivot": [
                0.0,
                -95.0,
                0.0
              ],
              "rotation": [
                0.0,
                -0.1,
                12.5
              ],
              "uv": [
                0,
                26
              ],
              "inflate": 0
            }
          ],
          "parent": "Root"
        },
        {
          "name": "bone3",
          "pivot": [
            -4,
            -93,
            -10
          ],
          "cubes": [
            {
              "origin": [
                -6.0,
                -95.0,
                -15.0
              ],
              "size": [
                4.0,
                4.0,
                5.0
              ],
              "uv": [
                41,
                80
              ],
              "inflate": 0
            }
          ],
          "parent": "Body",
          "rotation": [
            -10,
            10,
            0
          ]
        },
        {
          "name": "Head",
          "pivot": [
            -4,
            -93,
            -13
          ],
          "cubes": [
            {
              "origin": [
                -7.5,
                -95.5,
                -20.0
              ],
              "size": [
                7.0,
                7.0,
                7.0
              ],
              "uv": [
                0,
                66
              ],
              "inflate": 0
            }
          ],
          "parent": "bone3",
          "rotation": [
            10,
            -7.5,
            0
          ]
        },
        {
          "name": "bone6",
          "pivot": [
            -6,
            -91,
            -20
          ],
          "cubes": [
            {
              "origin": [
                -7.2,
                -92.2,
                -21.0
              ],
              "size": [
                2.4,
                2.4,
                2.0
              ],
              "uv": [
                48,
                8
              ],
              "inflate": 0
            }
          ],
          "parent": "Head"
        },
        {
          "name": "bone12",
          "pivot": [
            -2,
            -91,
            -20
          ],
          "cubes": [
            {
              "origin": [
                -3.15638,
                -92.19905,
                -21.0
              ],
              "size": [
                2.4,
                2.4,
                2.0
              ],
              "uv": [
                48,
                4
              ],
              "inflate": 0
            }
          ],
          "parent": "Head",
          "rotation": [
            0,
            0,
            2.5
          ]
        },
        {
          "name": "bone4",
          "pivot": [
            4,
            -93,
            -10
          ],
          "cubes": [
            {
              "origin": [
                2.0,
                -95.0,
                -15.0
              ],
              "size": [
                4.0,
                4.0,
                5.0
              ],
              "uv": [
                0,
                37
              ],
              "inflate": 0
            }
          ],
          "parent": "Body",
          "rotation": [
            -10,
            -10,
            0
          ]
        },
        {
          "name": "Head2",
          "pivot": [
            0,
            -93,
            -13
          ],
          "cubes": [
            {
              "origin": [
                0.5,
                -94.0,
                -24.0
              ],
              "size": [
                7.0,
                4.0,
                12.0
              ],
              "uv": [
                48,
                0
              ],
              "inflate": 0
            },
            {
              "origin": [
                0.5,
                -90.0,
                -21.0
              ],
              "size": [
                7.0,
                1.0,
                9.0
              ],
              "uv": [
                41,
                70
              ],
              "inflate": 0
            }
          ],
          "parent": "bone4",
          "rotation": [
            10,
            7.5,
            0
          ]
        },
        {
          "name": "bone16",
          "pivot": [
            4,
            -91,
            -20
          ],
          "cubes": [
            {
              "origin": [
                -0.3,
                -93.5,
                -22.0
              ],
              "size": [
                8.6,
                3.0,
                3.0
              ],
              "uv": [
                80,
                16
              ],
              "inflate": 0
            }
          ],
          "parent": "Head2"
        },
        {
          "name": "bone17",
          "pivot": [
            4,
            -90,
            -19
          ],
          "cubes": [
            {
              "origin": [
                3.0,
                -88.0,
                -14.0
              ],
              "size": [
                2.0,
                5.0,
                12.0
              ],
              "pivot": [
                0.0,
                -114.0,
                0.0
              ],
              "rotation": [
                20.0,
                0.0,
                0.0
              ],
              "uv": [
                22,
                54
              ],
              "inflate": 0
            }
          ],
          "parent": "Head2"
        },
        {
          "name": "bone13",
          "pivot": [
            0,
            -93,
            -13
          ],
          "cubes": [
            {
              "origin": [
                1.0,
                -95.5,
                -23.5
              ],
              "size": [
                6.0,
                2.0,
                10.4
              ],
              "uv": [
                50,
                58
              ],
              "inflate": 0
            }
          ],
          "parent": "Head2",
          "rotation": [
            -2.5,
            0,
            0
          ]
        },
        {
          "name": "bone14",
          "pivot": [
            4,
            -93.8,
            -17.1
          ],
          "cubes": [
            {
              "origin": [
                0.0,
                -93.8,
                -26.0
              ],
              "size": [
                8.0,
                0.0,
                9.0
              ],
              "uv": [
                29,
                36
              ],
              "inflate": 0
            }
          ],
          "parent": "bone13",
          "rotation": [
            7.5,
            0,
            0
          ]
        },
        {
          "name": "bone15",
          "pivot": [
            4,
            -93.8,
            -26
          ],
          "cubes": [
            {
              "origin": [
                0.0,
                -93.8,
                -36.0
              ],
              "size": [
                8.0,
                0.0,
                10.0
              ],
              "uv": [
                28,
                26
              ],
              "inflate": 0
            }
          ],
          "parent": "bone14",
          "rotation": [
            70,
            0,
            0
          ]
        },
        {
          "name": "Tail",
          "pivot": [
            0,
            -92,
            10
          ],
          "cubes": [
            {
              "origin": [
                -3.0,
                -94.0,
                10.0
              ],
              "size": [
                6.0,
                3.0,
                5.0
              ],
              "uv": [
                38,
                58
              ],
              "inflate": 0
            }
          ],
          "parent": "Body",
          "rotation": [
            -15,
            0,
            0
          ]
        },
        {
          "name": "bone",
          "pivot": [
            0,
            -92,
            15
          ],
          "cubes": [
            {
              "origin": [
                -3.0,
                -94.0,
                15.0
              ],
              "size": [
                6.0,
                3.0,
                6.0
              ],
              "uv": [
                72,
                58
              ],
              "inflate": 0
            }
          ],
          "parent": "Tail",
          "rotation": [
            30,
            0,
            0
          ]
        },
        {
          "name": "bone2",
          "pivot": [
            0,
            -93,
            21
          ],
          "cubes": [
            {
              "origin": [
                -3.0,
                -94.0,
                21.0
              ],
              "size": [
                6.0,
                3.0,
                11.0
              ],
              "uv": [
                57,
                16
              ],
              "inflate": 0
            },
            {
              "origin": [
                -3.0,
                -85.0,
                21.0
              ],
              "size": [
                6.0,
                3.0,
                11.0
              ],
              "uv": [
                0,
                52
              ],
              "inflate": 0
            },
            {
              "origin": [
                -3.0,
                -91.0,
                29.0
              ],
              "size": [
                6.0,
                6.0,
                3.0
              ],
              "uv": [
                0,
                11
              ],
              "inflate": 0
            },
            {
              "origin": [
                -3.0,
                -89.0,
                21.0
              ],
              "size": [
                6.0,
                4.0,
                3.0
              ],
              "uv": [
                59,
                81
              ],
              "inflate": 0
            },
            {
              "origin": [
                -2.0,
                -89.7,
                22.0
              ],
              "size": [
                4.0,
                2.0,
                3.0
              ],
              "uv": [
                64,
                70
              ],
              "inflate": 0
            },
            {
              "origin": [
                -1.0,
                -90.3,
                24.3
              ],
              "size": [
                2.0,
                2.0,
                2.0
              ],
              "uv": [
                48,
                0
              ],
              "inflate": 0
            }
          ],
          "parent": "bone",
          "rotation": [
            30,
            0,
            0
          ]
        },
        {
          "name": "LeftLeg2",
          "pivot": [
            5,
            -90,
            7
          ],
          "cubes": [
            {
              "origin": [
                2.5,
                -96.0,
                4.5
              ],
              "size": [
                5.0,
                6.0,
                5.0
              ],
              "uv": [
                0,
                80
              ],
              "inflate": 0
            }
          ],
          "parent": "Root"
        },
        {
          "name": "bone10",
          "pivot": [
            5,
            -96,
            7
          ],
          "cubes": [
            {
              "origin": [
                2.0,
                -101.0,
                4.0
              ],
              "size": [
                6.0,
                5.0,
                6.0
              ],
              "uv": [
                76,
                30
              ],
              "inflate": 0
            },
            {
              "origin": [
                5.0,
                -101.0,
                1.0
              ],
              "size": [
                2.0,
                2.0,
                6.0
              ],
              "pivot": [
                5.0,
                -96.0,
                7.0
              ],
              "rotation": [
                0.0,
                -25.0,
                0.0
              ],
              "uv": [
                69,
                89
              ],
              "inflate": 0
            },
            {
              "origin": [
                3.0,
                -101.0,
                1.0
              ],
              "size": [
                2.0,
                2.0,
                6.0
              ],
              "pivot": [
                5.0,
                -96.0,
                7.0
              ],
              "rotation": [
                0.0,
                25.0,
                0.0
              ],
              "uv": [
                53,
                88
              ],
              "inflate": 0
            },
            {
              "origin": [
                4.0,
                -101.0,
                6.0
              ],
              "size": [
                2.0,
                2.0,
                6.0
              ],
              "uv": [
                87,
                83
              ],
              "inflate": 0
            }
          ],
          "parent": "LeftLeg2"
        },
        {
          "name": "bone11",
          "pivot": [
            5,
            -90,
            7
          ],
          "parent": "LeftLeg2"
        },
        {
          "name": "LeftLeg",
          "pivot": [
            5,
            -90,
            -7
          ],
          "cubes": [
            {
              "origin": [
                2.5,
                -96.0,
                -9.5
              ],
              "size": [
                5.0,
                6.0,
                5.0
              ],
              "uv": [
                76,
                41
              ],
              "inflate": 0
            }
          ],
          "parent": "Root"
        },
        {
          "name": "bone8",
          "pivot": [
            5,
            -96,
            -7
          ],
          "cubes": [
            {
              "origin": [
                2.0,
                -101.0,
                -10.0
              ],
              "size": [
                6.0,
                5.0,
                6.0
              ],
              "uv": [
                22,
                74
              ],
              "inflate": 0
            }
          ],
          "parent": "LeftLeg"
        },
        {
          "name": "bone9",
          "pivot": [
            5,
            -90,
            -7
          ],
          "parent": "LeftLeg"
        },
        {
          "name": "RightLeg2",
          "pivot": [
            -5,
            -90,
            7
          ],
          "cubes": [
            {
              "origin": [
                -7.5,
                -96.0,
                4.5
              ],
              "size": [
                5.0,
                6.0,
                5.0
              ],
              "uv": [
                0,
                26
              ],
              "inflate": 0
            }
          ],
          "parent": "Root"
        },
        {
          "name": "bone7",
          "pivot": [
            -5,
            -96,
            7
          ],
          "cubes": [
            {
              "origin": [
                -8.0,
                -101.0,
                4.0
              ],
              "size": [
                6.0,
                5.0,
                6.0
              ],
              "uv": [
                74,
                0
              ],
              "inflate": 0
            }
          ],
          "parent": "RightLeg2"
        },
        {
          "name": "RightLeg",
          "pivot": [
            -5,
            -90,
            -7
          ],
          "cubes": [
            {
              "origin": [
                -7.5,
                -96.0,
                -9.5
              ],
              "size": [
                5.0,
                6.0,
                5.0
              ],
              "uv": [
                0,
                0
              ],
              "inflate": 0
            }
          ],
          "parent": "Root"
        },
        {
          "name": "bone5",
          "pivot": [
            -5,
            -96,
            -7
          ],
          "cubes": [
            {
              "origin": [
                -8.0,
                -101.0,
                -10.0
              ],
              "size": [
                6.0,
                5.0,
                6.0
              ],
              "uv": [
                73,
                70
              ],
              "inflate": 0
            },
            {
              "origin": [
                -5.0,
                -101.0,
                -13.0
              ],
              "size": [
                2.0,
                2.0,
                6.0
              ],
              "pivot": [
                -5.0,
                -96.0,
                -7.0
              ],
              "rotation": [
                0.0,
                -25.0,
                0.0
              ],
              "uv": [
                30,
                85
              ],
              "inflate": 0
            },
            {
              "origin": [
                -7.0,
                -101.0,
                -13.0
              ],
              "size": [
                2.0,
                2.0,
                6.0
              ],
              "pivot": [
                -5.0,
                -96.0,
                -7.0
              ],
              "rotation": [
                0.0,
                25.0,
                0.0
              ],
              "uv": [
                14,
                85
              ],
              "inflate": 0
            },
            {
              "origin": [
                -6.0,
                -101.0,
                -8.0
              ],
              "size": [
                2.0,
                2.0,
                6.0
              ],
              "uv": [
                77,
                81
              ],
              "inflate": 0
            }
          ],
          "parent": "RightLeg"
        }
      ]
    }
  ]
}