{
  "format_version": "1.12.0",
  "minecraft:geometry": [
    {
      "description": {
        "identifier": "geometry.mr_evil_bannan",
        "texture_width": 128,
        "texture_height": 128,
        "visible_bounds_width": 3,
        "visible_bounds_height": 5,
        "visible_bounds_offset": [
          0,
          1.5,
          0
        ]
      },
      "bones": [
        {
          "name": "Root"
        },
        {
          "name": "Body",
          "pivot": [
            0,
            15,
            0
          ],
          "cubes": [
            {
              "origin": [
                -4.6,
                15.0,
                -3.7
              ],
              "size": [
                9.2,
                7.0,
                7.4
              ],
              "uv": [
                29,
                28
              ],
              "inflate": 0
            }
          ],
          "parent": "Root"
        },
        {
          "name": "bone15",
          "pivot": [
            0,
            22,
            0
          ],
          "cubes": [
            {
              "origin": [
                -5.4,
                22.0,
                -4.2
              ],
              "size": [
                10.8,
                8.0,
                8.4
              ],
              "uv": [
                0,
                19
              ],
              "inflate": 0
            }
          ],
          "parent": "Body"
        },
        {
          "name": "Head",
          "pivot": [
            0,
            31,
            -1
          ],
          "cubes": [
            {
              "origin": [
                -5.0,
                30.0,
                -4.5
              ],
              "size": [
                10.0,
                10.0,
                9.0
              ],
              "uv": [
                0,
                0
              ],
              "inflate": 0
            },
            {
              "origin": [
                -5.5,
                39.0,
                -2.0
              ],
              "size": [
                4.2,
                3.5,
                4.0
              ],
              "uv": [
                54,
                42
              ],
              "inflate": 0
            },
            {
              "origin": [
                1.3,
                39.0,
                -2.0
              ],
              "size": [
                4.2,
                3.5,
                4.0
              ],
              "uv": [
                54,
                28
              ],
              "inflate": 0
            },
            {
              "origin": [
                -7.9,
                41.0,
                -1.5
              ],
              "size": [
                3.0,
                4.0,
                3.0
              ],
              "pivot": [
                -0.4,
                8.0,
                -0.5
              ],
              "rotation": [
                0.0,
                0.0,
                5.0
              ],
              "uv": [
                61,
                35
              ],
              "inflate": 0
            },
            {
              "origin": [
                4.9,
                41.0,
                -1.5
              ],
              "size": [
                3.0,
                4.0,
                3.0
              ],
              "pivot": [
                0.4,
                8.0,
                -0.5
              ],
              "rotation": [
                0.0,
                0.0,
                -5.0
              ],
              "uv": [
                61,
                0
              ],
              "inflate": 0
            },
            {
              "origin": [
                -8.4,
                44.6,
                0.0
              ],
              "size": [
                5.0,
                7.0,
                0.0
              ],
              "pivot": [
                -0.4,
                7.6,
                -0.5
              ],
              "rotation": [
                0.0,
                0.0,
                5.0
              ],
              "uv": [
                34,
                63
              ],
              "inflate": 0
            },
            {
              "origin": [
                3.4,
                44.6,
                0.0
              ],
              "size": [
                5.0,
                7.0,
                0.0
              ],
              "pivot": [
                0.4,
                7.6,
                -0.5
              ],
              "rotation": [
                0.0,
                0.0,
                -5.0
              ],
              "uv": [
                18,
                35
              ],
              "inflate": 0
            }
          ],
          "parent": "bone15"
        },
        {
          "name": "bone14",
          "pivot": [
            0,
            33,
            -4
          ],
          "cubes": [
            {
              "origin": [
                -6.0,
                29.6,
                -4.6
              ],
              "size": [
                12.0,
                5.2,
                0.0
              ],
              "uv": [
                28,
                21
              ],
              "inflate": 0
            }
          ],
          "parent": "Head"
        },
        {
          "name": "bone10",
          "pivot": [
            -2,
            36,
            -4
          ],
          "cubes": [
            {
              "origin": [
                -3.8,
                34.6,
                -5.0
              ],
              "size": [
                2.8,
                2.8,
                2.0
              ],
              "uv": [
                0,
                4
              ],
              "inflate": 0
            }
          ],
          "parent": "Head"
        },
        {
          "name": "bone7",
          "pivot": [
            0,
            32.3,
            -3.5
          ],
          "cubes": [
            {
              "origin": [
                -2.0,
                30.3,
                -4.5
              ],
              "size": [
                4.0,
                2.0,
                1.0
              ],
              "uv": [
                38,
                9
              ],
              "inflate": 0
            },
            {
              "origin": [
                -1.5,
                28.3,
                -4.5
              ],
              "size": [
                3.0,
                2.0,
                1.0
              ],
              "uv": [
                0,
                19
              ],
              "inflate": 0
            }
          ],
          "parent": "Head",
          "rotation": [
            -10,
            0,
            0
          ]
        },
        {
          "name": "bone13",
          "pivot": [
            0,
            28.3,
            -4
          ],
          "cubes": [
            {
              "origin": [
                -1.0,
                23.2763,
                -4.08356
              ],
              "size": [
                2.0,
                5.0,
                0.0
              ],
              "uv": [
                0,
                22
              ],
              "inflate": 0
            }
          ],
          "parent": "bone7",
          "rotation": [
            12.5,
            0,
            0
          ]
        },
        {
          "name": "bone11",
          "pivot": [
            2,
            36,
            -4
          ],
          "cubes": [
            {
              "origin": [
                1.0,
                34.6,
                -5.0
              ],
              "size": [
                2.8,
                2.8,
                2.0
              ],
              "uv": [
                0,
                0
              ],
              "inflate": 0
            }
          ],
          "parent": "Head"
        },
        {
          "name": "RightArm",
          "pivot": [
            -5,
            30,
            0
          ],
          "cubes": [
            {
              "origin": [
                -7.5,
                22.0,
                -2.5
              ],
              "size": [
                4.0,
                8.0,
                5.0
              ],
              "uv": [
                0,
                48
              ],
              "inflate": 0
            }
          ],
          "parent": "bone15",
          "rotation": [
            0,
            0,
            5
          ]
        },
        {
          "name": "bone5",
          "pivot": [
            -5,
            22,
            0
          ],
          "cubes": [
            {
              "origin": [
                -7.7,
                14.0,
                -2.7
              ],
              "size": [
                4.4,
                8.0,
                5.4
              ],
              "uv": [
                36,
                42
              ],
              "inflate": 0
            }
          ],
          "parent": "RightArm"
        },
        {
          "name": "bone6",
          "pivot": [
            -6,
            16,
            0
          ],
          "cubes": [
            {
              "origin": [
                -7.4,
                10.0,
                -2.2
              ],
              "size": [
                3.8,
                4.0,
                4.4
              ],
              "uv": [
                0,
                61
              ],
              "inflate": 0
            }
          ],
          "parent": "bone5"
        },
        {
          "name": "LeftArm",
          "pivot": [
            5,
            30,
            0
          ],
          "cubes": [
            {
              "origin": [
                3.5,
                22.0,
                -2.5
              ],
              "size": [
                4.0,
                8.0,
                5.0
              ],
              "uv": [
                18,
                42
              ],
              "inflate": 0
            }
          ],
          "parent": "bone15",
          "rotation": [
            0,
            0,
            -5
          ]
        },
        {
          "name": "bone8",
          "pivot": [
            5,
            22,
            0
          ],
          "cubes": [
            {
              "origin": [
                3.3,
                14.0,
                -2.7
              ],
              "size": [
                4.4,
                8.0,
                5.4
              ],
              "uv": [
                0,
                35
              ],
              "inflate": 0
            }
          ],
          "parent": "LeftArm"
        },
        {
          "name": "bone9",
          "pivot": [
            6,
            16,
            0
          ],
          "cubes": [
            {
              "origin": [
                3.6,
                10.0,
                -2.2
              ],
              "size": [
                3.8,
                4.0,
                4.4
              ],
              "uv": [
                34,
                55
              ],
              "inflate": 0
            }
          ],
          "parent": "bone8"
        },
        {
          "name": "bone12",
          "pivot": [
            5,
            30,
            0
          ],
          "parent": "LeftArm"
        },
        {
          "name": "LeftLeg",
          "pivot": [
            2.6,
            15,
            0
          ],
          "cubes": [
            {
              "origin": [
                -0.08563,
                9.03146,
                -2.10233
              ],
              "size": [
                4.6,
                7.0,
                4.6
              ],
              "uv": [
                18,
                55
              ],
              "inflate": 0
            }
          ],
          "parent": "Root",
          "rotation": [
            0,
            -2.5,
            -2.5
          ]
        },
        {
          "name": "bone3",
          "pivot": [
            2.21437,
            9.03146,
            0.19767
          ],
          "cubes": [
            {
              "origin": [
                -0.08563,
                1.03146,
                -2.10233
              ],
              "size": [
                4.6,
                8.0,
                4.6
              ],
              "uv": [
                50,
                51
              ],
              "inflate": 0
            }
          ],
          "parent": "LeftLeg"
        },
        {
          "name": "bone4",
          "pivot": [
            2.21437,
            2.03146,
            0.19767
          ],
          "cubes": [
            {
              "origin": [
                -0.38563,
                0.03146,
                -4.40233
              ],
              "size": [
                5.2,
                2.8,
                7.2
              ],
              "uv": [
                31,
                12
              ],
              "inflate": 0
            }
          ],
          "parent": "bone3",
          "rotation": [
            0,
            0,
            2.5
          ]
        },
        {
          "name": "RightLeg",
          "pivot": [
            -2.6,
            15,
            0
          ],
          "cubes": [
            {
              "origin": [
                -4.7453,
                9.00546,
                -2.39377
              ],
              "size": [
                4.6,
                7.0,
                4.6
              ],
              "uv": [
                52,
                17
              ],
              "inflate": 0
            }
          ],
          "parent": "Root",
          "rotation": [
            0,
            2.5,
            2.5
          ]
        },
        {
          "name": "bone",
          "pivot": [
            -2.4453,
            9.00546,
            -0.09377
          ],
          "cubes": [
            {
              "origin": [
                -4.7453,
                1.00546,
                -2.39377
              ],
              "size": [
                4.6,
                8.0,
                4.6
              ],
              "uv": [
                49,
                5
              ],
              "inflate": 0
            }
          ],
          "parent": "RightLeg"
        },
        {
          "name": "bone2",
          "pivot": [
            -2.4453,
            2.00546,
            -0.09377
          ],
          "cubes": [
            {
              "origin": [
                -5.0453,
                0.00546,
                -4.69377
              ],
              "size": [
                5.2,
                2.8,
                7.2
              ],
              "uv": [
                29,
                0
              ],
              "inflate": 0
            }
          ],
          "parent": "bone",
          "rotation": [
            0,
            0,
            -2.5
          ]
        }
      ]
    }
  ]
}