{
  "format_version": "1.12.0",
  "minecraft:geometry": [
    {
      "description": {
        "identifier": "geometry.mr_noodle_ninja",
        "texture_width": 128,
        "texture_height": 128,
        "visible_bounds_width": 5,
        "visible_bounds_height": 4.5,
        "visible_bounds_offset": [
          0,
          1.75,
          0
        ]
      },
      "bones": [
        {
          "name": "Root",
          "pivot": [
            0,
            17,
            0
          ]
        },
        {
          "name": "LeftArm",
          "pivot": [
            8,
            29,
            0
          ],
          "cubes": [
            {
              "origin": [
                8.0,
                27.5,
                -1.5
              ],
              "size": [
                9.0,
                3.0,
                3.0
              ],
              "uv": [
                45,
                86
              ],
              "inflate": 0
            }
          ],
          "parent": "Root",
          "rotation": [
            0,
            0,
            50
          ]
        },
        {
          "name": "bone11",
          "pivot": [
            17,
            29,
            0
          ],
          "cubes": [
            {
              "origin": [
                17.0,
                27.5,
                -1.5
              ],
              "size": [
                9.0,
                3.0,
                3.0
              ],
              "uv": [
                69,
                86
              ],
              "inflate": 0
            }
          ],
          "parent": "LeftArm",
          "rotation": [
            0,
            22.5,
            25
          ]
        },
        {
          "name": "bone10",
          "pivot": [
            26,
            29,
            0
          ],
          "cubes": [
            {
              "origin": [
                26.0,
                27.5,
                -1.5
              ],
              "size": [
                9.0,
                3.0,
                3.0
              ],
              "uv": [
                0,
                88
              ],
              "inflate": 0
            }
          ],
          "parent": "bone11",
          "rotation": [
            0,
            0,
            -55
          ]
        },
        {
          "name": "bone12",
          "pivot": [
            35,
            29,
            0
          ],
          "cubes": [
            {
              "origin": [
                35.0,
                27.5,
                -1.5
              ],
              "size": [
                9.0,
                3.0,
                3.0
              ],
              "uv": [
                88,
                44
              ],
              "inflate": 0
            }
          ],
          "parent": "bone10",
          "rotation": [
            0,
            0,
            45
          ]
        },
        {
          "name": "LeftLeg",
          "pivot": [
            5,
            24,
            0
          ],
          "cubes": [
            {
              "origin": [
                -4.0,
                22.5,
                -1.5
              ],
              "size": [
                9.0,
                3.0,
                3.0
              ],
              "uv": [
                43,
                80
              ],
              "inflate": 0
            }
          ],
          "parent": "Root",
          "rotation": [
            0,
            -35,
            -100
          ]
        },
        {
          "name": "bone16",
          "pivot": [
            -3,
            24,
            0
          ],
          "cubes": [
            {
              "origin": [
                -13.0,
                22.5,
                -1.5
              ],
              "size": [
                9.0,
                3.0,
                3.0
              ],
              "uv": [
                70,
                74
              ],
              "inflate": 0
            }
          ],
          "parent": "LeftLeg",
          "rotation": [
            0,
            85,
            0
          ]
        },
        {
          "name": "bone17",
          "pivot": [
            -12,
            24,
            0
          ],
          "cubes": [
            {
              "origin": [
                -22.0,
                22.5,
                -1.5
              ],
              "size": [
                9.0,
                3.0,
                3.0
              ],
              "uv": [
                46,
                74
              ],
              "inflate": 0
            }
          ],
          "parent": "bone16",
          "rotation": [
            0,
            -72.5,
            0
          ]
        },
        {
          "name": "bone18",
          "pivot": [
            -21,
            24,
            0
          ],
          "cubes": [
            {
              "origin": [
                -31.0,
                22.5,
                -1.5
              ],
              "size": [
                9.0,
                3.0,
                3.0
              ],
              "uv": [
                60,
                24
              ],
              "inflate": 0
            }
          ],
          "parent": "bone17",
          "rotation": [
            0,
            -50,
            0
          ]
        },
        {
          "name": "RightLeg",
          "pivot": [
            -5,
            24,
            0
          ],
          "cubes": [
            {
              "origin": [
                -14.0,
                22.5,
                -1.5
              ],
              "size": [
                9.0,
                3.0,
                3.0
              ],
              "uv": [
                21,
                85
              ],
              "inflate": 0
            }
          ],
          "parent": "Root",
          "rotation": [
            0,
            -35,
            -80
          ]
        },
        {
          "name": "bone13",
          "pivot": [
            -13,
            24,
            0
          ],
          "cubes": [
            {
              "origin": [
                -23.0,
                22.5,
                -1.5
              ],
              "size": [
                9.0,
                3.0,
                3.0
              ],
              "uv": [
                84,
                24
              ],
              "inflate": 0
            }
          ],
          "parent": "RightLeg",
          "rotation": [
            0,
            85,
            0
          ]
        },
        {
          "name": "bone14",
          "pivot": [
            -22,
            24,
            0
          ],
          "cubes": [
            {
              "origin": [
                -32.0,
                22.5,
                -1.5
              ],
              "size": [
                9.0,
                3.0,
                3.0
              ],
              "uv": [
                0,
                82
              ],
              "inflate": 0
            }
          ],
          "parent": "bone13",
          "rotation": [
            0,
            -72.5,
            0
          ]
        },
        {
          "name": "bone15",
          "pivot": [
            -31,
            24,
            0
          ],
          "cubes": [
            {
              "origin": [
                -41.0,
                22.5,
                -1.5
              ],
              "size": [
                9.0,
                3.0,
                3.0
              ],
              "uv": [
                67,
                80
              ],
              "inflate": 0
            }
          ],
          "parent": "bone14",
          "rotation": [
            0,
            -50,
            0
          ]
        },
        {
          "name": "RightArm",
          "pivot": [
            -8,
            29,
            0
          ],
          "cubes": [
            {
              "origin": [
                -17.0,
                27.5,
                -1.5
              ],
              "size": [
                9.0,
                3.0,
                3.0
              ],
              "uv": [
                21,
                91
              ],
              "inflate": 0
            }
          ],
          "parent": "Root",
          "rotation": [
            0,
            0,
            -50
          ]
        },
        {
          "name": "bone7",
          "pivot": [
            -16,
            29,
            0
          ],
          "cubes": [
            {
              "origin": [
                -26.0,
                27.5,
                -1.5
              ],
              "size": [
                9.0,
                3.0,
                3.0
              ],
              "uv": [
                90,
                83
              ],
              "inflate": 0
            }
          ],
          "parent": "RightArm",
          "rotation": [
            0,
            -22.5,
            -25
          ]
        },
        {
          "name": "bone6",
          "pivot": [
            -25,
            29,
            0
          ],
          "cubes": [
            {
              "origin": [
                -35.0,
                27.5,
                -1.5
              ],
              "size": [
                9.0,
                3.0,
                3.0
              ],
              "uv": [
                90,
                89
              ],
              "inflate": 0
            }
          ],
          "parent": "bone7",
          "rotation": [
            0,
            0,
            55
          ]
        },
        {
          "name": "bone8",
          "pivot": [
            -34,
            29,
            0
          ],
          "cubes": [
            {
              "origin": [
                -44.0,
                27.5,
                -1.5
              ],
              "size": [
                9.0,
                3.0,
                3.0
              ],
              "uv": [
                88,
                50
              ],
              "inflate": 0
            }
          ],
          "parent": "bone6",
          "rotation": [
            0,
            0,
            -45
          ]
        },
        {
          "name": "Body",
          "pivot": [
            0,
            17,
            0
          ],
          "cubes": [
            {
              "origin": [
                -7.0,
                21.0,
                -7.0
              ],
              "size": [
                14.0,
                16.0,
                14.0
              ],
              "uv": [
                46,
                44
              ],
              "inflate": 0
            },
            {
              "origin": [
                -8.0,
                22.0,
                -7.0
              ],
              "size": [
                16.0,
                14.0,
                14.0
              ],
              "uv": [
                0,
                30
              ],
              "inflate": 0
            },
            {
              "origin": [
                -7.0,
                22.0,
                -8.0
              ],
              "size": [
                14.0,
                14.0,
                16.0
              ],
              "uv": [
                0,
                0
              ],
              "inflate": 0
            },
            {
              "origin": [
                -13.0,
                29.0,
                0.0
              ],
              "size": [
                23.0,
                14.0,
                0.0
              ],
              "uv": [
                46,
                30
              ],
              "inflate": 0
            },
            {
              "origin": [
                -10.0,
                15.0,
                -4.0
              ],
              "size": [
                23.0,
                24.0,
                0.0
              ],
              "pivot": [
                0.0,
                17.0,
                0.0
              ],
              "rotation": [
                0.0,
                10.0,
                0.0
              ],
              "uv": [
                60,
                0
              ],
              "inflate": 0
            },
            {
              "origin": [
                -10.0,
                19.0,
                6.0
              ],
              "size": [
                23.0,
                24.0,
                0.0
              ],
              "pivot": [
                0.0,
                17.0,
                0.0
              ],
              "rotation": [
                0.0,
                15.0,
                0.0
              ],
              "uv": [
                0,
                58
              ],
              "inflate": 0
            }
          ],
          "parent": "Root"
        },
        {
          "name": "bone3",
          "pivot": [
            0,
            17,
            0
          ],
          "cubes": [
            {
              "origin": [
                0.0,
                14.0,
                -1.0
              ],
              "size": [
                6.0,
                7.0,
                0.0
              ],
              "uv": [
                0,
                30
              ],
              "inflate": 0
            }
          ],
          "parent": "Body"
        },
        {
          "name": "bone4",
          "pivot": [
            0,
            17,
            0
          ],
          "cubes": [
            {
              "origin": [
                -5.0,
                13.0,
                -6.0
              ],
              "size": [
                5.0,
                8.0,
                0.0
              ],
              "pivot": [
                0.0,
                17.0,
                0.0
              ],
              "rotation": [
                0.0,
                20.0,
                0.0
              ],
              "uv": [
                44,
                0
              ],
              "inflate": 0
            }
          ],
          "parent": "bone3"
        },
        {
          "name": "bone5",
          "pivot": [
            0,
            17,
            0
          ],
          "cubes": [
            {
              "origin": [
                -4.0,
                10.0,
                5.0
              ],
              "size": [
                6.0,
                13.0,
                0.0
              ],
              "pivot": [
                0.0,
                17.0,
                0.0
              ],
              "rotation": [
                0.0,
                -20.0,
                0.0
              ],
              "uv": [
                0,
                0
              ],
              "inflate": 0
            }
          ],
          "parent": "bone4"
        },
        {
          "name": "bone",
          "pivot": [
            -3,
            17,
            0
          ],
          "cubes": [
            {
              "origin": [
                -4.8,
                28.3,
                -9.0
              ],
              "size": [
                3.6,
                3.4,
                2.0
              ],
              "uv": [
                44,
                8
              ],
              "inflate": 0
            },
            {
              "origin": [
                -4.4,
                28.7,
                -9.1
              ],
              "size": [
                2.8,
                2.6,
                0.0
              ],
              "uv": [
                12,
                2
              ],
              "inflate": 0
            }
          ],
          "parent": "Body"
        },
        {
          "name": "bone2",
          "pivot": [
            3,
            17,
            0
          ],
          "cubes": [
            {
              "origin": [
                1.2,
                28.3,
                -9.0
              ],
              "size": [
                3.6,
                3.4,
                2.0
              ],
              "uv": [
                0,
                37
              ],
              "inflate": 0
            },
            {
              "origin": [
                1.6,
                28.7,
                -9.1
              ],
              "size": [
                2.8,
                2.6,
                0.0
              ],
              "uv": [
                12,
                0
              ],
              "inflate": 0
            }
          ],
          "parent": "Body"
        }
      ]
    }
  ]
}