{
  "format_version": "1.12.0",
  "minecraft:geometry": [
    {
      "description": {
        "identifier": "geometry.mr_nab_climb",
        "texture_width": 64,
        "texture_height": 64,
        "visible_bounds_width": 7,
        "visible_bounds_height": 5,
        "visible_bounds_offset": [
          0,
          1.5,
          0
        ]
      },
      "bones": [
        {
          "name": "Root",
          "pivot": [
            0,
            8,
            21
          ],
          "rotation": [
            90,
            0,
            0
          ]
        },
        {
          "name": "Body",
          "pivot": [
            0,
            23,
            21
          ],
          "cubes": [
            {
              "origin": [
                -5.0,
                23.0,
                17.0
              ],
              "size": [
                10.0,
                16.0,
                8.0
              ],
              "uv": [
                0,
                0
              ],
              "inflate": 0
            },
            {
              "origin": [
                -4.0,
                24.0,
                17.0
              ],
              "size": [
                8.0,
                8.0,
                4.0
              ],
              "uv": [
                23,
                24
              ],
              "inflate": 0
            },
            {
              "origin": [
                -4.0,
                24.0,
                17.0
              ],
              "size": [
                8.0,
                8.0,
                0.0
              ],
              "uv": [
                0,
                47
              ],
              "inflate": 0
            }
          ],
          "parent": "Root"
        },
        {
          "name": "bone7",
          "pivot": [
            0.5,
            30,
            20
          ],
          "cubes": [
            {
              "origin": [
                -2.5,
                29.0,
                17.0
              ],
              "size": [
                5.0,
                1.0,
                3.0
              ],
              "uv": [
                43,
                0
              ],
              "inflate": 0
            },
            {
              "origin": [
                -2.5,
                29.0,
                12.0
              ],
              "size": [
                5.0,
                1.0,
                1.0
              ],
              "uv": [
                36,
                21
              ],
              "inflate": 0
            },
            {
              "origin": [
                -3.0,
                29.0,
                13.0
              ],
              "size": [
                6.0,
                1.0,
                4.0
              ],
              "uv": [
                36,
                7
              ],
              "inflate": 0
            }
          ],
          "parent": "Body",
          "rotation": [
            19.99896,
            10.00644,
            -22.49726
          ]
        },
        {
          "name": "bone8",
          "pivot": [
            0.5,
            29.5,
            12
          ],
          "cubes": [
            {
              "origin": [
                -3.0,
                29.5,
                1.0
              ],
              "size": [
                6.0,
                0.0,
                11.0
              ],
              "uv": [
                0,
                24
              ],
              "inflate": 0
            }
          ],
          "parent": "bone7",
          "rotation": [
            -30.75132,
            2.43842,
            18.84165
          ]
        },
        {
          "name": "bone6",
          "pivot": [
            0,
            39,
            21
          ],
          "cubes": [
            {
              "origin": [
                -2.0,
                37.0,
                19.0
              ],
              "size": [
                4.0,
                5.0,
                4.0
              ],
              "uv": [
                36,
                12
              ],
              "inflate": 0
            },
            {
              "origin": [
                -1.5,
                39.0,
                19.5
              ],
              "size": [
                3.0,
                5.0,
                3.0
              ],
              "uv": [
                16,
                47
              ],
              "inflate": 0
            },
            {
              "origin": [
                -1.5,
                43.0,
                21.0
              ],
              "size": [
                3.0,
                5.0,
                0.0
              ],
              "uv": [
                47,
                27
              ],
              "inflate": 0
            },
            {
              "origin": [
                0.0,
                43.0,
                19.5
              ],
              "size": [
                0.0,
                5.0,
                3.0
              ],
              "uv": [
                0,
                0
              ],
              "inflate": 0
            },
            {
              "origin": [
                -2.5,
                38.0,
                18.5
              ],
              "size": [
                5.0,
                2.0,
                5.0
              ],
              "uv": [
                28,
                0
              ],
              "inflate": 0
            }
          ],
          "parent": "Body",
          "rotation": [
            -20.44582,
            11.73507,
            -9.3361
          ]
        },
        {
          "name": "bone2",
          "pivot": [
            0,
            37,
            17
          ],
          "cubes": [
            {
              "origin": [
                -1.4,
                35.6,
                16.0
              ],
              "size": [
                2.8,
                2.8,
                2.0
              ],
              "uv": [
                43,
                23
              ],
              "inflate": 0
            },
            {
              "origin": [
                -1.2,
                35.8,
                15.9
              ],
              "size": [
                2.4,
                2.4,
                0.0
              ],
              "uv": [
                6,
                26
              ],
              "inflate": 0
            }
          ],
          "parent": "Body",
          "rotation": [
            -5,
            0,
            0
          ]
        },
        {
          "name": "bone4",
          "pivot": [
            -2.8,
            34,
            17
          ],
          "cubes": [
            {
              "origin": [
                -4.2,
                32.6,
                16.0
              ],
              "size": [
                2.8,
                2.8,
                2.0
              ],
              "uv": [
                0,
                43
              ],
              "inflate": 0
            },
            {
              "origin": [
                -4.0,
                32.8,
                15.9
              ],
              "size": [
                2.4,
                2.4,
                0.0
              ],
              "uv": [
                23,
                24
              ],
              "inflate": 0
            }
          ],
          "parent": "Body",
          "rotation": [
            0,
            5,
            0
          ]
        },
        {
          "name": "bone5",
          "pivot": [
            3,
            34,
            17
          ],
          "cubes": [
            {
              "origin": [
                1.4,
                32.6,
                16.0
              ],
              "size": [
                2.8,
                2.8,
                2.0
              ],
              "uv": [
                36,
                36
              ],
              "inflate": 0
            },
            {
              "origin": [
                1.6,
                32.8,
                15.9
              ],
              "size": [
                2.4,
                2.4,
                0.0
              ],
              "uv": [
                6,
                24
              ],
              "inflate": 0
            }
          ],
          "parent": "Body",
          "rotation": [
            0,
            -5,
            0
          ]
        },
        {
          "name": "RightArm",
          "pivot": [
            -5,
            31,
            21
          ],
          "cubes": [
            {
              "origin": [
                -7.0,
                23.0,
                19.0
              ],
              "size": [
                2.0,
                8.0,
                4.0
              ],
              "uv": [
                40,
                36
              ],
              "inflate": 0
            }
          ],
          "parent": "Body",
          "rotation": [
            -15,
            0,
            115
          ]
        },
        {
          "name": "bone9",
          "pivot": [
            -6,
            23,
            21
          ],
          "cubes": [
            {
              "origin": [
                -6.0,
                13.0,
                20.0
              ],
              "size": [
                0.0,
                10.0,
                3.0
              ],
              "uv": [
                10,
                51
              ],
              "inflate": 0
            },
            {
              "origin": [
                -6.7,
                20.0,
                21.0
              ],
              "size": [
                1.4,
                3.0,
                0.0
              ],
              "uv": [
                6,
                3
              ],
              "inflate": 0
            }
          ],
          "parent": "RightArm",
          "rotation": [
            65,
            0,
            0
          ]
        },
        {
          "name": "LeftArm",
          "pivot": [
            5,
            31,
            21
          ],
          "cubes": [
            {
              "origin": [
                5.0,
                23.0,
                19.0
              ],
              "size": [
                2.0,
                8.0,
                4.0
              ],
              "uv": [
                28,
                36
              ],
              "inflate": 0
            }
          ],
          "parent": "Body",
          "rotation": [
            -15,
            0,
            -115
          ]
        },
        {
          "name": "bone11",
          "pivot": [
            6,
            23,
            21
          ],
          "cubes": [
            {
              "origin": [
                6.0,
                13.0,
                20.0
              ],
              "size": [
                0.0,
                10.0,
                3.0
              ],
              "uv": [
                49,
                51
              ],
              "inflate": 0
            },
            {
              "origin": [
                5.3,
                20.0,
                21.0
              ],
              "size": [
                1.4,
                3.0,
                0.0
              ],
              "uv": [
                6,
                0
              ],
              "inflate": 0
            }
          ],
          "parent": "LeftArm",
          "rotation": [
            65,
            0,
            0
          ]
        },
        {
          "name": "LeftLeg",
          "pivot": [
            3,
            24,
            21
          ],
          "cubes": [
            {
              "origin": [
                1.0,
                16.0,
                19.3
              ],
              "size": [
                4.0,
                8.0,
                3.4
              ],
              "uv": [
                14,
                36
              ],
              "inflate": 0
            }
          ],
          "parent": "Root",
          "rotation": [
            -15,
            0,
            -32.5
          ]
        },
        {
          "name": "bone3",
          "pivot": [
            3,
            16,
            21
          ],
          "cubes": [
            {
              "origin": [
                1.5,
                13.0,
                21.0
              ],
              "size": [
                3.0,
                3.0,
                0.0
              ],
              "uv": [
                0,
                0
              ],
              "inflate": 0
            },
            {
              "origin": [
                3.0,
                8.0,
                20.0
              ],
              "size": [
                0.0,
                8.0,
                3.0
              ],
              "uv": [
                28,
                45
              ],
              "inflate": 0
            }
          ],
          "parent": "LeftLeg",
          "rotation": [
            65,
            0,
            0
          ]
        },
        {
          "name": "RightLeg",
          "pivot": [
            -3,
            24,
            21
          ],
          "cubes": [
            {
              "origin": [
                -5.0,
                16.0,
                19.3
              ],
              "size": [
                4.0,
                8.0,
                3.4
              ],
              "uv": [
                0,
                32
              ],
              "inflate": 0
            }
          ],
          "parent": "Root",
          "rotation": [
            -15,
            0,
            32.5
          ]
        },
        {
          "name": "bone",
          "pivot": [
            -3,
            16,
            21
          ],
          "cubes": [
            {
              "origin": [
                -4.5,
                13.0,
                21.0
              ],
              "size": [
                3.0,
                3.0,
                0.0
              ],
              "uv": [
                25,
                36
              ],
              "inflate": 0
            },
            {
              "origin": [
                -3.0,
                8.0,
                20.0
              ],
              "size": [
                0.0,
                8.0,
                3.0
              ],
              "uv": [
                0,
                21
              ],
              "inflate": 0
            }
          ],
          "parent": "RightLeg",
          "rotation": [
            65,
            0,
            0
          ]
        }
      ]
    }
  ]
}