{
  "format_version": "1.12.0",
  "minecraft:geometry": [
    {
      "description": {
        "identifier": "geometry.mr_scene_the_end",
        "texture_width": 256,
        "texture_height": 256,
        "visible_bounds_width": 5,
        "visible_bounds_height": 4.5,
        "visible_bounds_offset": [
          0,
          -1.75,
          0
        ]
      },
      "bones": [
        {
          "name": "bone",
          "pivot": [
            0,
            -63,
            0
          ]
        },
        {
          "name": "Root",
          "pivot": [
            0,
            -79,
            0
          ],
          "parent": "bone"
        },
        {
          "name": "Body",
          "pivot": [
            0,
            -59,
            0
          ],
          "cubes": [
            {
              "origin": [
                -9.0,
                -59.0,
                -9.0
              ],
              "size": [
                18.0,
                11.0,
                18.0
              ],
              "uv": [
                0,
                0
              ],
              "inflate": 0
            },
            {
              "origin": [
                -8.4,
                -54.0,
                -8.4
              ],
              "size": [
                16.8,
                14.0,
                16.8
              ],
              "uv": [
                0,
                29
              ],
              "inflate": 0
            },
            {
              "origin": [
                -3.5,
                -63.0,
                -11.0
              ],
              "size": [
                7.0,
                4.0,
                2.0
              ],
              "pivot": [
                0.0,
                -59.0,
                0.0
              ],
              "rotation": [
                0.0,
                45.0,
                0.0
              ],
              "uv": [
                54,
                87
              ],
              "inflate": 0
            },
            {
              "origin": [
                9.0,
                -63.0,
                -3.5
              ],
              "size": [
                2.0,
                4.0,
                7.0
              ],
              "pivot": [
                0.0,
                -59.0,
                0.0
              ],
              "rotation": [
                0.0,
                45.0,
                0.0
              ],
              "uv": [
                56,
                124
              ],
              "inflate": 0
            },
            {
              "origin": [
                -11.0,
                -63.0,
                -3.5
              ],
              "size": [
                2.0,
                4.0,
                7.0
              ],
              "pivot": [
                0.0,
                -59.0,
                0.0
              ],
              "rotation": [
                0.0,
                45.0,
                0.0
              ],
              "uv": [
                117,
                20
              ],
              "inflate": 0
            },
            {
              "origin": [
                -3.5,
                -63.0,
                9.0
              ],
              "size": [
                7.0,
                4.0,
                2.0
              ],
              "pivot": [
                0.0,
                -59.0,
                0.0
              ],
              "rotation": [
                0.0,
                45.0,
                0.0
              ],
              "uv": [
                81,
                39
              ],
              "inflate": 0
            },
            {
              "origin": [
                -3.4,
                -48.0,
                -8.0
              ],
              "size": [
                6.8,
                6.0,
                2.0
              ],
              "uv": [
                28,
                78
              ],
              "inflate": 0
            }
          ],
          "parent": "Root"
        },
        {
          "name": "bone4",
          "pivot": [
            0,
            -45,
            -4
          ],
          "cubes": [
            {
              "origin": [
                -3.0,
                -48.0,
                -8.0
              ],
              "size": [
                6.0,
                6.0,
                4.0
              ],
              "uv": [
                71,
                106
              ],
              "inflate": 0
            },
            {
              "origin": [
                -1.8,
                -46.8,
                -8.1
              ],
              "size": [
                3.6,
                3.6,
                0.0
              ],
              "uv": [
                10,
                42
              ],
              "inflate": 0
            }
          ],
          "parent": "Body"
        },
        {
          "name": "bone3",
          "pivot": [
            0,
            -44,
            -8
          ],
          "cubes": [
            {
              "origin": [
                -3.9,
                -37.2,
                -8.2
              ],
              "size": [
                7.8,
                6.4,
                0.0
              ],
              "uv": [
                76,
                68
              ],
              "inflate": 0
            }
          ],
          "parent": "Body"
        },
        {
          "name": "RightLeg",
          "pivot": [
            -6,
            -59,
            -6
          ],
          "cubes": [
            {
              "origin": [
                -8.51303,
                -66.67547,
                -8.48209
              ],
              "size": [
                4.0,
                9.0,
                4.0
              ],
              "uv": [
                0,
                127
              ],
              "inflate": 0
            }
          ],
          "parent": "Root",
          "rotation": [
            -43.56472,
            4.93147,
            62.7108
          ]
        },
        {
          "name": "bone2",
          "pivot": [
            -5,
            -67,
            -6
          ],
          "cubes": [
            {
              "origin": [
                -6.96047,
                -75.20436,
                -9.27098
              ],
              "size": [
                4.0,
                9.0,
                4.0
              ],
              "uv": [
                119,
                125
              ],
              "inflate": 0
            }
          ],
          "parent": "RightLeg",
          "rotation": [
            22.14861,
            74.34064,
            38.41968
          ]
        },
        {
          "name": "bone5",
          "pivot": [
            -5,
            -76,
            -6
          ],
          "cubes": [
            {
              "origin": [
                -6.96047,
                -83.90252,
                -9.02175
              ],
              "size": [
                4.0,
                9.0,
                4.0
              ],
              "uv": [
                123,
                112
              ],
              "inflate": 0
            }
          ],
          "parent": "bone2",
          "rotation": [
            0,
            0,
            -17.5
          ]
        },
        {
          "name": "RightLeg2",
          "pivot": [
            -6,
            -59,
            0
          ],
          "cubes": [
            {
              "origin": [
                -9.10592,
                -66.98661,
                -2.0
              ],
              "size": [
                4.0,
                9.0,
                4.0
              ],
              "uv": [
                83,
                123
              ],
              "inflate": 0
            }
          ],
          "parent": "Root",
          "rotation": [
            0,
            0,
            75
          ]
        },
        {
          "name": "bone6",
          "pivot": [
            -5,
            -66,
            0
          ],
          "cubes": [
            {
              "origin": [
                -8.43058,
                -75.45106,
                -2.0
              ],
              "size": [
                4.0,
                9.0,
                4.0
              ],
              "uv": [
                122,
                99
              ],
              "inflate": 0
            }
          ],
          "parent": "RightLeg2",
          "rotation": [
            -5,
            0,
            12.5
          ]
        },
        {
          "name": "bone7",
          "pivot": [
            -5,
            -75,
            0
          ],
          "cubes": [
            {
              "origin": [
                -8.49036,
                -83.8302,
                -2.0
              ],
              "size": [
                4.0,
                9.0,
                4.0
              ],
              "uv": [
                122,
                69
              ],
              "inflate": 0
            }
          ],
          "parent": "bone6",
          "rotation": [
            17.5,
            0,
            5
          ]
        },
        {
          "name": "RightLeg3",
          "pivot": [
            -6,
            -59,
            6
          ],
          "cubes": [
            {
              "origin": [
                -8.51303,
                -66.67547,
                4.48209
              ],
              "size": [
                4.0,
                9.0,
                4.0
              ],
              "uv": [
                119,
                32
              ],
              "inflate": 0
            }
          ],
          "parent": "Root",
          "rotation": [
            42.96925,
            -5.54741,
            65.11445
          ]
        },
        {
          "name": "bone8",
          "pivot": [
            -5,
            -67,
            6
          ],
          "cubes": [
            {
              "origin": [
                -6.96047,
                -75.20436,
                5.27098
              ],
              "size": [
                4.0,
                9.0,
                4.0
              ],
              "uv": [
                47,
                118
              ],
              "inflate": 0
            }
          ],
          "parent": "RightLeg3",
          "rotation": [
            31.11827,
            -73.021,
            -16.75545
          ]
        },
        {
          "name": "bone9",
          "pivot": [
            -5,
            -76,
            6
          ],
          "cubes": [
            {
              "origin": [
                -6.96047,
                -83.90252,
                5.02175
              ],
              "size": [
                4.0,
                9.0,
                4.0
              ],
              "uv": [
                12,
                118
              ],
              "inflate": 0
            }
          ],
          "parent": "bone8",
          "rotation": [
            0,
            0,
            12.5
          ]
        },
        {
          "name": "LeftLeg",
          "pivot": [
            6,
            -59,
            -6
          ],
          "cubes": [
            {
              "origin": [
                4.51303,
                -66.67547,
                -8.48209
              ],
              "size": [
                4.0,
                9.0,
                4.0
              ],
              "uv": [
                118,
                7
              ],
              "inflate": 0
            }
          ],
          "parent": "Root",
          "rotation": [
            -42.11094,
            -1.68845,
            -64.35355
          ]
        },
        {
          "name": "bone10",
          "pivot": [
            5,
            -67,
            -6
          ],
          "cubes": [
            {
              "origin": [
                2.96047,
                -75.20436,
                -9.27098
              ],
              "size": [
                4.0,
                9.0,
                4.0
              ],
              "uv": [
                117,
                53
              ],
              "inflate": 0
            }
          ],
          "parent": "LeftLeg",
          "rotation": [
            29.88429,
            -73.24143,
            -46.47417
          ]
        },
        {
          "name": "bone11",
          "pivot": [
            5,
            -76,
            -6
          ],
          "cubes": [
            {
              "origin": [
                2.96047,
                -83.90252,
                -9.02175
              ],
              "size": [
                4.0,
                9.0,
                4.0
              ],
              "uv": [
                31,
                117
              ],
              "inflate": 0
            }
          ],
          "parent": "bone10",
          "rotation": [
            0,
            0,
            10
          ]
        },
        {
          "name": "LeftLeg2",
          "pivot": [
            6,
            -59,
            0
          ],
          "cubes": [
            {
              "origin": [
                5.10592,
                -66.98661,
                -2.0
              ],
              "size": [
                4.0,
                9.0,
                4.0
              ],
              "uv": [
                67,
                116
              ],
              "inflate": 0
            }
          ],
          "parent": "Root",
          "rotation": [
            0,
            0,
            -75
          ]
        },
        {
          "name": "bone12",
          "pivot": [
            5,
            -66,
            0
          ],
          "cubes": [
            {
              "origin": [
                4.43058,
                -75.45106,
                -2.0
              ],
              "size": [
                4.0,
                9.0,
                4.0
              ],
              "uv": [
                107,
                114
              ],
              "inflate": 0
            }
          ],
          "parent": "LeftLeg2",
          "rotation": [
            10,
            0,
            -12.5
          ]
        },
        {
          "name": "bone13",
          "pivot": [
            5,
            -75,
            0
          ],
          "cubes": [
            {
              "origin": [
                4.48717,
                -83.80421,
                -2.0
              ],
              "size": [
                4.0,
                9.0,
                4.0
              ],
              "uv": [
                112,
                86
              ],
              "inflate": 0
            }
          ],
          "parent": "bone12",
          "rotation": [
            -20,
            0,
            -5
          ]
        },
        {
          "name": "LeftLeg3",
          "pivot": [
            6,
            -59,
            6
          ],
          "cubes": [
            {
              "origin": [
                4.51303,
                -66.67547,
                4.48209
              ],
              "size": [
                4.0,
                9.0,
                4.0
              ],
              "uv": [
                91,
                110
              ],
              "inflate": 0
            }
          ],
          "parent": "Root",
          "rotation": [
            42.96925,
            5.54741,
            -65.11445
          ]
        },
        {
          "name": "bone14",
          "pivot": [
            5,
            -67,
            6
          ],
          "cubes": [
            {
              "origin": [
                2.96047,
                -75.20436,
                5.27098
              ],
              "size": [
                4.0,
                9.0,
                4.0
              ],
              "uv": [
                0,
                107
              ],
              "inflate": 0
            }
          ],
          "parent": "LeftLeg3",
          "rotation": [
            -23.23464,
            74.75392,
            -39.40373
          ]
        },
        {
          "name": "bone15",
          "pivot": [
            5,
            -76,
            6
          ],
          "cubes": [
            {
              "origin": [
                2.96047,
                -83.90252,
                5.02175
              ],
              "size": [
                4.0,
                9.0,
                4.0
              ],
              "uv": [
                0,
                29
              ],
              "inflate": 0
            }
          ],
          "parent": "bone14",
          "rotation": [
            0,
            0,
            12.5
          ]
        },
        {
          "name": "Root2",
          "pivot": [
            0,
            -63,
            -3
          ],
          "parent": "bone"
        },
        {
          "name": "Body2",
          "pivot": [
            0,
            -51,
            -1
          ],
          "cubes": [
            {
              "origin": [
                -4.8,
                -52.0,
                -4.5
              ],
              "size": [
                9.6,
                11.0,
                7.0
              ],
              "uv": [
                29,
                87
              ],
              "inflate": 0
            }
          ],
          "parent": "Root2"
        },
        {
          "name": "bone16",
          "pivot": [
            0,
            -45,
            -1
          ],
          "cubes": [
            {
              "origin": [
                -5.4,
                -47.0,
                -5.0
              ],
              "size": [
                10.8,
                6.0,
                8.0
              ],
              "uv": [
                76,
                79
              ],
              "inflate": 0
            }
          ],
          "parent": "Body2"
        },
        {
          "name": "bone17",
          "pivot": [
            0,
            -41,
            -1
          ],
          "cubes": [
            {
              "origin": [
                -5.7,
                -43.0,
                -5.4
              ],
              "size": [
                11.4,
                11.0,
                8.8
              ],
              "uv": [
                46,
                68
              ],
              "inflate": 0
            }
          ],
          "parent": "bone16",
          "rotation": [
            5,
            0,
            0
          ]
        },
        {
          "name": "Head",
          "pivot": [
            0,
            -32,
            -1
          ],
          "cubes": [
            {
              "origin": [
                -7.0,
                -32.3,
                -5.7
              ],
              "size": [
                14.0,
                10.6,
                9.4
              ],
              "uv": [
                0,
                59
              ],
              "inflate": 0
            },
            {
              "origin": [
                -7.0,
                -31.7,
                -6.3
              ],
              "size": [
                14.0,
                9.4,
                10.6
              ],
              "uv": [
                54,
                49
              ],
              "inflate": 0
            },
            {
              "origin": [
                -7.9,
                -31.7,
                -5.7
              ],
              "size": [
                15.8,
                9.4,
                9.4
              ],
              "uv": [
                54,
                0
              ],
              "inflate": 0
            }
          ],
          "parent": "bone17"
        },
        {
          "name": "bone18",
          "pivot": [
            0,
            -29,
            -6
          ],
          "cubes": [
            {
              "origin": [
                -6.0,
                -32.0,
                -6.4
              ],
              "size": [
                12.0,
                4.0,
                0.0
              ],
              "uv": [
                117,
                0
              ],
              "inflate": 0
            }
          ],
          "parent": "Head"
        },
        {
          "name": "bone19",
          "pivot": [
            -3,
            -27,
            -6
          ],
          "cubes": [
            {
              "origin": [
                -5.2,
                -27.5,
                -7.0
              ],
              "size": [
                3.4,
                3.4,
                2.0
              ],
              "uv": [
                48,
                29
              ],
              "inflate": 0
            },
            {
              "origin": [
                -5.0,
                -27.3,
                -7.1
              ],
              "size": [
                3.0,
                3.0,
                1.0
              ],
              "uv": [
                0,
                78
              ],
              "inflate": 0
            }
          ],
          "parent": "Head",
          "rotation": [
            0,
            2.5,
            0
          ]
        },
        {
          "name": "bone20",
          "pivot": [
            3,
            -27,
            -6
          ],
          "cubes": [
            {
              "origin": [
                1.8,
                -27.5,
                -7.0
              ],
              "size": [
                3.4,
                3.4,
                2.0
              ],
              "uv": [
                0,
                13
              ],
              "inflate": 0
            },
            {
              "origin": [
                2.0,
                -27.3,
                -7.1
              ],
              "size": [
                3.0,
                3.0,
                1.0
              ],
              "uv": [
                46,
                72
              ],
              "inflate": 0
            }
          ],
          "parent": "Head",
          "rotation": [
            0,
            -2.5,
            0
          ]
        },
        {
          "name": "RightArm",
          "pivot": [
            -5.5,
            -33,
            -1
          ],
          "cubes": [
            {
              "origin": [
                -9.7,
                -40.0,
                -3.6
              ],
              "size": [
                4.4,
                7.1,
                5.2
              ],
              "uv": [
                53,
                106
              ],
              "inflate": 0
            }
          ],
          "parent": "bone17",
          "rotation": [
            -5,
            0,
            2.5
          ]
        },
        {
          "name": "bone21",
          "pivot": [
            -7.5,
            -40,
            -1
          ],
          "cubes": [
            {
              "origin": [
                -10.2,
                -46.5,
                -4.1
              ],
              "size": [
                5.4,
                7.0,
                6.2
              ],
              "uv": [
                96,
                12
              ],
              "inflate": 0
            }
          ],
          "parent": "RightArm",
          "rotation": [
            0,
            0,
            2.5
          ]
        },
        {
          "name": "bone22",
          "pivot": [
            -7.5,
            -45,
            -1
          ],
          "cubes": [
            {
              "origin": [
                -10.5,
                -52.0,
                -4.4
              ],
              "size": [
                6.0,
                7.0,
                6.8
              ],
              "uv": [
                85,
                93
              ],
              "inflate": 0
            }
          ],
          "parent": "bone21",
          "rotation": [
            2.5,
            0,
            -2.5
          ]
        },
        {
          "name": "bone23",
          "pivot": [
            -7.5,
            -52,
            -1
          ],
          "cubes": [
            {
              "origin": [
                -10.2,
                -57.0,
                -4.1
              ],
              "size": [
                5.4,
                5.0,
                6.2
              ],
              "uv": [
                101,
                62
              ],
              "inflate": 0
            },
            {
              "origin": [
                -7.5,
                -58.6,
                -5.4
              ],
              "size": [
                2.0,
                4.0,
                2.8
              ],
              "pivot": [
                0.5,
                -57.0,
                9.0
              ],
              "rotation": [
                -10.0,
                0.0,
                0.0
              ],
              "uv": [
                0,
                59
              ],
              "inflate": 0
            }
          ],
          "parent": "bone22",
          "rotation": [
            2.5,
            0,
            -2.5
          ]
        },
        {
          "name": "LeftArm",
          "pivot": [
            5.5,
            -33,
            -1
          ],
          "cubes": [
            {
              "origin": [
                5.3,
                -40.0,
                -3.6
              ],
              "size": [
                4.4,
                7.1,
                5.2
              ],
              "uv": [
                35,
                105
              ],
              "inflate": 0
            }
          ],
          "parent": "bone17",
          "rotation": [
            -5,
            0,
            -2.5
          ]
        },
        {
          "name": "bone24",
          "pivot": [
            7.5,
            -40,
            -1
          ],
          "cubes": [
            {
              "origin": [
                4.8,
                -46.5,
                -4.1
              ],
              "size": [
                5.4,
                7.0,
                6.2
              ],
              "uv": [
                0,
                94
              ],
              "inflate": 0
            }
          ],
          "parent": "LeftArm",
          "rotation": [
            0,
            0,
            -2.5
          ]
        },
        {
          "name": "bone25",
          "pivot": [
            7.5,
            -45,
            -1
          ],
          "cubes": [
            {
              "origin": [
                4.5,
                -52.0,
                -4.4
              ],
              "size": [
                6.0,
                7.0,
                6.8
              ],
              "uv": [
                61,
                93
              ],
              "inflate": 0
            }
          ],
          "parent": "bone24",
          "rotation": [
            2.5,
            0,
            2.5
          ]
        },
        {
          "name": "bone26",
          "pivot": [
            7.5,
            -52,
            -1
          ],
          "cubes": [
            {
              "origin": [
                4.8,
                -57.0,
                -4.1
              ],
              "size": [
                5.4,
                5.0,
                6.2
              ],
              "uv": [
                101,
                25
              ],
              "inflate": 0
            },
            {
              "origin": [
                5.5,
                -58.6,
                -5.4
              ],
              "size": [
                2.0,
                4.0,
                2.8
              ],
              "pivot": [
                15.5,
                -57.0,
                9.0
              ],
              "rotation": [
                -10.0,
                0.0,
                0.0
              ],
              "uv": [
                54,
                0
              ],
              "inflate": 0
            }
          ],
          "parent": "bone25",
          "rotation": [
            -2.5,
            0,
            2.5
          ]
        },
        {
          "name": "LeftLeg4",
          "pivot": [
            3,
            -52,
            -1
          ],
          "cubes": [
            {
              "origin": [
                1.0,
                -57.0,
                -3.0
              ],
              "size": [
                4.0,
                5.0,
                4.0
              ],
              "uv": [
                24,
                130
              ],
              "inflate": 0
            }
          ],
          "parent": "Root2",
          "rotation": [
            5,
            0,
            -2.5
          ]
        },
        {
          "name": "bone27",
          "pivot": [
            3,
            -57,
            -1
          ],
          "cubes": [
            {
              "origin": [
                0.5,
                -63.0,
                -3.5
              ],
              "size": [
                5.0,
                6.0,
                5.0
              ],
              "uv": [
                102,
                0
              ],
              "inflate": 0
            }
          ],
          "parent": "LeftLeg4",
          "rotation": [
            -5,
            0,
            0
          ]
        },
        {
          "name": "RightLeg4",
          "pivot": [
            -3,
            -52,
            -1
          ],
          "cubes": [
            {
              "origin": [
                -5.0,
                -57.0,
                -3.0
              ],
              "size": [
                4.0,
                5.0,
                4.0
              ],
              "uv": [
                37,
                59
              ],
              "inflate": 0
            }
          ],
          "parent": "Root2",
          "rotation": [
            5,
            0,
            2.5
          ]
        },
        {
          "name": "bone28",
          "pivot": [
            -3,
            -57,
            -1
          ],
          "cubes": [
            {
              "origin": [
                -5.5,
                -63.0,
                -3.5
              ],
              "size": [
                5.0,
                6.0,
                5.0
              ],
              "uv": [
                48,
                34
              ],
              "inflate": 0
            }
          ],
          "parent": "RightLeg4",
          "rotation": [
            -5,
            0,
            0
          ]
        },
        {
          "name": "Root3",
          "pivot": [
            0,
            -63,
            0
          ],
          "parent": "bone"
        },
        {
          "name": "Body3",
          "pivot": [
            0,
            -48,
            0
          ],
          "cubes": [
            {
              "origin": [
                -4.6,
                -48.0,
                -3.7
              ],
              "size": [
                9.2,
                7.0,
                7.4
              ],
              "uv": [
                92,
                39
              ],
              "inflate": 0
            }
          ],
          "parent": "Root3"
        },
        {
          "name": "bone29",
          "pivot": [
            0,
            -43,
            0
          ],
          "cubes": [
            {
              "origin": [
                -5.4,
                -41.0,
                -4.2
              ],
              "size": [
                10.8,
                8.0,
                8.4
              ],
              "uv": [
                0,
                78
              ],
              "inflate": 0
            }
          ],
          "parent": "Body3"
        },
        {
          "name": "Head2",
          "pivot": [
            0,
            -32,
            -1
          ],
          "cubes": [
            {
              "origin": [
                -5.0,
                -33.0,
                -4.5
              ],
              "size": [
                10.0,
                10.0,
                9.0
              ],
              "uv": [
                63,
                20
              ],
              "inflate": 0
            },
            {
              "origin": [
                -5.5,
                -24.0,
                -2.4
              ],
              "size": [
                4.2,
                3.5,
                4.0
              ],
              "uv": [
                130,
                4
              ],
              "inflate": 0
            },
            {
              "origin": [
                1.3,
                -24.0,
                -2.4
              ],
              "size": [
                4.2,
                3.5,
                4.0
              ],
              "uv": [
                129,
                62
              ],
              "inflate": 0
            },
            {
              "origin": [
                -7.9,
                -22.0,
                -1.9
              ],
              "size": [
                3.0,
                4.0,
                3.0
              ],
              "pivot": [
                -0.4,
                -55.0,
                -0.9
              ],
              "rotation": [
                0.0,
                0.0,
                5.0
              ],
              "uv": [
                71,
                132
              ],
              "inflate": 0
            },
            {
              "origin": [
                4.9,
                -22.0,
                -1.9
              ],
              "size": [
                3.0,
                4.0,
                3.0
              ],
              "pivot": [
                0.4,
                -55.0,
                -0.9
              ],
              "rotation": [
                0.0,
                0.0,
                -5.0
              ],
              "uv": [
                0,
                120
              ],
              "inflate": 0
            },
            {
              "origin": [
                -8.4,
                -18.4,
                -0.4
              ],
              "size": [
                5.0,
                7.0,
                0.0
              ],
              "pivot": [
                -0.4,
                -55.4,
                -0.9
              ],
              "rotation": [
                0.0,
                0.0,
                5.0
              ],
              "uv": [
                135,
                35
              ],
              "inflate": 0
            },
            {
              "origin": [
                3.4,
                -18.4,
                -0.4
              ],
              "size": [
                5.0,
                7.0,
                0.0
              ],
              "pivot": [
                0.4,
                -55.4,
                -0.9
              ],
              "rotation": [
                0.0,
                0.0,
                -5.0
              ],
              "uv": [
                134,
                94
              ],
              "inflate": 0
            }
          ],
          "parent": "bone29"
        },
        {
          "name": "bone30",
          "pivot": [
            0,
            -30,
            -4
          ],
          "cubes": [
            {
              "origin": [
                -6.0,
                -33.4,
                -4.6
              ],
              "size": [
                12.0,
                5.2,
                0.0
              ],
              "uv": [
                92,
                53
              ],
              "inflate": 0
            }
          ],
          "parent": "Head2"
        },
        {
          "name": "bone31",
          "pivot": [
            -2,
            -27,
            -4
          ],
          "cubes": [
            {
              "origin": [
                -3.8,
                -28.4,
                -5.0
              ],
              "size": [
                2.8,
                2.8,
                2.0
              ],
              "uv": [
                46,
                68
              ],
              "inflate": 0
            }
          ],
          "parent": "Head2"
        },
        {
          "name": "bone32",
          "pivot": [
            0,
            -30.7,
            -3.5
          ],
          "cubes": [
            {
              "origin": [
                -2.0,
                -32.7,
                -4.5
              ],
              "size": [
                4.0,
                2.0,
                1.0
              ],
              "uv": [
                0,
                42
              ],
              "inflate": 0
            },
            {
              "origin": [
                -1.5,
                -34.7,
                -4.5
              ],
              "size": [
                3.0,
                2.0,
                1.0
              ],
              "uv": [
                54,
                6
              ],
              "inflate": 0
            }
          ],
          "parent": "Head2",
          "rotation": [
            -10,
            0,
            0
          ]
        },
        {
          "name": "bone33",
          "pivot": [
            0,
            -33.7,
            -4
          ],
          "cubes": [
            {
              "origin": [
                -1.0,
                -39.7,
                -4.3
              ],
              "size": [
                2.0,
                5.0,
                0.0
              ],
              "uv": [
                0,
                0
              ],
              "inflate": 0
            }
          ],
          "parent": "bone32",
          "rotation": [
            12.5,
            0,
            0
          ]
        },
        {
          "name": "bone34",
          "pivot": [
            2,
            -27,
            -4
          ],
          "cubes": [
            {
              "origin": [
                1.0,
                -28.4,
                -5.0
              ],
              "size": [
                2.8,
                2.8,
                2.0
              ],
              "uv": [
                10,
                13
              ],
              "inflate": 0
            }
          ],
          "parent": "Head2"
        },
        {
          "name": "RightArm2",
          "pivot": [
            -5,
            -33,
            0
          ],
          "cubes": [
            {
              "origin": [
                -7.5,
                -41.0,
                -2.5
              ],
              "size": [
                4.0,
                8.0,
                5.0
              ],
              "uv": [
                17,
                105
              ],
              "inflate": 0
            }
          ],
          "parent": "bone29",
          "rotation": [
            0,
            0,
            5
          ]
        },
        {
          "name": "bone35",
          "pivot": [
            -5,
            -40,
            0
          ],
          "cubes": [
            {
              "origin": [
                -7.7,
                -49.0,
                -2.7
              ],
              "size": [
                4.4,
                8.0,
                5.4
              ],
              "uv": [
                104,
                101
              ],
              "inflate": 0
            }
          ],
          "parent": "RightArm2"
        },
        {
          "name": "bone36",
          "pivot": [
            -6,
            -47,
            0
          ],
          "cubes": [
            {
              "origin": [
                -7.4,
                -53.0,
                -2.2
              ],
              "size": [
                3.8,
                4.0,
                4.4
              ],
              "uv": [
                40,
                131
              ],
              "inflate": 0
            }
          ],
          "parent": "bone35"
        },
        {
          "name": "LeftArm2",
          "pivot": [
            5,
            -33,
            0
          ],
          "cubes": [
            {
              "origin": [
                3.5,
                -41.0,
                -2.5
              ],
              "size": [
                4.0,
                8.0,
                5.0
              ],
              "uv": [
                104,
                73
              ],
              "inflate": 0
            }
          ],
          "parent": "bone29",
          "rotation": [
            0,
            0,
            -5
          ]
        },
        {
          "name": "bone37",
          "pivot": [
            5,
            -40,
            0
          ],
          "cubes": [
            {
              "origin": [
                3.3,
                -49.0,
                -2.7
              ],
              "size": [
                4.4,
                8.0,
                5.4
              ],
              "uv": [
                0,
                0
              ],
              "inflate": 0
            }
          ],
          "parent": "LeftArm2"
        },
        {
          "name": "bone38",
          "pivot": [
            6,
            -47,
            0
          ],
          "cubes": [
            {
              "origin": [
                3.6,
                -53.0,
                -2.2
              ],
              "size": [
                3.8,
                4.0,
                4.4
              ],
              "uv": [
                131,
                27
              ],
              "inflate": 0
            }
          ],
          "parent": "bone37"
        },
        {
          "name": "bone39",
          "pivot": [
            5,
            -33,
            0
          ],
          "parent": "LeftArm2"
        },
        {
          "name": "LeftLeg5",
          "pivot": [
            2.6,
            -51,
            0
          ],
          "cubes": [
            {
              "origin": [
                0.3,
                -54.0,
                -2.3
              ],
              "size": [
                4.6,
                7.0,
                4.6
              ],
              "uv": [
                130,
                16
              ],
              "inflate": 0
            }
          ],
          "parent": "Root3",
          "rotation": [
            0,
            -2.5,
            -2.5
          ]
        },
        {
          "name": "bone40",
          "pivot": [
            2.6,
            -55,
            0
          ],
          "cubes": [
            {
              "origin": [
                0.3,
                -62.0,
                -2.3
              ],
              "size": [
                4.6,
                8.0,
                4.6
              ],
              "uv": [
                128,
                82
              ],
              "inflate": 0
            }
          ],
          "parent": "LeftLeg5"
        },
        {
          "name": "bone41",
          "pivot": [
            2.6,
            -61,
            0
          ],
          "cubes": [
            {
              "origin": [
                0.0,
                -63.0,
                -4.6
              ],
              "size": [
                5.2,
                2.8,
                7.2
              ],
              "uv": [
                84,
                68
              ],
              "inflate": 0
            }
          ],
          "parent": "bone40",
          "rotation": [
            0,
            0,
            2.5
          ]
        },
        {
          "name": "RightLeg5",
          "pivot": [
            -2.6,
            -51,
            0
          ],
          "cubes": [
            {
              "origin": [
                -4.9,
                -54.0,
                -2.3
              ],
              "size": [
                4.6,
                7.0,
                4.6
              ],
              "uv": [
                129,
                45
              ],
              "inflate": 0
            }
          ],
          "parent": "Root3",
          "rotation": [
            0,
            2.5,
            2.5
          ]
        },
        {
          "name": "bone42",
          "pivot": [
            -2.6,
            -55,
            0
          ],
          "cubes": [
            {
              "origin": [
                -4.9,
                -62.0,
                -2.3
              ],
              "size": [
                4.6,
                8.0,
                4.6
              ],
              "uv": [
                99,
                127
              ],
              "inflate": 0
            }
          ],
          "parent": "RightLeg5"
        },
        {
          "name": "bone43",
          "pivot": [
            -2.6,
            -61,
            0
          ],
          "cubes": [
            {
              "origin": [
                -5.2,
                -63.0,
                -4.6
              ],
              "size": [
                5.2,
                2.8,
                7.2
              ],
              "uv": [
                64,
                39
              ],
              "inflate": 0
            }
          ],
          "parent": "bone42",
          "rotation": [
            0,
            0,
            -2.5
          ]
        }
      ]
    }
  ]
}