{
  "format_version": "1.8.0",
  "animations": {
    "animation.pa_witch.general": {
      "loop": true,
      "bones": {
        "nose": {
          "rotation": [
            "(variable.isholdingitem ? -25.7831 : (math.sin(query.life_time * 57.296) * 4.5)) - this",
            0,
            "(math.cos(query.life_time * 57.296) * 2.5) - this"
          ]
        }
      }
    },
    "animation.witch.villager_general": {
      "loop": true,
      "bones": {
        "arms": {
          "rotation": [
            "-42.97 - this",
            0,
            0
          ],
          "position": [
            0,
            -1,
            -1
          ]
        }
      }
    },
    "animation.witch.move": {
      "loop": true,
      "anim_time_update": "query.modified_distance_moved",
      "bones": {
        "leg0": {
          "rotation": [
            "(math.cos(query.anim_time * 38.17) * 40.0) - this",
            "-this",
            0
          ]
        },
        "leg1": {
          "rotation": [
            "(math.cos(query.anim_time * 38.17 + 180) * 40.0) - this",
            "-this",
            0
          ]
        }
      }
    },
    "animation.Mc_mutant_opila.move": {
      "loop": true,
      "animation_length": 1,
      "bones": {
        "Body": {
          "rotation": {
            "0.0": {
              "post": [
                5,
                0,
                0
              ],
              "lerp_mode": "catmullrom"
            },
            "0.25": {
              "post": [
                0,
                0,
                5
              ],
              "lerp_mode": "catmullrom"
            },
            "0.5": {
              "post": [
                5,
                0,
                0
              ],
              "lerp_mode": "catmullrom"
            },
            "0.75": {
              "post": [
                0,
                0,
                -5
              ],
              "lerp_mode": "catmullrom"
            },
            "1.0": {
              "post": [
                5,
                0,
                0
              ],
              "lerp_mode": "catmullrom"
            }
          },
          "position": {
            "0.0": {
              "post": [
                0,
                0,
                0
              ],
              "lerp_mode": "catmullrom"
            },
            "0.25": {
              "post": [
                0,
                1,
                0
              ],
              "lerp_mode": "catmullrom"
            },
            "0.5": {
              "post": [
                0,
                0,
                0
              ],
              "lerp_mode": "catmullrom"
            },
            "0.75": {
              "post": [
                0,
                1,
                0
              ],
              "lerp_mode": "catmullrom"
            },
            "1.0": {
              "post": [
                0,
                0,
                0
              ],
              "lerp_mode": "catmullrom"
            }
          }
        },
        "bone6": {
          "rotation": {
            "0.0": {
              "post": [
                0,
                0,
                0
              ],
              "lerp_mode": "catmullrom"
            },
            "0.2917": {
              "post": [
                0,
                0,
                85.64
              ],
              "lerp_mode": "catmullrom"
            },
            "0.6667": {
              "post": [
                -25,
                0,
                82.5
              ],
              "lerp_mode": "catmullrom"
            },
            "1.0": {
              "post": [
                0,
                0,
                0
              ],
              "lerp_mode": "catmullrom"
            }
          }
        },
        "bone2": {
          "rotation": {
            "0.0": {
              "post": [
                27.5,
                0,
                0
              ],
              "lerp_mode": "catmullrom"
            },
            "0.25": {
              "post": [
                0,
                0,
                0
              ],
              "lerp_mode": "catmullrom"
            },
            "0.5": {
              "post": [
                27.5,
                0,
                0
              ],
              "lerp_mode": "catmullrom"
            },
            "0.75": {
              "post": [
                0,
                0,
                0
              ],
              "lerp_mode": "catmullrom"
            },
            "1.0": {
              "post": [
                27.5,
                0,
                0
              ],
              "lerp_mode": "catmullrom"
            }
          }
        },
        "bone7": {
          "rotation": {
            "0.0": {
              "post": [
                0,
                0,
                0
              ],
              "lerp_mode": "catmullrom"
            },
            "0.2917": {
              "post": [
                0,
                0,
                -81.46
              ],
              "lerp_mode": "catmullrom"
            },
            "0.6667": {
              "post": [
                -25,
                0,
                -80
              ],
              "lerp_mode": "catmullrom"
            },
            "1.0": {
              "post": [
                0,
                0,
                0
              ],
              "lerp_mode": "catmullrom"
            }
          }
        },
        "RightLeg": {
          "rotation": {
            "0.0": {
              "post": [
                27.5,
                0,
                0
              ],
              "lerp_mode": "catmullrom"
            },
            "0.5": {
              "post": [
                -22.5,
                0,
                0
              ],
              "lerp_mode": "catmullrom"
            },
            "1.0": {
              "post": [
                27.5,
                0,
                0
              ],
              "lerp_mode": "catmullrom"
            }
          },
          "position": {
            "0.0": {
              "post": [
                0,
                -1,
                0
              ],
              "lerp_mode": "catmullrom"
            },
            "0.25": {
              "post": [
                0,
                3,
                -2
              ],
              "lerp_mode": "catmullrom"
            },
            "0.5": {
              "post": [
                0,
                0,
                0
              ],
              "lerp_mode": "catmullrom"
            },
            "1.0": {
              "post": [
                0,
                -1,
                0
              ],
              "lerp_mode": "catmullrom"
            }
          }
        },
        "bone8": {
          "rotation": {
            "0.0": {
              "post": [
                0,
                0,
                0
              ],
              "lerp_mode": "catmullrom"
            },
            "0.25": {
              "post": [
                -27.5,
                0,
                0
              ],
              "lerp_mode": "catmullrom"
            },
            "0.5": {
              "post": [
                0,
                0,
                0
              ],
              "lerp_mode": "catmullrom"
            },
            "1.0": {
              "post": [
                0,
                0,
                0
              ],
              "lerp_mode": "catmullrom"
            }
          }
        },
        "bone9": {
          "rotation": {
            "0.0": {
              "post": [
                0,
                0,
                0
              ],
              "lerp_mode": "catmullrom"
            },
            "0.5": {
              "post": [
                0,
                0,
                0
              ],
              "lerp_mode": "catmullrom"
            },
            "1.0": {
              "post": [
                0,
                0,
                0
              ],
              "lerp_mode": "catmullrom"
            }
          }
        },
        "LeftLeg": {
          "rotation": {
            "0.0": {
              "post": [
                -22.5,
                0,
                0
              ],
              "lerp_mode": "catmullrom"
            },
            "0.5": {
              "post": [
                27.5,
                0,
                0
              ],
              "lerp_mode": "catmullrom"
            },
            "1.0": {
              "post": [
                -22.5,
                0,
                0
              ],
              "lerp_mode": "catmullrom"
            }
          },
          "position": {
            "0.0": {
              "post": [
                0,
                0,
                0
              ],
              "lerp_mode": "catmullrom"
            },
            "0.5": {
              "post": [
                0,
                -1,
                0
              ],
              "lerp_mode": "catmullrom"
            },
            "0.75": {
              "post": [
                0,
                3,
                -2
              ],
              "lerp_mode": "catmullrom"
            },
            "1.0": {
              "post": [
                0,
                0,
                0
              ],
              "lerp_mode": "catmullrom"
            }
          }
        },
        "bone11": {
          "rotation": {
            "0.0": {
              "post": [
                0,
                0,
                0
              ],
              "lerp_mode": "catmullrom"
            },
            "0.5": {
              "post": [
                0,
                0,
                0
              ],
              "lerp_mode": "catmullrom"
            },
            "0.75": {
              "post": [
                -27.5,
                0,
                0
              ],
              "lerp_mode": "catmullrom"
            },
            "1.0": {
              "post": [
                0,
                0,
                0
              ],
              "lerp_mode": "catmullrom"
            }
          }
        },
        "bone12": {
          "rotation": {
            "0.0": {
              "post": [
                0,
                0,
                0
              ],
              "lerp_mode": "catmullrom"
            },
            "0.5": {
              "post": [
                0,
                0,
                0
              ],
              "lerp_mode": "catmullrom"
            },
            "1.0": {
              "post": [
                0,
                0,
                0
              ],
              "lerp_mode": "catmullrom"
            }
          }
        }
      }
    },
    "animation.Mc_mutant_opila.general": {
      "loop": true,
      "animation_length": 2,
      "bones": {
        "Body": {
          "rotation": {
            "0.0": {
              "post": [
                0,
                0,
                0
              ],
              "lerp_mode": "catmullrom"
            },
            "1.0": {
              "post": [
                5,
                0,
                0
              ],
              "lerp_mode": "catmullrom"
            },
            "1.5": {
              "post": [
                5,
                0,
                0
              ],
              "lerp_mode": "catmullrom"
            },
            "2.0": {
              "post": [
                0,
                0,
                0
              ],
              "lerp_mode": "catmullrom"
            }
          }
        },
        "bone6": {
          "rotation": {
            "0.0": {
              "post": [
                0,
                0,
                0
              ],
              "lerp_mode": "catmullrom"
            },
            "0.75": {
              "post": [
                0,
                0,
                20
              ],
              "lerp_mode": "catmullrom"
            },
            "1.0": {
              "post": [
                0,
                0,
                0
              ],
              "lerp_mode": "catmullrom"
            },
            "1.25": {
              "post": [
                0,
                0,
                17.5
              ],
              "lerp_mode": "catmullrom"
            },
            "1.5": {
              "post": [
                0,
                0,
                0
              ],
              "lerp_mode": "catmullrom"
            },
            "2.0": {
              "post": [
                0,
                0,
                0
              ],
              "lerp_mode": "catmullrom"
            }
          }
        },
        "bone": {
          "rotation": {
            "0.0": {
              "post": [
                0,
                0,
                0
              ],
              "lerp_mode": "catmullrom"
            },
            "1.0": {
              "post": [
                -10,
                0,
                0
              ],
              "lerp_mode": "catmullrom"
            },
            "1.5": {
              "post": [
                -12.5,
                0,
                0
              ],
              "lerp_mode": "catmullrom"
            },
            "2.0": {
              "post": [
                0,
                0,
                0
              ],
              "lerp_mode": "catmullrom"
            }
          }
        },
        "Head": {
          "rotation": {
            "0.0": {
              "post": [
                0,
                0,
                0
              ],
              "lerp_mode": "catmullrom"
            },
            "1.0": {
              "post": [
                7.5,
                0,
                0
              ],
              "lerp_mode": "catmullrom"
            },
            "1.5": {
              "post": [
                13.1,
                0,
                0
              ],
              "lerp_mode": "catmullrom"
            },
            "1.625": {
              "post": [
                7.5,
                0,
                0
              ],
              "lerp_mode": "catmullrom"
            },
            "2.0": {
              "post": [
                0,
                0,
                0
              ],
              "lerp_mode": "catmullrom"
            }
          }
        },
        "bone2": {
          "rotation": {
            "0.0": {
              "post": [
                0,
                0,
                0
              ],
              "lerp_mode": "catmullrom"
            },
            "1.7083": {
              "post": [
                7.5,
                0,
                0
              ],
              "lerp_mode": "catmullrom"
            },
            "2.0": {
              "post": [
                0,
                0,
                0
              ],
              "lerp_mode": "catmullrom"
            }
          }
        },
        "bone7": {
          "rotation": {
            "0.0": {
              "post": [
                0,
                0,
                0
              ],
              "lerp_mode": "catmullrom"
            },
            "0.75": {
              "post": [
                2.81638,
                0.35727,
                -22.16581
              ],
              "lerp_mode": "catmullrom"
            },
            "1.0": {
              "post": [
                0,
                0,
                0
              ],
              "lerp_mode": "catmullrom"
            },
            "1.25": {
              "post": [
                0,
                0,
                -17.5
              ],
              "lerp_mode": "catmullrom"
            },
            "1.5": {
              "post": [
                0,
                0,
                0
              ],
              "lerp_mode": "catmullrom"
            },
            "2.0": {
              "post": [
                0,
                0,
                0
              ],
              "lerp_mode": "catmullrom"
            }
          }
        }
      }
    }
  }
}