{
  "format_version": "1.12.0",
  "minecraft:geometry": [
    {
      "description": {
        "identifier": "geometry.mr_coach_pickles",
        "texture_width": 128,
        "texture_height": 128,
        "visible_bounds_width": 5,
        "visible_bounds_height": 4.5,
        "visible_bounds_offset": [
          0,
          1.75,
          0
        ]
      },
      "bones": [
        {
          "name": "Root"
        },
        {
          "name": "Body",
          "pivot": [
            0,
            23,
            0
          ],
          "cubes": [
            {
              "origin": [
                -8.0,
                24.0,
                -7.0
              ],
              "size": [
                16.0,
                6.0,
                0.0
              ],
              "pivot": [
                0.0,
                24.0,
                -7.0
              ],
              "rotation": [
                5.0,
                0.0,
                0.0
              ],
              "uv": [
                60,
                18
              ],
              "inflate": 0
            },
            {
              "origin": [
                -8.0,
                23.0,
                -7.0
              ],
              "size": [
                16.0,
                14.0,
                14.0
              ],
              "uv": [
                0,
                0
              ],
              "inflate": 0
            }
          ],
          "parent": "Root"
        },
        {
          "name": "bone11",
          "pivot": [
            -4,
            34,
            -7
          ],
          "cubes": [
            {
              "origin": [
                -5.5,
                32.5,
                -8.1
              ],
              "size": [
                3.0,
                3.0,
                0.0
              ],
              "uv": [
                0,
                48
              ],
              "inflate": 0
            },
            {
              "origin": [
                -5.7,
                32.3,
                -8.0
              ],
              "size": [
                3.4,
                3.4,
                2.0
              ],
              "uv": [
                57,
                0
              ],
              "inflate": 0
            }
          ],
          "parent": "Body",
          "rotation": [
            0,
            2.5,
            0
          ]
        },
        {
          "name": "bone12",
          "pivot": [
            4,
            34,
            -7
          ],
          "cubes": [
            {
              "origin": [
                2.5,
                32.5,
                -8.1
              ],
              "size": [
                3.0,
                3.0,
                0.0
              ],
              "uv": [
                39,
                48
              ],
              "inflate": 0
            },
            {
              "origin": [
                2.3,
                32.3,
                -8.0
              ],
              "size": [
                3.4,
                3.4,
                2.0
              ],
              "uv": [
                21,
                81
              ],
              "inflate": 0
            }
          ],
          "parent": "Body",
          "rotation": [
            0,
            -2.5,
            0
          ]
        },
        {
          "name": "Nose",
          "pivot": [
            0,
            29,
            -7
          ],
          "cubes": [
            {
              "origin": [
                -3.0,
                26.0,
                -14.0
              ],
              "size": [
                6.0,
                6.0,
                9.0
              ],
              "uv": [
                55,
                75
              ],
              "inflate": 0
            }
          ],
          "parent": "Body",
          "rotation": [
            45,
            0,
            0
          ]
        },
        {
          "name": "bone4",
          "pivot": [
            0,
            29,
            -13
          ],
          "cubes": [
            {
              "origin": [
                -2.5,
                26.5,
                -19.0
              ],
              "size": [
                5.0,
                5.0,
                6.0
              ],
              "uv": [
                79,
                84
              ],
              "inflate": 0
            }
          ],
          "parent": "Nose",
          "rotation": [
            17.5,
            0,
            0
          ]
        },
        {
          "name": "bone9",
          "pivot": [
            0,
            29,
            -19
          ],
          "cubes": [
            {
              "origin": [
                -2.0,
                27.0,
                -25.0
              ],
              "size": [
                4.0,
                4.0,
                7.0
              ],
              "uv": [
                28,
                81
              ],
              "inflate": 0
            }
          ],
          "parent": "bone4",
          "rotation": [
            37.5,
            0,
            0
          ]
        },
        {
          "name": "bone8",
          "pivot": [
            0,
            29,
            -25
          ],
          "cubes": [
            {
              "origin": [
                -1.5,
                27.5,
                -30.0
              ],
              "size": [
                3.0,
                3.0,
                5.0
              ],
              "uv": [
                46,
                0
              ],
              "inflate": 0
            }
          ],
          "parent": "bone9"
        },
        {
          "name": "bone10",
          "pivot": [
            0,
            29,
            -29
          ],
          "cubes": [
            {
              "origin": [
                -2.0,
                27.0,
                -31.0
              ],
              "size": [
                4.0,
                4.0,
                2.0
              ],
              "uv": [
                0,
                0
              ],
              "inflate": 0
            }
          ],
          "parent": "bone8",
          "rotation": [
            -42.5,
            0,
            0
          ]
        },
        {
          "name": "bone13",
          "pivot": [
            6,
            37,
            0
          ],
          "cubes": [
            {
              "origin": [
                5.0,
                31.0,
                0.0
              ],
              "size": [
                22.0,
                20.0,
                0.0
              ],
              "pivot": [
                7.0,
                38.0,
                -1.0
              ],
              "rotation": [
                0.0,
                -2.5,
                -5.0
              ],
              "uv": [
                44,
                28
              ],
              "inflate": 0
            }
          ],
          "parent": "Body"
        },
        {
          "name": "bone14",
          "pivot": [
            -6,
            37,
            0
          ],
          "cubes": [
            {
              "origin": [
                -27.0,
                31.0,
                0.0
              ],
              "size": [
                22.0,
                20.0,
                0.0
              ],
              "pivot": [
                -7.0,
                38.0,
                -1.0
              ],
              "rotation": [
                0.0,
                2.5,
                5.0
              ],
              "uv": [
                0,
                28
              ],
              "inflate": 0
            }
          ],
          "parent": "Body"
        },
        {
          "name": "LeftArm",
          "pivot": [
            4,
            22,
            0
          ],
          "cubes": [
            {
              "origin": [
                2.0,
                18.0,
                -2.0
              ],
              "size": [
                4.0,
                5.0,
                4.0
              ],
              "uv": [
                27,
                48
              ],
              "inflate": 0
            }
          ],
          "parent": "Body"
        },
        {
          "name": "bone16",
          "pivot": [
            4,
            17,
            0
          ],
          "cubes": [
            {
              "origin": [
                1.8,
                12.0,
                -2.2
              ],
              "size": [
                4.4,
                6.0,
                4.4
              ],
              "uv": [
                88,
                20
              ],
              "inflate": 0
            }
          ],
          "parent": "LeftArm"
        },
        {
          "name": "RightArm",
          "pivot": [
            -4,
            22,
            0
          ],
          "cubes": [
            {
              "origin": [
                -6.0,
                18.0,
                -2.0
              ],
              "size": [
                4.0,
                5.0,
                4.0
              ],
              "uv": [
                63,
                48
              ],
              "inflate": 0
            }
          ],
          "parent": "Body"
        },
        {
          "name": "bone15",
          "pivot": [
            -4,
            17,
            0
          ],
          "cubes": [
            {
              "origin": [
                -6.2,
                12.0,
                -2.2
              ],
              "size": [
                4.4,
                6.0,
                4.4
              ],
              "uv": [
                88,
                30
              ],
              "inflate": 0
            }
          ],
          "parent": "RightArm"
        },
        {
          "name": "LeftLeg",
          "pivot": [
            6,
            27,
            0
          ],
          "cubes": [
            {
              "origin": [
                6.0,
                25.0,
                -4.0
              ],
              "size": [
                8.0,
                8.0,
                8.0
              ],
              "uv": [
                0,
                65
              ],
              "inflate": 0
            }
          ],
          "parent": "Root",
          "rotation": [
            0,
            0,
            -10
          ]
        },
        {
          "name": "bone5",
          "pivot": [
            10,
            23,
            0
          ],
          "cubes": [
            {
              "origin": [
                6.5,
                16.0,
                -3.5
              ],
              "size": [
                7.0,
                9.0,
                7.0
              ],
              "uv": [
                0,
                81
              ],
              "inflate": 0
            }
          ],
          "parent": "LeftLeg",
          "rotation": [
            0,
            0,
            5
          ]
        },
        {
          "name": "bone6",
          "pivot": [
            10,
            16,
            0
          ],
          "cubes": [
            {
              "origin": [
                6.0,
                6.0,
                -4.0
              ],
              "size": [
                8.0,
                10.0,
                8.0
              ],
              "uv": [
                60,
                0
              ],
              "inflate": 0
            }
          ],
          "parent": "bone5"
        },
        {
          "name": "bone7",
          "pivot": [
            10,
            8,
            0
          ],
          "cubes": [
            {
              "origin": [
                5.5,
                -1.0,
                -4.5
              ],
              "size": [
                9.0,
                8.0,
                9.0
              ],
              "uv": [
                0,
                48
              ],
              "inflate": 0
            },
            {
              "origin": [
                6.0,
                -1.0,
                -5.0
              ],
              "size": [
                3.0,
                4.0,
                2.0
              ],
              "uv": [
                46,
                8
              ],
              "inflate": 0
            },
            {
              "origin": [
                11.0,
                -1.0,
                -5.0
              ],
              "size": [
                3.0,
                4.0,
                2.0
              ],
              "uv": [
                0,
                6
              ],
              "inflate": 0
            }
          ],
          "parent": "bone6",
          "rotation": [
            0,
            0,
            5
          ]
        },
        {
          "name": "RightLeg",
          "pivot": [
            -6,
            27,
            0
          ],
          "cubes": [
            {
              "origin": [
                -14.0,
                25.0,
                -4.0
              ],
              "size": [
                8.0,
                8.0,
                8.0
              ],
              "uv": [
                32,
                65
              ],
              "inflate": 0
            }
          ],
          "parent": "Root",
          "rotation": [
            0,
            0,
            10
          ]
        },
        {
          "name": "bone",
          "pivot": [
            -10,
            23,
            0
          ],
          "cubes": [
            {
              "origin": [
                -13.5,
                16.0,
                -3.5
              ],
              "size": [
                7.0,
                9.0,
                7.0
              ],
              "uv": [
                81,
                41
              ],
              "inflate": 0
            }
          ],
          "parent": "RightLeg",
          "rotation": [
            0,
            0,
            -5
          ]
        },
        {
          "name": "bone2",
          "pivot": [
            -10,
            16,
            0
          ],
          "cubes": [
            {
              "origin": [
                -14.0,
                6.0,
                -4.0
              ],
              "size": [
                8.0,
                10.0,
                8.0
              ],
              "uv": [
                64,
                57
              ],
              "inflate": 0
            }
          ],
          "parent": "bone"
        },
        {
          "name": "bone3",
          "pivot": [
            -10,
            8,
            0
          ],
          "cubes": [
            {
              "origin": [
                -14.5,
                -1.0,
                -4.5
              ],
              "size": [
                9.0,
                8.0,
                9.0
              ],
              "uv": [
                36,
                48
              ],
              "inflate": 0
            },
            {
              "origin": [
                -14.0,
                -1.0,
                -5.0
              ],
              "size": [
                3.0,
                4.0,
                2.0
              ],
              "uv": [
                76,
                75
              ],
              "inflate": 0
            },
            {
              "origin": [
                -9.0,
                -1.0,
                -5.0
              ],
              "size": [
                3.0,
                4.0,
                2.0
              ],
              "uv": [
                24,
                65
              ],
              "inflate": 0
            }
          ],
          "parent": "bone2",
          "rotation": [
            0,
            0,
            -5
          ]
        }
      ]
    }
  ]
}