{
  "format_version": "1.12.0",
  "minecraft:geometry": [
    {
      "description": {
        "identifier": "geometry.mr_mini_opila",
        "texture_width": 32,
        "texture_height": 32,
        "visible_bounds_width": 2,
        "visible_bounds_height": 3.5,
        "visible_bounds_offset": [
          0,
          1.25,
          0
        ]
      },
      "bones": [
        {
          "name": "Root",
          "pivot": [
            0,
            0,
            1
          ]
        },
        {
          "name": "Body",
          "pivot": [
            0,
            4,
            1
          ],
          "cubes": [
            {
              "origin": [
                -2.2,
                3.8,
                -1.8
              ],
              "size": [
                4.4,
                4.4,
                5.6
              ],
              "uv": [
                0,
                0
              ],
              "inflate": 0
            },
            {
              "origin": [
                -1.7,
                3.8,
                4.0
              ],
              "size": [
                3.4,
                3.4,
                2.0
              ],
              "pivot": [
                0.0,
                0.0,
                1.0
              ],
              "rotation": [
                10.0,
                0.0,
                0.0
              ],
              "uv": [
                22,
                10
              ],
              "inflate": 0
            },
            {
              "origin": [
                0.0,
                3.8,
                6.0
              ],
              "size": [
                0.0,
                3.4,
                2.0
              ],
              "pivot": [
                0.0,
                0.0,
                1.0
              ],
              "rotation": [
                10.0,
                0.0,
                0.0
              ],
              "uv": [
                0,
                0
              ],
              "inflate": 0
            }
          ],
          "parent": "Root"
        },
        {
          "name": "bone3",
          "pivot": [
            0,
            6,
            -1
          ],
          "cubes": [
            {
              "origin": [
                -1.7,
                4.7,
                -3.7
              ],
              "size": [
                3.4,
                5.0,
                3.4
              ],
              "uv": [
                13,
                14
              ],
              "inflate": 0
            }
          ],
          "parent": "Body"
        },
        {
          "name": "Head",
          "pivot": [
            0,
            9,
            -2
          ],
          "cubes": [
            {
              "origin": [
                -2.2,
                8.8,
                -4.2
              ],
              "size": [
                4.4,
                4.4,
                4.4
              ],
              "uv": [
                0,
                9
              ],
              "inflate": 0
            },
            {
              "origin": [
                -1.5,
                10.0,
                -6.0
              ],
              "size": [
                3.0,
                1.0,
                2.0
              ],
              "uv": [
                16,
                22
              ],
              "inflate": 0
            },
            {
              "origin": [
                -1.3,
                11.9,
                -1.6
              ],
              "size": [
                2.6,
                1.0,
                1.6
              ],
              "pivot": [
                0.0,
                0.0,
                1.0
              ],
              "rotation": [
                27.5,
                0.0,
                0.0
              ],
              "uv": [
                22,
                15
              ],
              "inflate": 0
            },
            {
              "origin": [
                -2.0,
                13.0,
                -2.0
              ],
              "size": [
                4.0,
                3.0,
                0.0
              ],
              "uv": [
                24,
                7
              ],
              "inflate": 0
            },
            {
              "origin": [
                -1.5,
                11.0,
                -4.4
              ],
              "size": [
                1.0,
                1.0,
                2.0
              ],
              "uv": [
                24,
                20
              ],
              "inflate": 0
            },
            {
              "origin": [
                -2.1,
                11.0,
                -4.3
              ],
              "size": [
                1.6,
                1.5,
                1.0
              ],
              "uv": [
                0,
                9
              ],
              "inflate": 0
            },
            {
              "origin": [
                0.5,
                11.0,
                -4.4
              ],
              "size": [
                1.0,
                1.0,
                2.0
              ],
              "uv": [
                6,
                17
              ],
              "inflate": 0
            },
            {
              "origin": [
                0.5,
                11.0,
                -4.3
              ],
              "size": [
                1.6,
                1.6,
                1.0
              ],
              "uv": [
                0,
                0
              ],
              "inflate": 0
            }
          ],
          "parent": "bone3"
        },
        {
          "name": "bone4",
          "pivot": [
            0,
            10,
            -4
          ],
          "cubes": [
            {
              "origin": [
                -1.0,
                9.0,
                -5.7
              ],
              "size": [
                2.0,
                1.0,
                2.0
              ],
              "uv": [
                0,
                24
              ],
              "inflate": 0
            }
          ],
          "parent": "Head"
        },
        {
          "name": "bone",
          "pivot": [
            -2,
            7,
            0
          ],
          "cubes": [
            {
              "origin": [
                -3.0,
                5.0,
                -1.0
              ],
              "size": [
                1.0,
                3.0,
                4.0
              ],
              "uv": [
                0,
                17
              ],
              "inflate": 0
            }
          ],
          "parent": "Body"
        },
        {
          "name": "bone2",
          "pivot": [
            2,
            7,
            0
          ],
          "cubes": [
            {
              "origin": [
                2.0,
                5.0,
                -1.0
              ],
              "size": [
                1.0,
                3.0,
                4.0
              ],
              "uv": [
                14,
                5
              ],
              "inflate": 0
            }
          ],
          "parent": "Body"
        },
        {
          "name": "RightLeg",
          "pivot": [
            -1.4,
            4,
            1
          ],
          "cubes": [
            {
              "origin": [
                -2.5,
                0.0,
                0.0
              ],
              "size": [
                2.0,
                5.0,
                2.0
              ],
              "uv": [
                8,
                22
              ],
              "inflate": 0
            },
            {
              "origin": [
                -2.1,
                0.1,
                -2.0
              ],
              "size": [
                1.0,
                0.0,
                5.0
              ],
              "uv": [
                10,
                0
              ],
              "inflate": 0
            },
            {
              "origin": [
                -3.0,
                0.1,
                -2.0
              ],
              "size": [
                1.0,
                0.0,
                1.6
              ],
              "pivot": [
                -1.5,
                0.1,
                1.0
              ],
              "rotation": [
                0.0,
                7.5,
                0.0
              ],
              "uv": [
                11,
                10
              ],
              "inflate": 0
            },
            {
              "origin": [
                -1.1,
                0.1,
                -2.0
              ],
              "size": [
                1.0,
                0.0,
                1.6
              ],
              "pivot": [
                -1.6,
                0.1,
                1.0
              ],
              "rotation": [
                0.0,
                -7.5,
                0.0
              ],
              "uv": [
                11,
                9
              ],
              "inflate": 0
            },
            {
              "origin": [
                -2.9,
                0.2,
                -0.5
              ],
              "size": [
                2.8,
                0.0,
                2.5
              ],
              "uv": [
                15,
                0
              ],
              "inflate": 0
            }
          ],
          "parent": "Root",
          "rotation": [
            0,
            5,
            2.5
          ]
        },
        {
          "name": "LeftLeg",
          "pivot": [
            1.6,
            4,
            1
          ],
          "cubes": [
            {
              "origin": [
                0.5,
                0.0,
                0.0
              ],
              "size": [
                2.0,
                5.0,
                2.0
              ],
              "uv": [
                20,
                0
              ],
              "inflate": 0
            },
            {
              "origin": [
                0.9,
                0.1,
                -2.0
              ],
              "size": [
                1.0,
                0.0,
                5.0
              ],
              "uv": [
                8,
                0
              ],
              "inflate": 0
            },
            {
              "origin": [
                0.0,
                0.1,
                -2.0
              ],
              "size": [
                1.0,
                0.0,
                1.6
              ],
              "pivot": [
                1.5,
                0.1,
                1.0
              ],
              "rotation": [
                0.0,
                7.5,
                0.0
              ],
              "uv": [
                0,
                11
              ],
              "inflate": 0
            },
            {
              "origin": [
                1.9,
                0.1,
                -2.0
              ],
              "size": [
                1.0,
                0.0,
                1.6
              ],
              "pivot": [
                1.4,
                0.1,
                1.0
              ],
              "rotation": [
                0.0,
                -7.5,
                0.0
              ],
              "uv": [
                2,
                0
              ],
              "inflate": 0
            },
            {
              "origin": [
                0.1,
                0.2,
                -0.5
              ],
              "size": [
                2.8,
                0.0,
                2.5
              ],
              "uv": [
                14,
                12
              ],
              "inflate": 0
            }
          ],
          "parent": "Root",
          "rotation": [
            0,
            -5,
            -2.5
          ]
        }
      ]
    }
  ]
}