{
  "format_version": "1.12.0",
  "minecraft:geometry": [
    {
      "description": {
        "identifier": "geometry.mr_nabnab_spider",
        "texture_width": 64,
        "texture_height": 64,
        "visible_bounds_width": 4,
        "visible_bounds_height": 3.5,
        "visible_bounds_offset": [
          0,
          1.25,
          0
        ]
      },
      "bones": [
        {
          "name": "Root",
          "rotation": [
            -90,
            0,
            0
          ]
        },
        {
          "name": "Body",
          "pivot": [
            0,
            -6,
            -7
          ],
          "cubes": [
            {
              "origin": [
                -5.0,
                -6.0,
                -11.0
              ],
              "size": [
                10.0,
                11.0,
                7.0
              ],
              "uv": [
                0,
                0
              ],
              "inflate": 0
            },
            {
              "origin": [
                -4.5,
                5.0,
                -10.9
              ],
              "size": [
                9.0,
                6.0,
                6.8
              ],
              "uv": [
                0,
                18
              ],
              "inflate": 0
            }
          ],
          "parent": "Root"
        },
        {
          "name": "bone7",
          "pivot": [
            0,
            12,
            -7.5
          ],
          "cubes": [
            {
              "origin": [
                -2.2,
                9.9,
                -9.7
              ],
              "size": [
                4.4,
                2.2,
                4.4
              ],
              "uv": [
                24,
                18
              ],
              "inflate": 0
            }
          ],
          "parent": "Body"
        },
        {
          "name": "bone10",
          "pivot": [
            0,
            13,
            -7.5
          ],
          "cubes": [
            {
              "origin": [
                -1.7,
                11.9,
                -9.2
              ],
              "size": [
                3.4,
                2.2,
                3.4
              ],
              "uv": [
                34,
                5
              ],
              "inflate": 0
            },
            {
              "origin": [
                -1.2,
                12.9,
                -8.7
              ],
              "size": [
                2.4,
                3.2,
                2.4
              ],
              "uv": [
                16,
                39
              ],
              "inflate": 0
            }
          ],
          "parent": "bone7"
        },
        {
          "name": "bone11",
          "pivot": [
            0,
            9,
            -11
          ],
          "cubes": [
            {
              "origin": [
                -1.3,
                7.73486,
                -11.60152
              ],
              "size": [
                2.6,
                2.6,
                2.0
              ],
              "uv": [
                40,
                38
              ],
              "inflate": 0
            },
            {
              "origin": [
                -1.0,
                8.03486,
                -11.70152
              ],
              "size": [
                2.0,
                2.0,
                1.0
              ],
              "uv": [
                2,
                51
              ],
              "inflate": 0
            }
          ],
          "parent": "Body",
          "rotation": [
            -5,
            0,
            0
          ]
        },
        {
          "name": "bone12",
          "pivot": [
            -3,
            6,
            -11
          ],
          "cubes": [
            {
              "origin": [
                -3.93486,
                4.16717,
                -11.64662
              ],
              "size": [
                2.6,
                2.6,
                2.0
              ],
              "uv": [
                39,
                30
              ],
              "inflate": 0
            },
            {
              "origin": [
                -3.63486,
                4.46717,
                -11.74662
              ],
              "size": [
                2.0,
                2.0,
                1.0
              ],
              "uv": [
                2,
                50
              ],
              "inflate": 0
            }
          ],
          "parent": "Body",
          "rotation": [
            5,
            5,
            0
          ]
        },
        {
          "name": "bone13",
          "pivot": [
            3,
            6,
            -11
          ],
          "cubes": [
            {
              "origin": [
                1.33486,
                4.16717,
                -11.64662
              ],
              "size": [
                2.6,
                2.6,
                2.0
              ],
              "uv": [
                38,
                34
              ],
              "inflate": 0
            },
            {
              "origin": [
                1.63486,
                4.46717,
                -11.74662
              ],
              "size": [
                2.0,
                2.0,
                1.0
              ],
              "uv": [
                2,
                52
              ],
              "inflate": 0
            }
          ],
          "parent": "Body",
          "rotation": [
            5,
            -5,
            0
          ]
        },
        {
          "name": "bone14",
          "pivot": [
            0,
            -1,
            -10
          ],
          "cubes": [
            {
              "origin": [
                -2.4,
                -2.0,
                -11.0
              ],
              "size": [
                4.8,
                2.0,
                1.0
              ],
              "uv": [
                36,
                19
              ],
              "inflate": 0
            },
            {
              "origin": [
                -2.4,
                -7.0,
                -11.0
              ],
              "size": [
                4.8,
                1.0,
                1.0
              ],
              "uv": [
                27,
                5
              ],
              "inflate": 0
            },
            {
              "origin": [
                -3.2,
                -6.0,
                -11.0
              ],
              "size": [
                6.4,
                4.0,
                1.0
              ],
              "uv": [
                27,
                0
              ],
              "inflate": 0
            }
          ],
          "parent": "Body",
          "rotation": [
            -15,
            0,
            0
          ]
        },
        {
          "name": "bone15",
          "pivot": [
            0,
            -7,
            -10.5
          ],
          "cubes": [
            {
              "origin": [
                -3.1,
                -16.0,
                -10.5
              ],
              "size": [
                6.2,
                9.0,
                0.0
              ],
              "uv": [
                0,
                30
              ],
              "inflate": 0
            }
          ],
          "parent": "bone14",
          "rotation": [
            70,
            0,
            0
          ]
        },
        {
          "name": "RightArm",
          "pivot": [
            -4,
            4,
            -7.5
          ],
          "cubes": [
            {
              "origin": [
                -6.8,
                -3.0,
                -8.8
              ],
              "size": [
                2.6,
                7.0,
                2.6
              ],
              "uv": [
                24,
                36
              ],
              "inflate": 0
            }
          ],
          "parent": "Body",
          "rotation": [
            -10,
            0,
            95
          ]
        },
        {
          "name": "bone5",
          "pivot": [
            -5.5,
            -3,
            -7.5
          ],
          "cubes": [
            {
              "origin": [
                -6.5,
                -9.0,
                -8.5
              ],
              "size": [
                2.0,
                6.0,
                2.0
              ],
              "uv": [
                38,
                22
              ],
              "inflate": 0
            }
          ],
          "parent": "RightArm",
          "rotation": [
            50,
            0,
            0
          ]
        },
        {
          "name": "bone6",
          "pivot": [
            -5.5,
            -9,
            -7.5
          ],
          "cubes": [
            {
              "origin": [
                -6.3,
                -14.0,
                -8.3
              ],
              "size": [
                1.6,
                5.0,
                1.6
              ],
              "uv": [
                0,
                18
              ],
              "inflate": 0
            }
          ],
          "parent": "bone5",
          "rotation": [
            55,
            0,
            0
          ]
        },
        {
          "name": "LeftArm",
          "pivot": [
            4,
            4,
            -7.5
          ],
          "cubes": [
            {
              "origin": [
                4.2,
                -3.0,
                -8.8
              ],
              "size": [
                2.6,
                7.0,
                2.6
              ],
              "uv": [
                36,
                10
              ],
              "inflate": 0
            }
          ],
          "parent": "Body",
          "rotation": [
            -10,
            0,
            -95
          ]
        },
        {
          "name": "bone8",
          "pivot": [
            5.5,
            -3,
            -7.5
          ],
          "cubes": [
            {
              "origin": [
                4.5,
                -9.0,
                -8.5
              ],
              "size": [
                2.0,
                6.0,
                2.0
              ],
              "uv": [
                32,
                36
              ],
              "inflate": 0
            }
          ],
          "parent": "LeftArm",
          "rotation": [
            50,
            0,
            0
          ]
        },
        {
          "name": "bone9",
          "pivot": [
            5.5,
            -9,
            -7.5
          ],
          "cubes": [
            {
              "origin": [
                4.7,
                -14.0,
                -8.3
              ],
              "size": [
                1.6,
                5.0,
                1.6
              ],
              "uv": [
                0,
                0
              ],
              "inflate": 0
            }
          ],
          "parent": "bone8",
          "rotation": [
            55,
            0,
            0
          ]
        },
        {
          "name": "LeftLeg",
          "pivot": [
            2.5,
            -6,
            -7
          ],
          "cubes": [
            {
              "origin": [
                1.5,
                -11.0,
                -9.0
              ],
              "size": [
                3.0,
                6.0,
                3.0
              ],
              "uv": [
                27,
                27
              ],
              "inflate": 0
            }
          ],
          "parent": "Root",
          "rotation": [
            -10,
            0,
            -30
          ]
        },
        {
          "name": "bone3",
          "pivot": [
            3,
            -11,
            -7.5
          ],
          "cubes": [
            {
              "origin": [
                1.8,
                -16.0,
                -8.7
              ],
              "size": [
                2.4,
                6.0,
                2.4
              ],
              "uv": [
                0,
                39
              ],
              "inflate": 0
            }
          ],
          "parent": "LeftLeg",
          "rotation": [
            65,
            0,
            0
          ]
        },
        {
          "name": "bone2",
          "pivot": [
            3,
            -16,
            -7.5
          ],
          "cubes": [
            {
              "origin": [
                2.2,
                -20.0,
                -8.3
              ],
              "size": [
                1.6,
                4.0,
                1.6
              ],
              "uv": [
                40,
                42
              ],
              "inflate": 0
            }
          ],
          "parent": "bone3",
          "rotation": [
            37.5,
            0,
            0
          ]
        },
        {
          "name": "RightLeg",
          "pivot": [
            -2.5,
            -6,
            -7
          ],
          "cubes": [
            {
              "origin": [
                -4.5,
                -11.0,
                -9.0
              ],
              "size": [
                3.0,
                6.0,
                3.0
              ],
              "uv": [
                12,
                30
              ],
              "inflate": 0
            }
          ],
          "parent": "Root",
          "rotation": [
            -10,
            0,
            30
          ]
        },
        {
          "name": "bone",
          "pivot": [
            -3,
            -11,
            -7.5
          ],
          "cubes": [
            {
              "origin": [
                -4.2,
                -16.0,
                -8.7
              ],
              "size": [
                2.4,
                6.0,
                2.4
              ],
              "uv": [
                8,
                39
              ],
              "inflate": 0
            }
          ],
          "parent": "RightLeg",
          "rotation": [
            65,
            0,
            0
          ]
        },
        {
          "name": "bone4",
          "pivot": [
            -3,
            -16,
            -7.5
          ],
          "cubes": [
            {
              "origin": [
                -3.8,
                -20.0,
                -8.3
              ],
              "size": [
                1.6,
                4.0,
                1.6
              ],
              "uv": [
                41,
                0
              ],
              "inflate": 0
            }
          ],
          "parent": "bone",
          "rotation": [
            37,
            0,
            0
          ]
        }
      ]
    }
  ]
}