{
  "format_version": "1.12.0",
  "minecraft:geometry": [
    {
      "description": {
        "identifier": "geometry.mr_tamataki_chamataki",
        "texture_width": 128,
        "texture_height": 128,
        "visible_bounds_width": 5,
        "visible_bounds_height": 2.5,
        "visible_bounds_offset": [
          0,
          0.75,
          0
        ]
      },
      "bones": [
        {
          "name": "Root"
        },
        {
          "name": "RightLeg",
          "pivot": [
            -4,
            11,
            8
          ],
          "cubes": [
            {
              "origin": [
                -6.8,
                5.0,
                5.2
              ],
              "size": [
                4.6,
                6.0,
                4.6
              ],
              "uv": [
                88,
                69
              ],
              "inflate": 0
            }
          ],
          "parent": "Root",
          "rotation": [
            0,
            0,
            2.5
          ]
        },
        {
          "name": "bone3",
          "pivot": [
            -4.5,
            5,
            8
          ],
          "cubes": [
            {
              "origin": [
                -7.0,
                0.0,
                5.0
              ],
              "size": [
                5.0,
                5.0,
                5.0
              ],
              "uv": [
                81,
                79
              ],
              "inflate": 0
            },
            {
              "origin": [
                -5.49952,
                -0.02181,
                10.0
              ],
              "size": [
                2.0,
                2.0,
                2.0
              ],
              "uv": [
                77,
                78
              ],
              "inflate": 0
            },
            {
              "origin": [
                -4.5,
                0.0,
                2.0
              ],
              "size": [
                2.0,
                2.0,
                3.0
              ],
              "pivot": [
                -4.0,
                0.0,
                8.0
              ],
              "rotation": [
                0.0,
                -7.5,
                0.0
              ],
              "uv": [
                82,
                30
              ],
              "inflate": 0
            },
            {
              "origin": [
                -6.5,
                0.0,
                2.0
              ],
              "size": [
                2.0,
                2.0,
                3.0
              ],
              "pivot": [
                -4.0,
                0.0,
                8.0
              ],
              "rotation": [
                0.0,
                7.5,
                0.0
              ],
              "uv": [
                64,
                84
              ],
              "inflate": 0
            }
          ],
          "parent": "RightLeg"
        },
        {
          "name": "LeftLeg2",
          "pivot": [
            4,
            11,
            8
          ],
          "cubes": [
            {
              "origin": [
                2.2,
                5.0,
                5.2
              ],
              "size": [
                4.6,
                6.0,
                4.6
              ],
              "uv": [
                46,
                72
              ],
              "inflate": 0
            }
          ],
          "parent": "Root",
          "rotation": [
            0,
            0,
            -2.5
          ]
        },
        {
          "name": "bone7",
          "pivot": [
            4.5,
            5,
            8
          ],
          "cubes": [
            {
              "origin": [
                2.0,
                0.0,
                5.0
              ],
              "size": [
                5.0,
                5.0,
                5.0
              ],
              "uv": [
                0,
                37
              ],
              "inflate": 0
            }
          ],
          "parent": "LeftLeg2"
        },
        {
          "name": "LeftLeg",
          "pivot": [
            4,
            11,
            -7
          ],
          "cubes": [
            {
              "origin": [
                2.2,
                5.0,
                -9.8
              ],
              "size": [
                4.6,
                6.0,
                4.6
              ],
              "uv": [
                24,
                86
              ],
              "inflate": 0
            }
          ],
          "parent": "Root",
          "rotation": [
            0,
            -2.5,
            -2.5
          ]
        },
        {
          "name": "bone6",
          "pivot": [
            4.5,
            5,
            -7
          ],
          "cubes": [
            {
              "origin": [
                2.0,
                0.0,
                -10.0
              ],
              "size": [
                5.0,
                5.0,
                5.0
              ],
              "uv": [
                48,
                27
              ],
              "inflate": 0
            },
            {
              "origin": [
                3.50095,
                0.02181,
                -4.97821
              ],
              "size": [
                2.0,
                2.0,
                2.0
              ],
              "uv": [
                0,
                61
              ],
              "inflate": 0
            },
            {
              "origin": [
                4.5,
                0.0,
                -13.0
              ],
              "size": [
                2.0,
                2.0,
                3.0
              ],
              "pivot": [
                5.0,
                0.0,
                -7.0
              ],
              "rotation": [
                0.0,
                -7.5,
                0.0
              ],
              "uv": [
                77,
                73
              ],
              "inflate": 0
            },
            {
              "origin": [
                2.5,
                0.0,
                -13.0
              ],
              "size": [
                2.0,
                2.0,
                3.0
              ],
              "pivot": [
                5.0,
                0.0,
                -7.0
              ],
              "rotation": [
                0.0,
                7.5,
                0.0
              ],
              "uv": [
                28,
                75
              ],
              "inflate": 0
            }
          ],
          "parent": "LeftLeg"
        },
        {
          "name": "RightLeg2",
          "pivot": [
            -4,
            11,
            -7
          ],
          "cubes": [
            {
              "origin": [
                -6.8,
                5.0,
                -9.8
              ],
              "size": [
                4.6,
                6.0,
                4.6
              ],
              "uv": [
                0,
                87
              ],
              "inflate": 0
            }
          ],
          "parent": "Root",
          "rotation": [
            0,
            2.5,
            2.5
          ]
        },
        {
          "name": "bone5",
          "pivot": [
            -4.5,
            5,
            -7
          ],
          "cubes": [
            {
              "origin": [
                -7.0,
                0.0,
                -10.0
              ],
              "size": [
                5.0,
                5.0,
                5.0
              ],
              "uv": [
                48,
                37
              ],
              "inflate": 0
            }
          ],
          "parent": "RightLeg2"
        },
        {
          "name": "Body",
          "pivot": [
            0,
            6,
            0
          ],
          "cubes": [
            {
              "origin": [
                -7.0,
                7.0,
                -10.0
              ],
              "size": [
                14.0,
                9.0,
                20.0
              ],
              "uv": [
                0,
                28
              ],
              "inflate": 0
            },
            {
              "origin": [
                -8.0,
                11.0,
                -11.0
              ],
              "size": [
                16.0,
                5.0,
                22.0
              ],
              "uv": [
                0,
                0
              ],
              "inflate": 0
            },
            {
              "origin": [
                -7.0,
                16.0,
                -10.0
              ],
              "size": [
                14.0,
                2.0,
                20.0
              ],
              "uv": [
                48,
                37
              ],
              "inflate": 0
            }
          ],
          "parent": "Root"
        },
        {
          "name": "Tail",
          "pivot": [
            0,
            9,
            10
          ],
          "cubes": [
            {
              "origin": [
                -2.0,
                7.0,
                9.0
              ],
              "size": [
                4.0,
                4.0,
                7.0
              ],
              "uv": [
                0,
                0
              ],
              "inflate": 0
            }
          ],
          "parent": "Body",
          "rotation": [
            17.5,
            0,
            0
          ]
        },
        {
          "name": "bone",
          "pivot": [
            0,
            9,
            15
          ],
          "cubes": [
            {
              "origin": [
                -2.1,
                6.9,
                15.0
              ],
              "size": [
                4.2,
                4.2,
                6.0
              ],
              "uv": [
                50,
                84
              ],
              "inflate": 0
            }
          ],
          "parent": "Tail",
          "rotation": [
            -42.5,
            0,
            0
          ]
        },
        {
          "name": "bone2",
          "pivot": [
            0,
            9,
            21
          ],
          "cubes": [
            {
              "origin": [
                -3.0,
                7.5,
                21.0
              ],
              "size": [
                6.0,
                3.0,
                10.0
              ],
              "uv": [
                30,
                59
              ],
              "inflate": 0
            },
            {
              "origin": [
                -2.0,
                11.0,
                22.5
              ],
              "size": [
                4.0,
                3.0,
                3.0
              ],
              "uv": [
                68,
                30
              ],
              "inflate": 0
            },
            {
              "origin": [
                -3.0,
                9.5,
                22.0
              ],
              "size": [
                6.0,
                3.0,
                3.0
              ],
              "pivot": [
                0.0,
                6.5,
                -4.0
              ],
              "rotation": [
                7.5,
                0.0,
                0.0
              ],
              "uv": [
                54,
                15
              ],
              "inflate": 0
            },
            {
              "origin": [
                -3.0,
                15.5,
                21.0
              ],
              "size": [
                6.0,
                3.0,
                7.0
              ],
              "uv": [
                78,
                0
              ],
              "inflate": 0
            },
            {
              "origin": [
                -3.0,
                10.5,
                28.0
              ],
              "size": [
                6.0,
                8.0,
                3.0
              ],
              "uv": [
                86,
                12
              ],
              "inflate": 0
            }
          ],
          "parent": "bone",
          "rotation": [
            47.5,
            0,
            0
          ]
        },
        {
          "name": "Head",
          "pivot": [
            -4,
            11,
            -10
          ],
          "cubes": [
            {
              "origin": [
                -6.0,
                9.0,
                -15.0
              ],
              "size": [
                4.0,
                4.0,
                6.0
              ],
              "uv": [
                0,
                27
              ],
              "inflate": 0
            }
          ],
          "parent": "Body",
          "rotation": [
            -15,
            17.5,
            0
          ]
        },
        {
          "name": "bone4",
          "pivot": [
            -4,
            11,
            -13
          ],
          "cubes": [
            {
              "origin": [
                -7.5,
                8.5,
                -20.0
              ],
              "size": [
                7.0,
                8.0,
                7.0
              ],
              "uv": [
                0,
                72
              ],
              "inflate": 0
            },
            {
              "origin": [
                -8.0,
                9.0,
                -20.0
              ],
              "size": [
                8.0,
                7.0,
                7.0
              ],
              "uv": [
                62,
                59
              ],
              "inflate": 0
            },
            {
              "origin": [
                -7.5,
                9.0,
                -20.5
              ],
              "size": [
                7.0,
                7.0,
                8.0
              ],
              "uv": [
                0,
                57
              ],
              "inflate": 0
            }
          ],
          "parent": "Head",
          "rotation": [
            15,
            -12.5,
            -5
          ]
        },
        {
          "name": "bone10",
          "pivot": [
            -4,
            11,
            -20
          ],
          "cubes": [
            {
              "origin": [
                -6.97672,
                9.001,
                -20.59946
              ],
              "size": [
                6.0,
                3.0,
                0.0
              ],
              "uv": [
                21,
                72
              ],
              "inflate": 0
            }
          ],
          "parent": "bone4"
        },
        {
          "name": "bone8",
          "pivot": [
            -2,
            13,
            -20
          ],
          "cubes": [
            {
              "origin": [
                -3.24211,
                11.801,
                -20.99822
              ],
              "size": [
                2.4,
                2.4,
                2.0
              ],
              "uv": [
                0,
                57
              ],
              "inflate": 0
            },
            {
              "origin": [
                -2.84211,
                11.901,
                -21.09822
              ],
              "size": [
                2.0,
                2.0,
                0.0
              ],
              "uv": [
                0,
                11
              ],
              "inflate": 0
            }
          ],
          "parent": "bone4",
          "rotation": [
            0,
            -7.5,
            0
          ]
        },
        {
          "name": "bone9",
          "pivot": [
            -6,
            13,
            -20
          ],
          "cubes": [
            {
              "origin": [
                -7.11173,
                11.801,
                -20.99214
              ],
              "size": [
                2.4,
                2.4,
                2.0
              ],
              "uv": [
                14,
                11
              ],
              "inflate": 0
            },
            {
              "origin": [
                -7.01173,
                12.201,
                -21.09214
              ],
              "size": [
                2.0,
                2.0,
                0.0
              ],
              "uv": [
                0,
                0
              ],
              "inflate": 0
            }
          ],
          "parent": "bone4",
          "rotation": [
            0,
            7.5,
            0
          ]
        },
        {
          "name": "Head2",
          "pivot": [
            4,
            11,
            -10
          ],
          "cubes": [
            {
              "origin": [
                2.0,
                9.0,
                -15.0
              ],
              "size": [
                4.0,
                4.0,
                6.0
              ],
              "uv": [
                0,
                11
              ],
              "inflate": 0
            }
          ],
          "parent": "Body",
          "rotation": [
            -15,
            -17.5,
            0
          ]
        },
        {
          "name": "bone12",
          "pivot": [
            4,
            11,
            -13
          ],
          "cubes": [
            {
              "origin": [
                0.5,
                10.0,
                -23.0
              ],
              "size": [
                7.0,
                5.0,
                10.0
              ],
              "pivot": [
                8.0,
                -1.0,
                -1.0
              ],
              "rotation": [
                2.5,
                0.0,
                0.0
              ],
              "uv": [
                54,
                0
              ],
              "inflate": 0
            },
            {
              "origin": [
                1.1,
                10.0,
                -23.7
              ],
              "size": [
                5.8,
                3.9,
                10.0
              ],
              "pivot": [
                8.0,
                -1.0,
                -1.0
              ],
              "rotation": [
                2.5,
                0.0,
                0.0
              ],
              "uv": [
                66,
                17
              ],
              "inflate": 0
            },
            {
              "origin": [
                1.9,
                15.0,
                -19.0
              ],
              "size": [
                4.2,
                4.0,
                10.0
              ],
              "pivot": [
                8.0,
                -1.0,
                -1.0
              ],
              "rotation": [
                12.5,
                0.0,
                0.0
              ],
              "uv": [
                28,
                72
              ],
              "inflate": 0
            }
          ],
          "parent": "Head2",
          "rotation": [
            15,
            12.5,
            5
          ]
        },
        {
          "name": "bone13",
          "pivot": [
            4,
            21,
            -20
          ],
          "parent": "bone12"
        },
        {
          "name": "bone14",
          "pivot": [
            7.1,
            12,
            -20
          ],
          "cubes": [
            {
              "origin": [
                5.9,
                10.8,
                -20.5
              ],
              "size": [
                2.4,
                3.0,
                3.0
              ],
              "uv": [
                30,
                62
              ],
              "inflate": 0
            },
            {
              "origin": [
                7.4,
                11.2,
                -20.1
              ],
              "size": [
                1.0,
                2.2,
                2.2
              ],
              "uv": [
                9,
                123
              ],
              "inflate": 0
            }
          ],
          "parent": "bone12",
          "rotation": [
            0,
            2.5,
            0
          ]
        },
        {
          "name": "bone15",
          "pivot": [
            0.8,
            12,
            -20
          ],
          "cubes": [
            {
              "origin": [
                -0.4,
                10.8,
                -20.5
              ],
              "size": [
                2.4,
                3.0,
                3.0
              ],
              "uv": [
                54,
                0
              ],
              "inflate": 0
            },
            {
              "origin": [
                -0.6,
                11.2,
                -20.1
              ],
              "size": [
                1.0,
                2.2,
                2.2
              ],
              "uv": [
                10,
                114
              ],
              "inflate": 0
            }
          ],
          "parent": "bone12",
          "rotation": [
            0,
            -2.5,
            0
          ]
        },
        {
          "name": "bone11",
          "pivot": [
            4,
            10,
            -15
          ],
          "cubes": [
            {
              "origin": [
                1.0,
                7.8,
                -23.0
              ],
              "size": [
                6.0,
                2.0,
                9.0
              ],
              "pivot": [
                4.0,
                11.0,
                -13.0
              ],
              "rotation": [
                -5.0,
                0.0,
                0.0
              ],
              "uv": [
                56,
                73
              ],
              "inflate": 0
            }
          ],
          "parent": "bone12"
        },
        {
          "name": "bone16",
          "pivot": [
            4,
            9.5,
            -20
          ],
          "cubes": [
            {
              "origin": [
                2.0,
                9.0,
                -21.0
              ],
              "size": [
                4.0,
                1.0,
                2.0
              ],
              "uv": [
                52,
                63
              ],
              "inflate": 0
            },
            {
              "origin": [
                2.0,
                9.0,
                -25.0
              ],
              "size": [
                4.0,
                1.0,
                1.0
              ],
              "uv": [
                54,
                6
              ],
              "inflate": 0
            },
            {
              "origin": [
                1.4,
                9.0,
                -24.0
              ],
              "size": [
                5.2,
                1.0,
                3.0
              ],
              "uv": [
                52,
                59
              ],
              "inflate": 0
            }
          ],
          "parent": "bone11",
          "rotation": [
            7.5,
            0,
            0
          ]
        },
        {
          "name": "bone17",
          "pivot": [
            4,
            9.5,
            -25
          ],
          "cubes": [
            {
              "origin": [
                2.0,
                9.0,
                -29.0
              ],
              "size": [
                4.0,
                1.0,
                4.0
              ],
              "uv": [
                22,
                57
              ],
              "inflate": 0
            },
            {
              "origin": [
                2.5,
                9.0,
                -30.0
              ],
              "size": [
                3.0,
                1.0,
                1.0
              ],
              "uv": [
                14,
                15
              ],
              "inflate": 0
            }
          ],
          "parent": "bone16",
          "rotation": [
            65,
            0,
            0
          ]
        }
      ]
    }
  ]
}