{
  "format_version": "1.12.0",
  "minecraft:geometry": [
    {
      "description": {
        "identifier": "geometry.pa_bell_bullet",
        "texture_width": 128,
        "texture_height": 128,
        "visible_bounds_width": 3,
        "visible_bounds_height": 2.5,
        "visible_bounds_offset": [
          0,
          0.75,
          0
        ]
      },
      "bones": [
        {
          "name": "Bell",
          "cubes": [
            {
              "origin": [
                -3.0,
                0.0,
                -1.0
              ],
              "size": [
                6.0,
                1.0,
                2.0
              ],
              "uv": [
                49,
                78
              ],
              "inflate": 0
            },
            {
              "origin": [
                -3.0,
                15.0,
                -1.0
              ],
              "size": [
                6.0,
                1.0,
                2.0
              ],
              "uv": [
                33,
                78
              ],
              "inflate": 0
            },
            {
              "origin": [
                -5.0,
                1.0,
                -1.0
              ],
              "size": [
                10.0,
                1.0,
                2.0
              ],
              "uv": [
                67,
                21
              ],
              "inflate": 0
            },
            {
              "origin": [
                -5.0,
                14.0,
                -1.0
              ],
              "size": [
                10.0,
                1.0,
                2.0
              ],
              "uv": [
                52,
                63
              ],
              "inflate": 0
            },
            {
              "origin": [
                -6.0,
                2.0,
                -2.0
              ],
              "size": [
                12.0,
                1.0,
                4.0
              ],
              "uv": [
                0,
                40
              ],
              "inflate": 0
            },
            {
              "origin": [
                -6.0,
                13.0,
                -2.0
              ],
              "size": [
                12.0,
                1.0,
                4.0
              ],
              "uv": [
                30,
                37
              ],
              "inflate": 0
            },
            {
              "origin": [
                -7.0,
                3.0,
                -1.0
              ],
              "size": [
                14.0,
                1.0,
                2.0
              ],
              "uv": [
                32,
                45
              ],
              "inflate": 0
            },
            {
              "origin": [
                -7.0,
                12.0,
                -1.0
              ],
              "size": [
                14.0,
                1.0,
                2.0
              ],
              "uv": [
                40,
                12
              ],
              "inflate": 0
            },
            {
              "origin": [
                -7.0,
                4.0,
                -3.0
              ],
              "size": [
                14.0,
                1.0,
                6.0
              ],
              "uv": [
                0,
                15
              ],
              "inflate": 0
            },
            {
              "origin": [
                -7.0,
                11.0,
                -3.0
              ],
              "size": [
                14.0,
                1.0,
                6.0
              ],
              "uv": [
                0,
                8
              ],
              "inflate": 0
            },
            {
              "origin": [
                -8.0,
                5.0,
                -1.0
              ],
              "size": [
                16.0,
                1.0,
                2.0
              ],
              "uv": [
                34,
                18
              ],
              "inflate": 0
            },
            {
              "origin": [
                -8.0,
                10.0,
                -1.0
              ],
              "size": [
                16.0,
                1.0,
                2.0
              ],
              "uv": [
                34,
                15
              ],
              "inflate": 0
            },
            {
              "origin": [
                -8.0,
                6.0,
                -2.0
              ],
              "size": [
                16.0,
                1.0,
                4.0
              ],
              "uv": [
                0,
                27
              ],
              "inflate": 0
            },
            {
              "origin": [
                -8.0,
                9.0,
                -2.0
              ],
              "size": [
                16.0,
                1.0,
                4.0
              ],
              "uv": [
                0,
                22
              ],
              "inflate": 0
            },
            {
              "origin": [
                -9.0,
                7.0,
                -3.0
              ],
              "size": [
                18.0,
                2.0,
                6.0
              ],
              "uv": [
                0,
                0
              ],
              "inflate": 0
            },
            {
              "origin": [
                -7.0,
                7.0,
                -6.0
              ],
              "size": [
                14.0,
                2.0,
                1.0
              ],
              "uv": [
                30,
                56
              ],
              "inflate": 0
            },
            {
              "origin": [
                -7.0,
                7.0,
                5.0
              ],
              "size": [
                14.0,
                2.0,
                1.0
              ],
              "uv": [
                0,
                56
              ],
              "inflate": 0
            },
            {
              "origin": [
                -5.0,
                7.0,
                -8.0
              ],
              "size": [
                10.0,
                2.0,
                1.0
              ],
              "uv": [
                67,
                34
              ],
              "inflate": 0
            },
            {
              "origin": [
                -3.0,
                7.0,
                -9.0
              ],
              "size": [
                6.0,
                2.0,
                1.0
              ],
              "uv": [
                0,
                79
              ],
              "inflate": 0
            },
            {
              "origin": [
                -5.0,
                7.0,
                7.0
              ],
              "size": [
                10.0,
                2.0,
                1.0
              ],
              "uv": [
                67,
                26
              ],
              "inflate": 0
            },
            {
              "origin": [
                -3.0,
                7.0,
                8.0
              ],
              "size": [
                6.0,
                2.0,
                1.0
              ],
              "uv": [
                65,
                78
              ],
              "inflate": 0
            },
            {
              "origin": [
                -6.0,
                7.0,
                -7.0
              ],
              "size": [
                12.0,
                2.0,
                1.0
              ],
              "uv": [
                62,
                40
              ],
              "inflate": 0
            },
            {
              "origin": [
                -6.0,
                7.0,
                6.0
              ],
              "size": [
                12.0,
                2.0,
                1.0
              ],
              "uv": [
                28,
                62
              ],
              "inflate": 0
            },
            {
              "origin": [
                -5.0,
                7.0,
                5.0
              ],
              "size": [
                10.0,
                1.0,
                1.0
              ],
              "uv": [
                68,
                66
              ],
              "inflate": 0
            },
            {
              "origin": [
                -8.0,
                7.0,
                -5.0
              ],
              "size": [
                16.0,
                2.0,
                2.0
              ],
              "uv": [
                34,
                8
              ],
              "inflate": 0
            },
            {
              "origin": [
                -8.0,
                7.0,
                3.0
              ],
              "size": [
                16.0,
                2.0,
                2.0
              ],
              "uv": [
                0,
                32
              ],
              "inflate": 0
            },
            {
              "origin": [
                -7.0,
                6.0,
                2.0
              ],
              "size": [
                14.0,
                1.0,
                2.0
              ],
              "uv": [
                0,
                45
              ],
              "inflate": 0
            },
            {
              "origin": [
                -6.0,
                6.0,
                4.0
              ],
              "size": [
                12.0,
                1.0,
                2.0
              ],
              "uv": [
                28,
                59
              ],
              "inflate": 0
            },
            {
              "origin": [
                -6.0,
                6.0,
                -6.0
              ],
              "size": [
                12.0,
                1.0,
                2.0
              ],
              "uv": [
                0,
                59
              ],
              "inflate": 0
            },
            {
              "origin": [
                -6.0,
                9.0,
                -6.0
              ],
              "size": [
                12.0,
                1.0,
                2.0
              ],
              "uv": [
                58,
                57
              ],
              "inflate": 0
            },
            {
              "origin": [
                -6.0,
                9.0,
                4.0
              ],
              "size": [
                12.0,
                1.0,
                2.0
              ],
              "uv": [
                58,
                37
              ],
              "inflate": 0
            },
            {
              "origin": [
                -4.0,
                6.0,
                6.0
              ],
              "size": [
                8.0,
                1.0,
                1.0
              ],
              "uv": [
                0,
                75
              ],
              "inflate": 0
            },
            {
              "origin": [
                -4.0,
                6.0,
                -7.0
              ],
              "size": [
                8.0,
                1.0,
                1.0
              ],
              "uv": [
                73,
                74
              ],
              "inflate": 0
            },
            {
              "origin": [
                -4.0,
                9.0,
                -7.0
              ],
              "size": [
                8.0,
                1.0,
                1.0
              ],
              "uv": [
                74,
                63
              ],
              "inflate": 0
            },
            {
              "origin": [
                -4.0,
                9.0,
                6.0
              ],
              "size": [
                8.0,
                1.0,
                1.0
              ],
              "uv": [
                55,
                74
              ],
              "inflate": 0
            },
            {
              "origin": [
                -2.0,
                6.0,
                7.0
              ],
              "size": [
                4.0,
                1.0,
                1.0
              ],
              "uv": [
                83,
                47
              ],
              "inflate": 0
            },
            {
              "origin": [
                -2.0,
                6.0,
                -8.0
              ],
              "size": [
                4.0,
                1.0,
                1.0
              ],
              "uv": [
                39,
                83
              ],
              "inflate": 0
            },
            {
              "origin": [
                -2.0,
                9.0,
                -8.0
              ],
              "size": [
                4.0,
                1.0,
                1.0
              ],
              "uv": [
                29,
                83
              ],
              "inflate": 0
            },
            {
              "origin": [
                -2.0,
                9.0,
                7.0
              ],
              "size": [
                4.0,
                1.0,
                1.0
              ],
              "uv": [
                19,
                83
              ],
              "inflate": 0
            },
            {
              "origin": [
                -7.0,
                6.0,
                -4.0
              ],
              "size": [
                14.0,
                1.0,
                2.0
              ],
              "uv": [
                32,
                42
              ],
              "inflate": 0
            },
            {
              "origin": [
                -7.0,
                9.0,
                -4.0
              ],
              "size": [
                14.0,
                1.0,
                2.0
              ],
              "uv": [
                42,
                3
              ],
              "inflate": 0
            },
            {
              "origin": [
                -7.0,
                9.0,
                2.0
              ],
              "size": [
                14.0,
                1.0,
                2.0
              ],
              "uv": [
                42,
                0
              ],
              "inflate": 0
            },
            {
              "origin": [
                -7.0,
                5.0,
                1.0
              ],
              "size": [
                14.0,
                1.0,
                3.0
              ],
              "uv": [
                36,
                27
              ],
              "inflate": 0
            },
            {
              "origin": [
                -6.0,
                5.0,
                4.0
              ],
              "size": [
                12.0,
                1.0,
                1.0
              ],
              "uv": [
                62,
                45
              ],
              "inflate": 0
            },
            {
              "origin": [
                -6.0,
                5.0,
                -5.0
              ],
              "size": [
                12.0,
                1.0,
                1.0
              ],
              "uv": [
                59,
                55
              ],
              "inflate": 0
            },
            {
              "origin": [
                -6.0,
                10.0,
                -5.0
              ],
              "size": [
                12.0,
                1.0,
                1.0
              ],
              "uv": [
                48,
                6
              ],
              "inflate": 0
            },
            {
              "origin": [
                -6.0,
                10.0,
                4.0
              ],
              "size": [
                12.0,
                1.0,
                1.0
              ],
              "uv": [
                39,
                31
              ],
              "inflate": 0
            },
            {
              "origin": [
                -5.0,
                5.0,
                5.0
              ],
              "size": [
                10.0,
                1.0,
                1.0
              ],
              "uv": [
                65,
                69
              ],
              "inflate": 0
            },
            {
              "origin": [
                -5.0,
                5.0,
                -6.0
              ],
              "size": [
                10.0,
                1.0,
                1.0
              ],
              "uv": [
                43,
                69
              ],
              "inflate": 0
            },
            {
              "origin": [
                -5.0,
                10.0,
                -6.0
              ],
              "size": [
                10.0,
                1.0,
                1.0
              ],
              "uv": [
                22,
                68
              ],
              "inflate": 0
            },
            {
              "origin": [
                -5.0,
                10.0,
                5.0
              ],
              "size": [
                10.0,
                1.0,
                1.0
              ],
              "uv": [
                68,
                18
              ],
              "inflate": 0
            },
            {
              "origin": [
                -4.0,
                5.0,
                6.0
              ],
              "size": [
                8.0,
                1.0,
                1.0
              ],
              "uv": [
                35,
                76
              ],
              "inflate": 0
            },
            {
              "origin": [
                -4.0,
                5.0,
                -7.0
              ],
              "size": [
                8.0,
                1.0,
                1.0
              ],
              "uv": [
                17,
                76
              ],
              "inflate": 0
            },
            {
              "origin": [
                -4.0,
                10.0,
                -7.0
              ],
              "size": [
                8.0,
                1.0,
                1.0
              ],
              "uv": [
                37,
                74
              ],
              "inflate": 0
            },
            {
              "origin": [
                -4.0,
                10.0,
                6.0
              ],
              "size": [
                8.0,
                1.0,
                1.0
              ],
              "uv": [
                19,
                74
              ],
              "inflate": 0
            },
            {
              "origin": [
                -1.0,
                5.0,
                7.0
              ],
              "size": [
                2.0,
                1.0,
                1.0
              ],
              "uv": [
                34,
                12
              ],
              "inflate": 0
            },
            {
              "origin": [
                -1.0,
                5.0,
                -8.0
              ],
              "size": [
                2.0,
                1.0,
                1.0
              ],
              "uv": [
                0,
                19
              ],
              "inflate": 0
            },
            {
              "origin": [
                -1.0,
                10.0,
                -8.0
              ],
              "size": [
                2.0,
                1.0,
                1.0
              ],
              "uv": [
                0,
                17
              ],
              "inflate": 0
            },
            {
              "origin": [
                -1.0,
                10.0,
                7.0
              ],
              "size": [
                2.0,
                1.0,
                1.0
              ],
              "uv": [
                0,
                15
              ],
              "inflate": 0
            },
            {
              "origin": [
                -7.0,
                5.0,
                -4.0
              ],
              "size": [
                14.0,
                1.0,
                3.0
              ],
              "uv": [
                36,
                22
              ],
              "inflate": 0
            },
            {
              "origin": [
                -7.0,
                10.0,
                -4.0
              ],
              "size": [
                14.0,
                1.0,
                3.0
              ],
              "uv": [
                0,
                36
              ],
              "inflate": 0
            },
            {
              "origin": [
                -7.0,
                10.0,
                1.0
              ],
              "size": [
                14.0,
                1.0,
                3.0
              ],
              "uv": [
                33,
                33
              ],
              "inflate": 0
            },
            {
              "origin": [
                -6.0,
                4.0,
                -5.0
              ],
              "size": [
                12.0,
                1.0,
                2.0
              ],
              "uv": [
                0,
                62
              ],
              "inflate": 0
            },
            {
              "origin": [
                -6.0,
                4.0,
                3.0
              ],
              "size": [
                12.0,
                1.0,
                2.0
              ],
              "uv": [
                54,
                60
              ],
              "inflate": 0
            },
            {
              "origin": [
                -6.0,
                11.0,
                3.0
              ],
              "size": [
                12.0,
                1.0,
                2.0
              ],
              "uv": [
                57,
                52
              ],
              "inflate": 0
            },
            {
              "origin": [
                -6.0,
                11.0,
                -5.0
              ],
              "size": [
                12.0,
                1.0,
                2.0
              ],
              "uv": [
                57,
                48
              ],
              "inflate": 0
            },
            {
              "origin": [
                -5.0,
                4.0,
                -6.0
              ],
              "size": [
                10.0,
                1.0,
                1.0
              ],
              "uv": [
                70,
                10
              ],
              "inflate": 0
            },
            {
              "origin": [
                -5.0,
                4.0,
                5.0
              ],
              "size": [
                10.0,
                1.0,
                1.0
              ],
              "uv": [
                0,
                70
              ],
              "inflate": 0
            },
            {
              "origin": [
                -5.0,
                11.0,
                5.0
              ],
              "size": [
                10.0,
                1.0,
                1.0
              ],
              "uv": [
                68,
                15
              ],
              "inflate": 0
            },
            {
              "origin": [
                -5.0,
                11.0,
                -6.0
              ],
              "size": [
                10.0,
                1.0,
                1.0
              ],
              "uv": [
                68,
                8
              ],
              "inflate": 0
            },
            {
              "origin": [
                -3.0,
                4.0,
                -7.0
              ],
              "size": [
                6.0,
                1.0,
                1.0
              ],
              "uv": [
                27,
                81
              ],
              "inflate": 0
            },
            {
              "origin": [
                -3.0,
                4.0,
                6.0
              ],
              "size": [
                6.0,
                1.0,
                1.0
              ],
              "uv": [
                78,
                80
              ],
              "inflate": 0
            },
            {
              "origin": [
                -3.0,
                11.0,
                6.0
              ],
              "size": [
                6.0,
                1.0,
                1.0
              ],
              "uv": [
                80,
                71
              ],
              "inflate": 0
            },
            {
              "origin": [
                -3.0,
                11.0,
                -7.0
              ],
              "size": [
                6.0,
                1.0,
                1.0
              ],
              "uv": [
                80,
                60
              ],
              "inflate": 0
            },
            {
              "origin": [
                -6.0,
                3.0,
                -4.0
              ],
              "size": [
                12.0,
                1.0,
                3.0
              ],
              "uv": [
                30,
                52
              ],
              "inflate": 0
            },
            {
              "origin": [
                -6.0,
                3.0,
                1.0
              ],
              "size": [
                12.0,
                1.0,
                3.0
              ],
              "uv": [
                0,
                52
              ],
              "inflate": 0
            },
            {
              "origin": [
                -6.0,
                12.0,
                1.0
              ],
              "size": [
                12.0,
                1.0,
                3.0
              ],
              "uv": [
                30,
                48
              ],
              "inflate": 0
            },
            {
              "origin": [
                -6.0,
                12.0,
                -4.0
              ],
              "size": [
                12.0,
                1.0,
                3.0
              ],
              "uv": [
                0,
                48
              ],
              "inflate": 0
            },
            {
              "origin": [
                -5.0,
                3.0,
                -5.0
              ],
              "size": [
                10.0,
                1.0,
                1.0
              ],
              "uv": [
                22,
                70
              ],
              "inflate": 0
            },
            {
              "origin": [
                -5.0,
                3.0,
                4.0
              ],
              "size": [
                10.0,
                1.0,
                1.0
              ],
              "uv": [
                70,
                12
              ],
              "inflate": 0
            },
            {
              "origin": [
                -5.0,
                12.0,
                4.0
              ],
              "size": [
                10.0,
                1.0,
                1.0
              ],
              "uv": [
                0,
                68
              ],
              "inflate": 0
            },
            {
              "origin": [
                -5.0,
                12.0,
                -5.0
              ],
              "size": [
                10.0,
                1.0,
                1.0
              ],
              "uv": [
                64,
                43
              ],
              "inflate": 0
            },
            {
              "origin": [
                -4.0,
                3.0,
                -6.0
              ],
              "size": [
                8.0,
                1.0,
                1.0
              ],
              "uv": [
                71,
                76
              ],
              "inflate": 0
            },
            {
              "origin": [
                -4.0,
                3.0,
                5.0
              ],
              "size": [
                8.0,
                1.0,
                1.0
              ],
              "uv": [
                53,
                76
              ],
              "inflate": 0
            },
            {
              "origin": [
                -4.0,
                12.0,
                5.0
              ],
              "size": [
                8.0,
                1.0,
                1.0
              ],
              "uv": [
                73,
                5
              ],
              "inflate": 0
            },
            {
              "origin": [
                -4.0,
                12.0,
                -6.0
              ],
              "size": [
                8.0,
                1.0,
                1.0
              ],
              "uv": [
                18,
                72
              ],
              "inflate": 0
            },
            {
              "origin": [
                -1.0,
                3.0,
                -7.0
              ],
              "size": [
                2.0,
                1.0,
                1.0
              ],
              "uv": [
                27,
                48
              ],
              "inflate": 0
            },
            {
              "origin": [
                -1.0,
                3.0,
                6.0
              ],
              "size": [
                2.0,
                1.0,
                1.0
              ],
              "uv": [
                28,
                42
              ],
              "inflate": 0
            },
            {
              "origin": [
                -1.0,
                12.0,
                6.0
              ],
              "size": [
                2.0,
                1.0,
                1.0
              ],
              "uv": [
                0,
                12
              ],
              "inflate": 0
            },
            {
              "origin": [
                -1.0,
                12.0,
                -7.0
              ],
              "size": [
                2.0,
                1.0,
                1.0
              ],
              "uv": [
                0,
                10
              ],
              "inflate": 0
            },
            {
              "origin": [
                -5.0,
                2.0,
                -4.0
              ],
              "size": [
                10.0,
                1.0,
                2.0
              ],
              "uv": [
                46,
                66
              ],
              "inflate": 0
            },
            {
              "origin": [
                -5.0,
                2.0,
                2.0
              ],
              "size": [
                10.0,
                1.0,
                2.0
              ],
              "uv": [
                24,
                65
              ],
              "inflate": 0
            },
            {
              "origin": [
                -5.0,
                13.0,
                2.0
              ],
              "size": [
                10.0,
                1.0,
                2.0
              ],
              "uv": [
                0,
                65
              ],
              "inflate": 0
            },
            {
              "origin": [
                -5.0,
                13.0,
                -4.0
              ],
              "size": [
                10.0,
                1.0,
                2.0
              ],
              "uv": [
                64,
                31
              ],
              "inflate": 0
            },
            {
              "origin": [
                -4.0,
                2.0,
                4.0
              ],
              "size": [
                8.0,
                1.0,
                1.0
              ],
              "uv": [
                17,
                78
              ],
              "inflate": 0
            },
            {
              "origin": [
                -4.0,
                13.0,
                4.0
              ],
              "size": [
                8.0,
                1.0,
                1.0
              ],
              "uv": [
                70,
                29
              ],
              "inflate": 0
            },
            {
              "origin": [
                -4.0,
                13.0,
                -5.0
              ],
              "size": [
                8.0,
                1.0,
                1.0
              ],
              "uv": [
                70,
                24
              ],
              "inflate": 0
            },
            {
              "origin": [
                -2.0,
                2.0,
                5.0
              ],
              "size": [
                4.0,
                1.0,
                1.0
              ],
              "uv": [
                83,
                51
              ],
              "inflate": 0
            },
            {
              "origin": [
                -2.0,
                13.0,
                5.0
              ],
              "size": [
                4.0,
                1.0,
                1.0
              ],
              "uv": [
                78,
                82
              ],
              "inflate": 0
            },
            {
              "origin": [
                -2.0,
                13.0,
                -6.0
              ],
              "size": [
                4.0,
                1.0,
                1.0
              ],
              "uv": [
                10,
                82
              ],
              "inflate": 0
            },
            {
              "origin": [
                -2.0,
                2.0,
                -6.0
              ],
              "size": [
                4.0,
                1.0,
                1.0
              ],
              "uv": [
                49,
                83
              ],
              "inflate": 0
            },
            {
              "origin": [
                -4.0,
                2.0,
                -5.0
              ],
              "size": [
                8.0,
                1.0,
                1.0
              ],
              "uv": [
                0,
                77
              ],
              "inflate": 0
            },
            {
              "origin": [
                -4.0,
                1.0,
                -3.0
              ],
              "size": [
                8.0,
                1.0,
                2.0
              ],
              "uv": [
                72,
                1
              ],
              "inflate": 0
            },
            {
              "origin": [
                -4.0,
                1.0,
                1.0
              ],
              "size": [
                8.0,
                1.0,
                2.0
              ],
              "uv": [
                0,
                72
              ],
              "inflate": 0
            },
            {
              "origin": [
                -4.0,
                14.0,
                1.0
              ],
              "size": [
                8.0,
                1.0,
                2.0
              ],
              "uv": [
                62,
                71
              ],
              "inflate": 0
            },
            {
              "origin": [
                -4.0,
                14.0,
                -3.0
              ],
              "size": [
                8.0,
                1.0,
                2.0
              ],
              "uv": [
                42,
                71
              ],
              "inflate": 0
            },
            {
              "origin": [
                -3.0,
                1.0,
                3.0
              ],
              "size": [
                6.0,
                1.0,
                1.0
              ],
              "uv": [
                55,
                81
              ],
              "inflate": 0
            },
            {
              "origin": [
                -3.0,
                14.0,
                3.0
              ],
              "size": [
                6.0,
                1.0,
                1.0
              ],
              "uv": [
                14,
                80
              ],
              "inflate": 0
            },
            {
              "origin": [
                -3.0,
                14.0,
                -4.0
              ],
              "size": [
                6.0,
                1.0,
                1.0
              ],
              "uv": [
                79,
                78
              ],
              "inflate": 0
            },
            {
              "origin": [
                -3.0,
                1.0,
                -4.0
              ],
              "size": [
                6.0,
                1.0,
                1.0
              ],
              "uv": [
                41,
                81
              ],
              "inflate": 0
            },
            {
              "origin": [
                -1.0,
                1.0,
                -5.0
              ],
              "size": [
                2.0,
                1.0,
                1.0
              ],
              "uv": [
                36,
                72
              ],
              "inflate": 0
            },
            {
              "origin": [
                -1.0,
                1.0,
                4.0
              ],
              "size": [
                2.0,
                1.0,
                1.0
              ],
              "uv": [
                27,
                52
              ],
              "inflate": 0
            },
            {
              "origin": [
                -1.0,
                14.0,
                4.0
              ],
              "size": [
                2.0,
                1.0,
                1.0
              ],
              "uv": [
                0,
                8
              ],
              "inflate": 0
            },
            {
              "origin": [
                -1.0,
                14.0,
                -5.0
              ],
              "size": [
                2.0,
                1.0,
                1.0
              ],
              "uv": [
                0,
                2
              ],
              "inflate": 0
            },
            {
              "origin": [
                -2.0,
                0.0,
                -2.0
              ],
              "size": [
                4.0,
                1.0,
                1.0
              ],
              "uv": [
                69,
                83
              ],
              "inflate": 0
            },
            {
              "origin": [
                -2.0,
                0.0,
                1.0
              ],
              "size": [
                4.0,
                1.0,
                1.0
              ],
              "uv": [
                59,
                83
              ],
              "inflate": 0
            },
            {
              "origin": [
                -2.0,
                15.0,
                -2.0
              ],
              "size": [
                4.0,
                1.0,
                1.0
              ],
              "uv": [
                0,
                82
              ],
              "inflate": 0
            },
            {
              "origin": [
                -2.0,
                15.0,
                1.0
              ],
              "size": [
                4.0,
                1.0,
                1.0
              ],
              "uv": [
                69,
                81
              ],
              "inflate": 0
            },
            {
              "origin": [
                -1.0,
                0.0,
                2.0
              ],
              "size": [
                2.0,
                1.0,
                1.0
              ],
              "uv": [
                6,
                84
              ],
              "inflate": 0
            },
            {
              "origin": [
                -1.0,
                15.0,
                2.0
              ],
              "size": [
                2.0,
                1.0,
                1.0
              ],
              "uv": [
                0,
                4
              ],
              "inflate": 0
            },
            {
              "origin": [
                -1.0,
                15.0,
                -3.0
              ],
              "size": [
                2.0,
                1.0,
                1.0
              ],
              "uv": [
                0,
                0
              ],
              "inflate": 0
            },
            {
              "origin": [
                -1.0,
                0.0,
                -3.0
              ],
              "size": [
                2.0,
                1.0,
                1.0
              ],
              "uv": [
                0,
                84
              ],
              "inflate": 0
            }
          ]
        }
      ]
    }
  ]
}