{"format_version":"1.12.0","minecraft:geometry":[{"bones":[{"cubes":[{"origin":[-4,35.13047,-48.59253],"pivot":[0,0,0],"rotation":[-20.01754,2.34914,-0.85553],"size":[3,3,80],"uv":[0,83]},{"origin":[1,35.13047,-48.59253],"pivot":[0,0,0],"rotation":[-20.01754,-2.34914,0.85553],"size":[3,3,80],"uv":[0,0]}],"name":"Main","pivot":[0,0,0]}],"description":{"identifier":"geometry.pa_laser","texture_height":256,"texture_width":256,"visible_bounds_height":5,"visible_bounds_offset":[0,1.5,0],"visible_bounds_width":7}}]}igin": [1, 35.13047, -48.59253], "size": [3, 3, 80], "pivot": [0, 0, 0], "rotation": [-20.01754, -2.34914, 0.85553], "uv": [0, 0]}
					]
				}
			]
		}
	]
}