{
  "format_version": "1.8.0",
  "animations": {
    "animation.mr_banbaleena.move": {
      "loop": true,
      "animation_length": 1,
      "bones": {
        "Body": {
          "rotation": {
            "0.0": [
              2.5,
              2.5,
              0
            ],
            "0.25": [
              0,
              0,
              0
            ],
            "0.5": [
              2.5,
              -2.5,
              0
            ],
            "0.75": [
              0,
              0,
              0
            ],
            "1.0": [
              2.5,
              2.5,
              0
            ]
          },
          "position": {
            "0.0": [
              0,
              -0.4,
              0
            ],
            "0.25": [
              0,
              0,
              0
            ],
            "0.5": [
              0,
              -0.4,
              0
            ],
            "0.75": [
              0,
              0,
              0
            ],
            "1.0": [
              0,
              -0.4,
              0
            ]
          }
        },
        "RightArm": {
          "rotation": {
            "0.0": [
              5,
              0,
              0
            ],
            "0.25": [
              -1.25,
              0,
              0
            ],
            "0.5": [
              -7.49294,
              -0.32621,
              -2.47864
            ],
            "1.0": [
              5,
              0,
              0
            ]
          }
        },
        "bone3": {
          "rotation": {
            "0.0": [
              0,
              0,
              0
            ],
            "0.5": [
              -4.70319,
              0.7565,
              -1.55104
            ],
            "1.0": [
              0,
              0,
              0
            ]
          }
        },
        "LeftArm": {
          "rotation": {
            "0.0": [
              -7.49294,
              0.32621,
              2.47864
            ],
            "0.5": [
              7.5,
              0,
              0
            ],
            "0.75": [
              0,
              0,
              0
            ],
            "1.0": [
              -7.49294,
              0.32621,
              2.47864
            ]
          }
        },
        "bone8": {
          "rotation": {
            "0.0": [
              -5,
              0,
              0
            ],
            "0.5": [
              0,
              0,
              0
            ],
            "1.0": [
              -5,
              0,
              0
            ]
          }
        },
        "Head": {
          "relative_to": {
            "rotation": "entity"
          },
          "rotation": [
            0,
            0,
            0.01
          ]
        },
        "bone11": {
          "rotation": {
            "0.0": [
              0,
              0,
              0
            ],
            "0.5": [
              0,
              0,
              5
            ],
            "1.0": [
              0,
              0,
              0
            ]
          }
        },
        "LeftLeg": {
          "rotation": {
            "0.0": [
              10,
              0,
              0
            ],
            "0.5": [
              -10,
              0,
              0
            ],
            "1.0": [
              10,
              0,
              0
            ]
          },
          "position": {
            "0.0": [
              0,
              0,
              1
            ],
            "0.25": [
              0,
              1,
              0
            ],
            "0.5": [
              0,
              0,
              -1
            ],
            "1.0": [
              0,
              0,
              1
            ]
          }
        },
        "bone4": {
          "rotation": {
            "0.0": [
              0,
              0,
              0
            ],
            "0.5": [
              7.5,
              0,
              0
            ],
            "1.0": [
              0,
              0,
              0
            ]
          }
        },
        "RightLeg": {
          "rotation": {
            "0.0": [
              -10,
              0,
              0
            ],
            "0.5": [
              10,
              0,
              0
            ],
            "1.0": [
              -10,
              0,
              0
            ]
          },
          "position": {
            "0.0": [
              0,
              0,
              -1
            ],
            "0.5": [
              0,
              0,
              1
            ],
            "0.75": [
              0,
              1,
              0
            ],
            "1.0": [
              0,
              0,
              -1
            ]
          }
        },
        "bone": {
          "rotation": {
            "0.0": [
              7.5,
              0,
              0
            ],
            "0.5": [
              0,
              0,
              0
            ],
            "1.0": [
              7.5,
              0,
              0
            ]
          }
        }
      }
    },
    "animation.mr_banbaleena.general": {
      "loop": true,
      "animation_length": 2,
      "bones": {
        "Body": {
          "rotation": {
            "0.0": [
              0,
              0,
              0
            ],
            "0.5": [
              1.24981,
              0.02181,
              -0.99976
            ],
            "1.0": [
              2.5,
              0,
              0
            ],
            "1.5": [
              1.24981,
              -0.02181,
              0.99976
            ],
            "2.0": [
              0,
              0,
              0
            ]
          },
          "position": {
            "0.0": [
              0,
              0,
              0
            ],
            "1.0": [
              0,
              -0.3,
              0
            ],
            "2.0": [
              0,
              0,
              0
            ]
          }
        },
        "RightArm": {
          "rotation": {
            "0.0": [
              0,
              0,
              0
            ],
            "2.0": [
              0,
              0,
              0
            ]
          }
        },
        "LeftArm": {
          "rotation": {
            "0.0": [
              0,
              0,
              0
            ],
            "2.0": [
              0,
              0,
              0
            ]
          }
        },
        "bone11": {
          "rotation": {
            "0.0": [
              0,
              0,
              0
            ],
            "1.0": [
              -4.93968,
              0.87219,
              4.92376
            ],
            "2.0": [
              0,
              0,
              0
            ]
          }
        },
        "bone7": {
          "rotation": [
            0,
            5,
            0
          ]
        },
        "bone10": {
          "rotation": [
            0,
            -5,
            0
          ]
        }
      }
    }
  }
}