{
  "format_version": "1.8.0",
  "animations": {
    "animation.mr_coach_pickles.move": {
      "loop": true,
      "animation_length": 1,
      "bones": {
        "RightLeg": {
          "rotation": {
            "0.0": [
              -9.99067,
              0.43399,
              2.46207
            ],
            "0.5": [
              7.5,
              0,
              0
            ],
            "1.0": [
              -9.99067,
              0.43399,
              2.46207
            ]
          },
          "position": {
            "0.0": [
              0,
              0,
              -1
            ],
            "0.5": [
              0,
              0,
              1
            ],
            "0.75": [
              0,
              2,
              0
            ],
            "1.0": [
              0,
              0,
              -1
            ]
          }
        },
        "bone2": {
          "rotation": {
            "0.0": [
              5,
              0,
              0
            ],
            "0.5": [
              5,
              0,
              0
            ],
            "1.0": [
              5,
              0,
              0
            ]
          },
          "position": {
            "0.0": [
              0,
              0,
              0
            ],
            "0.5": [
              0,
              0,
              0
            ],
            "1.0": [
              0,
              0,
              0
            ]
          }
        },
        "bone3": {
          "relative_to": {
            "rotation": "entity"
          },
          "rotation": {
            "0.0": [
              0,
              2.5,
              5
            ],
            "0.5": [
              0,
              0,
              5
            ],
            "0.75": [
              -5,
              0,
              5
            ],
            "1.0": [
              0,
              2.5,
              5
            ]
          }
        },
        "LeftLeg": {
          "rotation": {
            "0.0": [
              7.5,
              0,
              0
            ],
            "0.5": [
              -9.99067,
              -0.43399,
              -2.46207
            ],
            "1.0": [
              7.5,
              0,
              0
            ]
          },
          "position": {
            "0.0": [
              0,
              0,
              1
            ],
            "0.25": [
              0,
              2,
              0
            ],
            "0.5": [
              0,
              0,
              -1
            ],
            "1.0": [
              0,
              0,
              1
            ]
          }
        },
        "bone6": {
          "rotation": {
            "0.0": [
              5,
              0,
              0
            ],
            "0.5": [
              4.75866,
              1.48224,
              -0.34242
            ],
            "1.0": [
              5,
              0,
              0
            ]
          },
          "position": {
            "0.0": [
              0,
              0,
              0
            ],
            "0.5": [
              0,
              0,
              0
            ],
            "1.0": [
              0,
              0,
              0
            ]
          }
        },
        "bone7": {
          "relative_to": {
            "rotation": "entity"
          },
          "rotation": {
            "0.0": [
              0,
              0,
              -5
            ],
            "0.25": [
              -5,
              0,
              -5
            ],
            "0.5": [
              0,
              -2.5,
              -5
            ],
            "1.0": [
              0,
              0,
              -5
            ]
          }
        },
        "Body": {
          "rotation": {
            "0.0": [
              2.50238,
              2.49762,
              0.10912
            ],
            "0.25": [
              0,
              0,
              -2.5
            ],
            "0.5": [
              2.50238,
              -2.49762,
              -0.10912
            ],
            "0.75": [
              -0.64897,
              -0.17088,
              2.40923
            ],
            "1.0": [
              2.50238,
              2.49762,
              0.10912
            ]
          },
          "position": {
            "0.0": [
              0,
              0,
              0
            ],
            "0.25": [
              0,
              1,
              0
            ],
            "0.5": [
              0,
              0,
              0
            ],
            "0.75": [
              0,
              1,
              0
            ],
            "1.0": [
              0,
              0,
              0
            ]
          }
        },
        "Nose": {
          "rotation": {
            "0.0": [
              0.02728,
              -1.76749,
              -6.76833
            ],
            "0.25": [
              0,
              0,
              0
            ],
            "0.5": [
              0.02728,
              1.76749,
              6.76833
            ],
            "0.75": [
              0,
              0,
              0
            ],
            "1.0": [
              0.02728,
              -1.76749,
              -6.76833
            ]
          }
        },
        "RightArm": {
          "rotation": {
            "0.0": [
              0,
              0,
              -5
            ],
            "0.25": [
              5,
              0,
              0
            ],
            "0.5": [
              0,
              0,
              5
            ],
            "0.75": [
              5,
              0,
              0
            ],
            "1.0": [
              0,
              0,
              -5
            ]
          }
        },
        "bone15": {
          "relative_to": {
            "rotation": "entity"
          },
          "rotation": [
            0,
            0,
            0.01
          ]
        },
        "LeftArm": {
          "rotation": {
            "0.0": [
              0,
              0,
              -5
            ],
            "0.25": [
              5,
              0,
              0
            ],
            "0.5": [
              0,
              0,
              5
            ],
            "0.75": [
              5,
              0,
              0
            ],
            "1.0": [
              0,
              0,
              -5
            ]
          }
        },
        "bone16": {
          "relative_to": {
            "rotation": "entity"
          },
          "rotation": [
            0,
            0,
            0.01
          ]
        },
        "bone4": {
          "rotation": {
            "0.0": [
              2.5,
              -5,
              0
            ],
            "0.5": [
              5,
              5,
              0
            ],
            "1.0": [
              2.5,
              -5,
              0
            ]
          }
        },
        "bone9": {
          "rotation": {
            "0.0": [
              0,
              0,
              0
            ],
            "0.25": [
              0,
              5,
              0
            ],
            "0.5": [
              0,
              0,
              0
            ],
            "0.75": [
              0,
              -5,
              0
            ],
            "1.0": [
              0,
              0,
              0
            ]
          }
        },
        "bone13": {
          "rotation": {
            "0.0": [
              0,
              0,
              0
            ],
            "0.5": [
              -4.80185,
              -5.50478,
              -2.49355
            ],
            "1.0": [
              0,
              0,
              0
            ]
          }
        },
        "bone14": {
          "rotation": {
            "0.0": [
              0,
              0,
              0
            ],
            "0.5": [
              -4.54554,
              5.41629,
              2.50332
            ],
            "1.0": [
              0,
              0,
              0
            ]
          }
        },
        "bone11": {
          "relative_to": {
            "rotation": "entity"
          },
          "rotation": [
            0,
            0,
            0.01
          ]
        },
        "bone12": {
          "relative_to": {
            "rotation": "entity"
          },
          "rotation": [
            0,
            0,
            0.01
          ]
        },
        "bone5": {
          "rotation": {
            "0.0": [
              0,
              0,
              0
            ],
            "0.5": [
              -7.5,
              0,
              0
            ],
            "1.0": [
              0,
              0,
              0
            ]
          }
        },
        "bone": {
          "rotation": {
            "0.0": [
              -7.5,
              0,
              0
            ],
            "0.5": [
              0,
              0,
              0
            ],
            "1.0": [
              -7.5,
              0,
              0
            ]
          }
        }
      }
    },
    "animation.mr_coach_pickles.general": {
      "loop": true,
      "animation_length": 2,
      "bones": {
        "Body": {
          "rotation": {
            "0.0": [
              0,
              0,
              0
            ],
            "1.0": [
              0.5,
              0,
              0
            ],
            "2.0": [
              0,
              0,
              0
            ]
          },
          "position": {
            "0.0": [
              0,
              0,
              0
            ],
            "1.0": [
              0,
              -0.6,
              0
            ],
            "2.0": [
              0,
              0,
              0
            ]
          }
        },
        "Nose": {
          "rotation": {
            "0.0": [
              0,
              0,
              0
            ],
            "1.0": [
              -2.5,
              0,
              0
            ],
            "2.0": [
              0,
              0,
              0
            ]
          }
        },
        "bone9": {
          "rotation": {
            "0.0": [
              0,
              0,
              0
            ],
            "1.0": [
              2.5,
              0,
              0
            ],
            "2.0": [
              0,
              0,
              0
            ]
          }
        },
        "bone13": {
          "rotation": [
            0,
            0,
            -5
          ]
        },
        "bone14": {
          "rotation": {
            "0.0": [
              0,
              0,
              0
            ],
            "1.0": [
              0,
              0,
              5
            ],
            "2.0": [
              0,
              0,
              0
            ]
          }
        },
        "LeftLeg": {
          "rotation": {
            "0.0": [
              0,
              0,
              0
            ],
            "1.0": [
              0,
              0,
              -2.5
            ],
            "2.0": [
              0,
              0,
              0
            ]
          }
        },
        "bone7": {
          "relative_to": {
            "rotation": "entity"
          },
          "rotation": [
            0,
            0,
            -5
          ]
        },
        "RightLeg": {
          "rotation": {
            "0.0": [
              0,
              0,
              0
            ],
            "1.0": [
              0,
              0,
              2.5
            ],
            "2.0": [
              0,
              0,
              0
            ]
          }
        },
        "bone3": {
          "relative_to": {
            "rotation": "entity"
          },
          "rotation": [
            0,
            0,
            5
          ]
        }
      }
    }
  }
}