{
  "format_version": "1.8.0",
  "animations": {
    "animation.mr_josh_scen.scen": {
      "loop": true,
      "animation_length": 20,
      "bones": {
        "Root": {
          "rotation": {
            "0.0": [
              0,
              0,
              0
            ],
            "20.0": [
              0,
              0,
              0
            ]
          },
          "position": {
            "0.0": [
              0,
              0,
              0
            ],
            "4.0": [
              0,
              21,
              0
            ],
            "20.0": [
              0,
              0,
              0
            ]
          }
        },
        "Head": {
          "rotation": {
            "4.5": [
              0,
              0,
              0
            ],
            "4.75": [
              0,
              0,
              -5
            ],
            "5.0": [
              0,
              0,
              0
            ],
            "5.25": [
              0,
              0,
              5
            ],
            "5.5": [
              0,
              0,
              0
            ]
          }
        },
        "bone13": {
          "scale": {
            "4.5": [
              1,
              1,
              1
            ],
            "5.0": [
              1.1,
              1,
              1
            ],
            "5.5": [
              1,
              1,
              1
            ]
          }
        },
        "LeftArm": {
          "rotation": {
            "0.0": [
              48.82,
              -70.3,
              -75.45
            ],
            "3.5": [
              -46.18208,
              -70.30087,
              -75.45187
            ],
            "6.25": [
              -63.48506,
              -58.58406,
              -62.87656
            ],
            "20.0": [
              0,
              0,
              0
            ]
          },
          "position": {
            "3.5": [
              0,
              -2,
              -3
            ],
            "6.25": [
              1,
              -2,
              -3
            ],
            "20.0": [
              0,
              1,
              0
            ]
          }
        },
        "bone9": {
          "rotation": {
            "0.0": [
              20,
              0,
              0
            ],
            "3.5": [
              -42.5,
              0,
              0
            ],
            "3.75": [
              0,
              0,
              0
            ]
          }
        }
      }
    }
  }
}