{
  "format_version": "1.8.0",
  "animations": {
    "animation.mr_nabnab.move": {
      "loop": true,
      "animation_length": 1,
      "bones": {
        "RightLeg": {
          "rotation": {
            "0.0": [
              -12.5,
              0,
              0
            ],
            "0.5": [
              15,
              0,
              0
            ],
            "0.75": [
              1.24881,
              -0.05452,
              2.49941
            ],
            "1.0": [
              -12.5,
              0,
              0
            ]
          },
          "position": {
            "0.0": [
              0,
              0,
              -1
            ],
            "0.5": [
              0,
              0,
              1
            ],
            "0.75": [
              0,
              1,
              0
            ],
            "1.0": [
              0,
              0,
              -1
            ]
          }
        },
        "bone": {
          "rotation": {
            "0.0": [
              0,
              0,
              0
            ],
            "0.25": [
              0,
              0,
              0
            ],
            "0.5": [
              0,
              0,
              0
            ],
            "0.75": [
              20,
              0,
              0
            ],
            "1.0": [
              0,
              0,
              0
            ]
          }
        },
        "LeftLeg": {
          "rotation": {
            "0.0": [
              12.5,
              0,
              0
            ],
            "0.25": [
              0.08383,
              -0.7515,
              -2.69123
            ],
            "0.5": [
              -12.39807,
              -1.50888,
              -0.38203
            ],
            "1.0": [
              12.5,
              0,
              0
            ]
          },
          "position": {
            "0.0": [
              0,
              0,
              1
            ],
            "0.25": [
              0,
              1,
              0
            ],
            "0.5": [
              0,
              0,
              -1
            ],
            "1.0": [
              0,
              0,
              1
            ]
          }
        },
        "bone3": {
          "rotation": {
            "0.0": [
              0,
              0,
              0
            ],
            "0.25": [
              20,
              0,
              0
            ],
            "0.5": [
              0,
              0,
              0
            ],
            "0.75": [
              0,
              0,
              0
            ],
            "1.0": [
              0,
              0,
              0
            ]
          }
        },
        "Body": {
          "rotation": {
            "0.0": [
              2.5,
              2.5,
              0
            ],
            "0.25": [
              0,
              0,
              -2.5
            ],
            "0.5": [
              2.45386,
              -2.77008,
              0.29755
            ],
            "0.75": [
              0,
              0,
              2.5
            ],
            "1.0": [
              2.5,
              2.5,
              0
            ]
          },
          "position": {
            "0.0": [
              0,
              -1,
              0
            ],
            "0.25": [
              0,
              0,
              0
            ],
            "0.5": [
              0,
              -1,
              0
            ],
            "0.75": [
              0,
              0,
              0
            ],
            "1.0": [
              0,
              -1,
              0
            ]
          }
        },
        "bone7": {
          "rotation": {
            "0.0": [
              0.02564,
              2.04767,
              6.43455
            ],
            "0.5": [
              0.02564,
              -2.04767,
              -6.43455
            ],
            "1.0": [
              0.02564,
              2.04767,
              6.43455
            ]
          }
        },
        "bone8": {
          "rotation": {
            "0.0": [
              0,
              5,
              0
            ],
            "0.5": [
              0,
              -5,
              0
            ],
            "1.0": [
              0,
              5,
              0
            ]
          }
        },
        "bone6": {
          "rotation": {
            "0.0": [
              0,
              0,
              0
            ],
            "0.25": [
              0,
              0,
              -5
            ],
            "0.5": [
              0,
              0,
              0
            ],
            "0.75": [
              0,
              0,
              10
            ],
            "1.0": [
              0,
              0,
              0
            ]
          }
        },
        "bone2": {
          "relative_to": {
            "rotation": "entity"
          },
          "rotation": [
            0,
            0,
            0.01
          ]
        },
        "bone4": {
          "relative_to": {
            "rotation": "entity"
          },
          "rotation": [
            0,
            0,
            0.01
          ]
        },
        "bone5": {
          "relative_to": {
            "rotation": "entity"
          },
          "rotation": [
            0,
            0,
            0.01
          ]
        },
        "RightArm": {
          "rotation": {
            "0.0": [
              10,
              0,
              0
            ],
            "0.5": [
              -9.98684,
              -4.05734,
              5.79056
            ],
            "1.0": [
              10,
              0,
              0
            ]
          }
        },
        "bone9": {
          "rotation": {
            "0.0": [
              0,
              0,
              0
            ],
            "0.25": [
              -5,
              0,
              0
            ],
            "0.5": [
              -25,
              0,
              0
            ],
            "1.0": [
              0,
              0,
              0
            ]
          }
        },
        "LeftArm": {
          "rotation": {
            "0.0": [
              -9.98684,
              4.05734,
              -5.79056
            ],
            "0.5": [
              9.98856,
              -0.14178,
              -0.46993
            ],
            "1.0": [
              -9.98684,
              4.05734,
              -5.79056
            ]
          }
        },
        "bone11": {
          "rotation": {
            "0.0": [
              -25,
              0,
              0
            ],
            "0.5": [
              0,
              0,
              0
            ],
            "0.75": [
              -7.5,
              0,
              0
            ],
            "1.0": [
              -25,
              0,
              0
            ]
          }
        }
      }
    },
    "animation.mr_nabnab.general": {
      "loop": true,
      "animation_length": 2,
      "bones": {
        "Body": {
          "rotation": {
            "0.0": [
              0,
              0,
              0
            ],
            "0.5": [
              1.24981,
              0.02181,
              -0.99976
            ],
            "1.0": [
              2.5,
              0,
              0
            ],
            "1.5": [
              1.24981,
              -0.02181,
              0.99976
            ],
            "2.0": [
              0,
              0,
              0
            ]
          },
          "position": {
            "0.0": [
              0,
              0,
              0
            ],
            "1.0": [
              0,
              -0.9,
              0
            ],
            "2.0": [
              0,
              0,
              0
            ]
          }
        },
        "bone7": {
          "rotation": {
            "0.0": [
              0,
              0,
              0
            ],
            "0.5": [
              0,
              5,
              0
            ],
            "1.0": [
              0,
              0,
              0
            ],
            "1.5": [
              0,
              -5,
              0
            ],
            "2.0": [
              0,
              0,
              0
            ]
          }
        },
        "bone8": {
          "rotation": {
            "0.0": [
              0,
              -2.5,
              0
            ],
            "1.0": [
              0,
              2.5,
              0
            ],
            "2.0": [
              0,
              -2.5,
              0
            ]
          }
        },
        "bone6": {
          "rotation": {
            "0.0": [
              0,
              0,
              0
            ],
            "1.0": [
              2.49762,
              0.10901,
              -2.49762
            ],
            "2.0": [
              0,
              0,
              0
            ]
          }
        },
        "RightArm": {
          "rotation": {
            "0.0": [
              0,
              0,
              0
            ],
            "1.0": [
              0,
              0,
              2.5
            ],
            "2.0": [
              0,
              0,
              0
            ]
          }
        },
        "LeftArm": {
          "rotation": {
            "0.0": [
              0,
              0,
              0
            ],
            "1.0": [
              0,
              0,
              -2.5
            ],
            "2.0": [
              0,
              0,
              0
            ]
          }
        }
      }
    }
  }
}