{
  "format_version": "1.8.0",
  "animations": {
    "animation.mr_nabnaleena_on.spawners": {
      "animation_length": 10,
      "bones": {
        "Root": {
          "rotation": {
            "4.5": [
              150.43632,
              -89.97292,
              -150.09448
            ],
            "4.75": [
              8.3686,
              -79.49263,
              -4.12515
            ],
            "5.0": [
              0,
              0,
              0
            ],
            "10.0": [
              0,
              0,
              0
            ]
          },
          "position": {
            "4.5": [
              6,
              -3,
              -3
            ],
            "4.75": [
              3,
              -1.5,
              -1.5
            ],
            "5.0": [
              0,
              0,
              0
            ],
            "10.0": [
              0,
              0,
              0
            ]
          }
        },
        "Body": {
          "rotation": {
            "4.5": [
              102.5,
              0,
              0
            ],
            "5.0": [
              0,
              0,
              0
            ],
            "10.0": [
              0,
              0,
              0
            ]
          }
        },
        "RightArm": {
          "rotation": {
            "4.5": [
              0,
              0,
              12.5
            ],
            "5.0": [
              0,
              0,
              0
            ],
            "10.0": [
              0,
              0,
              0
            ]
          }
        },
        "bone5": {
          "rotation": {
            "4.5": [
              0,
              0,
              27.5
            ],
            "5.0": [
              0,
              0,
              0
            ],
            "10.0": [
              0,
              0,
              0
            ]
          }
        },
        "bone6": {
          "rotation": {
            "4.5": [
              -37.5,
              0,
              32.5
            ],
            "5.0": [
              0,
              0,
              0
            ],
            "10.0": [
              0,
              0,
              0
            ]
          }
        },
        "LeftArm": {
          "rotation": {
            "5.0": [
              0,
              0,
              0
            ],
            "10.0": [
              0,
              0,
              0
            ]
          }
        },
        "bone8": {
          "rotation": {
            "4.5": [
              0,
              0,
              -42.5
            ],
            "5.0": [
              0,
              0,
              0
            ],
            "10.0": [
              0,
              0,
              0
            ]
          }
        },
        "bone9": {
          "rotation": {
            "4.5": [
              -20,
              0,
              -40
            ],
            "5.0": [
              0,
              0,
              0
            ],
            "10.0": [
              0,
              0,
              0
            ]
          }
        },
        "LeftLeg": {
          "rotation": [
            0,
            0,
            0
          ]
        },
        "RightLeg": {
          "rotation": [
            0,
            0,
            0
          ]
        }
      }
    }
  }
}