{
  "format_version": "1.8.0",
  "animations": {
    "animation.mr_nab_scene.hfxvg": {
      "animation_length": 5,
      "bones": {
        "RightArm": {
          "rotation": {
            "1.5": [
              0,
              0,
              0
            ],
            "1.75": [
              -177.3756,
              -3.93458,
              -6.31605
            ],
            "2.0": [
              -59.61874,
              8.64917,
              5.03837
            ]
          }
        },
        "LeftArm": {
          "rotation": {
            "1.5": [
              0,
              0,
              0
            ],
            "1.75": [
              -175,
              0,
              0
            ],
            "2.0": [
              -59.61874,
              -8.64917,
              -5.03837
            ]
          }
        },
        "Root": {
          "rotation": {
            "0.0": [
              0,
              0,
              0
            ],
            "2.0": [
              0,
              0,
              0
            ],
            "4.75": [
              0,
              0,
              0
            ],
            "5.0": [
              0,
              0,
              0
            ]
          },
          "position": {
            "0.0": [
              0,
              0,
              0
            ],
            "2.0": [
              0,
              27,
              0
            ],
            "4.75": [
              0,
              27,
              0
            ],
            "4.8333": [
              0,
              37,
              0
            ],
            "5.0": [
              0,
              -19,
              0
            ]
          }
        }
      }
    }
  }
}