{
  "format_version": "1.12.0",
  "minecraft:geometry": [
    {
      "description": {
        "identifier": "geometry.mr_camera_man",
        "texture_width": 64,
        "texture_height": 64,
        "visible_bounds_width": 3,
        "visible_bounds_height": 4,
        "visible_bounds_offset": [
          0,
          1,
          0
        ]
      },
      "bones": [
        {
          "name": "Root"
        },
        {
          "name": "LeftLeg",
          "pivot": [
            2,
            16,
            0
          ],
          "cubes": [
            {
              "origin": [
                0.0,
                8.0,
                -2.0
              ],
              "size": [
                4.0,
                8.0,
                4.0
              ],
              "uv": [
                26,
                33
              ],
              "inflate": 0
            }
          ],
          "parent": "Root",
          "rotation": [
            0,
            -2.5,
            -2.5
          ]
        },
        {
          "name": "bone3",
          "pivot": [
            2,
            8,
            0
          ],
          "cubes": [
            {
              "origin": [
                -0.25,
                0.0,
                -2.25
              ],
              "size": [
                4.5,
                8.0,
                4.5
              ],
              "uv": [
                0,
                0
              ],
              "inflate": 0
            }
          ],
          "parent": "LeftLeg"
        },
        {
          "name": "RightLeg",
          "pivot": [
            -2,
            16,
            0
          ],
          "cubes": [
            {
              "origin": [
                -4.0,
                8.0,
                -2.0
              ],
              "size": [
                4.0,
                8.0,
                4.0
              ],
              "uv": [
                38,
                41
              ],
              "inflate": 0
            }
          ],
          "parent": "Root",
          "rotation": [
            0,
            2.5,
            2.5
          ]
        },
        {
          "name": "bone",
          "pivot": [
            -2,
            8,
            0
          ],
          "cubes": [
            {
              "origin": [
                -4.25,
                0.0,
                -2.25
              ],
              "size": [
                4.5,
                8.0,
                4.5
              ],
              "uv": [
                0,
                38
              ],
              "inflate": 0
            }
          ],
          "parent": "RightLeg"
        },
        {
          "name": "Body",
          "pivot": [
            0,
            14,
            0
          ],
          "cubes": [
            {
              "origin": [
                -3.5,
                14.0,
                -3.0
              ],
              "size": [
                7.0,
                11.0,
                6.0
              ],
              "uv": [
                18,
                16
              ],
              "inflate": 0
            },
            {
              "origin": [
                -1.0,
                24.0,
                -1.0
              ],
              "size": [
                2.0,
                2.0,
                2.0
              ],
              "uv": [
                12,
                0
              ],
              "inflate": 0
            }
          ],
          "parent": "Root"
        },
        {
          "name": "RightArm",
          "pivot": [
            -3,
            25,
            0
          ],
          "cubes": [
            {
              "origin": [
                -6.0,
                17.0,
                -2.0
              ],
              "size": [
                3.0,
                8.0,
                4.0
              ],
              "uv": [
                26,
                49
              ],
              "inflate": 0
            }
          ],
          "parent": "Body",
          "rotation": [
            5,
            0,
            7.5
          ]
        },
        {
          "name": "bone2",
          "pivot": [
            -4.5,
            17,
            0
          ],
          "cubes": [
            {
              "origin": [
                -6.25,
                9.0,
                -2.25
              ],
              "size": [
                3.5,
                8.0,
                4.5
              ],
              "uv": [
                44,
                14
              ],
              "inflate": 0
            }
          ],
          "parent": "RightArm",
          "rotation": [
            -15,
            0,
            0
          ]
        },
        {
          "name": "LeftArm",
          "pivot": [
            3,
            25,
            0
          ],
          "cubes": [
            {
              "origin": [
                3.0,
                17.0,
                -2.0
              ],
              "size": [
                3.0,
                8.0,
                4.0
              ],
              "uv": [
                42,
                29
              ],
              "inflate": 0
            }
          ],
          "parent": "Body",
          "rotation": [
            5,
            0,
            -7.5
          ]
        },
        {
          "name": "bone5",
          "pivot": [
            4.5,
            17,
            0
          ],
          "cubes": [
            {
              "origin": [
                2.75,
                9.0,
                -2.25
              ],
              "size": [
                3.5,
                8.0,
                4.5
              ],
              "uv": [
                16,
                41
              ],
              "inflate": 0
            }
          ],
          "parent": "LeftArm",
          "rotation": [
            -15,
            0,
            0
          ]
        },
        {
          "name": "Head",
          "pivot": [
            0,
            26,
            0
          ],
          "cubes": [
            {
              "origin": [
                -3.0,
                26.0,
                -4.0
              ],
              "size": [
                6.0,
                6.0,
                8.0
              ],
              "uv": [
                24,
                0
              ],
              "inflate": 0
            },
            {
              "origin": [
                0.0,
                26.0,
                -4.0
              ],
              "size": [
                0.0,
                10.0,
                12.0
              ],
              "uv": [
                0,
                0
              ],
              "inflate": 0
            },
            {
              "origin": [
                -2.5,
                26.5,
                -7.0
              ],
              "size": [
                5.0,
                5.0,
                8.0
              ],
              "uv": [
                0,
                25
              ],
              "inflate": 0
            }
          ],
          "parent": "Body"
        }
      ]
    }
  ]
}