{
  "format_version": "1.12.0",
  "minecraft:geometry": [
    {
      "description": {
        "identifier": "geometry.mr_toilet_big",
        "texture_width": 128,
        "texture_height": 128,
        "visible_bounds_width": 3,
        "visible_bounds_height": 2.5,
        "visible_bounds_offset": [
          0,
          0.75,
          0
        ]
      },
      "bones": [
        {
          "name": "Body",
          "cubes": [
            {
              "origin": [
                -4.0,
                2.0,
                -4.0
              ],
              "size": [
                8.0,
                4.0,
                8.0
              ],
              "uv": [
                34,
                10
              ],
              "inflate": 0
            },
            {
              "origin": [
                -5.0,
                6.0,
                -7.0
              ],
              "size": [
                10.0,
                7.0,
                11.0
              ],
              "uv": [
                0,
                0
              ],
              "inflate": 0
            },
            {
              "origin": [
                -5.0,
                0.0,
                -5.0
              ],
              "size": [
                10.0,
                2.0,
                10.0
              ],
              "uv": [
                22,
                29
              ],
              "inflate": 0
            },
            {
              "origin": [
                -5.0,
                5.0,
                4.0
              ],
              "size": [
                10.0,
                15.0,
                6.0
              ],
              "uv": [
                0,
                18
              ],
              "inflate": 0
            }
          ]
        },
        {
          "name": "bone2",
          "parent": "Body"
        },
        {
          "name": "bone",
          "pivot": [
            0,
            20,
            6
          ],
          "cubes": [
            {
              "origin": [
                -1.0,
                20.0,
                5.0
              ],
              "size": [
                2.0,
                2.0,
                2.0
              ],
              "uv": [
                0,
                0
              ],
              "inflate": 0
            },
            {
              "origin": [
                -0.5,
                16.25,
                5.5
              ],
              "size": [
                1.0,
                4.5,
                1.0
              ],
              "uv": [
                0,
                4
              ],
              "inflate": 0
            }
          ],
          "parent": "Body"
        },
        {
          "name": "bone3",
          "pivot": [
            0,
            10,
            -1
          ],
          "cubes": [
            {
              "origin": [
                -1.5,
                9.0,
                -2.5
              ],
              "size": [
                3.0,
                10.0,
                3.0
              ],
              "pivot": [
                0.0,
                0.0,
                -1.0
              ],
              "rotation": [
                0.0,
                -50.0,
                0.0
              ],
              "uv": [
                28,
                41
              ],
              "inflate": 0
            }
          ],
          "parent": "Body"
        },
        {
          "name": "Head",
          "pivot": [
            0,
            15,
            -1
          ],
          "cubes": [
            {
              "origin": [
                -3.5,
                15.0,
                -4.5
              ],
              "size": [
                7.0,
                8.0,
                7.0
              ],
              "uv": [
                0,
                39
              ],
              "inflate": 0
            }
          ],
          "parent": "bone3"
        }
      ]
    }
  ]
}