{
  "format_version": "1.12.0",
  "minecraft:geometry": [
    {
      "description": {
        "identifier": "geometry.mr_toilet_spider2",
        "texture_width": 128,
        "texture_height": 128,
        "visible_bounds_width": 3,
        "visible_bounds_height": 4.5,
        "visible_bounds_offset": [
          0,
          1.75,
          0
        ]
      },
      "bones": [
        {
          "name": "Root"
        },
        {
          "name": "bone6",
          "pivot": [
            0,
            15,
            4
          ],
          "cubes": [
            {
              "origin": [
                -1.0,
                14.0,
                4.0
              ],
              "size": [
                2.0,
                2.0,
                9.0
              ],
              "uv": [
                79,
                0
              ],
              "inflate": 0
            }
          ],
          "parent": "Root",
          "rotation": [
            15,
            0,
            0
          ]
        },
        {
          "name": "bone7",
          "pivot": [
            0,
            14,
            12
          ],
          "cubes": [
            {
              "origin": [
                -1.0,
                -2.0,
                11.0
              ],
              "size": [
                2.0,
                16.0,
                2.0
              ],
              "uv": [
                117,
                59
              ],
              "inflate": 0
            }
          ],
          "parent": "bone6",
          "rotation": [
            -10,
            0,
            0
          ]
        },
        {
          "name": "LeftLeg",
          "pivot": [
            4,
            15,
            0
          ],
          "cubes": [
            {
              "origin": [
                3.0,
                14.0,
                -1.0
              ],
              "size": [
                11.0,
                2.0,
                2.0
              ],
              "uv": [
                31,
                76
              ],
              "inflate": 0
            }
          ],
          "parent": "Root",
          "rotation": [
            0,
            0,
            -15
          ]
        },
        {
          "name": "bone5",
          "pivot": [
            13,
            14,
            0
          ],
          "cubes": [
            {
              "origin": [
                12.0,
                -2.0,
                -1.0
              ],
              "size": [
                2.0,
                16.0,
                2.0
              ],
              "uv": [
                5,
                71
              ],
              "inflate": 0
            }
          ],
          "parent": "LeftLeg",
          "rotation": [
            0,
            0,
            12.5
          ]
        },
        {
          "name": "RightLeg",
          "pivot": [
            -4,
            15,
            0
          ],
          "cubes": [
            {
              "origin": [
                -14.0,
                14.0,
                -1.0
              ],
              "size": [
                11.0,
                2.0,
                2.0
              ],
              "uv": [
                0,
                124
              ],
              "inflate": 0
            }
          ],
          "parent": "Root",
          "rotation": [
            0,
            0,
            15
          ]
        },
        {
          "name": "bone4",
          "pivot": [
            -13,
            14,
            0
          ],
          "cubes": [
            {
              "origin": [
                -14.0,
                -2.0,
                -1.0
              ],
              "size": [
                2.0,
                16.0,
                2.0
              ],
              "uv": [
                118,
                6
              ],
              "inflate": 0
            }
          ],
          "parent": "RightLeg",
          "rotation": [
            0,
            0,
            -12.5
          ]
        },
        {
          "name": "Body",
          "pivot": [
            0,
            11,
            0
          ],
          "cubes": [
            {
              "origin": [
                -4.0,
                13.0,
                -4.0
              ],
              "size": [
                8.0,
                4.0,
                8.0
              ],
              "uv": [
                34,
                10
              ],
              "inflate": 0
            },
            {
              "origin": [
                -5.0,
                17.0,
                -7.0
              ],
              "size": [
                10.0,
                7.0,
                11.0
              ],
              "uv": [
                0,
                0
              ],
              "inflate": 0
            },
            {
              "origin": [
                -5.0,
                11.0,
                -5.0
              ],
              "size": [
                10.0,
                2.0,
                10.0
              ],
              "uv": [
                22,
                29
              ],
              "inflate": 0
            },
            {
              "origin": [
                -5.0,
                16.0,
                4.0
              ],
              "size": [
                10.0,
                15.0,
                6.0
              ],
              "uv": [
                0,
                18
              ],
              "inflate": 0
            }
          ],
          "parent": "Root"
        },
        {
          "name": "bone2",
          "pivot": [
            0,
            11,
            0
          ],
          "parent": "Body"
        },
        {
          "name": "bone8",
          "pivot": [
            0,
            11,
            0
          ],
          "cubes": [
            {
              "origin": [
                -3.0,
                6.0,
                -3.0
              ],
              "size": [
                6.0,
                8.0,
                6.0
              ],
              "uv": [
                89,
                114
              ],
              "inflate": 0
            }
          ],
          "parent": "Body",
          "rotation": [
            -20,
            0,
            0
          ]
        },
        {
          "name": "bone9",
          "pivot": [
            0,
            7,
            0
          ],
          "cubes": [
            {
              "origin": [
                0.0,
                1.0,
                -3.0
              ],
              "size": [
                0.0,
                8.0,
                6.0
              ],
              "uv": [
                51,
                114
              ],
              "inflate": 0
            }
          ],
          "parent": "bone8",
          "rotation": [
            -30,
            0,
            0
          ]
        },
        {
          "name": "bone",
          "pivot": [
            0,
            31,
            6
          ],
          "cubes": [
            {
              "origin": [
                -1.0,
                31.0,
                5.0
              ],
              "size": [
                2.0,
                2.0,
                2.0
              ],
              "uv": [
                0,
                0
              ],
              "inflate": 0
            },
            {
              "origin": [
                -0.5,
                27.25,
                5.5
              ],
              "size": [
                1.0,
                4.5,
                1.0
              ],
              "uv": [
                0,
                4
              ],
              "inflate": 0
            }
          ],
          "parent": "Body"
        },
        {
          "name": "bone10",
          "parent": "Body"
        },
        {
          "name": "bone3",
          "pivot": [
            0,
            21,
            -1
          ],
          "cubes": [
            {
              "origin": [
                -1.5,
                20.0,
                -2.5
              ],
              "size": [
                3.0,
                10.0,
                3.0
              ],
              "pivot": [
                0.0,
                11.0,
                -1.0
              ],
              "rotation": [
                0.0,
                -50.0,
                0.0
              ],
              "uv": [
                28,
                41
              ],
              "inflate": 0
            }
          ],
          "parent": "bone10"
        },
        {
          "name": "Head",
          "pivot": [
            0,
            26,
            -1
          ],
          "cubes": [
            {
              "origin": [
                -3.5,
                26.0,
                -4.5
              ],
              "size": [
                7.0,
                8.0,
                7.0
              ],
              "uv": [
                0,
                39
              ],
              "inflate": 0
            }
          ],
          "parent": "bone3"
        },
        {
          "name": "bone11",
          "pivot": [
            -4,
            24,
            1
          ],
          "cubes": [
            {
              "origin": [
                -5.5,
                23.0,
                -0.5
              ],
              "size": [
                3.0,
                10.0,
                3.0
              ],
              "pivot": [
                -4.0,
                14.0,
                1.0
              ],
              "rotation": [
                0.0,
                -50.0,
                0.0
              ],
              "uv": [
                28,
                41
              ],
              "inflate": 0
            }
          ],
          "parent": "bone10",
          "rotation": [
            0,
            0,
            -25
          ]
        },
        {
          "name": "Head2",
          "pivot": [
            -4,
            29,
            1
          ],
          "cubes": [
            {
              "origin": [
                -7.5,
                29.0,
                -2.5
              ],
              "size": [
                7.0,
                8.0,
                7.0
              ],
              "uv": [
                0,
                39
              ],
              "inflate": 0
            }
          ],
          "parent": "bone11"
        },
        {
          "name": "bone12",
          "pivot": [
            4,
            24,
            1
          ],
          "cubes": [
            {
              "origin": [
                2.5,
                23.0,
                -0.5
              ],
              "size": [
                3.0,
                10.0,
                3.0
              ],
              "pivot": [
                4.0,
                14.0,
                1.0
              ],
              "rotation": [
                0.0,
                -50.0,
                0.0
              ],
              "uv": [
                28,
                41
              ],
              "inflate": 0
            }
          ],
          "parent": "bone10",
          "rotation": [
            0,
            0,
            35
          ]
        },
        {
          "name": "Head3",
          "pivot": [
            4,
            29,
            1
          ],
          "cubes": [
            {
              "origin": [
                0.5,
                29.0,
                -2.5
              ],
              "size": [
                7.0,
                8.0,
                7.0
              ],
              "uv": [
                0,
                39
              ],
              "inflate": 0
            }
          ],
          "parent": "bone12"
        },
        {
          "name": "bone13",
          "pivot": [
            0,
            31,
            3
          ],
          "cubes": [
            {
              "origin": [
                -1.5,
                21.0,
                1.5
              ],
              "size": [
                3.0,
                19.0,
                3.0
              ],
              "pivot": [
                0.0,
                21.0,
                3.0
              ],
              "rotation": [
                0.0,
                -50.0,
                0.0
              ],
              "uv": [
                28,
                41
              ],
              "inflate": 0
            }
          ],
          "parent": "bone10"
        },
        {
          "name": "Head4",
          "pivot": [
            0,
            36,
            3
          ],
          "cubes": [
            {
              "origin": [
                -3.5,
                36.0,
                -0.5
              ],
              "size": [
                7.0,
                8.0,
                7.0
              ],
              "uv": [
                0,
                39
              ],
              "inflate": 0
            }
          ],
          "parent": "bone13"
        }
      ]
    }
  ]
}