{"entity_sounds":{"entities":{"yg:wooly_bully":{"events":{"attack":{"pitch":1,"sound":"mob.yg_wooly_bully.attack","volume":50},"chase":"mob.yg_wooly_bully.chase"},"pitch":[1],"volume":50},"yg:bouncy_dino":{"events":{"attack":{"pitch":1,"sound":"mob.yg_wooly_bully.attack","volume":50}},"pitch":[1],"volume":50},"yg:kitty_bitty":{"events":{"attack":{"pitch":1,"sound":"mob.yg_wooly_bully.attack","volume":50}},"pitch":[1],"volume":50},"yg:blenny":{"events":{"attack":{"pitch":1,"sound":"mob.yg_blenny.attack","volume":50}},"pitch":[1],"volume":50},"yg:mordy":{"events":{"attack":{"pitch":1,"sound":"mob.yg_blenny.attack","volume":50}},"pitch":[1],"volume":50},"yg:ronny":{"events":{"attack":{"pitch":1,"sound":"mob.yg_blenny.attack","volume":50}},"pitch":[1],"volume":50},"yg:seini":{"events":{"attack":{"pitch":1,"sound":"mob.yg_blenny.attack","volume":50}},"pitch":[1],"volume":50}}}}