{
  "format_version": "1.8.0",
  "animations": {
    "animation.yg_wooly_bully.general": {
      "loop": true,
      "animation_length": 2,
      "bones": {
        "bone2": {
          "rotation": {
            "0.0": [
              0,
              0,
              0
            ],
            "1.0": [
              2.5,
              0,
              0
            ],
            "1.5": [
              2.5,
              0,
              0
            ],
            "2.0": [
              0,
              0,
              0
            ]
          }
        },
        "Rightarm": {
          "rotation": {
            "0.0": {
              "post": [
                0,
                0,
                5
              ],
              "lerp_mode": "catmullrom"
            },
            "1.0": {
              "post": [
                2.49762,
                -0.10901,
                7.49762
              ],
              "lerp_mode": "catmullrom"
            },
            "2.0": {
              "post": [
                0,
                0,
                5
              ],
              "lerp_mode": "catmullrom"
            }
          }
        },
        "bone": {
          "rotation": {
            "0.0": {
              "post": [
                -15,
                0,
                0
              ],
              "lerp_mode": "catmullrom"
            },
            "1.0": {
              "post": [
                -12.5,
                0,
                0
              ],
              "lerp_mode": "catmullrom"
            },
            "1.5": {
              "post": [
                -15,
                0,
                0
              ],
              "lerp_mode": "catmullrom"
            },
            "2.0": {
              "post": [
                -15,
                0,
                0
              ],
              "lerp_mode": "catmullrom"
            }
          }
        },
        "Leftarm": {
          "rotation": {
            "0.0": {
              "post": [
                0,
                0,
                -5
              ],
              "lerp_mode": "catmullrom"
            },
            "1.0": {
              "post": [
                4.99527,
                0.21782,
                -7.4905
              ],
              "lerp_mode": "catmullrom"
            },
            "2.0": {
              "post": [
                0,
                0,
                -5
              ],
              "lerp_mode": "catmullrom"
            }
          }
        },
        "bone4": {
          "rotation": {
            "0.0": {
              "post": [
                -15,
                0,
                0
              ],
              "lerp_mode": "catmullrom"
            },
            "1.0": {
              "post": [
                -12.5,
                0,
                0
              ],
              "lerp_mode": "catmullrom"
            },
            "1.5": {
              "post": [
                -15,
                0,
                0
              ],
              "lerp_mode": "catmullrom"
            },
            "2.0": {
              "post": [
                -15,
                0,
                0
              ],
              "lerp_mode": "catmullrom"
            }
          }
        }
      }
    },
    "animation.yg_wooly_bully.move": {
      "loop": true,
      "animation_length": 1,
      "anim_time_update": "query.modified_distance_moved * 0.1",
      "bones": {
        "Root": {
          "position": {
            "0.0": {
              "post": [
                0,
                -1,
                0
              ],
              "lerp_mode": "catmullrom"
            },
            "0.25": {
              "post": [
                0,
                0,
                0
              ],
              "lerp_mode": "catmullrom"
            },
            "0.5": {
              "post": [
                0,
                -1,
                0
              ],
              "lerp_mode": "catmullrom"
            },
            "0.75": {
              "post": [
                0,
                0,
                0
              ],
              "lerp_mode": "catmullrom"
            },
            "1.0": {
              "post": [
                0,
                -1,
                0
              ],
              "lerp_mode": "catmullrom"
            }
          }
        },
        "Body": {
          "rotation": {
            "0.0": {
              "post": [
                0,
                0,
                5
              ],
              "lerp_mode": "catmullrom"
            },
            "0.5": {
              "post": [
                0,
                0,
                -2.5
              ],
              "lerp_mode": "catmullrom"
            },
            "0.75": {
              "post": [
                0,
                0,
                -2.5
              ],
              "lerp_mode": "catmullrom"
            },
            "1.0": {
              "post": [
                0,
                0,
                5
              ],
              "lerp_mode": "catmullrom"
            }
          }
        },
        "Rightarm": {
          "rotation": {
            "0.0": {
              "post": [
                10,
                0,
                20
              ],
              "lerp_mode": "catmullrom"
            },
            "0.5": {
              "post": [
                -7.5,
                0,
                7.5
              ],
              "lerp_mode": "catmullrom"
            },
            "1.0": {
              "post": [
                10,
                0,
                20
              ],
              "lerp_mode": "catmullrom"
            }
          }
        },
        "bone": {
          "rotation": {
            "0.0": {
              "post": [
                -5,
                0,
                0
              ],
              "lerp_mode": "catmullrom"
            },
            "0.5": {
              "post": [
                -7.5,
                0,
                0
              ],
              "lerp_mode": "catmullrom"
            },
            "1.0": {
              "post": [
                -5,
                0,
                0
              ],
              "lerp_mode": "catmullrom"
            }
          }
        },
        "Rightleg": {
          "rotation": {
            "0.0": {
              "post": [
                -25,
                0,
                0
              ],
              "lerp_mode": "catmullrom"
            },
            "0.5": {
              "post": [
                10,
                0,
                0
              ],
              "lerp_mode": "catmullrom"
            },
            "1.0": {
              "post": [
                -25,
                0,
                0
              ],
              "lerp_mode": "catmullrom"
            }
          },
          "position": {
            "0.0": {
              "post": [
                0,
                0,
                -1
              ],
              "lerp_mode": "catmullrom"
            },
            "0.25": {
              "post": [
                0,
                0,
                0
              ],
              "lerp_mode": "catmullrom"
            },
            "0.5": {
              "post": [
                0,
                0,
                1
              ],
              "lerp_mode": "catmullrom"
            },
            "0.75": {
              "post": [
                0,
                2,
                0
              ],
              "lerp_mode": "catmullrom"
            },
            "1.0": {
              "post": [
                0,
                0,
                -1
              ],
              "lerp_mode": "catmullrom"
            }
          }
        },
        "bone3": {
          "rotation": {
            "0.0": {
              "post": [
                32.5,
                0,
                0
              ],
              "lerp_mode": "catmullrom"
            },
            "0.5": {
              "post": [
                17.5,
                0,
                0
              ],
              "lerp_mode": "catmullrom"
            },
            "0.75": {
              "post": [
                7.5,
                0,
                0
              ],
              "lerp_mode": "catmullrom"
            },
            "1.0": {
              "post": [
                32.5,
                0,
                0
              ],
              "lerp_mode": "catmullrom"
            }
          }
        },
        "Leftarm": {
          "rotation": {
            "0.0": {
              "post": [
                -5,
                0,
                -10
              ],
              "lerp_mode": "catmullrom"
            },
            "0.5": {
              "post": [
                7.5,
                0,
                -25
              ],
              "lerp_mode": "catmullrom"
            },
            "1.0": {
              "post": [
                -5,
                0,
                -10
              ],
              "lerp_mode": "catmullrom"
            }
          }
        },
        "bone4": {
          "rotation": {
            "0.0": {
              "post": [
                -7.5,
                0,
                0
              ],
              "lerp_mode": "catmullrom"
            },
            "0.5": {
              "post": [
                -5,
                0,
                0
              ],
              "lerp_mode": "catmullrom"
            },
            "1.0": {
              "post": [
                -7.5,
                0,
                0
              ],
              "lerp_mode": "catmullrom"
            }
          }
        },
        "Leftleg": {
          "rotation": {
            "0.0": {
              "post": [
                10,
                0,
                0
              ],
              "lerp_mode": "catmullrom"
            },
            "0.5": {
              "post": [
                -25,
                0,
                0
              ],
              "lerp_mode": "catmullrom"
            },
            "1.0": {
              "post": [
                10,
                0,
                0
              ],
              "lerp_mode": "catmullrom"
            }
          },
          "position": {
            "0.0": {
              "post": [
                0,
                0,
                1
              ],
              "lerp_mode": "catmullrom"
            },
            "0.25": {
              "post": [
                0,
                2,
                0
              ],
              "lerp_mode": "catmullrom"
            },
            "0.5": {
              "post": [
                0,
                0,
                -1
              ],
              "lerp_mode": "catmullrom"
            },
            "0.75": {
              "post": [
                0,
                0,
                0
              ],
              "lerp_mode": "catmullrom"
            },
            "1.0": {
              "post": [
                0,
                0,
                1
              ],
              "lerp_mode": "catmullrom"
            }
          }
        },
        "bone5": {
          "rotation": {
            "0.0": {
              "post": [
                17.5,
                0,
                0
              ],
              "lerp_mode": "catmullrom"
            },
            "0.25": {
              "post": [
                7.5,
                0,
                0
              ],
              "lerp_mode": "catmullrom"
            },
            "0.5": {
              "post": [
                32.5,
                0,
                0
              ],
              "lerp_mode": "catmullrom"
            },
            "1.0": {
              "post": [
                17.5,
                0,
                0
              ],
              "lerp_mode": "catmullrom"
            }
          }
        }
      }
    },
    "animation.yg_wooly_bully.attack": {
      "animation_length": 1,
      "bones": {
        "bone2": {
          "rotation": {
            "0.0": {
              "post": [
                0,
                0,
                0
              ],
              "lerp_mode": "catmullrom"
            },
            "0.1667": {
              "post": [
                -15,
                0,
                0
              ],
              "lerp_mode": "catmullrom"
            },
            "0.3333": {
              "post": [
                15,
                0,
                0
              ],
              "lerp_mode": "catmullrom"
            },
            "0.6667": {
              "post": [
                15,
                0,
                0
              ],
              "lerp_mode": "catmullrom"
            },
            "1.0": {
              "post": [
                0,
                0,
                0
              ],
              "lerp_mode": "catmullrom"
            }
          }
        },
        "Rightarm": {
          "rotation": {
            "0.0": {
              "post": [
                0,
                0,
                0
              ],
              "lerp_mode": "catmullrom"
            },
            "0.1667": {
              "post": [
                29.40842,
                -6.21271,
                10.86815
              ],
              "lerp_mode": "catmullrom"
            },
            "0.3333": {
              "post": [
                -55.65573,
                6.6035,
                -7.66384
              ],
              "lerp_mode": "catmullrom"
            },
            "0.6667": {
              "post": [
                -55.66,
                6.6,
                -7.66
              ],
              "lerp_mode": "catmullrom"
            },
            "1.0": {
              "post": [
                0,
                0,
                0
              ],
              "lerp_mode": "catmullrom"
            }
          }
        },
        "bone": {
          "rotation": {
            "0.0": {
              "post": [
                0,
                0,
                0
              ],
              "lerp_mode": "catmullrom"
            },
            "0.1667": {
              "post": [
                -23.74258,
                -3.97085,
                -6.0301
              ],
              "lerp_mode": "catmullrom"
            },
            "0.3333": {
              "post": [
                -44.00407,
                -16.42229,
                -18.55215
              ],
              "lerp_mode": "catmullrom"
            },
            "0.6667": {
              "post": [
                -44,
                -16.42,
                -18.55
              ],
              "lerp_mode": "catmullrom"
            },
            "1.0": {
              "post": [
                0,
                0,
                0
              ],
              "lerp_mode": "catmullrom"
            }
          }
        },
        "Leftarm": {
          "rotation": {
            "0.0": {
              "post": [
                0,
                0,
                0
              ],
              "lerp_mode": "catmullrom"
            },
            "0.1667": {
              "post": [
                29.78729,
                3.74196,
                -6.50446
              ],
              "lerp_mode": "catmullrom"
            },
            "0.3333": {
              "post": [
                -63.49791,
                -7.71172,
                15.76833
              ],
              "lerp_mode": "catmullrom"
            },
            "0.6667": {
              "post": [
                -63.5,
                -7.71,
                15.77
              ],
              "lerp_mode": "catmullrom"
            },
            "1.0": {
              "post": [
                0,
                0,
                0
              ],
              "lerp_mode": "catmullrom"
            }
          }
        },
        "bone4": {
          "rotation": {
            "0.0": {
              "post": [
                0,
                0,
                0
              ],
              "lerp_mode": "catmullrom"
            },
            "0.1667": {
              "post": [
                -24.03645,
                -0.9299,
                0.83284
              ],
              "lerp_mode": "catmullrom"
            },
            "0.3333": {
              "post": [
                -36.63818,
                14.562,
                20.65867
              ],
              "lerp_mode": "catmullrom"
            },
            "0.6667": {
              "post": [
                -36.64,
                14.56,
                20.66
              ],
              "lerp_mode": "catmullrom"
            },
            "1.0": {
              "post": [
                0,
                0,
                0
              ],
              "lerp_mode": "catmullrom"
            }
          }
        }
      }
    },
    "animation.yg_wooly_bully.jumpscare": {
      "animation_length": 2,
      "bones": {
        "Root": {
          "position": {
            "0.0": {
              "post": [
                0,
                0,
                0
              ],
              "lerp_mode": "catmullrom"
            },
            "0.1667": {
              "post": [
                0,
                0,
                0
              ],
              "lerp_mode": "catmullrom"
            },
            "0.3333": {
              "post": [
                0,
                0,
                0
              ],
              "lerp_mode": "catmullrom"
            },
            "0.75": {
              "post": [
                0,
                0,
                0
              ],
              "lerp_mode": "catmullrom"
            },
            "1.25": {
              "post": [
                0,
                0,
                0
              ],
              "lerp_mode": "catmullrom"
            },
            "1.5": {
              "post": [
                0,
                0,
                -10
              ],
              "lerp_mode": "catmullrom"
            },
            "1.75": {
              "post": [
                0,
                0,
                -10
              ],
              "lerp_mode": "catmullrom"
            },
            "2.0": {
              "post": [
                0,
                0,
                0
              ],
              "lerp_mode": "catmullrom"
            }
          }
        },
        "bone2": {
          "rotation": {
            "0.0": {
              "post": [
                0,
                0,
                0
              ],
              "lerp_mode": "catmullrom"
            },
            "0.1667": {
              "post": [
                -12.5,
                0,
                0
              ],
              "lerp_mode": "catmullrom"
            },
            "0.3333": {
              "post": [
                0,
                0,
                0
              ],
              "lerp_mode": "catmullrom"
            },
            "0.75": {
              "post": [
                0,
                0,
                5
              ],
              "lerp_mode": "catmullrom"
            },
            "1.25": {
              "post": [
                0,
                0,
                -5
              ],
              "lerp_mode": "catmullrom"
            },
            "1.5": {
              "post": [
                0,
                0,
                0
              ],
              "lerp_mode": "catmullrom"
            },
            "1.75": {
              "post": [
                0,
                0,
                0
              ],
              "lerp_mode": "catmullrom"
            },
            "2.0": {
              "post": [
                0,
                0,
                0
              ],
              "lerp_mode": "catmullrom"
            }
          }
        },
        "Rightarm": {
          "rotation": {
            "0.0": {
              "post": [
                0,
                0,
                0
              ],
              "lerp_mode": "catmullrom"
            },
            "0.1667": {
              "post": [
                0,
                0,
                32.5
              ],
              "lerp_mode": "catmullrom"
            },
            "0.3333": {
              "post": [
                -42.5,
                0,
                32.5
              ],
              "lerp_mode": "catmullrom"
            },
            "1.75": {
              "post": [
                -42.5,
                0,
                32.5
              ],
              "lerp_mode": "catmullrom"
            },
            "2.0": {
              "post": [
                0,
                0,
                0
              ],
              "lerp_mode": "catmullrom"
            }
          }
        },
        "bone": {
          "rotation": {
            "0.0": {
              "post": [
                0,
                0,
                0
              ],
              "lerp_mode": "catmullrom"
            },
            "0.1667": {
              "post": [
                -37.5,
                0,
                0
              ],
              "lerp_mode": "catmullrom"
            },
            "0.3333": {
              "post": [
                -42.5,
                0,
                0
              ],
              "lerp_mode": "catmullrom"
            },
            "1.75": {
              "post": [
                -42.5,
                0,
                0
              ],
              "lerp_mode": "catmullrom"
            },
            "2.0": {
              "post": [
                0,
                0,
                0
              ],
              "lerp_mode": "catmullrom"
            }
          }
        },
        "Leftarm": {
          "rotation": {
            "0.0": {
              "post": [
                0,
                0,
                0
              ],
              "lerp_mode": "catmullrom"
            },
            "0.1667": {
              "post": [
                0,
                0,
                -37.5
              ],
              "lerp_mode": "catmullrom"
            },
            "0.3333": {
              "post": [
                -40,
                0,
                -37.5
              ],
              "lerp_mode": "catmullrom"
            },
            "1.75": {
              "post": [
                -40,
                0,
                -37.5
              ],
              "lerp_mode": "catmullrom"
            },
            "2.0": {
              "post": [
                0,
                0,
                0
              ],
              "lerp_mode": "catmullrom"
            }
          }
        },
        "bone4": {
          "rotation": {
            "0.0": {
              "post": [
                0,
                0,
                0
              ],
              "lerp_mode": "catmullrom"
            },
            "0.1667": {
              "post": [
                -37.5,
                0,
                0
              ],
              "lerp_mode": "catmullrom"
            },
            "0.3333": {
              "post": [
                -42.5,
                0,
                0
              ],
              "lerp_mode": "catmullrom"
            },
            "1.75": {
              "post": [
                -42.5,
                0,
                0
              ],
              "lerp_mode": "catmullrom"
            },
            "2.0": {
              "post": [
                0,
                0,
                0
              ],
              "lerp_mode": "catmullrom"
            }
          }
        }
      }
    }
  }
}