{
  "format_version": "1.8.0",
  "animations": {
    "animation.iron_golem.attack": {
      "loop": true,
      "bones": {
        "arm0": {
          "rotation": [
            "-114 + ((1.5 * math.abs(math.mod(variable.attack_animation_tick - query.frame_alpha, 10) - 5) - 2.5) / 5) * 57.3",
            0,
            0
          ]
        },
        "arm1": {
          "rotation": [
            "-114 + ((1.5 * math.abs(math.mod(variable.attack_animation_tick - query.frame_alpha, 10) - 5) - 2.5) / 5) * 57.3",
            0,
            0
          ]
        }
      }
    },
    "animation.gm_banbaleena.flower": {
      "loop": true,
      "bones": {
        "arm0": {
          "rotation": [
            "-45.8 + ((0.25 * math.abs(math.mod(variable.offer_flower_tick, 70) - 35) - 17.5) / 35)",
            0,
            0
          ]
        }
      }
    },
    "animation.iron_golem.move": {
      "loop": true,
      "bones": {
        "arm0": {
          "rotation": [
            "-variable.modified_tcos0 * 2.0",
            0,
            0
          ]
        },
        "arm1": {
          "rotation": [
            "variable.modified_tcos0 * 2.0",
            0,
            0
          ]
        }
      }
    },
    "animation.iron_golem.move_to_target": {
      "loop": true,
      "bones": {
        "arm0": {
          "rotation": [
            "((math.abs(math.mod(query.modified_distance_moved, 13) - 6.5) - 3.25) / 2.25) * 30.0",
            0,
            0
          ]
        },
        "arm1": {
          "rotation": [
            "((math.abs(math.mod(query.modified_distance_moved, 13) - 6.5) - 3.25) / 2.25) * -30.0",
            0,
            0
          ]
        }
      }
    },
    "animation.iron_golem.walk": {
      "loop": true,
      "bones": {
        "body": {
          "rotation": [
            0,
            0,
            "variable.modified_tcos0 / 1.5"
          ]
        },
        "head": {
          "rotation": [
            0,
            0,
            "variable.modified_tcos0 / 1.5"
          ]
        },
        "leg0": {
          "rotation": [
            "variable.modified_tcos0 * 6.0",
            0,
            0
          ]
        },
        "leg1": {
          "rotation": [
            "-variable.modified_tcos0 * 6.0",
            0,
            0
          ]
        }
      }
    },
    "animation.iron_golem.walk_to_target": {
      "loop": true,
      "bones": {
        "body": {
          "rotation": [
            0,
            0,
            "2.0 * (math.abs(math.mod(query.modified_distance_moved + 6, 13.0) - 6.5) - 3.25)"
          ]
        },
        "head": {
          "rotation": [
            0,
            0,
            "2.0 * (math.abs(math.mod(query.modified_distance_moved + 6, 13.0) - 6.5) - 3.25)"
          ]
        },
        "leg0": {
          "rotation": [
            "(math.cos(query.modified_distance_moved * 38.17) * 40.0)",
            0,
            0
          ]
        },
        "leg1": {
          "rotation": [
            "(math.cos(query.modified_distance_moved * 38.17 + 180) * 40.0)",
            0,
            0
          ]
        }
      }
    },
    "animation.gm_banbaleena.move_1": {
      "loop": true,
      "animation_length": 1,
      "bones": {
        "Boby": {
          "rotation": {
            "0.0": [
              2.53852,
              -9.99038,
              -0.44067
            ],
            "0.25": [
              0,
              0,
              0
            ],
            "0.5": [
              2.52154,
              7.49282,
              0.32902
            ],
            "0.75": [
              0,
              0,
              0
            ],
            "1.0": [
              2.53852,
              -9.99038,
              -0.44067
            ]
          }
        },
        "Head": {
          "rotation": {
            "0.0": [
              5,
              0,
              0
            ],
            "0.5": [
              2.5,
              0,
              0
            ],
            "1.0": [
              7.5,
              0,
              0
            ]
          }
        },
        "Leg": {
          "rotation": {
            "0.0": [
              17.5,
              0,
              0
            ],
            "0.25": [
              0,
              0,
              0
            ],
            "0.5": [
              -22.5,
              0,
              0
            ],
            "1.0": [
              25,
              0,
              0
            ]
          },
          "position": {
            "0.0": [
              0,
              0,
              0
            ],
            "0.25": [
              0,
              2,
              0
            ],
            "0.5": [
              0,
              0,
              0
            ]
          }
        },
        "Leg2": {
          "rotation": {
            "0.0": [
              -17.5,
              0,
              0
            ],
            "0.5": [
              22.5,
              0,
              0
            ],
            "0.75": [
              0,
              0,
              0
            ],
            "1.0": [
              -30,
              0,
              0
            ]
          },
          "position": {
            "0.5": [
              0,
              0,
              0
            ],
            "0.75": [
              0,
              2,
              0
            ],
            "1.0": [
              0,
              0,
              0
            ]
          }
        },
        "Arm": {
          "rotation": {
            "0.0": [
              -17.5,
              0,
              0
            ],
            "0.5": [
              27.5,
              0,
              0
            ],
            "1.0": [
              -25,
              0,
              0
            ]
          }
        },
        "Arm2": {
          "rotation": {
            "0.0": [
              25,
              0,
              0
            ],
            "0.5": [
              -25,
              0,
              0
            ],
            "1.0": [
              20,
              0,
              0
            ]
          }
        }
      }
    },
    "animation.gm_banbaleena.general": {
      "loop": true,
      "animation_length": 1,
      "bones": {
        "Boby": {
          "rotation": {
            "0.0": [
              2.5,
              0,
              0
            ],
            "0.5": [
              0,
              0,
              0
            ],
            "1.0": [
              2.5,
              0,
              0
            ]
          }
        },
        "Head": {
          "rotation": {
            "0.0": [
              5,
              0,
              0
            ],
            "0.5": [
              0,
              0,
              0
            ],
            "1.0": [
              5,
              0,
              0
            ]
          }
        },
        "Leg": {
          "rotation": {
            "0.0": [
              0,
              5,
              0
            ],
            "0.5": [
              0,
              2.5,
              0
            ],
            "1.0": [
              0,
              5,
              0
            ]
          }
        },
        "Leg2": {
          "rotation": {
            "0.0": [
              0,
              -2.5,
              0
            ],
            "0.5": [
              0,
              0,
              0
            ],
            "1.0": [
              0,
              -2.5,
              0
            ]
          }
        },
        "Arm": {
          "rotation": {
            "0.0": [
              0,
              0,
              2.5
            ],
            "0.5": [
              0,
              0,
              0
            ],
            "1.0": [
              0,
              0,
              2.5
            ]
          }
        },
        "Arm2": {
          "rotation": {
            "0.0": [
              0.17927,
              -0.21868,
              -2.4843
            ],
            "0.5": [
              0.16956,
              -0.22629,
              0.01571
            ],
            "1.0": [
              0.17927,
              -0.21868,
              -2.4843
            ]
          }
        }
      }
    },
    "animation.gm_banbaleena.attack_2": {
      "loop": true,
      "animation_length": 0.5,
      "bones": {
        "Boby": {
          "rotation": {
            "0.0": [
              0,
              0,
              0
            ],
            "0.125": [
              0,
              10,
              0
            ],
            "0.3333": [
              0,
              -22.5,
              0
            ],
            "0.5": [
              0.29014,
              -0.18222,
              0.23399
            ]
          }
        },
        "Head": {
          "rotation": {
            "0.0": [
              0,
              0,
              0
            ],
            "0.125": [
              -2.5,
              0,
              0
            ],
            "0.3333": [
              12.5,
              0,
              0
            ],
            "0.5": [
              0,
              0,
              0
            ]
          }
        },
        "Leg": {
          "rotation": {
            "0.0": [
              0,
              0,
              0
            ],
            "0.125": [
              5,
              0,
              5
            ],
            "0.5": [
              0,
              0,
              0
            ]
          }
        },
        "Leg2": {
          "rotation": {
            "0.125": [
              0,
              0,
              0
            ],
            "0.3333": [
              -7.5,
              0,
              -7.5
            ],
            "0.5": [
              0.06344,
              0.9762,
              -0.06344
            ]
          }
        },
        "Arm": {
          "rotation": {
            "0.0": [
              0,
              0,
              0
            ],
            "0.125": [
              -84.6809,
              19.92066,
              1.81693
            ],
            "0.3333": [
              -77.20638,
              -12.19908,
              -2.74715
            ],
            "0.5": [
              0,
              0,
              0
            ]
          },
          "position": {
            "0.0": [
              0,
              0,
              0
            ],
            "0.125": [
              0,
              0,
              6
            ],
            "0.3333": [
              0,
              0,
              -1
            ],
            "0.5": [
              0,
              0,
              0
            ]
          }
        },
        "Arm2": {
          "rotation": {
            "0.0": [
              0,
              0,
              0
            ],
            "0.125": [
              -17.5,
              15,
              0
            ],
            "0.3333": [
              31.20377,
              -11.77888,
              -20.7499
            ],
            "0.5": [
              0,
              0,
              0
            ]
          }
        }
      }
    },
    "animation.gm_banbaleena.run": {
      "loop": true,
      "animation_length": 0.66667,
      "bones": {
        "Boby": {
          "rotation": {
            "0.0": [
              2.53852,
              -9.99038,
              -0.44067
            ],
            "0.1667": [
              0,
              0,
              0
            ],
            "0.3333": [
              2.53852,
              9.99038,
              0.44067
            ],
            "0.5": [
              0,
              0,
              0
            ],
            "0.6667": [
              2.58807,
              -14.98539,
              -0.66963
            ]
          }
        },
        "Head": {
          "rotation": {
            "0.0": [
              7.5,
              0,
              0
            ],
            "0.3333": [
              -7.5,
              0,
              0
            ]
          }
        },
        "Arm": {
          "rotation": {
            "0.0": [
              -72.32005,
              12.39135,
              1.6575
            ],
            "0.3333": [
              -99.82005,
              12.39135,
              1.6575
            ],
            "0.6667": [
              -72.32005,
              12.39135,
              1.6575
            ]
          }
        },
        "Arm2": {
          "rotation": {
            "0.0": [
              22.5,
              0,
              -12.5
            ],
            "0.3333": [
              -10,
              0,
              -12.5
            ],
            "0.6667": [
              17.5,
              0,
              -12.5
            ]
          }
        },
        "Leg": {
          "rotation": {
            "0.0": [
              30,
              0,
              0
            ],
            "0.1667": [
              0,
              0,
              0
            ],
            "0.3333": [
              -35,
              0,
              0
            ],
            "0.6667": [
              35,
              0,
              0
            ]
          },
          "position": {
            "0.0": [
              0,
              0,
              0
            ],
            "0.1667": [
              0,
              3,
              0
            ],
            "0.3333": [
              0,
              0,
              0
            ]
          }
        },
        "Leg2": {
          "rotation": {
            "0.0": [
              -32.5,
              0,
              0
            ],
            "0.3333": [
              37.5,
              0,
              0
            ],
            "0.5": [
              0,
              0,
              0
            ],
            "0.6667": [
              -32.5,
              0,
              0
            ]
          },
          "position": {
            "0.0": [
              0,
              0,
              0
            ],
            "0.3333": [
              0,
              0,
              0
            ],
            "0.5": [
              0,
              3,
              0
            ],
            "0.6667": [
              0,
              0,
              0
            ]
          }
        }
      }
    }
  }
}