{
  "format_version": "1.8.0",
  "animations": {
    "animation.iron_golem.attack": {
      "loop": true,
      "bones": {
        "arm0": {
          "rotation": [
            "-114 + ((1.5 * math.abs(math.mod(variable.attack_animation_tick - query.frame_alpha, 10) - 5) - 2.5) / 5) * 57.3",
            0,
            0
          ]
        },
        "arm1": {
          "rotation": [
            "-114 + ((1.5 * math.abs(math.mod(variable.attack_animation_tick - query.frame_alpha, 10) - 5) - 2.5) / 5) * 57.3",
            0,
            0
          ]
        }
      }
    },
    "animation.gm_evil_tarta.flower": {
      "loop": true,
      "bones": {
        "arm0": {
          "rotation": [
            "-45.8 + ((0.25 * math.abs(math.mod(variable.offer_flower_tick, 70) - 35) - 17.5) / 35)",
            0,
            0
          ]
        }
      }
    },
    "animation.iron_golem.move": {
      "loop": true,
      "bones": {
        "arm0": {
          "rotation": [
            "-variable.modified_tcos0 * 2.0",
            0,
            0
          ]
        },
        "arm1": {
          "rotation": [
            "variable.modified_tcos0 * 2.0",
            0,
            0
          ]
        }
      }
    },
    "animation.iron_golem.move_to_target": {
      "loop": true,
      "bones": {
        "arm0": {
          "rotation": [
            "((math.abs(math.mod(query.modified_distance_moved, 13) - 6.5) - 3.25) / 2.25) * 30.0",
            0,
            0
          ]
        },
        "arm1": {
          "rotation": [
            "((math.abs(math.mod(query.modified_distance_moved, 13) - 6.5) - 3.25) / 2.25) * -30.0",
            0,
            0
          ]
        }
      }
    },
    "animation.iron_golem.walk": {
      "loop": true,
      "bones": {
        "body": {
          "rotation": [
            0,
            0,
            "variable.modified_tcos0 / 1.5"
          ]
        },
        "head": {
          "rotation": [
            0,
            0,
            "variable.modified_tcos0 / 1.5"
          ]
        },
        "leg0": {
          "rotation": [
            "variable.modified_tcos0 * 6.0",
            0,
            0
          ]
        },
        "leg1": {
          "rotation": [
            "-variable.modified_tcos0 * 6.0",
            0,
            0
          ]
        }
      }
    },
    "animation.iron_golem.walk_to_target": {
      "loop": true,
      "bones": {
        "body": {
          "rotation": [
            0,
            0,
            "2.0 * (math.abs(math.mod(query.modified_distance_moved + 6, 13.0) - 6.5) - 3.25)"
          ]
        },
        "head": {
          "rotation": [
            0,
            0,
            "2.0 * (math.abs(math.mod(query.modified_distance_moved + 6, 13.0) - 6.5) - 3.25)"
          ]
        },
        "leg0": {
          "rotation": [
            "(math.cos(query.modified_distance_moved * 38.17) * 40.0)",
            0,
            0
          ]
        },
        "leg1": {
          "rotation": [
            "(math.cos(query.modified_distance_moved * 38.17 + 180) * 40.0)",
            0,
            0
          ]
        }
      }
    },
    "animation.model.pose": {
      "loop": true,
      "bones": {
        "Boby": {
          "rotation": [
            -12.5,
            0,
            0
          ]
        },
        "bone": {
          "rotation": [
            -15,
            -30,
            0
          ]
        },
        "bone2": {
          "rotation": [
            27.56928,
            34.22348,
            16.36452
          ]
        },
        "bone3": {
          "rotation": [
            28.93167,
            -2.31345,
            -9.64914
          ]
        },
        "Head": {
          "rotation": [
            -25,
            0,
            -20
          ]
        },
        "bone4": {
          "rotation": [
            -25,
            0,
            0
          ]
        },
        "bone5": {
          "rotation": [
            50,
            0,
            0
          ]
        },
        "Leg": {
          "rotation": [
            12.48848,
            0.54094,
            12.55919
          ]
        },
        "Leg2": {
          "rotation": [
            -17.5,
            0,
            -12.5
          ]
        }
      }
    },
    "animation.gm_evil_tarta.move_1": {
      "loop": true,
      "animation_length": 1,
      "bones": {
        "Boby": {
          "rotation": {
            "0.0": [
              2.5,
              0,
              0
            ],
            "0.25": [
              0,
              0,
              0
            ],
            "0.5": [
              2.5,
              0,
              0
            ],
            "0.75": [
              0,
              0,
              0
            ],
            "1.0": [
              2.5,
              0,
              0
            ]
          }
        },
        "bone": {
          "rotation": {
            "0.0": [
              0,
              -27.5,
              0
            ],
            "0.5": [
              0,
              0,
              0
            ],
            "1.0": [
              0,
              -30,
              0
            ]
          }
        },
        "bone3": {
          "rotation": {
            "0.0": [
              12.5,
              0,
              0
            ],
            "0.25": [
              -2.5,
              0,
              0
            ],
            "0.5": [
              17.5,
              0,
              0
            ],
            "0.75": [
              -2.5,
              0,
              0
            ],
            "1.0": [
              15,
              0,
              0
            ]
          }
        },
        "Head": {
          "rotation": {
            "0.0": [
              17.5,
              0,
              0
            ],
            "0.25": [
              -17.5,
              0,
              0
            ],
            "0.5": [
              12.5,
              0,
              0
            ],
            "0.75": [
              -12.5,
              0,
              0
            ],
            "1.0": [
              17.5,
              0,
              0
            ]
          }
        },
        "bone2": {
          "rotation": {
            "0.0": [
              0,
              35,
              0
            ],
            "0.5": [
              0,
              0,
              0
            ],
            "1.0": [
              0,
              40,
              0
            ]
          }
        },
        "Leg": {
          "rotation": {
            "0.0": [
              17.5,
              0,
              0
            ],
            "0.25": [
              0,
              0,
              0
            ],
            "0.5": [
              -17.5,
              0,
              0
            ],
            "1.0": [
              17.5,
              0,
              0
            ]
          },
          "position": {
            "0.0": [
              0,
              0,
              0
            ],
            "0.25": [
              0,
              2,
              0
            ],
            "0.5": [
              0,
              0,
              0
            ]
          }
        },
        "Leg2": {
          "rotation": {
            "0.0": [
              -15,
              0,
              0
            ],
            "0.5": [
              25,
              0,
              0
            ],
            "0.75": [
              0,
              0,
              0
            ],
            "1.0": [
              -17.5,
              0,
              0
            ]
          },
          "position": {
            "0.5": [
              0,
              0,
              0
            ],
            "0.75": [
              0,
              2,
              0
            ],
            "1.0": [
              0,
              0,
              0
            ]
          }
        }
      }
    },
    "animation.gm_evil_tarta.general": {
      "loop": true,
      "animation_length": 1,
      "bones": {
        "Head": {
          "rotation": {
            "0.4167": [
              0,
              0,
              0
            ],
            "0.4583": [
              60,
              0,
              -10
            ],
            "0.5": [
              0,
              0,
              -20
            ],
            "0.5417": [
              -42.5,
              0,
              -20
            ],
            "0.5833": [
              -0.10896,
              1.24524,
              64.99882
            ],
            "0.625": [
              40,
              0,
              -20
            ],
            "0.6667": [
              57.3674,
              -40.24635,
              -65.25595
            ],
            "0.7083": [
              15.72928,
              -20.30116,
              -32.9129
            ],
            "0.75": [
              -0.90884,
              -0.35597,
              -0.56985
            ]
          }
        },
        "bone4": {
          "rotation": {
            "0.4167": [
              0,
              0,
              0
            ],
            "0.5": [
              -57.5,
              0,
              0
            ],
            "0.6667": [
              -57.5,
              0,
              0
            ],
            "0.75": [
              0,
              0,
              0
            ]
          }
        },
        "bone2": {
          "rotation": [
            0,
            0,
            0
          ]
        }
      }
    },
    "animation.gm_evil_tarta.attack_2": {
      "loop": true,
      "animation_length": 1,
      "bones": {
        "Boby": {
          "rotation": {
            "0.0": [
              0,
              0,
              0
            ],
            "0.0833": [
              -25,
              0,
              0
            ],
            "0.25": [
              72.5,
              0,
              0
            ],
            "0.3333": [
              -25,
              0,
              0
            ],
            "0.4167": [
              -2.5,
              0,
              0
            ]
          }
        },
        "bone3": {
          "rotation": {
            "0.0": [
              0,
              0,
              0
            ],
            "0.0833": [
              -27.5,
              0,
              0
            ],
            "0.25": [
              12.5,
              0,
              0
            ],
            "0.3333": [
              -20,
              0,
              0
            ],
            "0.4167": [
              2.5,
              0,
              0
            ]
          }
        }
      }
    }
  }
}