{
  "format_version": "1.8.0",
  "animations": {
    "animation.iron_golem.attack": {
      "loop": true,
      "bones": {
        "arm0": {
          "rotation": [
            "-114 + ((1.5 * math.abs(math.mod(variable.attack_animation_tick - query.frame_alpha, 10) - 5) - 2.5) / 5) * 57.3",
            0,
            0
          ]
        },
        "arm1": {
          "rotation": [
            "-114 + ((1.5 * math.abs(math.mod(variable.attack_animation_tick - query.frame_alpha, 10) - 5) - 2.5) / 5) * 57.3",
            0,
            0
          ]
        }
      }
    },
    "animation.gm_jester.flower": {
      "loop": true,
      "bones": {
        "arm0": {
          "rotation": [
            "-45.8 + ((0.25 * math.abs(math.mod(variable.offer_flower_tick, 70) - 35) - 17.5) / 35)",
            0,
            0
          ]
        }
      }
    },
    "animation.iron_golem.move": {
      "loop": true,
      "bones": {
        "arm0": {
          "rotation": [
            "-variable.modified_tcos0 * 2.0",
            0,
            0
          ]
        },
        "arm1": {
          "rotation": [
            "variable.modified_tcos0 * 2.0",
            0,
            0
          ]
        }
      }
    },
    "animation.iron_golem.move_to_target": {
      "loop": true,
      "bones": {
        "arm0": {
          "rotation": [
            "((math.abs(math.mod(query.modified_distance_moved, 13) - 6.5) - 3.25) / 2.25) * 30.0",
            0,
            0
          ]
        },
        "arm1": {
          "rotation": [
            "((math.abs(math.mod(query.modified_distance_moved, 13) - 6.5) - 3.25) / 2.25) * -30.0",
            0,
            0
          ]
        }
      }
    },
    "animation.iron_golem.walk": {
      "loop": true,
      "bones": {
        "body": {
          "rotation": [
            0,
            0,
            "variable.modified_tcos0 / 1.5"
          ]
        },
        "head": {
          "rotation": [
            0,
            0,
            "variable.modified_tcos0 / 1.5"
          ]
        },
        "leg0": {
          "rotation": [
            "variable.modified_tcos0 * 6.0",
            0,
            0
          ]
        },
        "leg1": {
          "rotation": [
            "-variable.modified_tcos0 * 6.0",
            0,
            0
          ]
        }
      }
    },
    "animation.iron_golem.walk_to_target": {
      "loop": true,
      "bones": {
        "body": {
          "rotation": [
            0,
            0,
            "2.0 * (math.abs(math.mod(query.modified_distance_moved + 6, 13.0) - 6.5) - 3.25)"
          ]
        },
        "head": {
          "rotation": [
            0,
            0,
            "2.0 * (math.abs(math.mod(query.modified_distance_moved + 6, 13.0) - 6.5) - 3.25)"
          ]
        },
        "leg0": {
          "rotation": [
            "(math.cos(query.modified_distance_moved * 38.17) * 40.0)",
            0,
            0
          ]
        },
        "leg1": {
          "rotation": [
            "(math.cos(query.modified_distance_moved * 38.17 + 180) * 40.0)",
            0,
            0
          ]
        }
      }
    },
    "animation.gm_jester.move_1": {
      "loop": true,
      "animation_length": 1,
      "bones": {
        "Boby": {
          "rotation": {
            "0.0": [
              2.52154,
              -7.49282,
              -0.32902
            ],
            "0.25": [
              0,
              0,
              0
            ],
            "0.5": [
              2.50954,
              4.99523,
              0.21865
            ],
            "0.75": [
              0,
              0,
              0
            ],
            "1.0": [
              2.50954,
              -4.99523,
              -0.21865
            ]
          }
        },
        "Head": {
          "rotation": {
            "0.0": [
              0,
              -7.5,
              0
            ],
            "0.5": [
              0,
              10,
              0
            ],
            "1.0": [
              0,
              -12.5,
              0
            ]
          }
        },
        "Arm": {
          "rotation": {
            "0.0": [
              -32.5,
              0,
              0
            ],
            "0.5": [
              35,
              0,
              0
            ],
            "1.0": [
              -32.5,
              0,
              0
            ]
          }
        },
        "Arm2": {
          "rotation": {
            "0.0": [
              32.5,
              0,
              0
            ],
            "0.5": [
              -40,
              0,
              0
            ],
            "1.0": [
              35,
              0,
              0
            ]
          }
        },
        "Leg": {
          "rotation": {
            "0.0": [
              27.5,
              0,
              0
            ],
            "0.25": [
              0,
              0,
              0
            ],
            "0.5": [
              -27.5,
              0,
              0
            ],
            "1.0": [
              27.5,
              0,
              0
            ]
          },
          "position": {
            "0.0": [
              0,
              0,
              0
            ],
            "0.25": [
              0,
              2,
              0
            ],
            "0.5": [
              0,
              0,
              0
            ]
          }
        },
        "Leg2": {
          "rotation": {
            "0.0": [
              -25,
              0,
              0
            ],
            "0.5": [
              40,
              0,
              0
            ],
            "0.75": [
              0,
              0,
              0
            ],
            "1.0": [
              -22.5,
              0,
              0
            ]
          },
          "position": {
            "0.0": [
              0,
              0,
              0
            ],
            "0.5": [
              0,
              0,
              0
            ],
            "0.75": [
              0,
              2,
              0
            ],
            "1.0": [
              0,
              0,
              0
            ]
          }
        }
      }
    },
    "animation.gm_jester.general": {
      "loop": true,
      "animation_length": 1,
      "bones": {
        "Boby": {
          "rotation": {
            "0.0": [
              2.5,
              0,
              0
            ],
            "0.5": [
              0,
              0,
              0
            ],
            "1.0": [
              2.5,
              0,
              0
            ]
          }
        },
        "Head": {
          "rotation": {
            "0.0": [
              5,
              0,
              0
            ],
            "0.5": [
              0,
              0,
              0
            ],
            "1.0": [
              5,
              0,
              0
            ]
          }
        },
        "Arm": {
          "rotation": {
            "0.0": [
              0,
              0,
              2.5
            ],
            "0.5": [
              0,
              0,
              0
            ],
            "1.0": [
              0,
              0,
              2.5
            ]
          }
        },
        "Arm2": {
          "rotation": {
            "0.0": [
              0.09876,
              -0.5034,
              -2.44724
            ],
            "0.5": [
              0.07671,
              -0.50723,
              0.05285
            ],
            "1.0": [
              0.09876,
              -0.5034,
              -2.44724
            ]
          }
        }
      }
    },
    "animation.gm_jester.attack_2": {
      "loop": true,
      "animation_length": 0.41667,
      "bones": {
        "Boby": {
          "rotation": {
            "0.0": [
              0,
              0,
              0
            ],
            "0.125": [
              -12.5,
              0,
              0
            ],
            "0.2917": [
              67.5,
              0,
              0
            ],
            "0.4167": [
              0,
              0,
              0
            ]
          }
        },
        "Head": {
          "rotation": {
            "0.0": [
              0,
              0,
              0
            ],
            "0.125": [
              -40,
              0,
              0
            ],
            "0.2917": [
              27.5,
              0,
              0
            ],
            "0.4167": [
              0,
              0,
              0
            ]
          }
        },
        "Arm": {
          "rotation": {
            "0.0": [
              0,
              0,
              0
            ],
            "0.125": [
              40,
              0,
              0
            ],
            "0.2917": [
              -85,
              0,
              0
            ],
            "0.4167": [
              0,
              0,
              0
            ]
          }
        },
        "Arm2": {
          "rotation": {
            "0.0": [
              0,
              0,
              0
            ],
            "0.125": [
              37.5,
              0,
              0
            ],
            "0.2917": [
              -90,
              0,
              0
            ],
            "0.4167": [
              0,
              0,
              0
            ]
          }
        }
      }
    },
    "animation.gm_jester.run": {
      "loop": true,
      "animation_length": 0.66667,
      "bones": {
        "Boby": {
          "rotation": {
            "0.0": [
              5.12076,
              -12.45167,
              -1.10693
            ],
            "0.1667": [
              0,
              0,
              0
            ],
            "0.3333": [
              5.24133,
              17.43127,
              1.5741
            ],
            "0.5": [
              0,
              0,
              0
            ],
            "0.6667": [
              5.24133,
              -17.43127,
              -1.5741
            ]
          }
        },
        "Head": {
          "rotation": {
            "0.0": [
              0,
              0,
              7.5
            ],
            "0.3333": [
              0,
              0,
              -7.5
            ],
            "0.6667": [
              0,
              0,
              10
            ]
          }
        },
        "Arm": {
          "rotation": {
            "0.0": [
              -77.62818,
              25.90512,
              -16.07189
            ],
            "0.3333": [
              -62.62818,
              25.90512,
              -16.07189
            ],
            "0.6667": [
              -77.62818,
              25.90512,
              -16.07189
            ]
          }
        },
        "Arm2": {
          "rotation": {
            "0.0": [
              -68.42778,
              -22.88007,
              14.39416
            ],
            "0.3333": [
              -95.92778,
              -22.88007,
              14.39416
            ],
            "0.6667": [
              -65.92778,
              -22.88007,
              14.39416
            ]
          }
        },
        "Leg": {
          "rotation": {
            "0.0": [
              50,
              0,
              0
            ],
            "0.1667": [
              0,
              0,
              0
            ],
            "0.3333": [
              -37.5,
              0,
              0
            ],
            "0.6667": [
              47.5,
              0,
              0
            ]
          },
          "position": {
            "0.0": [
              0,
              0,
              0
            ],
            "0.1667": [
              0,
              3,
              0
            ],
            "0.3333": [
              0,
              0,
              0
            ]
          }
        },
        "Leg2": {
          "rotation": {
            "0.0": [
              -45,
              0,
              0
            ],
            "0.3333": [
              47.5,
              0,
              0
            ],
            "0.5": [
              0,
              0,
              0
            ],
            "0.6667": [
              -34.85835,
              -0.32533,
              3.28291
            ]
          },
          "position": {
            "0.0": [
              0,
              0,
              0
            ],
            "0.3333": [
              0,
              0,
              0
            ],
            "0.5": [
              0,
              3,
              0
            ],
            "0.6667": [
              0,
              0,
              0
            ]
          }
        }
      }
    }
  }
}