{
  "format_version": "1.8.0",
  "animations": {
    "animation.iron_golem.attack": {
      "loop": true,
      "bones": {
        "arm0": {
          "rotation": [
            "-114 + ((1.5 * math.abs(math.mod(variable.attack_animation_tick - query.frame_alpha, 10) - 5) - 2.5) / 5) * 57.3",
            0,
            0
          ]
        },
        "arm1": {
          "rotation": [
            "-114 + ((1.5 * math.abs(math.mod(variable.attack_animation_tick - query.frame_alpha, 10) - 5) - 2.5) / 5) * 57.3",
            0,
            0
          ]
        }
      }
    },
    "animation.gm_jumbo_josh.flower": {
      "loop": true,
      "bones": {
        "arm0": {
          "rotation": [
            "-45.8 + ((0.25 * math.abs(math.mod(variable.offer_flower_tick, 70) - 35) - 17.5) / 35)",
            0,
            0
          ]
        }
      }
    },
    "animation.iron_golem.move": {
      "loop": true,
      "bones": {
        "arm0": {
          "rotation": [
            "-variable.modified_tcos0 * 2.0",
            0,
            0
          ]
        },
        "arm1": {
          "rotation": [
            "variable.modified_tcos0 * 2.0",
            0,
            0
          ]
        }
      }
    },
    "animation.iron_golem.move_to_target": {
      "loop": true,
      "bones": {
        "arm0": {
          "rotation": [
            "((math.abs(math.mod(query.modified_distance_moved, 13) - 6.5) - 3.25) / 2.25) * 30.0",
            0,
            0
          ]
        },
        "arm1": {
          "rotation": [
            "((math.abs(math.mod(query.modified_distance_moved, 13) - 6.5) - 3.25) / 2.25) * -30.0",
            0,
            0
          ]
        }
      }
    },
    "animation.iron_golem.walk": {
      "loop": true,
      "bones": {
        "body": {
          "rotation": [
            0,
            0,
            "variable.modified_tcos0 / 1.5"
          ]
        },
        "head": {
          "rotation": [
            0,
            0,
            "variable.modified_tcos0 / 1.5"
          ]
        },
        "leg0": {
          "rotation": [
            "variable.modified_tcos0 * 6.0",
            0,
            0
          ]
        },
        "leg1": {
          "rotation": [
            "-variable.modified_tcos0 * 6.0",
            0,
            0
          ]
        }
      }
    },
    "animation.iron_golem.walk_to_target": {
      "loop": true,
      "bones": {
        "body": {
          "rotation": [
            0,
            0,
            "2.0 * (math.abs(math.mod(query.modified_distance_moved + 6, 13.0) - 6.5) - 3.25)"
          ]
        },
        "head": {
          "rotation": [
            0,
            0,
            "2.0 * (math.abs(math.mod(query.modified_distance_moved + 6, 13.0) - 6.5) - 3.25)"
          ]
        },
        "leg0": {
          "rotation": [
            "(math.cos(query.modified_distance_moved * 38.17) * 40.0)",
            0,
            0
          ]
        },
        "leg1": {
          "rotation": [
            "(math.cos(query.modified_distance_moved * 38.17 + 180) * 40.0)",
            0,
            0
          ]
        }
      }
    },
    "animation.model.pose": {
      "loop": true,
      "bones": {
        "Boby": {
          "rotation": [
            0,
            0,
            0
          ]
        },
        "Head": {
          "rotation": [
            12.46271,
            0.86717,
            -4.92442
          ]
        },
        "Arm": {
          "rotation": [
            7.38733,
            1.29876,
            -9.91615
          ]
        },
        "Arm2": {
          "rotation": [
            -41.81615,
            8.40819,
            9.28293
          ]
        },
        "Leg": {
          "rotation": [
            -12.31594,
            2.15393,
            9.76758
          ],
          "position": [
            0,
            0,
            -2
          ]
        },
        "Leg2": {
          "rotation": [
            12.5,
            0,
            -7.5
          ],
          "position": [
            0,
            0,
            2
          ]
        }
      }
    },
    "animation.gm_jumbo_josh.move_1": {
      "loop": true,
      "animation_length": 1,
      "bones": {
        "Boby": {
          "rotation": {
            "0.0": [
              0,
              5,
              0
            ],
            "0.25": [
              2.5,
              0,
              0
            ],
            "0.5": [
              0,
              -5,
              0
            ],
            "0.75": [
              2.5,
              0,
              0
            ],
            "1.0": [
              0,
              5,
              0
            ]
          }
        },
        "Arm": {
          "rotation": {
            "0.0": [
              -15,
              0,
              0
            ],
            "0.5": [
              12.5,
              0,
              0
            ],
            "0.75": [
              0,
              0,
              0
            ],
            "1.0": [
              -15,
              0,
              0
            ]
          },
          "position": {
            "0.0": [
              0,
              0,
              0
            ],
            "0.5": [
              0,
              0,
              0
            ],
            "0.75": [
              0,
              2,
              0
            ],
            "1.0": [
              0,
              0,
              0
            ]
          }
        },
        "Arm2": {
          "rotation": {
            "0.0": [
              12.5,
              0,
              0
            ],
            "0.25": [
              0,
              0,
              0
            ],
            "0.5": [
              -15,
              0,
              0
            ],
            "1.0": [
              12.5,
              0,
              0
            ]
          },
          "position": {
            "0.0": [
              0,
              0,
              0
            ],
            "0.25": [
              0,
              2,
              0
            ],
            "0.5": [
              0,
              0,
              0
            ]
          }
        },
        "Leg": {
          "rotation": {
            "0.0": [
              -15,
              0,
              0
            ],
            "0.5": [
              25,
              0,
              0
            ],
            "0.75": [
              0,
              0,
              0
            ],
            "1.0": [
              -17.5,
              0,
              0
            ]
          },
          "position": {
            "0.0": [
              0,
              0,
              0
            ],
            "0.5": [
              0,
              0,
              0
            ],
            "0.75": [
              0,
              2,
              0
            ],
            "1.0": [
              0,
              0,
              0
            ]
          }
        },
        "Leg2": {
          "rotation": {
            "0.0": [
              17.5,
              0,
              0
            ],
            "0.25": [
              0,
              0,
              0
            ],
            "0.5": [
              -15,
              0,
              0
            ],
            "1.0": [
              17.5,
              0,
              0
            ]
          },
          "position": {
            "0.0": [
              0,
              0,
              0
            ],
            "0.25": [
              0,
              2,
              0
            ],
            "0.5": [
              0,
              0,
              0
            ]
          }
        }
      }
    },
    "animation.gm_jumbo_josh.general": {
      "loop": true,
      "animation_length": 1,
      "bones": {
        "Boby": {
          "rotation": {
            "0.0": [
              0,
              0,
              2.5
            ],
            "0.5": [
              0,
              0,
              -2.5
            ],
            "1.0": [
              0,
              0,
              2.5
            ]
          }
        },
        "Head": {
          "rotation": {
            "0.0": [
              2.5,
              0,
              2.5
            ],
            "0.25": [
              0,
              0,
              0
            ],
            "0.5": [
              2.5,
              0,
              -2.5
            ],
            "0.75": [
              0.00473,
              0.21782,
              -0.0095
            ],
            "1.0": [
              5.02121,
              0.54363,
              2.46924
            ]
          },
          "position": [
            0,
            0,
            0
          ]
        }
      }
    },
    "animation.gm_jumbo_josh.attack_2": {
      "loop": true,
      "animation_length": 0.41667,
      "bones": {
        "Boby": {
          "rotation": {
            "0.0": [
              0,
              0,
              0
            ],
            "0.125": [
              -22.5,
              0,
              0
            ],
            "0.2917": [
              22.5,
              0,
              0
            ],
            "0.4167": [
              0,
              0,
              0
            ]
          }
        },
        "Arm": {
          "rotation": {
            "0.0": [
              0,
              0,
              0
            ],
            "0.125": [
              -137.5,
              0,
              0
            ],
            "0.2917": [
              -50,
              0,
              0
            ],
            "0.4167": [
              0,
              0,
              0
            ]
          },
          "position": {
            "0.0": [
              0,
              0,
              0
            ],
            "0.125": [
              0,
              0,
              5
            ],
            "0.2917": [
              0,
              -6,
              -5
            ],
            "0.4167": [
              0,
              0,
              0
            ]
          }
        },
        "Arm2": {
          "rotation": {
            "0.0": [
              0,
              0,
              0
            ],
            "0.125": [
              -135,
              0,
              0
            ],
            "0.2917": [
              -52.5,
              0,
              0
            ],
            "0.4167": [
              0,
              0,
              0
            ]
          },
          "position": {
            "0.0": [
              0,
              0,
              0
            ],
            "0.125": [
              0,
              0,
              5
            ],
            "0.2917": [
              0,
              -6,
              -5
            ],
            "0.4167": [
              0,
              0,
              0
            ]
          }
        }
      }
    }
  }
}