{
  "format_version": "1.8.0",
  "animations": {
    "animation.iron_golem.attack": {
      "loop": true,
      "bones": {
        "arm0": {
          "rotation": [
            "-114 + ((1.5 * math.abs(math.mod(variable.attack_animation_tick - query.frame_alpha, 10) - 5) - 2.5) / 5) * 57.3",
            0,
            0
          ]
        },
        "arm1": {
          "rotation": [
            "-114 + ((1.5 * math.abs(math.mod(variable.attack_animation_tick - query.frame_alpha, 10) - 5) - 2.5) / 5) * 57.3",
            0,
            0
          ]
        }
      }
    },
    "animation.gm_opila_bird.flower": {
      "loop": true,
      "bones": {
        "arm0": {
          "rotation": [
            "-45.8 + ((0.25 * math.abs(math.mod(variable.offer_flower_tick, 70) - 35) - 17.5) / 35)",
            0,
            0
          ]
        }
      }
    },
    "animation.iron_golem.move": {
      "loop": true,
      "bones": {
        "arm0": {
          "rotation": [
            "-variable.modified_tcos0 * 2.0",
            0,
            0
          ]
        },
        "arm1": {
          "rotation": [
            "variable.modified_tcos0 * 2.0",
            0,
            0
          ]
        }
      }
    },
    "animation.iron_golem.move_to_target": {
      "loop": true,
      "bones": {
        "arm0": {
          "rotation": [
            "((math.abs(math.mod(query.modified_distance_moved, 13) - 6.5) - 3.25) / 2.25) * 30.0",
            0,
            0
          ]
        },
        "arm1": {
          "rotation": [
            "((math.abs(math.mod(query.modified_distance_moved, 13) - 6.5) - 3.25) / 2.25) * -30.0",
            0,
            0
          ]
        }
      }
    },
    "animation.iron_golem.walk": {
      "loop": true,
      "bones": {
        "body": {
          "rotation": [
            0,
            0,
            "variable.modified_tcos0 / 1.5"
          ]
        },
        "head": {
          "rotation": [
            0,
            0,
            "variable.modified_tcos0 / 1.5"
          ]
        },
        "leg0": {
          "rotation": [
            "variable.modified_tcos0 * 6.0",
            0,
            0
          ]
        },
        "leg1": {
          "rotation": [
            "-variable.modified_tcos0 * 6.0",
            0,
            0
          ]
        }
      }
    },
    "animation.iron_golem.walk_to_target": {
      "loop": true,
      "bones": {
        "body": {
          "rotation": [
            0,
            0,
            "2.0 * (math.abs(math.mod(query.modified_distance_moved + 6, 13.0) - 6.5) - 3.25)"
          ]
        },
        "head": {
          "rotation": [
            0,
            0,
            "2.0 * (math.abs(math.mod(query.modified_distance_moved + 6, 13.0) - 6.5) - 3.25)"
          ]
        },
        "leg0": {
          "rotation": [
            "(math.cos(query.modified_distance_moved * 38.17) * 40.0)",
            0,
            0
          ]
        },
        "leg1": {
          "rotation": [
            "(math.cos(query.modified_distance_moved * 38.17 + 180) * 40.0)",
            0,
            0
          ]
        }
      }
    },
    "animation.model.pose": {
      "loop": true,
      "animation_length": 0.16667,
      "bones": {
        "Boby": {
          "rotation": [
            0,
            -17.5,
            0
          ]
        },
        "Bob": {
          "rotation": [
            6.55403,
            -42.02774,
            -9.5042
          ]
        },
        "Head": {
          "rotation": [
            -7.26086,
            -24.55469,
            15.74655
          ]
        },
        "bone3": {
          "rotation": [
            0,
            0,
            37.5
          ]
        },
        "bone4": {
          "rotation": [
            0,
            0,
            -40
          ]
        },
        "Leg": {
          "rotation": [
            0,
            -50,
            0
          ],
          "position": [
            0,
            0,
            2
          ]
        },
        "Leg2": {
          "rotation": [
            0,
            27.5,
            0
          ],
          "position": [
            0,
            0,
            -2
          ]
        }
      }
    },
    "animation.gm_opila_bird.move_1": {
      "loop": true,
      "animation_length": 1,
      "bones": {
        "Boby": {
          "rotation": {
            "0.0": [
              2.5,
              0,
              0
            ],
            "0.25": [
              0,
              0,
              0
            ],
            "0.5": [
              2.5,
              0,
              0
            ],
            "0.75": [
              0,
              0,
              0
            ],
            "1.0": [
              2.5,
              0,
              0
            ]
          }
        },
        "Bob": {
          "rotation": {
            "0.0": [
              5,
              0,
              0
            ],
            "0.25": [
              0,
              0,
              0
            ],
            "0.5": [
              5,
              0,
              0
            ],
            "0.75": [
              0,
              0,
              0
            ],
            "1.0": [
              5,
              0,
              0
            ]
          }
        },
        "Leg": {
          "rotation": {
            "0.0": [
              -27.5,
              0,
              0
            ],
            "0.5": [
              35,
              0,
              0
            ],
            "0.75": [
              0,
              0,
              0
            ],
            "1.0": [
              -27.5,
              0,
              0
            ]
          },
          "position": {
            "0.5": [
              0,
              0,
              0
            ],
            "0.75": [
              0,
              2,
              0
            ],
            "1.0": [
              0,
              0,
              0
            ]
          }
        },
        "Leg2": {
          "rotation": {
            "0.0": [
              35,
              0,
              0
            ],
            "0.25": [
              0,
              0,
              0
            ],
            "0.5": [
              -25,
              0,
              0
            ],
            "1.0": [
              32.5,
              0,
              0
            ]
          },
          "position": {
            "0.0": [
              0,
              0,
              0
            ],
            "0.25": [
              0,
              2,
              0
            ],
            "0.5": [
              0,
              0,
              0
            ]
          }
        },
        "bone3": {
          "rotation": {
            "0.0": [
              0,
              0,
              60
            ],
            "0.5": [
              0,
              0,
              0
            ],
            "1.0": [
              0,
              0,
              55
            ]
          }
        },
        "bone4": {
          "rotation": {
            "0.0": [
              0,
              0,
              -52.5
            ],
            "0.5": [
              -2.13457,
              0.60532,
              3.08433
            ],
            "1.0": [
              -1.45122,
              -1.67844,
              -61.88313
            ]
          }
        }
      }
    },
    "animation.gm_opila_bird.general": {
      "loop": true,
      "animation_length": 1,
      "bones": {
        "Bob": {
          "rotation": {
            "0.0": [
              0,
              0,
              2.5
            ],
            "0.5": [
              0,
              0,
              -2.5
            ],
            "1.0": [
              0,
              0,
              2.5
            ]
          },
          "position": {
            "0.0": [
              0,
              -2,
              0
            ],
            "0.5": [
              0,
              -1,
              0
            ],
            "1.0": [
              0,
              -2,
              0
            ]
          }
        },
        "Boby": {
          "rotation": {
            "0.0": [
              2.49762,
              -0.10901,
              2.49762
            ],
            "0.5": [
              0,
              0,
              -2.5
            ],
            "1.0": [
              2.49762,
              -0.10901,
              2.49762
            ]
          }
        }
      }
    },
    "animation.gm_opila_bird.attack_2": {
      "loop": true,
      "animation_length": 0.41667,
      "bones": {
        "Boby": {
          "rotation": {
            "0.0": [
              0,
              0,
              0
            ],
            "0.125": [
              -15,
              0,
              0
            ],
            "0.2917": [
              42.5,
              0,
              0
            ],
            "0.4167": [
              2.5,
              0,
              0
            ]
          }
        },
        "Bob": {
          "rotation": {
            "0.0": [
              0,
              0,
              0
            ],
            "0.125": [
              -30,
              0,
              0
            ],
            "0.2917": [
              15,
              0,
              0
            ],
            "0.4167": [
              0,
              0,
              0
            ]
          }
        },
        "bone": {
          "rotation": {
            "0.0": [
              0,
              0,
              0
            ],
            "0.125": [
              -42.5,
              0,
              0
            ],
            "0.2917": [
              -42.5,
              0,
              0
            ],
            "0.4167": [
              0,
              0,
              0
            ]
          }
        },
        "bone2": {
          "rotation": {
            "0.0": [
              0,
              0,
              0
            ],
            "0.125": [
              32.5,
              0,
              0
            ],
            "0.2917": [
              32.5,
              0,
              0
            ],
            "0.4167": [
              -2.5,
              0,
              0
            ]
          }
        }
      }
    }
  }
}