{
  "format_version": "1.8.0",
  "animations": {
    "animation.iron_golem.attack": {
      "loop": true,
      "bones": {
        "arm0": {
          "rotation": [
            "-114 + ((1.5 * math.abs(math.mod(variable.attack_animation_tick - query.frame_alpha, 10) - 5) - 2.5) / 5) * 57.3",
            0,
            0
          ]
        },
        "arm1": {
          "rotation": [
            "-114 + ((1.5 * math.abs(math.mod(variable.attack_animation_tick - query.frame_alpha, 10) - 5) - 2.5) / 5) * 57.3",
            0,
            0
          ]
        }
      }
    },
    "animation.gm_queen_bounselia.flower": {
      "loop": true,
      "bones": {
        "arm0": {
          "rotation": [
            "-45.8 + ((0.25 * math.abs(math.mod(variable.offer_flower_tick, 70) - 35) - 17.5) / 35)",
            0,
            0
          ]
        }
      }
    },
    "animation.iron_golem.move": {
      "loop": true,
      "bones": {
        "arm0": {
          "rotation": [
            "-variable.modified_tcos0 * 2.0",
            0,
            0
          ]
        },
        "arm1": {
          "rotation": [
            "variable.modified_tcos0 * 2.0",
            0,
            0
          ]
        }
      }
    },
    "animation.iron_golem.move_to_target": {
      "loop": true,
      "bones": {
        "arm0": {
          "rotation": [
            "((math.abs(math.mod(query.modified_distance_moved, 13) - 6.5) - 3.25) / 2.25) * 30.0",
            0,
            0
          ]
        },
        "arm1": {
          "rotation": [
            "((math.abs(math.mod(query.modified_distance_moved, 13) - 6.5) - 3.25) / 2.25) * -30.0",
            0,
            0
          ]
        }
      }
    },
    "animation.iron_golem.walk": {
      "loop": true,
      "bones": {
        "body": {
          "rotation": [
            0,
            0,
            "variable.modified_tcos0 / 1.5"
          ]
        },
        "head": {
          "rotation": [
            0,
            0,
            "variable.modified_tcos0 / 1.5"
          ]
        },
        "leg0": {
          "rotation": [
            "variable.modified_tcos0 * 6.0",
            0,
            0
          ]
        },
        "leg1": {
          "rotation": [
            "-variable.modified_tcos0 * 6.0",
            0,
            0
          ]
        }
      }
    },
    "animation.iron_golem.walk_to_target": {
      "loop": true,
      "bones": {
        "body": {
          "rotation": [
            0,
            0,
            "2.0 * (math.abs(math.mod(query.modified_distance_moved + 6, 13.0) - 6.5) - 3.25)"
          ]
        },
        "head": {
          "rotation": [
            0,
            0,
            "2.0 * (math.abs(math.mod(query.modified_distance_moved + 6, 13.0) - 6.5) - 3.25)"
          ]
        },
        "leg0": {
          "rotation": [
            "(math.cos(query.modified_distance_moved * 38.17) * 40.0)",
            0,
            0
          ]
        },
        "leg1": {
          "rotation": [
            "(math.cos(query.modified_distance_moved * 38.17 + 180) * 40.0)",
            0,
            0
          ]
        }
      }
    },
    "animation.model.pose": {
      "loop": true,
      "animation_length": 0.45833,
      "bones": {
        "bone": {
          "rotation": [
            0,
            0,
            22.5
          ]
        },
        "bone2": {
          "rotation": [
            0,
            0,
            35
          ]
        },
        "bone3": {
          "rotation": [
            -17.5,
            0,
            0
          ]
        },
        "Head": {
          "rotation": [
            30,
            12.5,
            0
          ]
        },
        "bone4": {
          "rotation": [
            -15,
            0,
            0
          ]
        },
        "bone5": {
          "rotation": [
            12.5,
            0,
            0
          ]
        },
        "Arm": {
          "rotation": [
            9.76837,
            -6.13784,
            4.31837
          ]
        },
        "Arm2": {
          "rotation": [
            0,
            -12.5,
            0
          ]
        },
        "Leg": {
          "rotation": [
            0,
            25,
            0
          ]
        },
        "Leg2": {
          "rotation": [
            0,
            0,
            -12.5
          ]
        }
      }
    },
    "animation.gm_queen_bounselia.move_1": {
      "loop": true,
      "animation_length": 1,
      "bones": {
        "Boby": {
          "rotation": {
            "0.0": [
              3.18718,
              8.80348,
              8.90928
            ],
            "0.25": [
              0,
              0,
              0
            ],
            "0.5": [
              3.85707,
              -12.27659,
              -12.56853
            ],
            "0.75": [
              0,
              0,
              0
            ],
            "1.0": [
              3.49297,
              10.54529,
              10.72858
            ]
          }
        },
        "bone": {
          "rotation": {
            "0.0": [
              0,
              0,
              -15
            ],
            "0.5": [
              0,
              0,
              15
            ],
            "1.0": [
              0,
              0,
              -7.5
            ]
          }
        },
        "bone2": {
          "rotation": {
            "0.0": [
              0,
              0,
              -25
            ],
            "0.5": [
              0,
              0,
              25
            ],
            "1.0": [
              0,
              0,
              -25
            ]
          }
        },
        "bone3": {
          "rotation": {
            "0.0": [
              15,
              0,
              0
            ],
            "0.5": [
              -5,
              0,
              0
            ],
            "1.0": [
              15,
              0,
              0
            ]
          }
        },
        "Arm": {
          "rotation": {
            "0.0": [
              -33.99068,
              -2.63744,
              -1.36785
            ],
            "0.5": [
              -5,
              0,
              0
            ],
            "1.0": [
              -32.5,
              0,
              0
            ]
          }
        },
        "Arm2": {
          "rotation": {
            "0.0": [
              0,
              0,
              0
            ],
            "0.5": [
              -30,
              0,
              0
            ],
            "1.0": [
              5,
              0,
              0
            ]
          }
        },
        "Leg": {
          "rotation": {
            "0.0": [
              32.5,
              0,
              0
            ],
            "0.25": [
              0,
              0,
              0
            ],
            "0.5": [
              -30,
              0,
              0
            ],
            "1.0": [
              27.5,
              0,
              0
            ]
          },
          "position": {
            "0.0": [
              0,
              0,
              0
            ],
            "0.25": [
              0,
              2,
              0
            ],
            "0.5": [
              0,
              0,
              0
            ]
          }
        },
        "Leg2": {
          "rotation": {
            "0.0": [
              -27.5,
              0,
              0
            ],
            "0.5": [
              32.5,
              0,
              0
            ],
            "0.75": [
              0,
              0,
              0
            ],
            "1.0": [
              -27.5,
              0,
              0
            ]
          },
          "position": {
            "0.0": [
              0,
              0,
              0
            ],
            "0.5": [
              0,
              0,
              0
            ],
            "0.75": [
              0,
              2,
              0
            ],
            "1.0": [
              0,
              0,
              0
            ]
          }
        }
      }
    },
    "animation.gm_queen_bounselia.general": {
      "loop": true,
      "animation_length": 1,
      "bones": {
        "bone3": {
          "rotation": {
            "0.0": [
              2.5,
              0,
              0
            ],
            "0.5": [
              0,
              0,
              0
            ],
            "1.0": [
              2.5,
              0,
              0
            ]
          }
        },
        "Arm": {
          "rotation": {
            "0.0": [
              0,
              2.5,
              0
            ],
            "0.5": [
              0,
              0,
              0
            ],
            "1.0": [
              0,
              2.5,
              0
            ]
          }
        },
        "Arm2": {
          "rotation": {
            "0.0": [
              0,
              -2.5,
              0
            ],
            "0.5": [
              0,
              0,
              0
            ],
            "1.0": [
              0,
              -2.5,
              0
            ]
          }
        }
      }
    },
    "animation.gm_queen_bounselia.attack_2": {
      "loop": true,
      "animation_length": 0.45833,
      "bones": {
        "Boby": {
          "rotation": {
            "0.0": [
              0,
              0,
              0
            ],
            "0.1667": [
              -12.5,
              0,
              0
            ],
            "0.2917": [
              17.5,
              0,
              0
            ],
            "0.4583": [
              2.5,
              0,
              0
            ]
          }
        },
        "bone4": {
          "relative_to": {
            "rotation": "entity"
          },
          "rotation": {
            "0.0": [
              0,
              0,
              0.01
            ],
            "0.1667": [
              -15,
              0,
              0
            ],
            "0.2917": [
              -15,
              0,
              0
            ],
            "0.4583": [
              2.5,
              0,
              0
            ]
          }
        },
        "bone5": {
          "relative_to": {
            "rotation": "entity"
          },
          "rotation": {
            "0.0": [
              0,
              0,
              0.01
            ],
            "0.1667": [
              22.5,
              0,
              0
            ],
            "0.2917": [
              22.5,
              0,
              0
            ],
            "0.4583": [
              5,
              0,
              0
            ]
          }
        },
        "Arm": {
          "rotation": {
            "0.0": [
              0,
              0,
              0
            ],
            "0.1667": [
              -115,
              0,
              0
            ],
            "0.2917": [
              17.5,
              0,
              0
            ],
            "0.4583": [
              -7.5,
              0,
              0
            ]
          }
        }
      }
    },
    "animation.gm_queen_bounselia.run": {
      "loop": true,
      "animation_length": 0.91667,
      "bones": {
        "Boby": {
          "rotation": {
            "0.0": [
              0,
              0,
              0
            ],
            "0.2083": [
              -7.5,
              0,
              0
            ],
            "0.4583": [
              15,
              0,
              0
            ],
            "0.7083": [
              5,
              0,
              0
            ]
          },
          "position": {
            "0.0": [
              0,
              0,
              0
            ],
            "0.2083": [
              0,
              10,
              0
            ],
            "0.4583": [
              0,
              10,
              -12
            ],
            "0.7083": [
              0,
              1,
              -12
            ],
            "0.9167": [
              0,
              1,
              0
            ]
          }
        },
        "bone": {
          "rotation": {
            "0.0": [
              0,
              0,
              0
            ],
            "0.2083": [
              60,
              0,
              0
            ],
            "0.4583": [
              30,
              0,
              0
            ],
            "0.7083": [
              10,
              0,
              0
            ],
            "0.9167": [
              -4.97855,
              0.31168,
              -0.10522
            ]
          }
        },
        "bone2": {
          "rotation": {
            "0.0": [
              0,
              0,
              0
            ],
            "0.2083": [
              42.5,
              0,
              0
            ],
            "0.4583": [
              25,
              0,
              0
            ],
            "0.7083": [
              0,
              0,
              0
            ],
            "0.9167": [
              0,
              0,
              0
            ]
          }
        },
        "Leg": {
          "rotation": {
            "0.0": [
              0,
              0,
              0
            ],
            "0.2083": [
              -5,
              0,
              0
            ],
            "0.4583": [
              -32.5,
              0,
              0
            ],
            "0.7083": [
              20,
              0,
              0
            ],
            "0.9167": [
              0,
              0,
              0
            ]
          },
          "position": {
            "0.0": [
              0,
              0,
              0
            ],
            "0.2083": [
              0,
              9,
              0
            ],
            "0.4583": [
              0,
              9,
              -12
            ],
            "0.7083": [
              0,
              0,
              -12
            ],
            "0.9167": [
              0,
              0,
              0
            ]
          }
        },
        "Leg2": {
          "rotation": {
            "0.0": [
              0,
              0,
              0
            ],
            "0.2083": [
              -12.5,
              0,
              0
            ],
            "0.4583": [
              -35,
              0,
              0
            ],
            "0.7083": [
              20,
              0,
              0
            ],
            "0.9167": [
              0,
              0,
              0
            ]
          },
          "position": {
            "0.0": [
              0,
              0,
              0
            ],
            "0.2083": [
              0,
              9,
              0
            ],
            "0.4583": [
              0,
              9,
              -12
            ],
            "0.7083": [
              0,
              0,
              -12
            ],
            "0.9167": [
              0,
              0,
              0
            ]
          }
        }
      }
    }
  }
}