{
  "format_version": "1.8.0",
  "animations": {
    "animation.iron_golem.attack": {
      "loop": true,
      "bones": {
        "arm0": {
          "rotation": [
            "-114 + ((1.5 * math.abs(math.mod(variable.attack_animation_tick - query.frame_alpha, 10) - 5) - 2.5) / 5) * 57.3",
            0,
            0
          ]
        },
        "arm1": {
          "rotation": [
            "-114 + ((1.5 * math.abs(math.mod(variable.attack_animation_tick - query.frame_alpha, 10) - 5) - 2.5) / 5) * 57.3",
            0,
            0
          ]
        }
      }
    },
    "animation.gm_slow_seline.flower": {
      "loop": true,
      "bones": {
        "arm0": {
          "rotation": [
            "-45.8 + ((0.25 * math.abs(math.mod(variable.offer_flower_tick, 70) - 35) - 17.5) / 35)",
            0,
            0
          ]
        }
      }
    },
    "animation.iron_golem.move": {
      "loop": true,
      "bones": {
        "arm0": {
          "rotation": [
            "-variable.modified_tcos0 * 2.0",
            0,
            0
          ]
        },
        "arm1": {
          "rotation": [
            "variable.modified_tcos0 * 2.0",
            0,
            0
          ]
        }
      }
    },
    "animation.iron_golem.move_to_target": {
      "loop": true,
      "bones": {
        "arm0": {
          "rotation": [
            "((math.abs(math.mod(query.modified_distance_moved, 13) - 6.5) - 3.25) / 2.25) * 30.0",
            0,
            0
          ]
        },
        "arm1": {
          "rotation": [
            "((math.abs(math.mod(query.modified_distance_moved, 13) - 6.5) - 3.25) / 2.25) * -30.0",
            0,
            0
          ]
        }
      }
    },
    "animation.iron_golem.walk": {
      "loop": true,
      "bones": {
        "body": {
          "rotation": [
            0,
            0,
            "variable.modified_tcos0 / 1.5"
          ]
        },
        "head": {
          "rotation": [
            0,
            0,
            "variable.modified_tcos0 / 1.5"
          ]
        },
        "leg0": {
          "rotation": [
            "variable.modified_tcos0 * 6.0",
            0,
            0
          ]
        },
        "leg1": {
          "rotation": [
            "-variable.modified_tcos0 * 6.0",
            0,
            0
          ]
        }
      }
    },
    "animation.iron_golem.walk_to_target": {
      "loop": true,
      "bones": {
        "body": {
          "rotation": [
            0,
            0,
            "2.0 * (math.abs(math.mod(query.modified_distance_moved + 6, 13.0) - 6.5) - 3.25)"
          ]
        },
        "head": {
          "rotation": [
            0,
            0,
            "2.0 * (math.abs(math.mod(query.modified_distance_moved + 6, 13.0) - 6.5) - 3.25)"
          ]
        },
        "leg0": {
          "rotation": [
            "(math.cos(query.modified_distance_moved * 38.17) * 40.0)",
            0,
            0
          ]
        },
        "leg1": {
          "rotation": [
            "(math.cos(query.modified_distance_moved * 38.17 + 180) * 40.0)",
            0,
            0
          ]
        }
      }
    },
    "animation.model.pose": {
      "loop": true,
      "bones": {
        "bone2": {
          "rotation": [
            0,
            -20,
            0
          ]
        },
        "bone3": {
          "rotation": [
            0,
            -32.5,
            0
          ]
        },
        "bone4": {
          "rotation": [
            8.49878,
            28.87909,
            17.19212
          ]
        },
        "bone5": {
          "rotation": [
            0,
            20,
            -15
          ]
        },
        "Head": {
          "rotation": [
            0,
            0,
            -12.5
          ]
        },
        "bone6": {
          "rotation": [
            22.5,
            0,
            -7.5
          ]
        },
        "bone7": {
          "rotation": [
            -12.5,
            0,
            20
          ]
        }
      }
    },
    "animation.gm_slow_seline.move_1": {
      "loop": true,
      "animation_length": 1,
      "bones": {
        "bone": {
          "position": {
            "0.0": [
              0,
              0,
              0
            ],
            "0.5": [
              0,
              0,
              -1
            ],
            "1.0": [
              0,
              0,
              0
            ]
          }
        },
        "bone2": {
          "position": {
            "0.0": [
              0,
              0,
              0
            ],
            "0.5": [
              0,
              0,
              -2
            ],
            "1.0": [
              0,
              0,
              0
            ]
          }
        },
        "bone3": {
          "rotation": [
            0,
            0,
            0
          ],
          "position": {
            "0.0": [
              0,
              0,
              0
            ],
            "0.5": [
              0,
              0,
              -2
            ],
            "1.0": [
              0,
              0,
              0
            ]
          }
        },
        "bone4": {
          "rotation": {
            "0.0": [
              0,
              0,
              0
            ],
            "0.5": [
              5,
              0,
              0
            ],
            "1.0": [
              0,
              0,
              0
            ]
          }
        },
        "bone5": {
          "rotation": {
            "0.0": [
              0,
              0,
              0
            ],
            "0.5": [
              12.5,
              0,
              0
            ],
            "1.0": [
              0,
              0,
              0
            ]
          }
        },
        "Head": {
          "rotation": {
            "0.0": [
              0,
              0,
              0
            ],
            "0.5": [
              15,
              0,
              0
            ],
            "1.0": [
              0,
              0,
              0
            ]
          }
        },
        "bone6": {
          "rotation": {
            "0.0": [
              0,
              0,
              0
            ],
            "0.5": [
              0,
              0,
              -5
            ],
            "1.0": [
              0,
              0,
              0
            ]
          }
        },
        "bone7": {
          "rotation": {
            "0.0": [
              0,
              0,
              0
            ],
            "0.5": [
              0,
              0,
              5
            ],
            "1.0": [
              0,
              0,
              0
            ]
          }
        }
      }
    },
    "animation.gm_slow_seline.general": {
      "loop": true,
      "animation_length": 1,
      "bones": {
        "bone5": {
          "rotation": {
            "0.0": [
              0,
              0,
              2.5
            ],
            "0.5": [
              0,
              0,
              -2.5
            ],
            "1.0": [
              0,
              0,
              2.5
            ]
          }
        },
        "Head": {
          "rotation": {
            "0.0": [
              0,
              0,
              2.5
            ],
            "0.5": [
              0,
              0,
              -2.5
            ],
            "1.0": [
              0,
              0,
              2.5
            ]
          }
        },
        "bone6": {
          "rotation": {
            "0.0": [
              0,
              0,
              0
            ],
            "0.5": [
              0,
              0,
              -5
            ],
            "1.0": [
              0,
              0,
              0
            ]
          }
        },
        "bone7": {
          "rotation": {
            "0.0": [
              0,
              0,
              5
            ],
            "0.5": [
              0,
              0,
              0
            ],
            "1.0": [
              0,
              0,
              5
            ]
          }
        }
      }
    },
    "animation.gm_slow_seline.attack_2": {
      "loop": true,
      "animation_length": 0.54167,
      "bones": {
        "bone": {
          "position": {
            "0.0": [
              0,
              0,
              0
            ],
            "0.125": [
              0,
              0,
              15
            ],
            "0.2917": [
              0,
              0,
              -26
            ],
            "0.4167": [
              0,
              0,
              1
            ]
          }
        },
        "bone4": {
          "rotation": {
            "0.0": [
              0,
              0,
              0
            ],
            "0.125": [
              -10,
              0,
              0
            ],
            "0.2917": [
              87.5,
              0,
              0
            ],
            "0.4167": [
              -15,
              0,
              0
            ],
            "0.5417": [
              0,
              0,
              0
            ]
          }
        },
        "Head": {
          "rotation": {
            "0.0": [
              0,
              0,
              0
            ],
            "0.125": [
              -27.5,
              0,
              0
            ],
            "0.2917": [
              0,
              0,
              0
            ],
            "0.4167": [
              -30,
              0,
              0
            ],
            "0.5417": [
              0,
              0,
              0
            ]
          }
        }
      }
    }
  }
}