{
  "format_version": "1.8.0",
  "animations": {
    "animation.iron_golem.attack": {
      "loop": true,
      "bones": {
        "arm0": {
          "rotation": [
            "-114 + ((1.5 * math.abs(math.mod(variable.attack_animation_tick - query.frame_alpha, 10) - 5) - 2.5) / 5) * 57.3",
            0,
            0
          ]
        },
        "arm1": {
          "rotation": [
            "-114 + ((1.5 * math.abs(math.mod(variable.attack_animation_tick - query.frame_alpha, 10) - 5) - 2.5) / 5) * 57.3",
            0,
            0
          ]
        }
      }
    },
    "animation.gm_tamataki_chamataki.flower": {
      "loop": true,
      "bones": {
        "arm0": {
          "rotation": [
            "-45.8 + ((0.25 * math.abs(math.mod(variable.offer_flower_tick, 70) - 35) - 17.5) / 35)",
            0,
            0
          ]
        }
      }
    },
    "animation.iron_golem.move": {
      "loop": true,
      "bones": {
        "arm0": {
          "rotation": [
            "-variable.modified_tcos0 * 2.0",
            0,
            0
          ]
        },
        "arm1": {
          "rotation": [
            "variable.modified_tcos0 * 2.0",
            0,
            0
          ]
        }
      }
    },
    "animation.iron_golem.move_to_target": {
      "loop": true,
      "bones": {
        "arm0": {
          "rotation": [
            "((math.abs(math.mod(query.modified_distance_moved, 13) - 6.5) - 3.25) / 2.25) * 30.0",
            0,
            0
          ]
        },
        "arm1": {
          "rotation": [
            "((math.abs(math.mod(query.modified_distance_moved, 13) - 6.5) - 3.25) / 2.25) * -30.0",
            0,
            0
          ]
        }
      }
    },
    "animation.iron_golem.walk": {
      "loop": true,
      "bones": {
        "body": {
          "rotation": [
            0,
            0,
            "variable.modified_tcos0 / 1.5"
          ]
        },
        "head": {
          "rotation": [
            0,
            0,
            "variable.modified_tcos0 / 1.5"
          ]
        },
        "leg0": {
          "rotation": [
            "variable.modified_tcos0 * 6.0",
            0,
            0
          ]
        },
        "leg1": {
          "rotation": [
            "-variable.modified_tcos0 * 6.0",
            0,
            0
          ]
        }
      }
    },
    "animation.iron_golem.walk_to_target": {
      "loop": true,
      "bones": {
        "body": {
          "rotation": [
            0,
            0,
            "2.0 * (math.abs(math.mod(query.modified_distance_moved + 6, 13.0) - 6.5) - 3.25)"
          ]
        },
        "head": {
          "rotation": [
            0,
            0,
            "2.0 * (math.abs(math.mod(query.modified_distance_moved + 6, 13.0) - 6.5) - 3.25)"
          ]
        },
        "leg0": {
          "rotation": [
            "(math.cos(query.modified_distance_moved * 38.17) * 40.0)",
            0,
            0
          ]
        },
        "leg1": {
          "rotation": [
            "(math.cos(query.modified_distance_moved * 38.17 + 180) * 40.0)",
            0,
            0
          ]
        }
      }
    },
    "animation.model.pose": {
      "loop": true,
      "animation_length": 0.16667,
      "bones": {
        "Boby": {
          "rotation": [
            0,
            0,
            -5
          ]
        },
        "bone": {
          "rotation": [
            -21.83182,
            -36.77375,
            -0.45805
          ]
        },
        "Hed": {
          "rotation": [
            10,
            22.5,
            0
          ]
        },
        "bone4": {
          "rotation": [
            8.9861,
            -5.62925,
            -13.43497
          ]
        },
        "Hed2": {
          "rotation": [
            -10,
            0,
            15
          ]
        },
        "bone5": {
          "rotation": [
            22.5,
            -12.5,
            0
          ]
        },
        "bone6": {
          "rotation": [
            -30,
            0,
            0
          ]
        },
        "Leg": {
          "rotation": [
            4.83005,
            -1.23832,
            12.07234
          ]
        },
        "Leg2": {
          "rotation": [
            -10,
            0,
            5
          ]
        },
        "Leg3": {
          "rotation": [
            -15,
            0,
            -20
          ],
          "position": [
            0,
            2,
            0
          ]
        },
        "Leg4": {
          "rotation": [
            17.5,
            0,
            -20
          ],
          "position": [
            0,
            2,
            0
          ]
        }
      }
    },
    "animation.gm_tamataki_chamataki.move_1": {
      "loop": true,
      "animation_length": 1,
      "bones": {
        "Boby": {
          "rotation": {
            "0.0": [
              2.50238,
              2.49762,
              0.10912
            ],
            "0.25": [
              0,
              0,
              0
            ],
            "0.5": [
              2.50238,
              -2.49762,
              -0.10912
            ],
            "0.75": [
              0,
              0,
              0
            ],
            "1.0": [
              2.50238,
              2.49762,
              0.10912
            ]
          }
        },
        "bone": {
          "rotation": {
            "0.0": [
              0,
              22.5,
              0
            ],
            "0.5": [
              0,
              -27.5,
              0
            ],
            "1.0": [
              0,
              20,
              0
            ]
          }
        },
        "bone4": {
          "rotation": {
            "0.0": [
              -15,
              0,
              0
            ],
            "0.5": [
              2.5,
              0,
              0
            ],
            "1.0": [
              -17.5,
              0,
              0
            ]
          }
        },
        "bone5": {
          "rotation": {
            "0.0": [
              5,
              0,
              0
            ],
            "0.5": [
              -5,
              0,
              0
            ],
            "1.0": [
              10,
              0,
              0
            ]
          }
        },
        "bone6": {
          "rotation": {
            "0.0": [
              -22.5,
              0,
              0
            ],
            "0.5": [
              0,
              0,
              0
            ],
            "1.0": [
              -27.5,
              0,
              0
            ]
          }
        },
        "Leg": {
          "rotation": {
            "0.0": [
              -35,
              0,
              0
            ],
            "0.5": [
              32.5,
              0,
              0
            ],
            "0.75": [
              0.66153,
              0.57919,
              1.14837
            ],
            "1.0": [
              -36.83847,
              0.57919,
              1.14837
            ]
          },
          "position": {
            "0.5": [
              0,
              0,
              0
            ],
            "0.75": [
              0,
              2,
              0
            ],
            "1.0": [
              0,
              0,
              0
            ]
          }
        },
        "Leg2": {
          "rotation": {
            "0.0": [
              27.5,
              0,
              0
            ],
            "0.25": [
              0,
              0,
              0
            ],
            "0.5": [
              -27.5,
              0,
              0
            ],
            "1.0": [
              27.5,
              0,
              0
            ]
          },
          "position": {
            "0.0": [
              0,
              0,
              0
            ],
            "0.25": [
              0,
              2,
              0
            ],
            "0.5": [
              0,
              0,
              0
            ]
          }
        },
        "Leg3": {
          "rotation": {
            "0.0": [
              -32.5,
              0,
              0
            ],
            "0.5": [
              32.5,
              0,
              0
            ],
            "0.75": [
              0,
              0,
              0
            ],
            "1.0": [
              -32.5,
              0,
              0
            ]
          },
          "position": {
            "0.0": [
              0,
              0,
              0
            ],
            "0.5": [
              0,
              0,
              0
            ],
            "0.75": [
              0,
              2,
              0
            ],
            "1.0": [
              0,
              0,
              0
            ]
          }
        },
        "Leg4": {
          "rotation": {
            "0.0": [
              32.5,
              0,
              0
            ],
            "0.25": [
              0,
              0,
              0
            ],
            "0.5": [
              -32.5,
              0,
              0
            ],
            "1.0": [
              25,
              0,
              0
            ]
          },
          "position": {
            "0.0": [
              0,
              0,
              0
            ],
            "0.25": [
              0,
              2,
              0
            ],
            "0.5": [
              0,
              0,
              0
            ]
          }
        }
      }
    },
    "animation.gm_tamataki_chamataki.general": {
      "loop": true,
      "animation_length": 1,
      "bones": {
        "bone": {
          "rotation": {
            "0.0": [
              -2.5,
              0,
              0
            ],
            "0.5": [
              0,
              0,
              0
            ],
            "1.0": [
              -2.5,
              0,
              0
            ]
          }
        },
        "bone4": {
          "rotation": {
            "0.0": [
              0,
              0,
              -2.5
            ],
            "0.5": [
              0,
              0,
              0
            ],
            "1.0": [
              0,
              0,
              -2.5
            ]
          }
        },
        "bone5": {
          "rotation": {
            "0.0": [
              0,
              0,
              2.5
            ],
            "0.5": [
              0,
              0,
              0
            ],
            "1.0": [
              0,
              0,
              2.5
            ]
          }
        },
        "bone6": {
          "rotation": {
            "0.0": [
              -2.5,
              0,
              0
            ],
            "0.5": [
              0,
              0,
              0
            ],
            "1.0": [
              -2.5,
              0,
              0
            ]
          }
        }
      }
    },
    "animation.gm_tamataki_chamataki.attack_2": {
      "loop": true,
      "animation_length": 0.41667,
      "bones": {
        "bone4": {
          "rotation": {
            "0.0": [
              0,
              0,
              -2.5
            ],
            "0.2083": [
              0,
              0,
              2.5
            ],
            "0.4167": [
              0,
              0,
              -2.5
            ]
          }
        },
        "Hed2": {
          "rotation": {
            "0.0": [
              0,
              0,
              0
            ],
            "0.0833": [
              -40,
              0,
              0
            ],
            "0.2083": [
              35,
              0,
              0
            ],
            "0.2917": [
              0,
              0,
              0
            ]
          }
        },
        "bone5": {
          "rotation": {
            "0.0": [
              0,
              0,
              0
            ],
            "0.0833": [
              -25,
              0,
              0
            ],
            "0.2083": [
              17.5,
              0,
              0
            ],
            "0.2917": [
              0,
              0,
              0
            ]
          }
        },
        "bone6": {
          "rotation": {
            "0.0": [
              0,
              0,
              0
            ],
            "0.0833": [
              5,
              0,
              0
            ],
            "0.2083": [
              -62.5,
              0,
              0
            ],
            "0.2917": [
              0,
              0,
              0
            ]
          }
        }
      }
    }
  }
}