{
  "resource_pack_name": "vanilla",
  "texture_name": "atlas.items",
  "texture_data": {
    "egg_camel": {
      "textures": "textures/items/egg_camel"
    },
    "egg_lion": {
      "textures": "textures/items/egg_lion"
    },
    "egg_penguin": {
      "textures": "textures/items/egg_penguin"
    },
    "egg_tiger": {
      "textures": "textures/items/egg_tiger"
    },
    "egg_elephant": {
      "textures": "textures/items/egg_elephant"
    },
    "egg_deer": {
      "textures": "textures/items/egg_deer"
    },
    "egg_panther": {
      "textures": "textures/items/egg_panther"
    },
    "egg_frog": {
      "textures": "textures/items/egg_frog"
    },
    "egg_crocodile": {
      "textures": "textures/items/egg_crocodile"
    },
    "egg_mouse": {
      "textures": "textures/items/egg_mouse"
    },
    "gallardo": {
      "textures": "textures/items/gallardo"
    },
    "bench": {
      "textures": "textures/items/bench"
    },
    "christmas_tree": {
      "textures": "textures/items/christmas_tree"
    },
    "tivi": {
      "textures": "textures/items/tivi"
    },
    "closet": {
      "textures": "textures/items/closet"
    },
    "laptop": {
      "textures": "textures/items/laptop"
    },
    "piano": {
      "textures": "textures/items/piano"
    },
    "armchairs": {
      "textures": "textures/items/armchairs"
    },
    "chair": {
      "textures": "textures/items/chair"
    },
    "big_table": {
      "textures": "textures/items/big_table"
    },
    "small_table": {
      "textures": "textures/items/small_table"
    },
    "drone": {
      "textures": "textures/items/drone"
    },
    "colorful_gifts": {
      "textures": "textures/items/colorful_gifts"
    },
    "gm_tamataki_pult": {
      "textures": "textures/items/pamobile/gm_tamataki_pult"
    },
    "gm:banban": {
      "textures": "textures/items/pamobile/gm_banban"
    },
    "gm:evil_banban": {
      "textures": "textures/items/pamobile/gm_evil_banban"
    },
    "gm:banbaleena": {
      "textures": "textures/items/pamobile/gm_banbaleena"
    },
    "gm:sherif_todster": {
      "textures": "textures/items/pamobile/gm_sherif_todster"
    },
    "gm:stinger_flynn": {
      "textures": "textures/items/pamobile/gm_stinger_flynn"
    },
    "gm:tamataki_chamataki": {
      "textures": "textures/items/pamobile/gm_tamataki_chamataki"
    },
    "gm:jester": {
      "textures": "textures/items/pamobile/gm_jester"
    },
    "gm:opila_bird": {
      "textures": "textures/items/pamobile/gm_opila_bird"
    },
    "gm:slow_seline": {
      "textures": "textures/items/pamobile/gm_slow_seline"
    },
    "gm:evil_tarta": {
      "textures": "textures/items/pamobile/gm_evil_tarta"
    },
    "gm:queen_bounselia": {
      "textures": "textures/items/pamobile/gm_queen_bounselia"
    },
    "gm:jumbo_josh": {
      "textures": "textures/items/pamobile/gm_jumbo_josh"
    }
  }
}