{"format_version":"1.10.0","minecraft:client_entity":{"description":{"identifier":"yg:kitty_bitty","materials":{"default":"witch"},"textures":{"default":"textures/entity/yg_kitty_bitty"},"geometry":{"default":"geometry.yg_kitty_bitty"},"scripts":{"animate":["move","general"],"pre_animation":["variable.random = math.round(math.random(0,2));"],"scale":"1.5"},"animations":{"moving":"animation.yg_kitty_bitty.move","move":"controller.animation.yg_kitty_bitty.move","gazo_general":"animation.yg_kitty_bitty.general","general":"controller.animation.yg_kitty_bitty.general","attack0":"animation.yg_kitty_bitty.attack","jumpscare":"animation.yg_kitty_bitty.jumpscare","look_at_target":"animation.yg_kitty_bitty.looking"},"render_controllers":["controller.render.witch"],"spawn_egg":{"texture":"yg:kitty_bitty","texture_index":0}}}}