{"format_version":"1.10.0","minecraft:client_entity":{"description":{"identifier":"yg:ronny","materials":{"default":"witch"},"textures":{"default":"textures/entity/yg_ronny"},"geometry":{"default":"geometry.yg_ronny"},"scripts":{"animate":["move","general"],"pre_animation":["variable.random = math.round(math.random(0,2));"]},"animations":{"moving":"animation.yg_ronny.move","move":"controller.animation.yg_ronny.move","gazo_general":"animation.yg_ronny.general","general":"controller.animation.yg_ronny.general","jumpscare":"animation.yg_ronny.jumpscare","look_at_target":"animation.yg_ronny.looking"},"render_controllers":["controller.render.witch"],"spawn_egg":{"texture":"yg:ronny","texture_index":0}}}}