{"format_version":"1.10.0","minecraft:client_entity":{"description":{"identifier":"yg:seini","materials":{"default":"witch"},"textures":{"default":"textures/entity/yg_seini"},"geometry":{"default":"geometry.yg_seini"},"scripts":{"animate":["move","general"],"pre_animation":["variable.random = math.round(math.random(0,2));"]},"animations":{"moving":"animation.yg_seini.move","move":"controller.animation.yg_seini.move","gazo_general":"animation.yg_seini.general","general":"controller.animation.yg_seini.general","jumpscare":"animation.yg_seini.jumpscare","look_at_target":"animation.yg_seini.looking"},"render_controllers":["controller.render.witch"],"spawn_egg":{"texture":"yg:seini","texture_index":0}}}}