{
  "format_version": "1.12",
  "minecraft:recipe_shaped": {
    "description": {
      "identifier": "exemplo:recipe" //BASE BY ANDRIEL
    },
    
    "tags": [ "crafting_table" ],
    "pattern": [
      "ABC",
      "DEF",
      "GHI"
    ],
    "key": {
      "A": {
        "item": "minecraft:iron_ingot",
        "data": 0
      },
      "B": {
        "item": "minecraft:apple",
        "data": 0
      },
      "C": {
        "item": "minecraft:chicken",
        "data": 0
      },
      "D": {
        "item": "minecraft:coal",
        "data": 0
      },
      "E": {
        "item": "minecraft:diamond",
        "data": 0
      },
      "F": {
        "item": "minecraft:emerald",
        "data": 0
      },
      "G": {
        "item": "minecraft:ghast_tear",
        "data": 0
      },
      "H": {
        "item": "minecraft:iron_sword",
        "data": 0
      },
      "I": {
        "item": "minecraft:netherstar",
        "data": 0
      }
    },
    "result": {
      "item": "exemplo:item",
      "count": 1,
      "data": 0
    }
  }
}
//ABDS (ignore isso)