{
	"format_version": "1.12.0",
	"minecraft:geometry": [
		{
			"description": {
				"identifier": "geometry.banbareena",
				"texture_width": 260,
				"texture_height": 260,
				"visible_bounds_width": 12,
				"visible_bounds_height": 13.5,
				"visible_bounds_offset": [0, 6.25, 0]
			},
			"bones": [
				{
					"name": "banban",
					"pivot": [0, 0, 0]
				},
				{
					"name": "part1",
					"parent": "banban",
					"pivot": [-1, 92, 3]
				},
				{
					"name": "ad",
					"parent": "part1",
					"pivot": [1, 134, 5]
				},
				{
					"name": "chapeu",
					"parent": "ad",
					"pivot": [-9.92, 177.58, 2],
					"cubes": [
						{"origin": [-12, 187, 1], "size": [2, 4, 1], "uv": [67, 172]},
						{"origin": [-11, 187, 0], "size": [2, 4, 1], "uv": [67, 172]},
						{"origin": [-10, 187, 1], "size": [2, 4, 1], "uv": [67, 172]},
						{"origin": [-7, 179, 0], "size": [2, 4, 2], "uv": [67, 172]},
						{"origin": [-15, 179, 0], "size": [2, 4, 2], "uv": [67, 172]},
						{"origin": [-14, 179, -2], "size": [2, 4, 2], "uv": [67, 172]},
						{"origin": [-8, 179, -2], "size": [2, 4, 2], "uv": [67, 172]},
						{"origin": [-12, 179, -3], "size": [4, 4, 2], "uv": [67, 172]},
						{"origin": [-9, 185, 0], "size": [2, 4, 2], "uv": [89, 0]},
						{"origin": [-6, 175, 0], "size": [2, 4, 2], "uv": [89, 0]},
						{"origin": [-16, 175, 0], "size": [2, 4, 2], "uv": [89, 0]},
						{"origin": [-15, 175, -2], "size": [2, 4, 2], "uv": [89, 0]},
						{"origin": [-7, 175, -2], "size": [2, 4, 2], "uv": [89, 0]},
						{"origin": [-8, 175, -3], "size": [2, 4, 2], "uv": [89, 0]},
						{"origin": [-14, 175, -3], "size": [2, 4, 2], "uv": [89, 0]},
						{"origin": [-12, 175, -4], "size": [4, 4, 2], "uv": [89, 0]},
						{"origin": [-9, 185, 0], "size": [2, 4, 2], "uv": [89, 0]},
						{"origin": [-13, 185, 0], "size": [2, 4, 2], "uv": [89, 0]},
						{"origin": [-12, 185, -1], "size": [4, 4, 2], "uv": [89, 0]},
						{"origin": [-8, 182, 0], "size": [2, 4, 2], "uv": [71, 121]},
						{"origin": [-14, 182, 0], "size": [2, 4, 2], "uv": [71, 121]},
						{"origin": [-13, 182, -1], "size": [2, 4, 2], "uv": [71, 121]},
						{"origin": [-12, 182, -2], "size": [4, 4, 2], "uv": [71, 121]},
						{"origin": [-9, 182, -1], "size": [2, 4, 2], "uv": [71, 121]},
						{"origin": [-11, 189, 1], "size": [2, 4, 1], "uv": [71, 121]}
					]
				},
				{
					"name": "chapeu2",
					"parent": "chapeu",
					"pivot": [-10, 175, 3],
					"rotation": [0, 180, 0],
					"cubes": [
						{"origin": [-12, 187, 3], "size": [2, 4, 1], "uv": [67, 172]},
						{"origin": [-11, 187, 2], "size": [2, 4, 1], "uv": [67, 172]},
						{"origin": [-10, 187, 3], "size": [2, 4, 1], "uv": [67, 172]},
						{"origin": [-7, 179, 2], "size": [2, 4, 2], "uv": [67, 172]},
						{"origin": [-15, 179, 2], "size": [2, 4, 2], "uv": [67, 172]},
						{"origin": [-14, 179, 0], "size": [2, 4, 2], "uv": [67, 172]},
						{"origin": [-8, 179, 0], "size": [2, 4, 2], "uv": [67, 172]},
						{"origin": [-12, 179, -1], "size": [4, 4, 2], "uv": [67, 172]},
						{"origin": [-9, 185, 2], "size": [2, 4, 2], "uv": [89, 0]},
						{"origin": [-6, 175, 2], "size": [2, 4, 2], "uv": [89, 0]},
						{"origin": [-16, 175, 2], "size": [2, 4, 2], "uv": [89, 0]},
						{"origin": [-15, 175, 0], "size": [2, 4, 2], "uv": [89, 0]},
						{"origin": [-7, 175, 0], "size": [2, 4, 2], "uv": [89, 0]},
						{"origin": [-8, 175, -1], "size": [2, 4, 2], "uv": [89, 0]},
						{"origin": [-14, 175, -1], "size": [2, 4, 2], "uv": [89, 0]},
						{"origin": [-12, 175, -2], "size": [4, 4, 2], "uv": [89, 0]},
						{"origin": [-9, 185, 2], "size": [2, 4, 2], "uv": [89, 0]},
						{"origin": [-13, 185, 2], "size": [2, 4, 2], "uv": [89, 0]},
						{"origin": [-12, 185, 1], "size": [4, 4, 2], "uv": [89, 0]},
						{"origin": [-8, 182, 2], "size": [2, 4, 2], "uv": [71, 121]},
						{"origin": [-14, 182, 2], "size": [2, 4, 2], "uv": [71, 121]},
						{"origin": [-13, 182, 1], "size": [2, 4, 2], "uv": [71, 121]},
						{"origin": [-12, 182, 0], "size": [4, 4, 2], "uv": [71, 121]},
						{"origin": [-9, 182, 1], "size": [2, 4, 2], "uv": [71, 121]},
						{"origin": [-11, 189, 3], "size": [2, 4, 1], "uv": [71, 121]}
					]
				},
				{
					"name": "chapeu3",
					"parent": "ad",
					"pivot": [9.08, 177.58, 2],
					"cubes": [
						{"origin": [7, 188, 1], "size": [2, 3, 1], "uv": [67, 172]},
						{"origin": [8, 188, 0], "size": [2, 3, 1], "uv": [67, 172]},
						{"origin": [9, 188, 1], "size": [2, 3, 1], "uv": [67, 172]},
						{"origin": [12, 180, 0], "size": [2, 3, 2], "uv": [67, 172]},
						{"origin": [4, 179, 0], "size": [2, 4, 4], "uv": [67, 172]},
						{"origin": [5, 178, -2], "size": [2, 5, 2], "uv": [67, 172]},
						{"origin": [11, 178, -2], "size": [2, 5, 2], "uv": [67, 172]},
						{"origin": [7, 179, -3], "size": [4, 4, 2], "uv": [67, 172]},
						{"origin": [10, 186, 0], "size": [2, 3, 2], "uv": [89, 0]},
						{"origin": [13, 175, 0], "size": [2, 4, 2], "uv": [89, 0]},
						{"origin": [3, 175, 0], "size": [2, 4, 4], "uv": [89, 0]},
						{"origin": [4, 175, -2], "size": [2, 4, 2], "uv": [89, 0]},
						{"origin": [12, 175, -2], "size": [2, 4, 2], "uv": [89, 0]},
						{"origin": [11, 175, -3], "size": [2, 4, 2], "uv": [89, 0]},
						{"origin": [5, 175, -3], "size": [2, 4, 2], "uv": [89, 0]},
						{"origin": [7, 175, -4], "size": [4, 4, 2], "uv": [89, 0]},
						{"origin": [10, 186, 0], "size": [2, 3, 2], "uv": [89, 0]},
						{"origin": [6, 186, 0], "size": [2, 3, 2], "uv": [89, 0]},
						{"origin": [7, 186, -1], "size": [4, 3, 2], "uv": [89, 0]},
						{"origin": [11, 183, 0], "size": [2, 3, 2], "uv": [71, 121]},
						{"origin": [5, 183, 0], "size": [2, 3, 2], "uv": [71, 121]},
						{"origin": [6, 183, -1], "size": [2, 3, 2], "uv": [71, 121]},
						{"origin": [7, 183, -2], "size": [4, 3, 2], "uv": [71, 121]},
						{"origin": [10, 183, -1], "size": [2, 3, 2], "uv": [71, 121]},
						{"origin": [8, 190, 1], "size": [2, 3, 1], "uv": [71, 121]}
					]
				},
				{
					"name": "chapeu4",
					"parent": "chapeu3",
					"pivot": [9, 175, 3],
					"rotation": [0, 180, 0],
					"cubes": [
						{"origin": [7, 188, 3], "size": [2, 3, 1], "uv": [67, 172]},
						{"origin": [8, 188, 2], "size": [2, 3, 1], "uv": [67, 172]},
						{"origin": [9, 188, 3], "size": [2, 3, 1], "uv": [67, 172]},
						{"origin": [12, 180, 2], "size": [2, 3, 2], "uv": [67, 172]},
						{"origin": [4, 179, 2], "size": [2, 4, 4], "uv": [67, 172]},
						{"origin": [5, 179, 0], "size": [2, 4, 2], "uv": [67, 172]},
						{"origin": [11, 179, 0], "size": [2, 4, 2], "uv": [67, 172]},
						{"origin": [7, 179, -1], "size": [4, 4, 2], "uv": [67, 172]},
						{"origin": [10, 186, 2], "size": [2, 3, 2], "uv": [89, 0]},
						{"origin": [13, 176, 2], "size": [2, 3, 2], "uv": [89, 0]},
						{"origin": [3, 175, 2], "size": [2, 4, 2], "uv": [89, 0]},
						{"origin": [4, 175, 0], "size": [2, 4, 2], "uv": [89, 0]},
						{"origin": [12, 175, 0], "size": [2, 4, 2], "uv": [89, 0]},
						{"origin": [11, 175, -1], "size": [2, 4, 2], "uv": [89, 0]},
						{"origin": [5, 175, -1], "size": [2, 4, 2], "uv": [89, 0]},
						{"origin": [7, 175, -2], "size": [4, 4, 2], "uv": [89, 0]},
						{"origin": [10, 186, 2], "size": [2, 3, 2], "uv": [89, 0]},
						{"origin": [6, 186, 2], "size": [2, 3, 2], "uv": [89, 0]},
						{"origin": [7, 186, 1], "size": [4, 3, 2], "uv": [89, 0]},
						{"origin": [11, 183, 2], "size": [2, 3, 2], "uv": [71, 121]},
						{"origin": [5, 183, 2], "size": [2, 3, 2], "uv": [71, 121]},
						{"origin": [6, 183, 1], "size": [2, 3, 2], "uv": [71, 121]},
						{"origin": [7, 183, 0], "size": [4, 3, 2], "uv": [71, 121]},
						{"origin": [10, 183, 1], "size": [2, 3, 2], "uv": [71, 121]},
						{"origin": [8, 190, 3], "size": [2, 3, 1], "uv": [71, 121]}
					]
				},
				{
					"name": "madk",
					"parent": "ad",
					"pivot": [1, 164, 0],
					"cubes": [
						{"origin": [5, 173, -3], "size": [8, 2, 8], "uv": [0, 0]},
						{"origin": [-14, 173, -3], "size": [8, 2, 8], "uv": [0, 0]},
						{"origin": [7, 173, -4], "size": [4, 2, 10], "uv": [0, 0]},
						{"origin": [-12, 173, -4], "size": [4, 2, 10], "uv": [0, 0]},
						{"origin": [4, 173, -1], "size": [10, 2, 4], "uv": [0, 0]},
						{"origin": [-15, 173, -1], "size": [10, 2, 4], "uv": [0, 0]},
						{"origin": [3, 168, -1], "size": [12, 5, 4], "uv": [0, 0]},
						{"origin": [-5, 168, -1], "size": [3, 2, 4], "uv": [0, 0]},
						{"origin": [1, 168, -1], "size": [3, 2, 4], "uv": [0, 0]},
						{"origin": [14, 162, -1], "size": [2, 6, 4], "uv": [0, 0]},
						{"origin": [-17, 162, -1], "size": [2, 6, 4], "uv": [0, 0]},
						{"origin": [-16, 162, -3], "size": [2, 6, 2], "uv": [0, 0]},
						{"origin": [13, 162, -3], "size": [2, 6, 2], "uv": [0, 0]},
						{"origin": [-15, 162, -5], "size": [2, 6, 2], "uv": [0, 0]},
						{"origin": [12, 162, -5], "size": [2, 6, 2], "uv": [0, 0]},
						{"origin": [10, 162, -7], "size": [2, 6, 2], "uv": [0, 0]},
						{"origin": [11, 162, -6], "size": [2, 6, 2], "uv": [0, 0]},
						{"origin": [-14, 162, -6], "size": [2, 6, 2], "uv": [0, 0]},
						{"origin": [-13, 162, -7], "size": [2, 6, 2], "uv": [0, 0]},
						{"origin": [-11, 162, -8], "size": [2, 6, 2], "uv": [0, 0]},
						{"origin": [8, 162, -8], "size": [2, 6, 2], "uv": [0, 0]},
						{"origin": [2, 168, -4], "size": [12, 2, 3], "uv": [0, 0]},
						{"origin": [-15, 168, -4], "size": [12, 2, 3], "uv": [0, 0]},
						{"origin": [3, 168, -5], "size": [10, 2, 1], "uv": [0, 0]},
						{"origin": [-14, 168, -5], "size": [10, 2, 1], "uv": [0, 0]},
						{"origin": [4, 168, -6], "size": [8, 2, 1], "uv": [0, 0]},
						{"origin": [-13, 168, -6], "size": [8, 2, 1], "uv": [0, 0]},
						{"origin": [5, 168, -7], "size": [5, 2, 2], "uv": [0, 0]},
						{"origin": [-11, 168, -7], "size": [5, 2, 2], "uv": [0, 0]},
						{"origin": [-9, 168, -8], "size": [17, 1, 2], "uv": [0, 0]},
						{"origin": [-9, 162, -9], "size": [17, 6, 2], "uv": [0, 0]},
						{"origin": [-9, 155, -10], "size": [17, 7, 2], "uv": [0, 0]},
						{"origin": [-9, 146, -11], "size": [17, 9, 2], "uv": [0, 0]},
						{"origin": [-4, 145, -12], "size": [7, 10, 2], "uv": [0, 0]},
						{"origin": [-6, 146, -12], "size": [11, 9, 2], "uv": [0, 0]},
						{"origin": [-6, 155, -11], "size": [11, 7, 1], "uv": [0, 0]},
						{"origin": [-6, 155, -11], "size": [11, 7, 1], "uv": [0, 0]},
						{"origin": [-6, 162, -10], "size": [11, 5, 2], "uv": [0, 0]},
						{"origin": [-5, 133, -12], "size": [9, 3, 2], "uv": [0, 0]},
						{"origin": [-9, 133, -11], "size": [4, 4, 2], "uv": [0, 0]},
						{"origin": [-12, 133, -10], "size": [3, 5, 2], "uv": [0, 0]},
						{"origin": [8, 133, -10], "size": [3, 5, 2], "uv": [0, 0]},
						{"origin": [-14, 133, -9], "size": [2, 6, 2], "uv": [0, 0]},
						{"origin": [11, 133, -9], "size": [2, 6, 2], "uv": [0, 0]},
						{"origin": [-16, 133, -8], "size": [2, 8, 2], "uv": [0, 0]},
						{"origin": [13, 133, -8], "size": [2, 8, 2], "uv": [0, 0]},
						{"origin": [14, 133, -7], "size": [2, 14, 2], "uv": [0, 0]},
						{"origin": [-17, 133, -7], "size": [2, 14, 2], "uv": [0, 0]},
						{"origin": [-18, 133, -5], "size": [2, 14, 2], "uv": [0, 0]},
						{"origin": [15, 133, -5], "size": [2, 14, 2], "uv": [0, 0]},
						{"origin": [-19, 133, -3], "size": [2, 14, 2], "uv": [0, 0]},
						{"origin": [16, 133, -3], "size": [2, 14, 2], "uv": [0, 0]},
						{"origin": [4, 133, -11], "size": [4, 4, 2], "uv": [0, 0]},
						{"origin": [15, 155, -1], "size": [2, 7, 4], "uv": [0, 0]},
						{"origin": [-18, 155, -1], "size": [2, 7, 4], "uv": [0, 0]},
						{"origin": [-17, 155, -3], "size": [2, 7, 2], "uv": [0, 0]},
						{"origin": [-16, 155, -5], "size": [2, 7, 2], "uv": [0, 0]},
						{"origin": [-15, 155, -7], "size": [2, 7, 2], "uv": [0, 0]},
						{"origin": [-11, 147, -10], "size": [2, 8, 2], "uv": [0, 0]},
						{"origin": [-15, 147, -8], "size": [2, 8, 2], "uv": [0, 0]},
						{"origin": [-15, 147, -9], "size": [2, 2, 1], "uv": [28, 229]},
						{"origin": [-16, 138, -9], "size": [1, 3, 1], "uv": [28, 229]},
						{"origin": [14, 138, -9], "size": [1, 3, 1], "uv": [28, 229]},
						{"origin": [-15, 138, -9], "size": [1, 3, 1], "uv": [28, 229]},
						{"origin": [13, 138, -9], "size": [1, 3, 1], "uv": [28, 229]},
						{"origin": [11, 137, -10], "size": [2, 2, 1], "uv": [28, 229]},
						{"origin": [-14, 137, -10], "size": [2, 2, 1], "uv": [28, 229]},
						{"origin": [-12, 136, -11], "size": [3, 2, 1], "uv": [28, 229]},
						{"origin": [8, 136, -11], "size": [3, 2, 1], "uv": [28, 229]},
						{"origin": [-13, 137, -10], "size": [1, 1, 2], "uv": [28, 229]},
						{"origin": [11, 137, -10], "size": [1, 1, 2], "uv": [28, 229]},
						{"origin": [-10, 136, -11], "size": [1, 1, 2], "uv": [28, 229]},
						{"origin": [8, 136, -11], "size": [1, 1, 2], "uv": [28, 229]},
						{"origin": [-9, 135, -12], "size": [4, 2, 2], "uv": [28, 229]},
						{"origin": [4, 135, -12], "size": [4, 2, 2], "uv": [28, 229]},
						{"origin": [-6, 135, -12], "size": [1, 1, 2], "uv": [28, 229]},
						{"origin": [4, 135, -12], "size": [1, 1, 2], "uv": [28, 229]},
						{"origin": [-5, 134, -13], "size": [9, 2, 1], "uv": [28, 229]},
						{"origin": [-16, 141, -8], "size": [1, 6, 1], "uv": [28, 229]},
						{"origin": [14, 141, -8], "size": [1, 6, 1], "uv": [28, 229]},
						{"origin": [-15, 146, -8], "size": [1, 1, 1], "uv": [28, 229]},
						{"origin": [13, 146, -8], "size": [1, 1, 1], "uv": [28, 229]},
						{"origin": [12, 147, -9], "size": [2, 2, 1], "uv": [28, 229]},
						{"origin": [-13, 147, -10], "size": [2, 2, 1], "uv": [28, 229]},
						{"origin": [10, 147, -10], "size": [2, 2, 1], "uv": [28, 229]},
						{"origin": [-11, 147, -11], "size": [2, 2, 1], "uv": [28, 229]},
						{"origin": [6, 152, -12], "size": [4, 2, 2], "uv": [28, 229]},
						{"origin": [-10, 152, -12], "size": [4, 2, 2], "uv": [28, 229]},
						{"origin": [-10, 165, -12], "size": [4, 1, 2], "uv": [28, 229]},
						{"origin": [6, 165, -12], "size": [4, 1, 2], "uv": [28, 229]},
						{"origin": [-12, 164, -10], "size": [2, 1, 1], "uv": [28, 229]},
						{"origin": [10, 164, -10], "size": [2, 1, 1], "uv": [28, 229]},
						{"origin": [-6, 164, -11], "size": [2, 1, 1], "uv": [28, 229]},
						{"origin": [4, 164, -11], "size": [2, 1, 1], "uv": [28, 229]},
						{"origin": [-4, 163, -11], "size": [1, 1, 1], "uv": [28, 229]},
						{"origin": [3, 163, -11], "size": [1, 1, 1], "uv": [28, 229]},
						{"origin": [-3, 162, -11], "size": [1, 1, 1], "uv": [28, 229]},
						{"origin": [2, 162, -11], "size": [1, 1, 1], "uv": [28, 229]},
						{"origin": [-3, 161, -12], "size": [1, 1, 1], "uv": [28, 229]},
						{"origin": [2, 161, -12], "size": [1, 1, 1], "uv": [28, 229]},
						{"origin": [-2, 157, -12], "size": [1, 4, 1], "uv": [28, 229]},
						{"origin": [1, 157, -12], "size": [1, 4, 1], "uv": [28, 229]},
						{"origin": [-3, 155, -12], "size": [1, 3, 1], "uv": [28, 229]},
						{"origin": [2, 155, -12], "size": [1, 3, 1], "uv": [28, 229]},
						{"origin": [-4, 154, -12], "size": [1, 2, 1], "uv": [28, 229]},
						{"origin": [3, 154, -12], "size": [1, 2, 1], "uv": [28, 229]},
						{"origin": [-4, 154, -13], "size": [1, 1, 1], "uv": [28, 229]},
						{"origin": [3, 154, -13], "size": [1, 1, 1], "uv": [28, 229]},
						{"origin": [-4, 155, -12], "size": [1, 1, 1], "uv": [28, 229]},
						{"origin": [-6, 153, -13], "size": [2, 2, 1], "uv": [28, 229]},
						{"origin": [4, 153, -13], "size": [2, 2, 1], "uv": [28, 229]},
						{"origin": [-12, 153, -11], "size": [2, 2, 2], "uv": [28, 229]},
						{"origin": [10, 153, -11], "size": [2, 2, 2], "uv": [28, 229]},
						{"origin": [-13, 163, -9], "size": [1, 1, 1], "uv": [28, 229]},
						{"origin": [-14, 164, -8], "size": [1, 1, 1], "uv": [28, 229]},
						{"origin": [13, 164, -8], "size": [1, 1, 1], "uv": [28, 229]},
						{"origin": [-15, 165, -7], "size": [1, 2, 1], "uv": [28, 229]},
						{"origin": [14, 165, -7], "size": [1, 2, 1], "uv": [28, 229]},
						{"origin": [12, 163, -9], "size": [1, 1, 1], "uv": [28, 229]},
						{"origin": [-13, 155, -9], "size": [1, 1, 1], "uv": [28, 229]},
						{"origin": [12, 155, -9], "size": [1, 1, 1], "uv": [28, 229]},
						{"origin": [-13, 154, -10], "size": [1, 1, 1], "uv": [28, 229]},
						{"origin": [12, 154, -10], "size": [1, 1, 1], "uv": [28, 229]},
						{"origin": [-14, 161, -8], "size": [1, 2, 1], "uv": [28, 229]},
						{"origin": [13, 161, -8], "size": [1, 2, 1], "uv": [28, 229]},
						{"origin": [-14, 155, -8], "size": [1, 3, 1], "uv": [28, 229]},
						{"origin": [13, 155, -8], "size": [1, 3, 1], "uv": [28, 229]},
						{"origin": [-15, 157, -8], "size": [1, 4, 1], "uv": [28, 229]},
						{"origin": [14, 157, -8], "size": [1, 4, 1], "uv": [28, 229]},
						{"origin": [8, 147, -11], "size": [2, 2, 1], "uv": [28, 229]},
						{"origin": [-8, 146, -12], "size": [2, 2, 1], "uv": [28, 229]},
						{"origin": [5, 146, -12], "size": [2, 2, 1], "uv": [28, 229]},
						{"origin": [-6, 146, -13], "size": [3, 2, 1], "uv": [28, 229]},
						{"origin": [2, 146, -13], "size": [3, 2, 1], "uv": [28, 229]},
						{"origin": [-4, 145, -13], "size": [7, 3, 1], "uv": [28, 229]},
						{"origin": [-9, 146, -12], "size": [1, 2, 1], "uv": [28, 229]},
						{"origin": [7, 146, -12], "size": [1, 2, 1], "uv": [28, 229]},
						{"origin": [-16, 146, -7], "size": [2, 9, 2], "uv": [0, 0]},
						{"origin": [-17, 147, -5], "size": [2, 8, 2], "uv": [0, 0]},
						{"origin": [-18, 147, -3], "size": [2, 8, 2], "uv": [0, 0]},
						{"origin": [-13, 147, -9], "size": [2, 8, 2], "uv": [0, 0]},
						{"origin": [-11, 155, -9], "size": [2, 7, 2], "uv": [0, 0]},
						{"origin": [8, 155, -9], "size": [2, 7, 2], "uv": [0, 0]},
						{"origin": [8, 147, -10], "size": [2, 8, 2], "uv": [0, 0]},
						{"origin": [14, 147, -5], "size": [2, 8, 2], "uv": [0, 0]},
						{"origin": [15, 147, -3], "size": [2, 8, 2], "uv": [0, 0]},
						{"origin": [13, 146, -7], "size": [2, 9, 2], "uv": [0, 0]},
						{"origin": [12, 147, -8], "size": [2, 8, 2], "uv": [0, 0]},
						{"origin": [10, 147, -9], "size": [2, 8, 2], "uv": [0, 0]},
						{"origin": [10, 155, -8], "size": [2, 7, 2], "uv": [0, 0]},
						{"origin": [12, 155, -7], "size": [2, 7, 2], "uv": [0, 0]},
						{"origin": [13, 155, -5], "size": [2, 7, 2], "uv": [0, 0]},
						{"origin": [14, 155, -3], "size": [2, 7, 2], "uv": [0, 0]},
						{"origin": [-13, 155, -8], "size": [2, 7, 2], "uv": [0, 0]},
						{"origin": [15, 147, -1], "size": [2, 8, 4], "uv": [0, 0]},
						{"origin": [-18, 147, -1], "size": [2, 8, 4], "uv": [0, 0]},
						{"origin": [16, 133, -1], "size": [2, 14, 4], "uv": [0, 0]},
						{"origin": [-19, 133, -1], "size": [2, 14, 4], "uv": [0, 0]},
						{"origin": [-2, 167, -1], "size": [3, 2, 4], "uv": [0, 0]},
						{"origin": [-5, 167, -6], "size": [9, 2, 5], "uv": [0, 0]},
						{"origin": [-16, 168, -1], "size": [12, 5, 4], "uv": [0, 0]},
						{"origin": [4, 170, -3], "size": [10, 3, 8], "uv": [0, 0]},
						{"origin": [-15, 170, -3], "size": [10, 3, 8], "uv": [0, 0]},
						{"origin": [5, 170, -4], "size": [8, 3, 10], "uv": [0, 0]},
						{"origin": [-14, 170, -4], "size": [8, 3, 10], "uv": [0, 0]},
						{"origin": [7, 170, -5], "size": [4, 3, 12], "uv": [0, 0]},
						{"origin": [-12, 170, -5], "size": [4, 3, 12], "uv": [0, 0]}
					]
				},
				{
					"name": "madk2",
					"parent": "ad",
					"pivot": [-2, 164, 5],
					"rotation": [0, 180, 0],
					"cubes": [
						{"origin": [2, 173, 2], "size": [8, 2, 8], "uv": [0, 0]},
						{"origin": [-17, 173, 2], "size": [8, 2, 8], "uv": [0, 0]},
						{"origin": [4, 173, 1], "size": [4, 2, 10], "uv": [0, 0]},
						{"origin": [-15, 173, 1], "size": [4, 2, 10], "uv": [0, 0]},
						{"origin": [1, 173, 4], "size": [10, 2, 4], "uv": [0, 0]},
						{"origin": [-18, 173, 4], "size": [10, 2, 4], "uv": [0, 0]},
						{"origin": [0, 168, 4], "size": [12, 5, 4], "uv": [0, 0]},
						{"origin": [-8, 168, 4], "size": [3, 2, 4], "uv": [0, 0]},
						{"origin": [-2, 168, 4], "size": [3, 2, 4], "uv": [0, 0]},
						{"origin": [11, 162, 4], "size": [2, 6, 4], "uv": [0, 0]},
						{"origin": [-20, 162, 4], "size": [2, 6, 4], "uv": [0, 0]},
						{"origin": [-19, 162, 2], "size": [2, 6, 2], "uv": [0, 0]},
						{"origin": [10, 162, 2], "size": [2, 6, 2], "uv": [0, 0]},
						{"origin": [-18, 162, 0], "size": [2, 6, 2], "uv": [0, 0]},
						{"origin": [9, 162, 0], "size": [2, 6, 2], "uv": [0, 0]},
						{"origin": [7, 162, -2], "size": [2, 6, 2], "uv": [0, 0]},
						{"origin": [8, 162, -1], "size": [2, 6, 2], "uv": [0, 0]},
						{"origin": [-17, 162, -1], "size": [2, 6, 2], "uv": [0, 0]},
						{"origin": [-16, 162, -2], "size": [2, 6, 2], "uv": [0, 0]},
						{"origin": [-14, 162, -3], "size": [2, 6, 2], "uv": [0, 0]},
						{"origin": [5, 162, -3], "size": [2, 6, 2], "uv": [0, 0]},
						{"origin": [-1, 168, 1], "size": [12, 2, 3], "uv": [0, 0]},
						{"origin": [-18, 168, 1], "size": [12, 2, 3], "uv": [0, 0]},
						{"origin": [0, 168, 0], "size": [10, 2, 1], "uv": [0, 0]},
						{"origin": [-17, 168, 0], "size": [10, 2, 1], "uv": [0, 0]},
						{"origin": [1, 168, -1], "size": [8, 2, 1], "uv": [0, 0]},
						{"origin": [-16, 168, -1], "size": [8, 2, 1], "uv": [0, 0]},
						{"origin": [2, 168, -2], "size": [5, 2, 2], "uv": [0, 0]},
						{"origin": [-14, 168, -2], "size": [5, 2, 2], "uv": [0, 0]},
						{"origin": [-12, 168, -3], "size": [17, 1, 2], "uv": [0, 0]},
						{"origin": [-12, 162, -4], "size": [17, 6, 2], "uv": [0, 0]},
						{"origin": [-12, 155, -5], "size": [17, 7, 2], "uv": [0, 0]},
						{"origin": [-12, 133, -6], "size": [17, 22, 2], "uv": [0, 0]},
						{"origin": [-7, 145, -7], "size": [7, 10, 2], "uv": [0, 0]},
						{"origin": [-9, 146, -7], "size": [11, 9, 2], "uv": [0, 0]},
						{"origin": [-9, 155, -6], "size": [11, 7, 1], "uv": [0, 0]},
						{"origin": [-9, 155, -6], "size": [11, 7, 1], "uv": [0, 0]},
						{"origin": [-9, 162, -5], "size": [11, 5, 2], "uv": [0, 0]},
						{"origin": [-8, 133, -8], "size": [9, 14, 2], "uv": [0, 0]},
						{"origin": [-12, 133, -6], "size": [4, 4, 2], "uv": [0, 0]},
						{"origin": [-15, 133, -5], "size": [3, 14, 2], "uv": [0, 0]},
						{"origin": [5, 133, -5], "size": [3, 14, 2], "uv": [0, 0]},
						{"origin": [-17, 133, -4], "size": [2, 14, 2], "uv": [0, 0]},
						{"origin": [8, 133, -4], "size": [2, 14, 2], "uv": [0, 0]},
						{"origin": [-19, 133, -3], "size": [2, 14, 2], "uv": [0, 0]},
						{"origin": [10, 133, -3], "size": [2, 14, 2], "uv": [0, 0]},
						{"origin": [11, 133, -2], "size": [2, 14, 2], "uv": [0, 0]},
						{"origin": [-20, 133, -2], "size": [2, 14, 2], "uv": [0, 0]},
						{"origin": [-21, 133, 0], "size": [2, 14, 2], "uv": [0, 0]},
						{"origin": [12, 133, 0], "size": [2, 14, 2], "uv": [0, 0]},
						{"origin": [-22, 133, 2], "size": [2, 14, 2], "uv": [0, 0]},
						{"origin": [13, 133, 2], "size": [2, 14, 2], "uv": [0, 0]},
						{"origin": [-10, 133, -7], "size": [13, 14, 2], "uv": [0, 0]},
						{"origin": [12, 155, 4], "size": [2, 7, 4], "uv": [0, 0]},
						{"origin": [-21, 155, 4], "size": [2, 7, 4], "uv": [0, 0]},
						{"origin": [-20, 155, 2], "size": [2, 7, 2], "uv": [0, 0]},
						{"origin": [-19, 155, 0], "size": [2, 7, 2], "uv": [0, 0]},
						{"origin": [-18, 155, -2], "size": [2, 7, 2], "uv": [0, 0]},
						{"origin": [-14, 147, -5], "size": [2, 8, 2], "uv": [0, 0]},
						{"origin": [-18, 147, -3], "size": [2, 8, 2], "uv": [0, 0]},
						{"origin": [-19, 146, -2], "size": [2, 9, 2], "uv": [0, 0]},
						{"origin": [-20, 147, 0], "size": [2, 8, 2], "uv": [0, 0]},
						{"origin": [-21, 147, 2], "size": [2, 8, 2], "uv": [0, 0]},
						{"origin": [-16, 147, -4], "size": [2, 8, 2], "uv": [0, 0]},
						{"origin": [-14, 155, -4], "size": [2, 7, 2], "uv": [0, 0]},
						{"origin": [5, 155, -4], "size": [2, 7, 2], "uv": [0, 0]},
						{"origin": [5, 147, -5], "size": [2, 8, 2], "uv": [0, 0]},
						{"origin": [11, 147, 0], "size": [2, 8, 2], "uv": [0, 0]},
						{"origin": [12, 147, 2], "size": [2, 8, 2], "uv": [0, 0]},
						{"origin": [10, 146, -2], "size": [2, 9, 2], "uv": [0, 0]},
						{"origin": [9, 147, -3], "size": [2, 8, 2], "uv": [0, 0]},
						{"origin": [7, 147, -4], "size": [2, 8, 2], "uv": [0, 0]},
						{"origin": [7, 155, -3], "size": [2, 7, 2], "uv": [0, 0]},
						{"origin": [9, 155, -2], "size": [2, 7, 2], "uv": [0, 0]},
						{"origin": [10, 155, 0], "size": [2, 7, 2], "uv": [0, 0]},
						{"origin": [11, 155, 2], "size": [2, 7, 2], "uv": [0, 0]},
						{"origin": [-16, 155, -3], "size": [2, 7, 2], "uv": [0, 0]},
						{"origin": [12, 147, 4], "size": [2, 8, 4], "uv": [0, 0]},
						{"origin": [-21, 147, 4], "size": [2, 8, 4], "uv": [0, 0]},
						{"origin": [13, 133, 4], "size": [2, 14, 4], "uv": [0, 0]},
						{"origin": [-22, 133, 4], "size": [2, 14, 4], "uv": [0, 0]},
						{"origin": [-5, 167, 4], "size": [3, 2, 4], "uv": [0, 0]},
						{"origin": [-8, 167, -1], "size": [9, 2, 5], "uv": [0, 0]},
						{"origin": [-19, 168, 4], "size": [12, 5, 4], "uv": [0, 0]},
						{"origin": [1, 170, 2], "size": [10, 3, 8], "uv": [0, 0]},
						{"origin": [-18, 170, 2], "size": [10, 3, 8], "uv": [0, 0]},
						{"origin": [2, 170, 1], "size": [8, 3, 10], "uv": [0, 0]},
						{"origin": [-17, 170, 1], "size": [8, 3, 10], "uv": [0, 0]},
						{"origin": [4, 170, 0], "size": [4, 3, 12], "uv": [0, 0]},
						{"origin": [-15, 170, 0], "size": [4, 3, 12], "uv": [0, 0]}
					]
				},
				{
					"name": "eye",
					"parent": "ad",
					"pivot": [8, 160, -10.5],
					"rotation": [-5, -7.5, 0],
					"cubes": [
						{"origin": [3, 158, -11], "size": [10, 4, 2], "uv": [218, 26]},
						{"origin": [4, 157, -11], "size": [8, 6, 2], "uv": [218, 26]},
						{"origin": [5, 156, -11], "size": [6, 8, 2], "uv": [218, 26]},
						{"origin": [7, 156, -12], "size": [2, 8, 3], "uv": [218, 26]},
						{"origin": [4, 158, -12], "size": [8, 4, 3], "uv": [218, 26]},
						{"origin": [5, 158, -13], "size": [6, 4, 3], "uv": [218, 26]},
						{"origin": [7, 157, -13], "size": [2, 6, 3], "uv": [218, 26]},
						{"origin": [5, 157, -12], "size": [6, 6, 3], "uv": [218, 26]},
						{"origin": [7, 155, -11], "size": [2, 10, 2], "uv": [218, 26]}
					]
				},
				{
					"name": "black",
					"parent": "eye",
					"pivot": [8, 160, -13.5],
					"cubes": [
						{"origin": [4, 156, -14], "size": [7, 5, 1], "uv": [217, 112]},
						{"origin": [5, 155, -14], "size": [5, 7, 1], "uv": [217, 112]}
					]
				},
				{
					"name": "eye2",
					"parent": "ad",
					"pivot": [-8, 160, -10.5],
					"rotation": [-4.97574, 4.95304, -1.08494],
					"cubes": [
						{"origin": [-13, 158, -11], "size": [10, 4, 2], "uv": [218, 26]},
						{"origin": [-12, 157, -11], "size": [8, 6, 2], "uv": [218, 26]},
						{"origin": [-11, 156, -11], "size": [6, 8, 2], "uv": [218, 26]},
						{"origin": [-9, 156, -12], "size": [2, 8, 3], "uv": [218, 26]},
						{"origin": [-12, 158, -12], "size": [8, 4, 3], "uv": [218, 26]},
						{"origin": [-11, 158, -13], "size": [6, 4, 3], "uv": [218, 26]},
						{"origin": [-9, 157, -13], "size": [2, 6, 3], "uv": [218, 26]},
						{"origin": [-11, 157, -12], "size": [6, 6, 3], "uv": [218, 26]},
						{"origin": [-9, 155, -11], "size": [2, 10, 2], "uv": [218, 26]}
					]
				},
				{
					"name": "black2",
					"parent": "eye2",
					"pivot": [-8, 159, -13.5],
					"cubes": [
						{"origin": [-11, 156, -14], "size": [7, 5, 1], "uv": [217, 112]},
						{"origin": [-10, 155, -14], "size": [5, 7, 1], "uv": [217, 112]}
					]
				},
				{
					"name": "Aboca",
					"parent": "ad",
					"pivot": [1, 164, 0],
					"cubes": [
						{"origin": [-5, 132, -10], "size": [9, 2, 3], "uv": [184, 239]},
						{"origin": [-9, 132, -9], "size": [4, 2, 3], "uv": [184, 239]},
						{"origin": [4, 132, -9], "size": [4, 2, 3], "uv": [184, 239]},
						{"origin": [8, 132, -8], "size": [3, 2, 3], "uv": [184, 239]},
						{"origin": [-12, 132, -8], "size": [3, 2, 3], "uv": [184, 239]},
						{"origin": [-14, 132, -7], "size": [2, 2, 3], "uv": [184, 239]},
						{"origin": [11, 132, -7], "size": [2, 2, 3], "uv": [184, 239]},
						{"origin": [13, 132, -6], "size": [1, 2, 3], "uv": [184, 239]},
						{"origin": [-15, 132, -6], "size": [1, 2, 3], "uv": [184, 239]}
					]
				},
				{
					"name": "Aboca2",
					"parent": "Aboca",
					"pivot": [1, 165, 3],
					"cubes": [
						{"origin": [-5, 133, -7], "size": [9, 2, 3], "uv": [184, 239]},
						{"origin": [-9, 133, -6], "size": [4, 2, 3], "uv": [184, 239]},
						{"origin": [4, 133, -6], "size": [4, 2, 3], "uv": [184, 239]},
						{"origin": [8, 133, -5], "size": [3, 2, 3], "uv": [184, 239]},
						{"origin": [-12, 133, -5], "size": [3, 2, 3], "uv": [184, 239]},
						{"origin": [-14, 133, -4], "size": [2, 2, 3], "uv": [184, 239]},
						{"origin": [11, 133, -4], "size": [2, 2, 3], "uv": [184, 239]},
						{"origin": [13, 133, -3], "size": [1, 2, 3], "uv": [184, 239]},
						{"origin": [-15, 133, -3], "size": [1, 2, 3], "uv": [184, 239]}
					]
				},
				{
					"name": "Aboca3",
					"parent": "Aboca",
					"pivot": [1, 166, 5],
					"cubes": [
						{"origin": [-5, 134, -5], "size": [9, 2, 3], "uv": [184, 239]},
						{"origin": [-9, 134, -4], "size": [4, 2, 3], "uv": [184, 239]},
						{"origin": [4, 134, -4], "size": [4, 2, 3], "uv": [184, 239]},
						{"origin": [8, 134, -3], "size": [3, 2, 3], "uv": [184, 239]},
						{"origin": [-12, 134, -3], "size": [3, 2, 3], "uv": [184, 239]},
						{"origin": [-14, 134, -2], "size": [2, 2, 3], "uv": [184, 239]},
						{"origin": [11, 134, -2], "size": [2, 2, 3], "uv": [184, 239]},
						{"origin": [13, 134, -1], "size": [1, 2, 3], "uv": [184, 239]},
						{"origin": [-15, 134, -1], "size": [1, 2, 3], "uv": [184, 239]}
					]
				},
				{
					"name": "Aboca4",
					"parent": "Aboca",
					"pivot": [1, 167, 6],
					"cubes": [
						{"origin": [-5, 135, -4], "size": [9, 2, 3], "uv": [184, 239]},
						{"origin": [-9, 135, -3], "size": [4, 2, 3], "uv": [184, 239]},
						{"origin": [4, 135, -3], "size": [4, 2, 3], "uv": [184, 239]},
						{"origin": [8, 135, -2], "size": [3, 2, 3], "uv": [184, 239]},
						{"origin": [-12, 135, -2], "size": [3, 2, 3], "uv": [184, 239]},
						{"origin": [-14, 135, -1], "size": [2, 2, 3], "uv": [184, 239]},
						{"origin": [11, 135, -1], "size": [2, 2, 3], "uv": [184, 239]},
						{"origin": [13, 135, 0], "size": [1, 2, 3], "uv": [184, 239]},
						{"origin": [-15, 135, 0], "size": [1, 2, 3], "uv": [184, 239]}
					]
				},
				{
					"name": "Aboca5",
					"parent": "Aboca",
					"pivot": [1, 168, 7],
					"cubes": [
						{"origin": [-5, 136, -3], "size": [9, 2, 3], "uv": [184, 239]},
						{"origin": [-9, 136, -2], "size": [4, 2, 3], "uv": [184, 239]},
						{"origin": [4, 136, -2], "size": [4, 2, 3], "uv": [184, 239]},
						{"origin": [8, 136, -1], "size": [3, 2, 3], "uv": [184, 239]},
						{"origin": [-12, 136, -1], "size": [3, 2, 3], "uv": [184, 239]},
						{"origin": [-14, 136, 0], "size": [2, 2, 3], "uv": [184, 239]},
						{"origin": [11, 136, 0], "size": [2, 2, 3], "uv": [184, 239]},
						{"origin": [13, 136, 1], "size": [1, 2, 3], "uv": [184, 239]},
						{"origin": [-15, 136, 1], "size": [1, 2, 3], "uv": [184, 239]},
						{"origin": [-15, 133, -5], "size": [0, 14, 8], "uv": [184, 239]},
						{"origin": [14, 133, -5], "size": [0, 14, 8], "uv": [184, 239]}
					]
				},
				{
					"name": "Aboca6",
					"parent": "Aboca",
					"pivot": [1, 170, 8],
					"cubes": [
						{"origin": [-5, 138, -2], "size": [9, 2, 3], "uv": [184, 239]},
						{"origin": [-9, 138, -1], "size": [4, 2, 3], "uv": [184, 239]},
						{"origin": [4, 138, -1], "size": [4, 2, 3], "uv": [184, 239]},
						{"origin": [8, 138, 0], "size": [3, 2, 3], "uv": [184, 239]},
						{"origin": [-12, 138, 0], "size": [3, 2, 3], "uv": [184, 239]},
						{"origin": [-14, 138, 1], "size": [2, 2, 3], "uv": [184, 239]},
						{"origin": [11, 138, 1], "size": [2, 2, 3], "uv": [184, 239]},
						{"origin": [13, 138, 2], "size": [1, 2, 3], "uv": [184, 239]},
						{"origin": [-15, 138, 2], "size": [1, 2, 3], "uv": [184, 239]}
					]
				},
				{
					"name": "Aboca7",
					"parent": "Aboca",
					"pivot": [-0.5, 147, -6.27778],
					"rotation": [0, 0, -180],
					"cubes": [
						{"origin": [-5, 146, -10], "size": [9, 2, 3], "uv": [184, 239]},
						{"origin": [-9, 146, -9], "size": [4, 2, 3], "uv": [184, 239]},
						{"origin": [4, 146, -9], "size": [4, 2, 3], "uv": [184, 239]},
						{"origin": [8, 146, -8], "size": [3, 2, 3], "uv": [184, 239]},
						{"origin": [-12, 146, -8], "size": [3, 2, 3], "uv": [184, 239]},
						{"origin": [-14, 146, -7], "size": [2, 2, 3], "uv": [184, 239]},
						{"origin": [11, 146, -7], "size": [2, 2, 3], "uv": [184, 239]},
						{"origin": [13, 146, -6], "size": [1, 2, 3], "uv": [184, 239]},
						{"origin": [-15, 146, -6], "size": [1, 2, 3], "uv": [184, 239]}
					]
				},
				{
					"name": "Aboca8",
					"parent": "Aboca7",
					"pivot": [1, 179, 3],
					"cubes": [
						{"origin": [-5, 147, -7], "size": [9, 2, 3], "uv": [184, 239]},
						{"origin": [-9, 147, -6], "size": [4, 2, 3], "uv": [184, 239]},
						{"origin": [4, 147, -6], "size": [4, 2, 3], "uv": [184, 239]},
						{"origin": [8, 147, -5], "size": [3, 2, 3], "uv": [184, 239]},
						{"origin": [-12, 147, -5], "size": [3, 2, 3], "uv": [184, 239]},
						{"origin": [-14, 147, -4], "size": [2, 2, 3], "uv": [184, 239]},
						{"origin": [11, 147, -4], "size": [2, 2, 3], "uv": [184, 239]},
						{"origin": [13, 147, -3], "size": [1, 2, 3], "uv": [184, 239]},
						{"origin": [-15, 147, -3], "size": [1, 2, 3], "uv": [184, 239]}
					]
				},
				{
					"name": "Aboca9",
					"parent": "Aboca7",
					"pivot": [1, 180, 5],
					"cubes": [
						{"origin": [-5, 148, -5], "size": [9, 2, 3], "uv": [184, 239]},
						{"origin": [-9, 148, -4], "size": [4, 2, 3], "uv": [184, 239]},
						{"origin": [4, 148, -4], "size": [4, 2, 3], "uv": [184, 239]},
						{"origin": [8, 148, -3], "size": [3, 2, 3], "uv": [184, 239]},
						{"origin": [-12, 148, -3], "size": [3, 2, 3], "uv": [184, 239]},
						{"origin": [-14, 148, -2], "size": [2, 2, 3], "uv": [184, 239]},
						{"origin": [11, 148, -2], "size": [2, 2, 3], "uv": [184, 239]},
						{"origin": [13, 148, -1], "size": [1, 2, 3], "uv": [184, 239]},
						{"origin": [-15, 148, -1], "size": [1, 2, 3], "uv": [184, 239]}
					]
				},
				{
					"name": "Aboca10",
					"parent": "Aboca7",
					"pivot": [1, 181, 6],
					"cubes": [
						{"origin": [-5, 149, -4], "size": [9, 2, 3], "uv": [184, 239]},
						{"origin": [-9, 149, -3], "size": [4, 2, 3], "uv": [184, 239]},
						{"origin": [4, 149, -3], "size": [4, 2, 3], "uv": [184, 239]},
						{"origin": [8, 149, -2], "size": [3, 2, 3], "uv": [184, 239]},
						{"origin": [-12, 149, -2], "size": [3, 2, 3], "uv": [184, 239]},
						{"origin": [-14, 149, -1], "size": [2, 2, 3], "uv": [184, 239]},
						{"origin": [11, 149, -1], "size": [2, 2, 3], "uv": [184, 239]},
						{"origin": [13, 149, 0], "size": [1, 2, 3], "uv": [184, 239]},
						{"origin": [-15, 149, 0], "size": [1, 2, 3], "uv": [184, 239]}
					]
				},
				{
					"name": "Aboca11",
					"parent": "Aboca7",
					"pivot": [1, 182, 7],
					"cubes": [
						{"origin": [-5, 150, -3], "size": [9, 2, 3], "uv": [184, 239]},
						{"origin": [-9, 150, -2], "size": [4, 2, 3], "uv": [184, 239]},
						{"origin": [4, 150, -2], "size": [4, 2, 3], "uv": [184, 239]},
						{"origin": [8, 150, -1], "size": [3, 2, 3], "uv": [184, 239]},
						{"origin": [-12, 150, -1], "size": [3, 2, 3], "uv": [184, 239]},
						{"origin": [-14, 150, 0], "size": [2, 2, 3], "uv": [184, 239]},
						{"origin": [11, 150, 0], "size": [2, 2, 3], "uv": [184, 239]},
						{"origin": [13, 150, 1], "size": [1, 2, 3], "uv": [184, 239]},
						{"origin": [-15, 150, 1], "size": [1, 2, 3], "uv": [184, 239]}
					]
				},
				{
					"name": "Aboca12",
					"parent": "Aboca7",
					"pivot": [1, 184, 8],
					"cubes": [
						{"origin": [-5, 152, -2], "size": [9, 2, 3], "uv": [184, 239]},
						{"origin": [-9, 152, -1], "size": [4, 2, 3], "uv": [184, 239]},
						{"origin": [4, 152, -1], "size": [4, 2, 3], "uv": [184, 239]},
						{"origin": [8, 152, 0], "size": [3, 2, 3], "uv": [184, 239]},
						{"origin": [-12, 152, 0], "size": [3, 2, 3], "uv": [184, 239]},
						{"origin": [-14, 152, 1], "size": [2, 2, 3], "uv": [184, 239]},
						{"origin": [11, 152, 1], "size": [2, 2, 3], "uv": [184, 239]},
						{"origin": [13, 152, 2], "size": [1, 2, 3], "uv": [184, 239]},
						{"origin": [-15, 152, 2], "size": [1, 2, 3], "uv": [184, 239]}
					]
				},
				{
					"name": "bone",
					"parent": "ad",
					"pivot": [9.51549, 173.44983, -4.8125],
					"rotation": [-13.4936, -21.93857, 5.123],
					"cubes": [
						{"origin": [5, 170, -6], "size": [8, 7, 3], "uv": [26, 244]},
						{"origin": [11, 170, -5], "size": [10, 7, 2], "uv": [26, 244]},
						{"origin": [11, 170, -5], "size": [10, 7, 2], "pivot": [12.5, 173.5, -4.5], "rotation": [0, 0, -25], "uv": [26, 244]},
						{"origin": [11, 170, -5], "size": [10, 7, 2], "pivot": [12.5, 173.5, -4.5], "rotation": [0, 0, 32.5], "uv": [26, 244]},
						{"origin": [6, 169, -6], "size": [6, 9, 3], "uv": [26, 244]},
						{"origin": [6, 170, -7], "size": [6, 7, 5], "uv": [26, 244]},
						{"origin": [5, 171, -7], "size": [8, 5, 5], "uv": [26, 244]},
						{"origin": [6, 171, -8], "size": [6, 5, 7], "uv": [26, 244]}
					]
				},
				{
					"name": "bone2",
					"parent": "bone",
					"pivot": [8.65614, 173.45699, -4.8125],
					"rotation": [0, 0, -180],
					"cubes": [
						{"origin": [4, 170, -6], "size": [8, 7, 3], "uv": [26, 244]},
						{"origin": [10, 170, -5], "size": [10, 7, 2], "uv": [26, 244]},
						{"origin": [10, 170, -5], "size": [10, 7, 2], "pivot": [11.5, 173.5, -4.5], "rotation": [0, 0, -25], "uv": [26, 244]},
						{"origin": [10, 170, -5], "size": [10, 7, 2], "pivot": [11.5, 173.5, -4.5], "rotation": [0, 0, 32.5], "uv": [26, 244]},
						{"origin": [5, 169, -6], "size": [6, 9, 3], "uv": [26, 244]},
						{"origin": [5, 170, -7], "size": [7, 7, 5], "uv": [26, 244]},
						{"origin": [5, 171, -7], "size": [7, 5, 5], "uv": [26, 244]},
						{"origin": [5, 171, -8], "size": [6, 5, 7], "uv": [26, 244]}
					]
				},
				{
					"name": "corpo",
					"parent": "part1",
					"pivot": [-0.5, 108.70787, -7.27528],
					"cubes": [
						{"origin": [18, 130, -2], "size": [2, 3, 4], "uv": [0, 0]},
						{"origin": [-21, 130, -2], "size": [2, 3, 4], "uv": [0, 0]},
						{"origin": [18, 85, -2], "size": [2, 8, 4], "uv": [0, 0]},
						{"origin": [-21, 85, -2], "size": [2, 8, 4], "uv": [0, 0]},
						{"origin": [-20, 85, -5], "size": [2, 8, 3], "uv": [0, 0]},
						{"origin": [-20, 93, -7], "size": [2, 12, 2], "uv": [0, 0]},
						{"origin": [-20, 124, -7], "size": [2, 6, 2], "uv": [0, 0]},
						{"origin": [-19, 124, -9], "size": [2, 6, 2], "uv": [0, 0]},
						{"origin": [-17, 124, -10], "size": [2, 6, 2], "uv": [0, 0]},
						{"origin": [-15, 124, -11], "size": [3, 6, 2], "uv": [0, 0]},
						{"origin": [-12, 124, -12], "size": [3, 6, 2], "uv": [0, 0]},
						{"origin": [-9, 124, -13], "size": [4, 6, 2], "uv": [0, 0]},
						{"origin": [4, 124, -13], "size": [4, 6, 2], "uv": [0, 0]},
						{"origin": [8, 124, -12], "size": [3, 6, 2], "uv": [0, 0]},
						{"origin": [11, 124, -11], "size": [3, 6, 2], "uv": [0, 0]},
						{"origin": [14, 124, -10], "size": [2, 6, 2], "uv": [0, 0]},
						{"origin": [16, 124, -9], "size": [2, 6, 2], "uv": [0, 0]},
						{"origin": [17, 124, -7], "size": [2, 6, 2], "uv": [0, 0]},
						{"origin": [18, 124, -5], "size": [2, 6, 3], "uv": [0, 0]},
						{"origin": [-5, 124, -14], "size": [9, 6, 2], "uv": [0, 0]},
						{"origin": [-19, 93, -9], "size": [2, 12, 2], "uv": [0, 0]},
						{"origin": [-17, 93, -10], "size": [2, 12, 2], "uv": [0, 0]},
						{"origin": [-12, 93, -12], "size": [3, 12, 2], "uv": [0, 0]},
						{"origin": [8, 93, -12], "size": [3, 12, 2], "uv": [0, 0]},
						{"origin": [11, 93, -11], "size": [3, 12, 2], "uv": [0, 0]},
						{"origin": [16, 93, -9], "size": [2, 12, 2], "uv": [0, 0]},
						{"origin": [17, 93, -7], "size": [2, 12, 2], "uv": [0, 0]},
						{"origin": [18, 93, -5], "size": [2, 12, 3], "uv": [0, 0]},
						{"origin": [14, 93, -10], "size": [2, 12, 2], "uv": [0, 0]},
						{"origin": [-9, 93, -13], "size": [4, 12, 2], "uv": [0, 0]},
						{"origin": [4, 93, -13], "size": [4, 12, 2], "uv": [0, 0]},
						{"origin": [-5, 93, -14], "size": [9, 12, 2], "uv": [0, 0]},
						{"origin": [-15, 93, -11], "size": [3, 12, 2], "uv": [0, 0]},
						{"origin": [-21, 93, -5], "size": [2, 12, 3], "uv": [0, 0]},
						{"origin": [-21, 124, -5], "size": [2, 6, 3], "uv": [0, 0]},
						{"origin": [17, 85, -5], "size": [2, 8, 3], "uv": [0, 0]},
						{"origin": [17, 130, -5], "size": [2, 3, 3], "uv": [0, 0]},
						{"origin": [15, 130, -8], "size": [2, 3, 2], "uv": [0, 0]},
						{"origin": [14, 130, -9], "size": [2, 3, 2], "uv": [0, 0]},
						{"origin": [11, 130, -10], "size": [3, 3, 2], "uv": [0, 0]},
						{"origin": [8, 130, -11], "size": [3, 3, 2], "uv": [0, 0]},
						{"origin": [-12, 130, -11], "size": [3, 3, 2], "uv": [0, 0]},
						{"origin": [-15, 130, -10], "size": [3, 3, 2], "uv": [0, 0]},
						{"origin": [-17, 130, -9], "size": [2, 3, 2], "uv": [0, 0]},
						{"origin": [-18, 130, -8], "size": [2, 3, 2], "uv": [0, 0]},
						{"origin": [-19, 130, -7], "size": [2, 3, 2], "uv": [0, 0]},
						{"origin": [-20, 130, -5], "size": [2, 3, 3], "uv": [0, 0]},
						{"origin": [4, 130, -12], "size": [4, 3, 2], "uv": [0, 0]},
						{"origin": [-9, 130, -12], "size": [4, 3, 2], "uv": [0, 0]},
						{"origin": [-5, 130, -13], "size": [9, 3, 2], "uv": [0, 0]},
						{"origin": [16, 130, -7], "size": [2, 3, 2], "uv": [0, 0]},
						{"origin": [-19, 85, -7], "size": [2, 8, 2], "uv": [0, 0]},
						{"origin": [16, 85, -7], "size": [2, 8, 2], "uv": [0, 0]},
						{"origin": [15, 85, -8], "size": [2, 8, 2], "uv": [0, 0]},
						{"origin": [14, 85, -9], "size": [2, 8, 2], "uv": [0, 0]},
						{"origin": [-18, 85, -8], "size": [2, 8, 2], "uv": [0, 0]},
						{"origin": [-17, 85, -9], "size": [2, 8, 2], "uv": [0, 0]},
						{"origin": [-15, 85, -10], "size": [3, 8, 2], "uv": [0, 0]},
						{"origin": [11, 85, -10], "size": [3, 8, 2], "uv": [0, 0]},
						{"origin": [-12, 85, -11], "size": [3, 8, 2], "uv": [0, 0]},
						{"origin": [8, 85, -11], "size": [3, 8, 2], "uv": [0, 0]},
						{"origin": [-9, 85, -12], "size": [4, 9, 2], "uv": [0, 0]},
						{"origin": [4, 85, -12], "size": [4, 9, 2], "uv": [0, 0]},
						{"origin": [-5, 85, -13], "size": [9, 8, 28], "uv": [0, 0]},
						{"origin": [-15, 85, -10], "size": [29, 1, 24], "uv": [0, 0]},
						{"origin": [-19, 85, -7], "size": [37, 1, 19], "uv": [0, 0]},
						{"origin": [19, 126, -2], "size": [2, 4, 4], "uv": [0, 0]},
						{"origin": [-22, 126, -2], "size": [2, 4, 4], "uv": [0, 0]},
						{"origin": [19, 93, -2], "size": [2, 12, 4], "uv": [0, 0]},
						{"origin": [-22, 93, -2], "size": [2, 12, 4], "uv": [0, 0]},
						{"origin": [20, 105, -2], "size": [2, 21, 4], "uv": [0, 0]},
						{"origin": [-23, 105, -2], "size": [2, 21, 4], "uv": [0, 0]},
						{"origin": [-22, 105, -5], "size": [2, 21, 3], "uv": [0, 0]},
						{"origin": [-21, 105, -7], "size": [2, 21, 2], "uv": [0, 0]},
						{"origin": [-20, 105, -9], "size": [2, 21, 2], "uv": [0, 0]},
						{"origin": [-19, 105, -10], "size": [2, 21, 2], "uv": [0, 0]},
						{"origin": [-17, 105, -11], "size": [2, 21, 2], "uv": [0, 0]},
						{"origin": [-15, 105, -12], "size": [3, 21, 2], "uv": [0, 0]},
						{"origin": [-12, 105, -13], "size": [3, 21, 2], "uv": [0, 0]},
						{"origin": [8, 105, -13], "size": [3, 21, 2], "uv": [0, 0]},
						{"origin": [11, 105, -12], "size": [3, 21, 2], "uv": [0, 0]},
						{"origin": [14, 105, -11], "size": [2, 21, 2], "uv": [0, 0]},
						{"origin": [16, 105, -10], "size": [2, 21, 2], "uv": [0, 0]},
						{"origin": [17, 105, -9], "size": [2, 21, 2], "uv": [0, 0]},
						{"origin": [18, 105, -7], "size": [2, 21, 2], "uv": [0, 0]},
						{"origin": [19, 105, -5], "size": [2, 21, 3], "uv": [0, 0]},
						{"origin": [-9, 105, -14], "size": [4, 21, 2], "uv": [0, 0]},
						{"origin": [4, 105, -14], "size": [4, 21, 2], "uv": [0, 0]},
						{"origin": [-5, 105, -15], "size": [9, 21, 2], "uv": [0, 0]}
					]
				},
				{
					"name": "corpo2",
					"parent": "corpo",
					"pivot": [-0.5, 108.70787, 1.72472],
					"rotation": [0, 180, 0],
					"cubes": [
						{"origin": [18, 130, -4], "size": [2, 3, 6], "uv": [0, 0]},
						{"origin": [-21, 130, -4], "size": [2, 3, 6], "uv": [0, 0]},
						{"origin": [18, 85, -4], "size": [2, 8, 6], "uv": [0, 0]},
						{"origin": [-21, 85, -4], "size": [2, 8, 6], "uv": [0, 0]},
						{"origin": [-20, 85, -7], "size": [2, 8, 5], "uv": [0, 0]},
						{"origin": [-20, 93, -9], "size": [2, 12, 4], "uv": [0, 0]},
						{"origin": [-20, 124, -9], "size": [2, 6, 4], "uv": [0, 0]},
						{"origin": [-19, 124, -11], "size": [2, 6, 4], "uv": [0, 0]},
						{"origin": [-17, 124, -12], "size": [2, 6, 4], "uv": [0, 0]},
						{"origin": [-15, 124, -13], "size": [3, 6, 4], "uv": [0, 0]},
						{"origin": [-12, 124, -14], "size": [3, 6, 4], "uv": [0, 0]},
						{"origin": [-9, 124, -15], "size": [4, 6, 4], "uv": [0, 0]},
						{"origin": [4, 124, -15], "size": [4, 6, 4], "uv": [0, 0]},
						{"origin": [8, 124, -14], "size": [3, 6, 4], "uv": [0, 0]},
						{"origin": [11, 124, -13], "size": [3, 6, 4], "uv": [0, 0]},
						{"origin": [14, 124, -12], "size": [2, 6, 4], "uv": [0, 0]},
						{"origin": [16, 124, -11], "size": [2, 6, 4], "uv": [0, 0]},
						{"origin": [17, 124, -9], "size": [2, 6, 4], "uv": [0, 0]},
						{"origin": [18, 124, -7], "size": [2, 6, 5], "uv": [0, 0]},
						{"origin": [-5, 124, -16], "size": [9, 6, 4], "uv": [0, 0]},
						{"origin": [-19, 93, -11], "size": [2, 12, 4], "uv": [0, 0]},
						{"origin": [-17, 93, -12], "size": [2, 12, 4], "uv": [0, 0]},
						{"origin": [-12, 93, -14], "size": [3, 12, 4], "uv": [0, 0]},
						{"origin": [8, 93, -14], "size": [3, 12, 4], "uv": [0, 0]},
						{"origin": [11, 93, -13], "size": [3, 12, 4], "uv": [0, 0]},
						{"origin": [16, 93, -11], "size": [2, 12, 4], "uv": [0, 0]},
						{"origin": [17, 93, -9], "size": [2, 12, 4], "uv": [0, 0]},
						{"origin": [18, 93, -7], "size": [2, 12, 5], "uv": [0, 0]},
						{"origin": [14, 93, -12], "size": [2, 12, 4], "uv": [0, 0]},
						{"origin": [-9, 93, -15], "size": [4, 12, 4], "uv": [0, 0]},
						{"origin": [4, 93, -15], "size": [4, 12, 4], "uv": [0, 0]},
						{"origin": [-5, 93, -16], "size": [9, 12, 4], "uv": [0, 0]},
						{"origin": [-15, 93, -13], "size": [3, 12, 4], "uv": [0, 0]},
						{"origin": [-21, 93, -7], "size": [2, 12, 5], "uv": [0, 0]},
						{"origin": [-21, 124, -7], "size": [2, 6, 5], "uv": [0, 0]},
						{"origin": [17, 85, -7], "size": [2, 8, 5], "uv": [0, 0]},
						{"origin": [17, 130, -7], "size": [2, 3, 5], "uv": [0, 0]},
						{"origin": [15, 130, -10], "size": [2, 3, 4], "uv": [0, 0]},
						{"origin": [14, 130, -11], "size": [2, 3, 4], "uv": [0, 0]},
						{"origin": [11, 130, -12], "size": [3, 3, 4], "uv": [0, 0]},
						{"origin": [8, 130, -13], "size": [3, 3, 4], "uv": [0, 0]},
						{"origin": [-12, 130, -13], "size": [3, 3, 4], "uv": [0, 0]},
						{"origin": [-15, 130, -12], "size": [3, 3, 4], "uv": [0, 0]},
						{"origin": [-17, 130, -11], "size": [2, 3, 4], "uv": [0, 0]},
						{"origin": [-18, 130, -10], "size": [2, 3, 4], "uv": [0, 0]},
						{"origin": [-19, 130, -9], "size": [2, 3, 4], "uv": [0, 0]},
						{"origin": [-20, 130, -7], "size": [2, 3, 5], "uv": [0, 0]},
						{"origin": [4, 130, -14], "size": [4, 3, 4], "uv": [0, 0]},
						{"origin": [-9, 130, -14], "size": [4, 3, 4], "uv": [0, 0]},
						{"origin": [-5, 130, -15], "size": [9, 3, 4], "uv": [0, 0]},
						{"origin": [16, 130, -9], "size": [2, 3, 4], "uv": [0, 0]},
						{"origin": [-19, 85, -9], "size": [2, 8, 4], "uv": [0, 0]},
						{"origin": [16, 85, -9], "size": [2, 8, 4], "uv": [0, 0]},
						{"origin": [15, 85, -10], "size": [2, 8, 4], "uv": [0, 0]},
						{"origin": [14, 85, -11], "size": [2, 8, 4], "uv": [0, 0]},
						{"origin": [-18, 85, -10], "size": [2, 8, 4], "uv": [0, 0]},
						{"origin": [-17, 85, -11], "size": [2, 8, 4], "uv": [0, 0]},
						{"origin": [-15, 85, -12], "size": [3, 8, 4], "uv": [0, 0]},
						{"origin": [11, 85, -12], "size": [3, 8, 4], "uv": [0, 0]},
						{"origin": [-12, 85, -13], "size": [3, 8, 4], "uv": [0, 0]},
						{"origin": [8, 85, -13], "size": [3, 8, 4], "uv": [0, 0]},
						{"origin": [-9, 85, -14], "size": [4, 9, 4], "uv": [0, 0]},
						{"origin": [4, 85, -14], "size": [4, 9, 4], "uv": [0, 0]},
						{"origin": [-5, 85, -15], "size": [9, 8, 30], "uv": [0, 0]},
						{"origin": [-15, 85, -12], "size": [29, 1, 24], "uv": [0, 0]},
						{"origin": [-19, 85, -9], "size": [37, 1, 18], "uv": [0, 0]},
						{"origin": [19, 126, -4], "size": [2, 4, 6], "uv": [0, 0]},
						{"origin": [-22, 126, -4], "size": [2, 4, 6], "uv": [0, 0]},
						{"origin": [19, 93, -4], "size": [2, 12, 6], "uv": [0, 0]},
						{"origin": [-22, 93, -4], "size": [2, 12, 6], "uv": [0, 0]},
						{"origin": [20, 105, -4], "size": [2, 21, 6], "uv": [0, 0]},
						{"origin": [-23, 105, -4], "size": [2, 21, 6], "uv": [0, 0]},
						{"origin": [-22, 105, -7], "size": [2, 21, 5], "uv": [0, 0]},
						{"origin": [-21, 105, -9], "size": [2, 21, 4], "uv": [0, 0]},
						{"origin": [-20, 105, -11], "size": [2, 21, 4], "uv": [0, 0]},
						{"origin": [-19, 105, -12], "size": [2, 21, 4], "uv": [0, 0]},
						{"origin": [-17, 105, -13], "size": [2, 21, 4], "uv": [0, 0]},
						{"origin": [-15, 105, -14], "size": [3, 21, 4], "uv": [0, 0]},
						{"origin": [-12, 105, -15], "size": [3, 21, 4], "uv": [0, 0]},
						{"origin": [8, 105, -15], "size": [3, 21, 4], "uv": [0, 0]},
						{"origin": [11, 105, -14], "size": [3, 21, 4], "uv": [0, 0]},
						{"origin": [14, 105, -13], "size": [2, 21, 4], "uv": [0, 0]},
						{"origin": [16, 105, -12], "size": [2, 21, 4], "uv": [0, 0]},
						{"origin": [17, 105, -11], "size": [2, 21, 4], "uv": [0, 0]},
						{"origin": [18, 105, -9], "size": [2, 21, 4], "uv": [0, 0]},
						{"origin": [19, 105, -7], "size": [2, 21, 5], "uv": [0, 0]},
						{"origin": [-9, 105, -16], "size": [4, 21, 4], "uv": [0, 0]},
						{"origin": [4, 105, -16], "size": [4, 21, 4], "uv": [0, 0]},
						{"origin": [-5, 105, -17], "size": [9, 21, 4], "uv": [0, 0]}
					]
				},
				{
					"name": "brai",
					"parent": "part1",
					"pivot": [24, 133, 4],
					"rotation": [0, -5, 77.5]
				},
				{
					"name": "cm3",
					"parent": "brai",
					"pivot": [23.9, 133, 3],
					"cubes": [
						{"origin": [28, 124, 1], "size": [11, 18, 4], "uv": [0, 0]},
						{"origin": [28, 125, -1], "size": [11, 16, 8], "uv": [0, 0]},
						{"origin": [28, 126, -3], "size": [11, 14, 12], "uv": [0, 0]},
						{"origin": [28, 127, -4], "size": [11, 12, 14], "uv": [0, 0]},
						{"origin": [28, 129, -5], "size": [11, 8, 16], "uv": [0, 0]},
						{"origin": [28, 131, -6], "size": [11, 4, 18], "uv": [0, 0]},
						{"origin": [26, 125, 1], "size": [21, 16, 4], "uv": [0, 0]},
						{"origin": [26, 126, -1], "size": [21, 14, 8], "uv": [0, 0]},
						{"origin": [26, 127, -3], "size": [21, 12, 12], "uv": [0, 0]},
						{"origin": [26, 129, -4], "size": [21, 8, 14], "uv": [0, 0]},
						{"origin": [26, 131, -5], "size": [21, 4, 16], "uv": [0, 0]},
						{"origin": [25, 127, -1], "size": [31, 12, 8], "uv": [0, 0]},
						{"origin": [25, 128, -2], "size": [31, 10, 10], "uv": [0, 0]},
						{"origin": [25, 129, -3], "size": [31, 8, 12], "uv": [0, 0]},
						{"origin": [25, 131, -4], "size": [31, 4, 14], "uv": [0, 0]},
						{"origin": [25, 126, 1], "size": [31, 14, 4], "uv": [0, 0]},
						{"origin": [24, 127, 1], "size": [38, 12, 4], "uv": [0, 0]},
						{"origin": [24, 128, -1], "size": [38, 10, 8], "uv": [0, 0]},
						{"origin": [24, 129, -2], "size": [38, 8, 10], "uv": [0, 0]},
						{"origin": [24, 131, -3], "size": [38, 4, 12], "uv": [0, 0]}
					]
				},
				{
					"name": "bx3",
					"parent": "brai",
					"pivot": [59.9, 133, 3],
					"rotation": [0, 12.5, 10],
					"cubes": [
						{"origin": [64, 125, 2], "size": [8, 16, 2], "uv": [0, 0]},
						{"origin": [64, 126, 0], "size": [8, 14, 6], "uv": [0, 0]},
						{"origin": [64, 127, -2], "size": [8, 12, 10], "uv": [0, 0]},
						{"origin": [64, 128, -3], "size": [8, 10, 12], "uv": [0, 0]},
						{"origin": [64, 130, -4], "size": [8, 6, 14], "uv": [0, 0]},
						{"origin": [64, 132, -5], "size": [8, 2, 16], "uv": [0, 0]},
						{"origin": [62, 126, 2], "size": [18, 14, 2], "uv": [0, 0]},
						{"origin": [62, 127, 0], "size": [18, 12, 6], "uv": [0, 0]},
						{"origin": [62, 128, -2], "size": [18, 10, 10], "uv": [0, 0]},
						{"origin": [62, 130, -3], "size": [18, 6, 12], "uv": [0, 0]},
						{"origin": [62, 132, -4], "size": [18, 2, 14], "uv": [0, 0]},
						{"origin": [61, 128, 0], "size": [28, 10, 6], "uv": [0, 0]},
						{"origin": [61, 129, -1], "size": [28, 8, 8], "uv": [0, 0]},
						{"origin": [61, 130, -2], "size": [28, 6, 10], "uv": [0, 0]},
						{"origin": [61, 132, -3], "size": [28, 2, 12], "uv": [0, 0]},
						{"origin": [61, 127, 2], "size": [28, 12, 2], "uv": [0, 0]},
						{"origin": [60, 128, 2], "size": [35, 10, 2], "uv": [0, 0]},
						{"origin": [60, 129, 0], "size": [35, 8, 6], "uv": [0, 0]},
						{"origin": [60, 130, -1], "size": [35, 6, 8], "uv": [0, 0]},
						{"origin": [60, 132, -2], "size": [35, 2, 10], "uv": [0, 0]}
					]
				},
				{
					"name": "dedo5",
					"parent": "bx3",
					"pivot": [94.4, 134, 3],
					"rotation": [0, 0, 22.5],
					"cubes": [
						{"origin": [93.9, 133, -2], "size": [8, 2, 10], "uv": [0, 0]},
						{"origin": [93.9, 132, -1], "size": [8, 4, 8], "uv": [0, 0]},
						{"origin": [93.9, 131, 1], "size": [8, 6, 4], "uv": [0, 0]}
					]
				},
				{
					"name": "dd5",
					"parent": "dedo5",
					"pivot": [102.06667, 134, 3],
					"rotation": [0, 0, 32.5],
					"cubes": [
						{"origin": [99.9, 133, -1], "size": [7, 2, 8], "uv": [0, 0]},
						{"origin": [99.9, 133, 0], "size": [8, 2, 6], "uv": [0, 0]},
						{"origin": [99.9, 132, 1], "size": [7, 4, 4], "uv": [0, 0]}
					]
				},
				{
					"name": "dedo6",
					"parent": "bx3",
					"pivot": [91.4, 134, 0],
					"rotation": [115.10851, 9.29798, 53.78223],
					"cubes": [
						{"origin": [90.9, 133, -4], "size": [8, 2, 5], "uv": [0, 0]},
						{"origin": [90.9, 132, -3], "size": [8, 4, 3], "uv": [0, 0]}
					]
				},
				{
					"name": "dd6",
					"parent": "dedo6",
					"pivot": [99.06667, 134, 0],
					"rotation": [0, 0, 32.5],
					"cubes": [
						{"origin": [96.9, 133, -3], "size": [7, 2, 3], "uv": [0, 0]},
						{"origin": [96.9, 133, -2], "size": [8, 2, 1], "uv": [0, 0]}
					]
				},
				{
					"name": "brai2",
					"parent": "part1",
					"pivot": [-25, 134, 2],
					"rotation": [180, -2.5, 102.5]
				},
				{
					"name": "cm6",
					"parent": "brai2",
					"pivot": [-25.1, 134, 1],
					"cubes": [
						{"origin": [-21, 125, -1], "size": [11, 18, 4], "uv": [0, 0]},
						{"origin": [-21, 126, -3], "size": [11, 16, 8], "uv": [0, 0]},
						{"origin": [-21, 127, -5], "size": [11, 14, 12], "uv": [0, 0]},
						{"origin": [-21, 128, -6], "size": [11, 12, 14], "uv": [0, 0]},
						{"origin": [-21, 130, -7], "size": [11, 8, 16], "uv": [0, 0]},
						{"origin": [-21, 132, -8], "size": [11, 4, 18], "uv": [0, 0]},
						{"origin": [-23, 126, -1], "size": [21, 16, 4], "uv": [0, 0]},
						{"origin": [-23, 127, -3], "size": [21, 14, 8], "uv": [0, 0]},
						{"origin": [-23, 128, -5], "size": [21, 12, 12], "uv": [0, 0]},
						{"origin": [-23, 130, -6], "size": [21, 8, 14], "uv": [0, 0]},
						{"origin": [-23, 132, -7], "size": [21, 4, 16], "uv": [0, 0]},
						{"origin": [-24, 128, -3], "size": [31, 12, 8], "uv": [0, 0]},
						{"origin": [-24, 129, -4], "size": [31, 10, 10], "uv": [0, 0]},
						{"origin": [-24, 130, -5], "size": [31, 8, 12], "uv": [0, 0]},
						{"origin": [-24, 132, -6], "size": [31, 4, 14], "uv": [0, 0]},
						{"origin": [-24, 127, -1], "size": [31, 14, 4], "uv": [0, 0]},
						{"origin": [-25, 128, -1], "size": [38, 12, 4], "uv": [0, 0]},
						{"origin": [-25, 129, -3], "size": [38, 10, 8], "uv": [0, 0]},
						{"origin": [-25, 130, -4], "size": [38, 8, 10], "uv": [0, 0]},
						{"origin": [-25, 132, -5], "size": [38, 4, 12], "uv": [0, 0]}
					]
				},
				{
					"name": "bx6",
					"parent": "brai2",
					"pivot": [10.9, 134, 1],
					"rotation": [0, -7.5, 7.5],
					"cubes": [
						{"origin": [15, 126, 0], "size": [8, 16, 2], "uv": [0, 0]},
						{"origin": [15, 127, -2], "size": [8, 14, 6], "uv": [0, 0]},
						{"origin": [15, 128, -4], "size": [8, 12, 10], "uv": [0, 0]},
						{"origin": [15, 129, -5], "size": [8, 10, 12], "uv": [0, 0]},
						{"origin": [15, 131, -6], "size": [8, 6, 14], "uv": [0, 0]},
						{"origin": [15, 133, -7], "size": [8, 2, 16], "uv": [0, 0]},
						{"origin": [13, 127, 0], "size": [18, 14, 2], "uv": [0, 0]},
						{"origin": [13, 128, -2], "size": [18, 12, 6], "uv": [0, 0]},
						{"origin": [13, 129, -4], "size": [18, 10, 10], "uv": [0, 0]},
						{"origin": [13, 131, -5], "size": [18, 6, 12], "uv": [0, 0]},
						{"origin": [13, 133, -6], "size": [18, 2, 14], "uv": [0, 0]},
						{"origin": [12, 129, -2], "size": [28, 10, 6], "uv": [0, 0]},
						{"origin": [12, 130, -3], "size": [28, 8, 8], "uv": [0, 0]},
						{"origin": [12, 131, -4], "size": [28, 6, 10], "uv": [0, 0]},
						{"origin": [12, 133, -5], "size": [28, 2, 12], "uv": [0, 0]},
						{"origin": [12, 128, 0], "size": [28, 12, 2], "uv": [0, 0]},
						{"origin": [11, 129, 0], "size": [35, 10, 2], "uv": [0, 0]},
						{"origin": [11, 130, -2], "size": [35, 8, 6], "uv": [0, 0]},
						{"origin": [11, 131, -3], "size": [35, 6, 8], "uv": [0, 0]},
						{"origin": [11, 133, -4], "size": [35, 2, 10], "uv": [0, 0]}
					]
				},
				{
					"name": "dedo2",
					"parent": "bx6",
					"pivot": [45.4, 135, 1],
					"rotation": [0, 0, 22.5],
					"cubes": [
						{"origin": [44.9, 134, -4], "size": [8, 2, 10], "uv": [0, 0]},
						{"origin": [44.9, 133, -3], "size": [8, 4, 8], "uv": [0, 0]},
						{"origin": [44.9, 132, -1], "size": [8, 6, 4], "uv": [0, 0]}
					]
				},
				{
					"name": "dd2",
					"parent": "dedo2",
					"pivot": [53.06667, 135, 1],
					"rotation": [0, 0, 32.5],
					"cubes": [
						{"origin": [50.9, 134, -3], "size": [7, 2, 8], "uv": [0, 0]},
						{"origin": [50.9, 134, -2], "size": [8, 2, 6], "uv": [0, 0]},
						{"origin": [50.9, 133, -1], "size": [7, 4, 4], "uv": [0, 0]}
					]
				},
				{
					"name": "dedo11",
					"parent": "bx6",
					"pivot": [41.4, 133, 4],
					"rotation": [-83.16691, -37.83998, 44.4003],
					"cubes": [
						{"origin": [40.9, 132, 0], "size": [8, 2, 5], "uv": [0, 0]},
						{"origin": [40.9, 131, 1], "size": [8, 4, 3], "uv": [0, 0]}
					]
				},
				{
					"name": "dd7",
					"parent": "dedo11",
					"pivot": [49.06667, 133, 4],
					"rotation": [0, 0, 32.5],
					"cubes": [
						{"origin": [46.9, 132, 1], "size": [7, 2, 3], "uv": [0, 0]},
						{"origin": [46.9, 132, 2], "size": [8, 2, 1], "uv": [0, 0]}
					]
				},
				{
					"name": "part2",
					"parent": "banban",
					"pivot": [1, 164, 0]
				},
				{
					"name": "perna",
					"parent": "part2",
					"pivot": [12, 87, 3],
					"rotation": [0, 0, 87.5]
				},
				{
					"name": "cm4",
					"parent": "perna",
					"pivot": [11.9, 87, 2],
					"cubes": [
						{"origin": [16, 75, -1], "size": [11, 20, 6], "uv": [0, 0]},
						{"origin": [16, 76, -3], "size": [11, 18, 10], "uv": [0, 0]},
						{"origin": [16, 77, -5], "size": [11, 16, 14], "uv": [0, 0]},
						{"origin": [16, 78, -6], "size": [11, 14, 16], "uv": [0, 0]},
						{"origin": [16, 80, -7], "size": [11, 10, 18], "uv": [0, 0]},
						{"origin": [16, 82, -8], "size": [11, 6, 20], "uv": [0, 0]},
						{"origin": [14, 76, -1], "size": [21, 18, 6], "uv": [0, 0]},
						{"origin": [14, 77, -3], "size": [21, 16, 10], "uv": [0, 0]},
						{"origin": [14, 78, -5], "size": [21, 14, 14], "uv": [0, 0]},
						{"origin": [14, 80, -6], "size": [21, 10, 16], "uv": [0, 0]},
						{"origin": [14, 82, -7], "size": [21, 6, 18], "uv": [0, 0]},
						{"origin": [13, 78, -3], "size": [31, 14, 10], "uv": [0, 0]},
						{"origin": [13, 79, -4], "size": [31, 12, 12], "uv": [0, 0]},
						{"origin": [13, 80, -5], "size": [31, 10, 14], "uv": [0, 0]},
						{"origin": [13, 82, -6], "size": [31, 6, 16], "uv": [0, 0]},
						{"origin": [13, 77, -1], "size": [31, 16, 6], "uv": [0, 0]},
						{"origin": [12, 78, -1], "size": [38, 14, 6], "uv": [0, 0]},
						{"origin": [12, 79, -3], "size": [38, 12, 10], "uv": [0, 0]},
						{"origin": [12, 80, -4], "size": [38, 10, 12], "uv": [0, 0]},
						{"origin": [12, 82, -5], "size": [38, 6, 14], "uv": [0, 0]}
					]
				},
				{
					"name": "bx4",
					"parent": "perna",
					"pivot": [47.9, 87, 2],
					"cubes": [
						{"origin": [52, 76, 0], "size": [15, 18, 4], "uv": [0, 0]},
						{"origin": [52, 77, -2], "size": [15, 16, 8], "uv": [0, 0]},
						{"origin": [52, 78, -4], "size": [15, 14, 12], "uv": [0, 0]},
						{"origin": [52, 79, -5], "size": [15, 12, 14], "uv": [0, 0]},
						{"origin": [52, 81, -6], "size": [15, 8, 16], "uv": [0, 0]},
						{"origin": [52, 83, -7], "size": [15, 4, 18], "uv": [0, 0]},
						{"origin": [50, 77, 0], "size": [25, 16, 4], "uv": [0, 0]},
						{"origin": [50, 78, -2], "size": [25, 14, 8], "uv": [0, 0]},
						{"origin": [50, 79, -4], "size": [25, 12, 12], "uv": [0, 0]},
						{"origin": [50, 81, -5], "size": [25, 8, 14], "uv": [0, 0]},
						{"origin": [50, 83, -6], "size": [25, 4, 16], "uv": [0, 0]},
						{"origin": [49, 79, -2], "size": [35, 12, 8], "uv": [0, 0]},
						{"origin": [49, 80, -3], "size": [35, 10, 10], "uv": [0, 0]},
						{"origin": [49, 81, -4], "size": [35, 8, 12], "uv": [0, 0]},
						{"origin": [49, 83, -5], "size": [35, 4, 14], "uv": [0, 0]},
						{"origin": [49, 78, 0], "size": [35, 14, 4], "uv": [0, 0]},
						{"origin": [48, 79, 0], "size": [42, 12, 4], "uv": [0, 0]},
						{"origin": [48, 80, -2], "size": [42, 10, 8], "uv": [0, 0]},
						{"origin": [48, 81, -3], "size": [42, 8, 10], "uv": [0, 0]},
						{"origin": [48, 83, -4], "size": [42, 4, 12], "uv": [0, 0]}
					]
				},
				{
					"name": "sapato2",
					"parent": "bx4",
					"pivot": [89, 86, 2]
				},
				{
					"name": "dedo7",
					"parent": "sapato2",
					"pivot": [88.4, 85, 2],
					"rotation": [-177.67257, 80.56602, 92.16774],
					"cubes": [
						{"origin": [83.87329, 72.0001, -5.00869], "size": [23, 9, 14], "uv": [0, 0]},
						{"origin": [83.87329, 72.0001, -5.00869], "size": [25, 8, 14], "uv": [0, 0]},
						{"origin": [83.87329, 72.0001, -5.00869], "size": [26, 6, 14], "uv": [0, 0]},
						{"origin": [81.87329, 72.0001, -4.00869], "size": [25, 10, 12], "uv": [0, 0]},
						{"origin": [95.87329, 72.0001, -4.00869], "size": [13, 9, 12], "uv": [0, 0]},
						{"origin": [95.87329, 72.0001, -4.00869], "size": [14, 8, 12], "uv": [0, 0]},
						{"origin": [95.87329, 72.0001, -4.00869], "size": [15, 6, 12], "uv": [0, 0]},
						{"origin": [80.87329, 72.0001, -2.00869], "size": [26, 11, 8], "uv": [0, 0]},
						{"origin": [100.87329, 72.0001, -2.00869], "size": [8, 10, 8], "uv": [0, 0]},
						{"origin": [100.87329, 72.0001, -2.00869], "size": [9, 9, 8], "uv": [0, 0]},
						{"origin": [100.87329, 72.0001, -2.00869], "size": [10, 8, 8], "uv": [0, 0]},
						{"origin": [100.87329, 72.0001, -2.00869], "size": [11, 6, 8], "uv": [0, 0]}
					]
				},
				{
					"name": "dedo8",
					"parent": "dedo7",
					"pivot": [88.4, 85, 2],
					"rotation": [-0.58673, -12.11797, -0.00125],
					"cubes": [
						{"origin": [83.87329, 72.0001, -5.00869], "size": [23, 9, 14], "uv": [0, 0]},
						{"origin": [83.87329, 72.0001, -5.00869], "size": [25, 8, 14], "uv": [0, 0]},
						{"origin": [83.87329, 72.0001, -5.00869], "size": [26, 6, 14], "uv": [0, 0]},
						{"origin": [81.87329, 72.0001, -4.00869], "size": [25, 10, 12], "uv": [0, 0]},
						{"origin": [95.87329, 72.0001, -4.00869], "size": [13, 9, 12], "uv": [0, 0]},
						{"origin": [95.87329, 72.0001, -4.00869], "size": [14, 8, 12], "uv": [0, 0]},
						{"origin": [95.87329, 72.0001, -4.00869], "size": [15, 6, 12], "uv": [0, 0]},
						{"origin": [80.87329, 72.0001, -2.00869], "size": [26, 11, 8], "uv": [0, 0]},
						{"origin": [100.87329, 72.0001, -2.00869], "size": [8, 10, 8], "uv": [0, 0]},
						{"origin": [100.87329, 72.0001, -2.00869], "size": [9, 9, 8], "uv": [0, 0]},
						{"origin": [100.87329, 72.0001, -2.00869], "size": [10, 8, 8], "uv": [0, 0]},
						{"origin": [100.87329, 72.0001, -2.00869], "size": [11, 6, 8], "uv": [0, 0]}
					]
				},
				{
					"name": "perna2",
					"parent": "part2",
					"pivot": [-10, 87, 3],
					"rotation": [0, 0, 92.5]
				},
				{
					"name": "cm5",
					"parent": "perna2",
					"pivot": [-10.1, 87, 2],
					"cubes": [
						{"origin": [-6, 75, -1], "size": [11, 20, 6], "uv": [0, 0]},
						{"origin": [-6, 76, -3], "size": [11, 18, 10], "uv": [0, 0]},
						{"origin": [-6, 77, -5], "size": [11, 16, 14], "uv": [0, 0]},
						{"origin": [-6, 78, -6], "size": [11, 14, 16], "uv": [0, 0]},
						{"origin": [-6, 80, -7], "size": [11, 10, 18], "uv": [0, 0]},
						{"origin": [-6, 82, -8], "size": [11, 6, 20], "uv": [0, 0]},
						{"origin": [-8, 76, -1], "size": [21, 18, 6], "uv": [0, 0]},
						{"origin": [-8, 77, -3], "size": [21, 16, 10], "uv": [0, 0]},
						{"origin": [-8, 78, -5], "size": [21, 14, 14], "uv": [0, 0]},
						{"origin": [-8, 80, -6], "size": [21, 10, 16], "uv": [0, 0]},
						{"origin": [-8, 82, -7], "size": [21, 6, 18], "uv": [0, 0]},
						{"origin": [-9, 78, -3], "size": [31, 14, 10], "uv": [0, 0]},
						{"origin": [-9, 79, -4], "size": [31, 12, 12], "uv": [0, 0]},
						{"origin": [-9, 80, -5], "size": [31, 10, 14], "uv": [0, 0]},
						{"origin": [-9, 82, -6], "size": [31, 6, 16], "uv": [0, 0]},
						{"origin": [-9, 77, -1], "size": [31, 16, 6], "uv": [0, 0]},
						{"origin": [-10, 78, -1], "size": [38, 14, 6], "uv": [0, 0]},
						{"origin": [-10, 79, -3], "size": [38, 12, 10], "uv": [0, 0]},
						{"origin": [-10, 80, -4], "size": [38, 10, 12], "uv": [0, 0]},
						{"origin": [-10, 82, -5], "size": [38, 6, 14], "uv": [0, 0]}
					]
				},
				{
					"name": "bx5",
					"parent": "perna2",
					"pivot": [25.9, 87, 2],
					"cubes": [
						{"origin": [30, 76, 0], "size": [15, 18, 4], "uv": [0, 0]},
						{"origin": [30, 77, -2], "size": [15, 16, 8], "uv": [0, 0]},
						{"origin": [30, 78, -4], "size": [15, 14, 12], "uv": [0, 0]},
						{"origin": [30, 79, -5], "size": [15, 12, 14], "uv": [0, 0]},
						{"origin": [30, 81, -6], "size": [15, 8, 16], "uv": [0, 0]},
						{"origin": [30, 83, -7], "size": [15, 4, 18], "uv": [0, 0]},
						{"origin": [28, 77, 0], "size": [25, 16, 4], "uv": [0, 0]},
						{"origin": [28, 78, -2], "size": [25, 14, 8], "uv": [0, 0]},
						{"origin": [28, 79, -4], "size": [25, 12, 12], "uv": [0, 0]},
						{"origin": [28, 81, -5], "size": [25, 8, 14], "uv": [0, 0]},
						{"origin": [28, 83, -6], "size": [25, 4, 16], "uv": [0, 0]},
						{"origin": [27, 79, -2], "size": [35, 12, 8], "uv": [0, 0]},
						{"origin": [27, 80, -3], "size": [35, 10, 10], "uv": [0, 0]},
						{"origin": [27, 81, -4], "size": [35, 8, 12], "uv": [0, 0]},
						{"origin": [27, 83, -5], "size": [35, 4, 14], "uv": [0, 0]},
						{"origin": [27, 78, 0], "size": [35, 14, 4], "uv": [0, 0]},
						{"origin": [26, 79, 0], "size": [42, 12, 4], "uv": [0, 0]},
						{"origin": [26, 80, -2], "size": [42, 10, 8], "uv": [0, 0]},
						{"origin": [26, 81, -3], "size": [42, 8, 10], "uv": [0, 0]},
						{"origin": [26, 83, -4], "size": [42, 4, 12], "uv": [0, 0]}
					]
				},
				{
					"name": "sapato3",
					"parent": "bx5",
					"pivot": [67, 86, 2]
				},
				{
					"name": "dedo9",
					"parent": "sapato3",
					"pivot": [66.4, 85, 2],
					"rotation": [-175.0704, 85.5573, 94.78662],
					"cubes": [
						{"origin": [61.87329, 72.0001, -5.00869], "size": [23, 9, 14], "uv": [0, 0]},
						{"origin": [61.87329, 72.0001, -5.00869], "size": [25, 8, 14], "uv": [0, 0]},
						{"origin": [61.87329, 72.0001, -5.00869], "size": [26, 6, 14], "uv": [0, 0]},
						{"origin": [59.87329, 72.0001, -4.00869], "size": [25, 10, 12], "uv": [0, 0]},
						{"origin": [73.87329, 72.0001, -4.00869], "size": [13, 9, 12], "uv": [0, 0]},
						{"origin": [73.87329, 72.0001, -4.00869], "size": [14, 8, 12], "uv": [0, 0]},
						{"origin": [73.87329, 72.0001, -4.00869], "size": [15, 6, 12], "uv": [0, 0]},
						{"origin": [58.87329, 72.0001, -2.00869], "size": [26, 11, 8], "uv": [0, 0]},
						{"origin": [78.87329, 72.0001, -2.00869], "size": [8, 10, 8], "uv": [0, 0]},
						{"origin": [78.87329, 72.0001, -2.00869], "size": [9, 9, 8], "uv": [0, 0]},
						{"origin": [78.87329, 72.0001, -2.00869], "size": [10, 8, 8], "uv": [0, 0]},
						{"origin": [78.87329, 72.0001, -2.00869], "size": [11, 6, 8], "uv": [0, 0]}
					]
				},
				{
					"name": "dedo10",
					"parent": "dedo9",
					"pivot": [66.4, 85, 2],
					"rotation": [-0.58673, -12.11797, -0.00125],
					"cubes": [
						{"origin": [61.87329, 72.0001, -5.00869], "size": [23, 9, 14], "uv": [0, 0]},
						{"origin": [61.87329, 72.0001, -5.00869], "size": [25, 8, 14], "uv": [0, 0]},
						{"origin": [61.87329, 72.0001, -5.00869], "size": [26, 6, 14], "uv": [0, 0]},
						{"origin": [59.87329, 72.0001, -4.00869], "size": [25, 10, 12], "uv": [0, 0]},
						{"origin": [73.87329, 72.0001, -4.00869], "size": [13, 9, 12], "uv": [0, 0]},
						{"origin": [73.87329, 72.0001, -4.00869], "size": [14, 8, 12], "uv": [0, 0]},
						{"origin": [73.87329, 72.0001, -4.00869], "size": [15, 6, 12], "uv": [0, 0]},
						{"origin": [58.87329, 72.0001, -2.00869], "size": [26, 11, 8], "uv": [0, 0]},
						{"origin": [78.87329, 72.0001, -2.00869], "size": [8, 10, 8], "uv": [0, 0]},
						{"origin": [78.87329, 72.0001, -2.00869], "size": [9, 9, 8], "uv": [0, 0]},
						{"origin": [78.87329, 72.0001, -2.00869], "size": [10, 8, 8], "uv": [0, 0]},
						{"origin": [78.87329, 72.0001, -2.00869], "size": [11, 6, 8], "uv": [0, 0]}
					]
				}
			]
		}
	]
}