{
	"format_version": "1.12.0",
	"minecraft:geometry": [
		{
			"description": {
				"identifier": "geometry.jumbo_josh",
				"texture_width": 260,
				"texture_height": 260,
				"visible_bounds_width": 13,
				"visible_bounds_height": 7.5,
				"visible_bounds_offset": [0, 3.25, 0]
			},
			"bones": [
				{
					"name": "jumbjosh",
					"pivot": [0, 0, 0]
				},
				{
					"name": "part1",
					"parent": "jumbjosh",
					"pivot": [0, 47, -2],
					"rotation": [30, 0, 0]
				},
				{
					"name": "ad",
					"parent": "part1",
					"pivot": [0, 70, -3],
					"rotation": [-27.5, 0, 0]
				},
				{
					"name": "mask",
					"parent": "ad",
					"pivot": [0, 70, -4],
					"cubes": [
						{"origin": [-8, 70, -9], "size": [16, 2, 12], "uv": [0, 0]},
						{"origin": [8, 71, -9], "size": [3, 2, 12], "uv": [0, 0]},
						{"origin": [-11, 71, -9], "size": [3, 2, 12], "uv": [0, 0]},
						{"origin": [11, 72, -9], "size": [3, 2, 12], "uv": [0, 0]},
						{"origin": [-14, 72, -9], "size": [3, 2, 12], "uv": [0, 0]},
						{"origin": [15, 74, -9], "size": [2, 2, 12], "uv": [0, 0]},
						{"origin": [-17, 74, -9], "size": [2, 2, 12], "uv": [0, 0]},
						{"origin": [16, 75, -9], "size": [2, 2, 12], "uv": [0, 0]},
						{"origin": [-18, 75, -9], "size": [2, 2, 12], "uv": [0, 0]},
						{"origin": [17, 77, -9], "size": [2, 5, 12], "uv": [0, 0]},
						{"origin": [-19, 77, -9], "size": [2, 5, 12], "uv": [0, 0]},
						{"origin": [14, 73, -9], "size": [2, 2, 12], "uv": [0, 0]},
						{"origin": [-16, 73, -9], "size": [2, 2, 12], "uv": [0, 0]}
					]
				},
				{
					"name": "mask2",
					"parent": "mask",
					"pivot": [0, 92, -4],
					"rotation": [0, 0, -180],
					"cubes": [
						{"origin": [-8, 92, -9], "size": [16, 2, 12], "uv": [0, 0]},
						{"origin": [-8, 93, -12], "size": [16, 2, 3], "uv": [0, 0]},
						{"origin": [-11, 95, -14], "size": [3, 2, 2], "uv": [0, 0]},
						{"origin": [8, 95, -14], "size": [3, 2, 2], "uv": [0, 0]},
						{"origin": [-11, 97, -17], "size": [3, 2, 2], "uv": [0, 0]},
						{"origin": [8, 97, -17], "size": [3, 2, 2], "uv": [0, 0]},
						{"origin": [8, 99, -18], "size": [3, 4, 2], "uv": [0, 0]},
						{"origin": [-11, 99, -18], "size": [3, 4, 2], "uv": [0, 0]},
						{"origin": [-11, 96, -16], "size": [3, 2, 2], "uv": [0, 0]},
						{"origin": [8, 96, -16], "size": [3, 2, 2], "uv": [0, 0]},
						{"origin": [-11, 94, -12], "size": [3, 2, 3], "uv": [0, 0]},
						{"origin": [8, 94, -12], "size": [3, 2, 3], "uv": [0, 0]},
						{"origin": [11, 95, -12], "size": [3, 2, 3], "uv": [0, 0]},
						{"origin": [-14, 95, -12], "size": [3, 2, 3], "uv": [0, 0]},
						{"origin": [-16, 97, -14], "size": [2, 2, 2], "uv": [0, 0]},
						{"origin": [14, 97, -14], "size": [2, 2, 2], "uv": [0, 0]},
						{"origin": [-16, 98, -15], "size": [2, 2, 2], "uv": [0, 0]},
						{"origin": [14, 98, -15], "size": [2, 2, 2], "uv": [0, 0]},
						{"origin": [-16, 99, -16], "size": [2, 6, 2], "uv": [0, 0]},
						{"origin": [14, 99, -16], "size": [2, 6, 2], "uv": [0, 0]},
						{"origin": [-16, 96, -12], "size": [2, 2, 3], "uv": [0, 0]},
						{"origin": [14, 96, -12], "size": [2, 2, 3], "uv": [0, 0]},
						{"origin": [-17, 97, -12], "size": [2, 2, 3], "uv": [0, 0]},
						{"origin": [15, 97, -12], "size": [2, 2, 3], "uv": [0, 0]},
						{"origin": [-17, 98, -14], "size": [2, 2, 2], "uv": [0, 0]},
						{"origin": [15, 98, -14], "size": [2, 2, 2], "uv": [0, 0]},
						{"origin": [-18, 99, -12], "size": [2, 3, 3], "uv": [0, 0]},
						{"origin": [16, 99, -12], "size": [2, 3, 3], "uv": [0, 0]},
						{"origin": [-18, 100, -13], "size": [2, 2, 3], "uv": [0, 0]},
						{"origin": [16, 100, -13], "size": [2, 4, 4], "uv": [0, 0]},
						{"origin": [-17, 99, -15], "size": [2, 3, 2], "uv": [0, 0]},
						{"origin": [15, 99, -15], "size": [2, 5, 2], "uv": [0, 0]},
						{"origin": [-14, 96, -14], "size": [3, 2, 2], "uv": [0, 0]},
						{"origin": [11, 96, -14], "size": [3, 2, 2], "uv": [0, 0]},
						{"origin": [-14, 97, -16], "size": [3, 2, 2], "uv": [0, 0]},
						{"origin": [11, 97, -16], "size": [3, 2, 2], "uv": [0, 0]},
						{"origin": [-14, 99, -17], "size": [3, 3, 2], "uv": [0, 0]},
						{"origin": [11, 99, -17], "size": [3, 3, 2], "uv": [0, 0]},
						{"origin": [-8, 95, -16], "size": [16, 2, 2], "uv": [0, 0]},
						{"origin": [-8, 96, -17], "size": [16, 2, 2], "uv": [0, 0]},
						{"origin": [-8, 97, -18], "size": [16, 2, 2], "uv": [0, 0]},
						{"origin": [-8, 99, -19], "size": [16, 4, 2], "uv": [0, 0]},
						{"origin": [-11, 102, -16], "size": [22, 7, 1], "pivot": [0, 106, -16.5], "rotation": [-7.5, 0, 0], "uv": [184, 28]},
						{"origin": [11, 100.87375, -16.07382], "size": [5, 6, 1], "pivot": [11.5, 105.37375, -15.57382], "rotation": [-7.7614, -14.8687, 2.00307], "uv": [184, 28]},
						{"origin": [-16, 100.87803, -16.13908], "size": [5, 7, 1], "pivot": [-11, 104.87803, -15.63908], "rotation": [-7.7614, 14.8687, -2.00307], "uv": [184, 28]},
						{"origin": [-8, 94, -14], "size": [16, 2, 2], "uv": [0, 0]},
						{"origin": [8, 93, -9], "size": [3, 2, 12], "uv": [0, 0]},
						{"origin": [-11, 93, -9], "size": [3, 2, 12], "uv": [0, 0]},
						{"origin": [11, 94, -9], "size": [3, 2, 12], "uv": [0, 0]},
						{"origin": [-14, 94, -9], "size": [3, 2, 12], "uv": [0, 0]},
						{"origin": [15, 96, -9], "size": [2, 2, 12], "uv": [0, 0]},
						{"origin": [-17, 96, -9], "size": [2, 2, 12], "uv": [0, 0]},
						{"origin": [16, 97, -9], "size": [2, 2, 12], "uv": [0, 0]},
						{"origin": [-18, 97, -9], "size": [2, 2, 12], "uv": [0, 0]},
						{"origin": [17, 99, -9], "size": [2, 5, 12], "uv": [0, 0]},
						{"origin": [-19, 99, -9], "size": [2, 5, 12], "uv": [0, 0]},
						{"origin": [14, 95, -9], "size": [2, 2, 12], "uv": [0, 0]},
						{"origin": [-16, 95, -9], "size": [2, 2, 12], "uv": [0, 0]}
					]
				},
				{
					"name": "mask3",
					"parent": "mask",
					"pivot": [0, 92, -4],
					"rotation": [0, 0, -180],
					"cubes": [
						{"origin": [-8, 92, -9], "size": [16, 2, 12], "uv": [0, 0]},
						{"origin": [8, 93, -9], "size": [3, 2, 12], "uv": [0, 0]},
						{"origin": [-11, 93, -9], "size": [3, 2, 12], "uv": [0, 0]},
						{"origin": [11, 94, -9], "size": [3, 2, 12], "uv": [0, 0]},
						{"origin": [-14, 94, -9], "size": [3, 2, 12], "uv": [0, 0]},
						{"origin": [15, 96, -9], "size": [2, 2, 12], "uv": [0, 0]},
						{"origin": [-17, 96, -9], "size": [2, 2, 12], "uv": [0, 0]},
						{"origin": [16, 97, -9], "size": [2, 2, 12], "uv": [0, 0]},
						{"origin": [-18, 97, -9], "size": [2, 2, 12], "uv": [0, 0]},
						{"origin": [17, 99, -9], "size": [2, 5, 12], "uv": [0, 0]},
						{"origin": [-19, 99, -9], "size": [2, 5, 12], "uv": [0, 0]},
						{"origin": [14, 95, -9], "size": [2, 2, 12], "uv": [0, 0]},
						{"origin": [-16, 95, -9], "size": [2, 2, 12], "uv": [0, 0]}
					]
				},
				{
					"name": "mask4",
					"parent": "mask3",
					"pivot": [0, 114, -4],
					"rotation": [0, 0, -180],
					"cubes": [
						{"origin": [-8, 114, -9], "size": [16, 2, 12], "uv": [0, 0]},
						{"origin": [-8, 115, -12], "size": [16, 2, 3], "uv": [0, 0]},
						{"origin": [-11, 117, -14], "size": [3, 2, 2], "uv": [0, 0]},
						{"origin": [8, 117, -14], "size": [3, 2, 2], "uv": [0, 0]},
						{"origin": [-11, 119, -17], "size": [3, 1, 2], "uv": [0, 0]},
						{"origin": [8, 119, -17], "size": [3, 1, 2], "uv": [0, 0]},
						{"origin": [-11, 118, -16], "size": [3, 2, 2], "uv": [0, 0]},
						{"origin": [8, 118, -16], "size": [3, 2, 2], "uv": [0, 0]},
						{"origin": [-11, 116, -12], "size": [3, 2, 3], "uv": [0, 0]},
						{"origin": [8, 116, -12], "size": [3, 2, 3], "uv": [0, 0]},
						{"origin": [11, 117, -12], "size": [3, 2, 3], "uv": [0, 0]},
						{"origin": [-14, 117, -12], "size": [3, 2, 3], "uv": [0, 0]},
						{"origin": [-16, 119, -14], "size": [2, 2, 2], "uv": [0, 0]},
						{"origin": [14, 119, -14], "size": [2, 2, 2], "uv": [0, 0]},
						{"origin": [-16, 120, -15], "size": [2, 2, 2], "uv": [0, 0]},
						{"origin": [14, 120, -15], "size": [2, 2, 2], "uv": [0, 0]},
						{"origin": [-16, 121, -16], "size": [1, 3, 2], "uv": [0, 0]},
						{"origin": [-16, 121, -16], "size": [2, 2, 2], "uv": [0, 0]},
						{"origin": [14, 121, -16], "size": [2, 2, 2], "uv": [0, 0]},
						{"origin": [15, 121, -16], "size": [1, 3, 2], "uv": [0, 0]},
						{"origin": [-16, 118, -12], "size": [2, 2, 3], "uv": [0, 0]},
						{"origin": [14, 118, -12], "size": [2, 2, 3], "uv": [0, 0]},
						{"origin": [-17, 119, -12], "size": [2, 2, 3], "uv": [0, 0]},
						{"origin": [15, 119, -12], "size": [2, 2, 3], "uv": [0, 0]},
						{"origin": [-17, 120, -14], "size": [2, 2, 2], "uv": [0, 0]},
						{"origin": [15, 120, -14], "size": [2, 2, 2], "uv": [0, 0]},
						{"origin": [-18, 121, -12], "size": [2, 3, 3], "uv": [0, 0]},
						{"origin": [16, 121, -12], "size": [2, 3, 3], "uv": [0, 0]},
						{"origin": [-18, 122, -13], "size": [2, 2, 3], "uv": [0, 0]},
						{"origin": [16, 122, -13], "size": [2, 5, 5], "uv": [0, 0]},
						{"origin": [-17, 121, -15], "size": [2, 3, 2], "uv": [0, 0]},
						{"origin": [15, 121, -15], "size": [2, 6, 2], "uv": [0, 0]},
						{"origin": [-14, 118, -14], "size": [3, 2, 2], "uv": [0, 0]},
						{"origin": [11, 118, -14], "size": [3, 2, 2], "uv": [0, 0]},
						{"origin": [-14, 119, -16], "size": [3, 2, 2], "uv": [0, 0]},
						{"origin": [-14, 120, -16], "size": [1, 2, 2], "uv": [0, 0]},
						{"origin": [13, 120, -16], "size": [1, 2, 2], "uv": [0, 0]},
						{"origin": [11, 119, -16], "size": [3, 2, 2], "uv": [0, 0]},
						{"origin": [-8, 117, -16], "size": [16, 2, 2], "uv": [0, 0]},
						{"origin": [-8, 118, -17], "size": [16, 1, 2], "uv": [0, 0]},
						{"origin": [-4, 119, -17], "size": [3, 2, 2], "uv": [235, 80]},
						{"origin": [-7, 119, -17], "size": [3, 2, 2], "uv": [235, 80]},
						{"origin": [-10, 119, -16], "size": [3, 3, 2], "pivot": [-8.5, 119.5, -16], "rotation": [12.39638, -1.61888, 7.32417], "uv": [235, 80]},
						{"origin": [-13.03681, 119.34511, -15.9763], "size": [3, 3, 2], "pivot": [-9.5, 119.5, -15], "rotation": [12.51972, 8.14682, 9.48231], "uv": [235, 80]},
						{"origin": [-1, 119, -17], "size": [3, 2, 2], "uv": [235, 80]},
						{"origin": [2, 119, -17], "size": [3, 2, 2], "uv": [235, 80]},
						{"origin": [2, 111, -17], "size": [3, 3, 2], "pivot": [3.5, 118.5, -16], "rotation": [0, 0, -180], "uv": [235, 80]},
						{"origin": [-1, 111, -17], "size": [3, 3, 2], "pivot": [3.5, 118.5, -16], "rotation": [0, 0, -180], "uv": [235, 80]},
						{"origin": [-4, 111, -17], "size": [3, 3, 2], "pivot": [3.5, 118.5, -16], "rotation": [0, 0, -180], "uv": [235, 80]},
						{"origin": [5, 111, -17], "size": [3, 3, 2], "pivot": [3.5, 118.5, -16], "rotation": [0, 0, -180], "uv": [235, 80]},
						{"origin": [8, 111, -17], "size": [3, 3, 2], "pivot": [3.5, 118.5, -16], "rotation": [0, 0, -180], "uv": [235, 80]},
						{"origin": [11, 111, -17], "size": [3, 3, 2], "pivot": [3.5, 118.5, -16], "rotation": [0, 0, -180], "uv": [235, 80]},
						{"origin": [14, 111, -17], "size": [3, 3, 2], "pivot": [3.5, 118.5, -16], "rotation": [0, 0, -180], "uv": [235, 80]},
						{"origin": [17, 111, -17], "size": [3, 3, 2], "pivot": [3.5, 118.5, -16], "rotation": [0, 0, -180], "uv": [235, 80]},
						{"origin": [-7, 111, -17], "size": [3, 3, 2], "pivot": [3.5, 118.5, -16], "rotation": [0, 0, -180], "uv": [235, 80]},
						{"origin": [5, 119, -17], "size": [3, 2, 2], "uv": [235, 80]},
						{"origin": [8, 119, -16], "size": [3, 3, 2], "pivot": [9.5, 120.5, -16], "rotation": [17.35932, 2.24944, -7.15656], "uv": [235, 80]},
						{"origin": [10.92332, 120.4831, -16.25442], "size": [3, 2, 2], "pivot": [10.5, 121.5, -15], "rotation": [17.60404, -9.67751, -10.91269], "uv": [235, 80]},
						{"origin": [-8, 116, -14], "size": [16, 2, 2], "uv": [0, 0]},
						{"origin": [8, 115, -9], "size": [3, 2, 12], "uv": [0, 0]},
						{"origin": [-11, 115, -9], "size": [3, 2, 12], "uv": [0, 0]},
						{"origin": [11, 116, -9], "size": [3, 2, 12], "uv": [0, 0]},
						{"origin": [-14, 116, -9], "size": [3, 2, 12], "uv": [0, 0]},
						{"origin": [15, 118, -9], "size": [2, 2, 12], "uv": [0, 0]},
						{"origin": [-17, 118, -9], "size": [2, 2, 12], "uv": [0, 0]},
						{"origin": [16, 119, -9], "size": [2, 2, 12], "uv": [0, 0]},
						{"origin": [-18, 119, -9], "size": [2, 2, 12], "uv": [0, 0]},
						{"origin": [17, 121, -9], "size": [2, 5, 12], "uv": [0, 0]},
						{"origin": [-19, 121, -9], "size": [2, 5, 12], "uv": [0, 0]},
						{"origin": [14, 117, -9], "size": [2, 2, 12], "uv": [0, 0]},
						{"origin": [-16, 117, -9], "size": [2, 2, 12], "uv": [0, 0]}
					]
				},
				{
					"name": "mask5",
					"parent": "mask",
					"pivot": [0, 70, -2],
					"rotation": [0, 180, 0],
					"cubes": [
						{"origin": [-8, 70, -7], "size": [16, 2, 12], "uv": [0, 0]},
						{"origin": [8, 71, -7], "size": [3, 2, 12], "uv": [0, 0]},
						{"origin": [-11, 71, -7], "size": [3, 2, 12], "uv": [0, 0]},
						{"origin": [11, 72, -7], "size": [3, 2, 12], "uv": [0, 0]},
						{"origin": [-14, 72, -7], "size": [3, 2, 12], "uv": [0, 0]},
						{"origin": [15, 74, -7], "size": [2, 2, 12], "uv": [0, 0]},
						{"origin": [-17, 74, -7], "size": [2, 2, 12], "uv": [0, 0]},
						{"origin": [16, 75, -7], "size": [2, 2, 12], "uv": [0, 0]},
						{"origin": [-18, 75, -7], "size": [2, 2, 12], "uv": [0, 0]},
						{"origin": [17, 77, -7], "size": [2, 5, 12], "uv": [0, 0]},
						{"origin": [-19, 77, -7], "size": [2, 5, 12], "uv": [0, 0]},
						{"origin": [14, 73, -7], "size": [2, 2, 12], "uv": [0, 0]},
						{"origin": [-16, 73, -7], "size": [2, 2, 12], "uv": [0, 0]}
					]
				},
				{
					"name": "mask6",
					"parent": "mask5",
					"pivot": [0, 92, -2],
					"rotation": [0, 0, -180],
					"cubes": [
						{"origin": [-8, 92, -7], "size": [16, 2, 12], "uv": [0, 0]},
						{"origin": [-8, 93, -10], "size": [16, 2, 3], "uv": [0, 0]},
						{"origin": [-11, 95, -12], "size": [3, 2, 2], "uv": [0, 0]},
						{"origin": [8, 95, -12], "size": [3, 2, 2], "uv": [0, 0]},
						{"origin": [-11, 97, -15], "size": [3, 2, 2], "uv": [0, 0]},
						{"origin": [8, 97, -15], "size": [3, 2, 2], "uv": [0, 0]},
						{"origin": [8, 99, -16], "size": [3, 8, 2], "uv": [0, 0]},
						{"origin": [-11, 99, -16], "size": [3, 8, 2], "uv": [0, 0]},
						{"origin": [-11, 96, -14], "size": [3, 2, 2], "uv": [0, 0]},
						{"origin": [8, 96, -14], "size": [3, 2, 2], "uv": [0, 0]},
						{"origin": [-11, 94, -10], "size": [3, 2, 3], "uv": [0, 0]},
						{"origin": [8, 94, -10], "size": [3, 2, 3], "uv": [0, 0]},
						{"origin": [11, 95, -10], "size": [3, 2, 3], "uv": [0, 0]},
						{"origin": [-14, 95, -10], "size": [3, 2, 3], "uv": [0, 0]},
						{"origin": [-16, 97, -12], "size": [2, 2, 2], "uv": [0, 0]},
						{"origin": [14, 97, -12], "size": [2, 2, 2], "uv": [0, 0]},
						{"origin": [-16, 98, -13], "size": [2, 2, 2], "uv": [0, 0]},
						{"origin": [14, 98, -13], "size": [2, 2, 2], "uv": [0, 0]},
						{"origin": [-16, 99, -14], "size": [2, 6, 2], "uv": [0, 0]},
						{"origin": [14, 99, -14], "size": [2, 6, 2], "uv": [0, 0]},
						{"origin": [-16, 96, -10], "size": [2, 2, 3], "uv": [0, 0]},
						{"origin": [14, 96, -10], "size": [2, 2, 3], "uv": [0, 0]},
						{"origin": [-17, 97, -10], "size": [2, 2, 3], "uv": [0, 0]},
						{"origin": [15, 97, -10], "size": [2, 2, 3], "uv": [0, 0]},
						{"origin": [-17, 98, -12], "size": [2, 2, 2], "uv": [0, 0]},
						{"origin": [15, 98, -12], "size": [2, 2, 2], "uv": [0, 0]},
						{"origin": [-18, 99, -10], "size": [2, 3, 3], "uv": [0, 0]},
						{"origin": [16, 99, -10], "size": [2, 3, 3], "uv": [0, 0]},
						{"origin": [-18, 100, -11], "size": [2, 2, 3], "uv": [0, 0]},
						{"origin": [16, 100, -11], "size": [2, 4, 4], "uv": [0, 0]},
						{"origin": [-17, 99, -13], "size": [2, 3, 2], "uv": [0, 0]},
						{"origin": [15, 99, -13], "size": [2, 5, 2], "uv": [0, 0]},
						{"origin": [-14, 96, -12], "size": [3, 2, 2], "uv": [0, 0]},
						{"origin": [11, 96, -12], "size": [3, 2, 2], "uv": [0, 0]},
						{"origin": [-14, 97, -14], "size": [3, 2, 2], "uv": [0, 0]},
						{"origin": [11, 97, -14], "size": [3, 2, 2], "uv": [0, 0]},
						{"origin": [-14, 99, -15], "size": [3, 8, 2], "uv": [0, 0]},
						{"origin": [11, 99, -15], "size": [3, 8, 2], "uv": [0, 0]},
						{"origin": [-8, 95, -14], "size": [16, 2, 2], "uv": [0, 0]},
						{"origin": [-8, 96, -15], "size": [16, 2, 2], "uv": [0, 0]},
						{"origin": [-8, 97, -16], "size": [16, 2, 2], "uv": [0, 0]},
						{"origin": [-8, 99, -17], "size": [16, 8, 2], "uv": [0, 0]},
						{"origin": [-11, 102, -14], "size": [22, 7, 1], "pivot": [0, 106, -14.5], "rotation": [-7.5, 0, 0], "uv": [184, 28]},
						{"origin": [11, 100.87375, -14.07382], "size": [5, 6, 1], "pivot": [11.5, 105.37375, -13.57382], "rotation": [-7.7614, -14.8687, 2.00307], "uv": [184, 28]},
						{"origin": [-16, 100.87803, -14.13908], "size": [5, 7, 1], "pivot": [-11, 104.87803, -13.63908], "rotation": [-7.7614, 14.8687, -2.00307], "uv": [184, 28]},
						{"origin": [-8, 94, -12], "size": [16, 2, 2], "uv": [0, 0]},
						{"origin": [8, 93, -7], "size": [3, 2, 12], "uv": [0, 0]},
						{"origin": [-11, 93, -7], "size": [3, 2, 12], "uv": [0, 0]},
						{"origin": [11, 94, -7], "size": [3, 2, 12], "uv": [0, 0]},
						{"origin": [-14, 94, -7], "size": [3, 2, 12], "uv": [0, 0]},
						{"origin": [15, 96, -7], "size": [2, 2, 12], "uv": [0, 0]},
						{"origin": [-17, 96, -7], "size": [2, 2, 12], "uv": [0, 0]},
						{"origin": [16, 97, -7], "size": [2, 2, 12], "uv": [0, 0]},
						{"origin": [-18, 97, -7], "size": [2, 2, 12], "uv": [0, 0]},
						{"origin": [17, 99, -7], "size": [2, 5, 12], "uv": [0, 0]},
						{"origin": [-19, 99, -7], "size": [2, 5, 12], "uv": [0, 0]},
						{"origin": [14, 95, -7], "size": [2, 2, 12], "uv": [0, 0]},
						{"origin": [-16, 95, -7], "size": [2, 2, 12], "uv": [0, 0]}
					]
				},
				{
					"name": "mask7",
					"parent": "mask5",
					"pivot": [0, 92, -2],
					"rotation": [0, 0, -180],
					"cubes": [
						{"origin": [-8, 92, -7], "size": [16, 2, 12], "uv": [0, 0]},
						{"origin": [8, 93, -7], "size": [3, 2, 12], "uv": [0, 0]},
						{"origin": [-11, 93, -7], "size": [3, 2, 12], "uv": [0, 0]},
						{"origin": [11, 94, -7], "size": [3, 2, 12], "uv": [0, 0]},
						{"origin": [-14, 94, -7], "size": [3, 2, 12], "uv": [0, 0]},
						{"origin": [15, 96, -7], "size": [2, 2, 12], "uv": [0, 0]},
						{"origin": [-17, 96, -7], "size": [2, 2, 12], "uv": [0, 0]},
						{"origin": [16, 97, -7], "size": [2, 2, 12], "uv": [0, 0]},
						{"origin": [-18, 97, -7], "size": [2, 2, 12], "uv": [0, 0]},
						{"origin": [17, 99, -7], "size": [2, 5, 12], "uv": [0, 0]},
						{"origin": [-19, 99, -7], "size": [2, 5, 12], "uv": [0, 0]},
						{"origin": [14, 95, -7], "size": [2, 2, 12], "uv": [0, 0]},
						{"origin": [-16, 95, -7], "size": [2, 2, 12], "uv": [0, 0]}
					]
				},
				{
					"name": "mask8",
					"parent": "mask7",
					"pivot": [0, 114, -2],
					"rotation": [0, 0, -180],
					"cubes": [
						{"origin": [-8, 114, -7], "size": [16, 2, 12], "uv": [0, 0]},
						{"origin": [-8, 115, -10], "size": [16, 2, 3], "uv": [0, 0]},
						{"origin": [-11, 117, -12], "size": [3, 2, 2], "uv": [0, 0]},
						{"origin": [8, 117, -12], "size": [3, 2, 2], "uv": [0, 0]},
						{"origin": [-11, 119, -15], "size": [3, 2, 2], "uv": [0, 0]},
						{"origin": [8, 119, -15], "size": [3, 2, 2], "uv": [0, 0]},
						{"origin": [-11, 118, -14], "size": [3, 2, 2], "uv": [0, 0]},
						{"origin": [8, 118, -14], "size": [3, 2, 2], "uv": [0, 0]},
						{"origin": [-11, 116, -10], "size": [3, 2, 3], "uv": [0, 0]},
						{"origin": [8, 116, -10], "size": [3, 2, 3], "uv": [0, 0]},
						{"origin": [11, 117, -10], "size": [3, 2, 3], "uv": [0, 0]},
						{"origin": [-14, 117, -10], "size": [3, 2, 3], "uv": [0, 0]},
						{"origin": [-16, 119, -12], "size": [2, 2, 2], "uv": [0, 0]},
						{"origin": [14, 119, -12], "size": [2, 2, 2], "uv": [0, 0]},
						{"origin": [-16, 120, -13], "size": [2, 2, 2], "uv": [0, 0]},
						{"origin": [14, 120, -13], "size": [2, 2, 2], "uv": [0, 0]},
						{"origin": [-16, 121, -14], "size": [1, 3, 2], "uv": [0, 0]},
						{"origin": [-16, 121, -14], "size": [2, 2, 2], "uv": [0, 0]},
						{"origin": [14, 121, -14], "size": [2, 2, 2], "uv": [0, 0]},
						{"origin": [15, 121, -14], "size": [1, 3, 2], "uv": [0, 0]},
						{"origin": [-16, 118, -10], "size": [2, 2, 3], "uv": [0, 0]},
						{"origin": [14, 118, -10], "size": [2, 2, 3], "uv": [0, 0]},
						{"origin": [-17, 119, -10], "size": [2, 2, 3], "uv": [0, 0]},
						{"origin": [15, 119, -10], "size": [2, 2, 3], "uv": [0, 0]},
						{"origin": [-17, 120, -12], "size": [2, 2, 2], "uv": [0, 0]},
						{"origin": [15, 120, -12], "size": [2, 2, 2], "uv": [0, 0]},
						{"origin": [-18, 121, -10], "size": [2, 3, 3], "uv": [0, 0]},
						{"origin": [16, 121, -10], "size": [2, 3, 3], "uv": [0, 0]},
						{"origin": [-18, 122, -11], "size": [2, 2, 3], "uv": [0, 0]},
						{"origin": [16, 122, -11], "size": [2, 5, 5], "uv": [0, 0]},
						{"origin": [-17, 121, -13], "size": [2, 3, 2], "uv": [0, 0]},
						{"origin": [15, 121, -13], "size": [2, 6, 2], "uv": [0, 0]},
						{"origin": [-14, 118, -12], "size": [3, 2, 2], "uv": [0, 0]},
						{"origin": [11, 118, -12], "size": [3, 2, 2], "uv": [0, 0]},
						{"origin": [-14, 119, -14], "size": [3, 2, 2], "uv": [0, 0]},
						{"origin": [-14, 120, -14], "size": [1, 2, 2], "uv": [0, 0]},
						{"origin": [13, 120, -14], "size": [1, 2, 2], "uv": [0, 0]},
						{"origin": [11, 119, -14], "size": [3, 2, 2], "uv": [0, 0]},
						{"origin": [-8, 117, -14], "size": [16, 2, 2], "uv": [0, 0]},
						{"origin": [-8, 118, -15], "size": [16, 1, 2], "uv": [0, 0]},
						{"origin": [-8, 119, -16], "size": [16, 2, 2], "uv": [0, 0]},
						{"origin": [-4, 119, -15], "size": [3, 2, 2], "uv": [235, 80]},
						{"origin": [-7, 119, -15], "size": [3, 2, 2], "uv": [235, 80]},
						{"origin": [-10, 119, -14], "size": [3, 3, 2], "pivot": [-8.5, 119.5, -14], "rotation": [12.39638, -1.61888, 7.32417], "uv": [235, 80]},
						{"origin": [-13.03681, 119.34511, -13.9763], "size": [3, 3, 2], "pivot": [-9.5, 119.5, -13], "rotation": [12.51972, 8.14682, 9.48231], "uv": [235, 80]},
						{"origin": [-1, 119, -15], "size": [3, 2, 2], "uv": [235, 80]},
						{"origin": [2, 119, -15], "size": [3, 2, 2], "uv": [235, 80]},
						{"origin": [2, 111, -15], "size": [3, 3, 2], "pivot": [3.5, 118.5, -14], "rotation": [0, 0, -180], "uv": [235, 80]},
						{"origin": [-1, 111, -15], "size": [3, 3, 2], "pivot": [3.5, 118.5, -14], "rotation": [0, 0, -180], "uv": [235, 80]},
						{"origin": [-4, 111, -15], "size": [3, 3, 2], "pivot": [3.5, 118.5, -14], "rotation": [0, 0, -180], "uv": [235, 80]},
						{"origin": [5, 111, -15], "size": [3, 3, 2], "pivot": [3.5, 118.5, -14], "rotation": [0, 0, -180], "uv": [235, 80]},
						{"origin": [8, 111, -15], "size": [3, 3, 2], "pivot": [3.5, 118.5, -14], "rotation": [0, 0, -180], "uv": [235, 80]},
						{"origin": [11, 111, -15], "size": [3, 3, 2], "pivot": [3.5, 118.5, -14], "rotation": [0, 0, -180], "uv": [235, 80]},
						{"origin": [14, 111, -15], "size": [3, 3, 2], "pivot": [3.5, 118.5, -14], "rotation": [0, 0, -180], "uv": [235, 80]},
						{"origin": [5, 119, -15], "size": [3, 2, 2], "uv": [235, 80]},
						{"origin": [8, 119, -14], "size": [3, 3, 2], "pivot": [9.5, 120.5, -14], "rotation": [17.35932, 2.24944, -7.15656], "uv": [235, 80]},
						{"origin": [10.92332, 120.4831, -14.25442], "size": [3, 2, 2], "pivot": [10.5, 121.5, -13], "rotation": [17.60404, -9.67751, -10.91269], "uv": [235, 80]},
						{"origin": [-8, 116, -12], "size": [16, 2, 2], "uv": [0, 0]},
						{"origin": [8, 115, -7], "size": [3, 2, 12], "uv": [0, 0]},
						{"origin": [-11, 115, -7], "size": [3, 2, 12], "uv": [0, 0]},
						{"origin": [11, 116, -7], "size": [3, 2, 12], "uv": [0, 0]},
						{"origin": [-14, 116, -7], "size": [3, 2, 12], "uv": [0, 0]},
						{"origin": [15, 118, -7], "size": [2, 2, 12], "uv": [0, 0]},
						{"origin": [-17, 118, -7], "size": [2, 2, 12], "uv": [0, 0]},
						{"origin": [16, 119, -7], "size": [2, 2, 12], "uv": [0, 0]},
						{"origin": [-18, 119, -7], "size": [2, 2, 12], "uv": [0, 0]},
						{"origin": [17, 121, -7], "size": [2, 5, 12], "uv": [0, 0]},
						{"origin": [-19, 121, -7], "size": [2, 5, 12], "uv": [0, 0]},
						{"origin": [14, 117, -7], "size": [2, 2, 12], "uv": [0, 0]},
						{"origin": [-16, 117, -7], "size": [2, 2, 12], "uv": [0, 0]}
					]
				},
				{
					"name": "olho",
					"parent": "ad",
					"pivot": [7, 86, -16.33333],
					"rotation": [-12.60443, -7.32123, 1.63219],
					"cubes": [
						{"origin": [5, 83, -20], "size": [4, 6, 4], "uv": [188, 240]},
						{"origin": [4, 84, -20], "size": [6, 4, 4], "uv": [188, 240]},
						{"origin": [5, 82, -19], "size": [4, 8, 3], "uv": [188, 240]},
						{"origin": [4, 83, -19], "size": [6, 6, 3], "uv": [188, 240]},
						{"origin": [3, 84, -19], "size": [8, 4, 3], "uv": [188, 240]}
					]
				},
				{
					"name": "bone2",
					"parent": "olho",
					"pivot": [7, 85, -18.5],
					"cubes": [
						{"origin": [5, 83, -21], "size": [4, 4, 1], "uv": [192, 43]}
					]
				},
				{
					"name": "olho2",
					"parent": "ad",
					"pivot": [-7, 86, -16.33333],
					"rotation": [-12.79362, 12.19908, -2.74715],
					"cubes": [
						{"origin": [-9, 83, -20], "size": [4, 6, 4], "uv": [188, 240]},
						{"origin": [-10, 84, -20], "size": [6, 4, 4], "uv": [188, 240]},
						{"origin": [-9, 82, -19], "size": [4, 8, 3], "uv": [188, 240]},
						{"origin": [-10, 83, -19], "size": [6, 6, 3], "uv": [188, 240]},
						{"origin": [-11, 84, -19], "size": [8, 4, 3], "uv": [188, 240]}
					]
				},
				{
					"name": "bone",
					"parent": "olho2",
					"pivot": [-7, 85, -18.5],
					"cubes": [
						{"origin": [-9, 83, -21], "size": [4, 4, 1], "uv": [192, 43]}
					]
				},
				{
					"name": "corpo",
					"parent": "part1",
					"pivot": [0, 72, -2],
					"cubes": [
						{"origin": [-9, 66, -5], "size": [18, 7, 8], "uv": [0, 0]},
						{"origin": [-8, 66, -6], "size": [16, 7, 10], "uv": [0, 0]},
						{"origin": [-7, 66, -7], "size": [14, 7, 12], "uv": [0, 0]},
						{"origin": [-6, 66, -8], "size": [12, 7, 14], "uv": [0, 0]},
						{"origin": [-5, 66, -9], "size": [10, 7, 16], "uv": [0, 0]},
						{"origin": [-11, 67, -5], "size": [22, 1, 8], "uv": [0, 0]},
						{"origin": [-10, 67, -7], "size": [20, 1, 10], "uv": [0, 0]},
						{"origin": [-13, 63, -5], "size": [26, 4, 8], "uv": [0, 0]},
						{"origin": [-13, 46, -7], "size": [26, 19, 12], "uv": [0, 0]},
						{"origin": [-12, 46, -9], "size": [24, 19, 16], "uv": [0, 0]},
						{"origin": [-12, 46, -7], "size": [24, 21, 12], "uv": [0, 0]},
						{"origin": [-11, 46, -10], "size": [22, 19, 18], "uv": [0, 0]},
						{"origin": [-11, 48, -9], "size": [22, 19, 16], "uv": [0, 0]},
						{"origin": [-9, 46, -11], "size": [18, 19, 20], "uv": [0, 0]},
						{"origin": [-9, 46, -10], "size": [18, 21, 18], "uv": [0, 0]},
						{"origin": [-9, 46, -8], "size": [18, 22, 14], "uv": [0, 0]},
						{"origin": [-7, 46, -11], "size": [14, 21, 20], "uv": [0, 0]},
						{"origin": [-7, 46, -9], "size": [14, 22, 16], "uv": [0, 0]},
						{"origin": [-7, 46, -12], "size": [14, 19, 22], "uv": [0, 0]},
						{"origin": [-14, 46, -5], "size": [28, 19, 8], "uv": [0, 0]}
					]
				},
				{
					"name": "brao",
					"parent": "part1",
					"pivot": [14, 63, -1],
					"rotation": [0, 25, 75]
				},
				{
					"name": "cm",
					"parent": "brao",
					"pivot": [11.94444, 63.5, -1],
					"cubes": [
						{"origin": [12, 60, -2], "size": [3, 6, 2], "uv": [0, 0]},
						{"origin": [13, 60, -4], "size": [4, 6, 6], "uv": [0, 0]},
						{"origin": [13, 62, -5], "size": [4, 2, 8], "uv": [0, 0]},
						{"origin": [12, 62, -4], "size": [4, 2, 6], "uv": [0, 0]},
						{"origin": [13, 59, -2], "size": [4, 8, 2], "uv": [0, 0]},
						{"origin": [15, 58, -2], "size": [10, 10, 2], "uv": [0, 0]},
						{"origin": [15, 59, -4], "size": [10, 8, 6], "uv": [0, 0]},
						{"origin": [15, 60, -5], "size": [10, 6, 8], "uv": [0, 0]},
						{"origin": [15, 62, -6], "size": [10, 2, 10], "uv": [0, 0]}
					]
				},
				{
					"name": "cm2",
					"parent": "cm",
					"pivot": [24.94444, 63.5, -1],
					"cubes": [
						{"origin": [22, 59, -2], "size": [4, 8, 2], "uv": [0, 0]},
						{"origin": [23, 59, -4], "size": [5, 8, 6], "uv": [0, 0]},
						{"origin": [23, 61, -5], "size": [5, 4, 8], "uv": [0, 0]},
						{"origin": [22, 61, -4], "size": [5, 4, 6], "uv": [0, 0]},
						{"origin": [23, 58, -2], "size": [5, 10, 2], "uv": [0, 0]},
						{"origin": [25, 57, -2], "size": [11, 12, 2], "uv": [0, 0]},
						{"origin": [25, 58, -4], "size": [11, 10, 6], "uv": [0, 0]},
						{"origin": [25, 59, -5], "size": [11, 8, 8], "uv": [0, 0]},
						{"origin": [25, 60, -6], "size": [11, 6, 10], "uv": [0, 0]},
						{"origin": [25, 62, -7], "size": [11, 2, 12], "uv": [0, 0]}
					]
				},
				{
					"name": "cm3",
					"parent": "cm2",
					"pivot": [35.94444, 63.5, -1],
					"rotation": [0, -10, 0],
					"cubes": [
						{"origin": [33, 58, -2], "size": [3, 10, 2], "uv": [0, 0]},
						{"origin": [34, 58, -4], "size": [4, 10, 6], "uv": [0, 0]},
						{"origin": [34, 60, -5], "size": [4, 6, 8], "uv": [0, 0]},
						{"origin": [33, 60, -4], "size": [4, 6, 6], "uv": [0, 0]},
						{"origin": [34, 57, -2], "size": [4, 12, 2], "uv": [0, 0]},
						{"origin": [36, 56, -2], "size": [10, 14, 2], "uv": [0, 0]},
						{"origin": [36, 57, -4], "size": [10, 12, 6], "uv": [0, 0]},
						{"origin": [36, 58, -5], "size": [10, 10, 8], "uv": [0, 0]},
						{"origin": [36, 59, -6], "size": [10, 8, 10], "uv": [0, 0]},
						{"origin": [36, 60, -7], "size": [10, 6, 12], "uv": [0, 0]},
						{"origin": [36, 62, -8], "size": [10, 2, 14], "uv": [0, 0]}
					]
				},
				{
					"name": "cm4",
					"parent": "cm3",
					"pivot": [45.94444, 63.5, -1],
					"rotation": [0, -12.5, 0],
					"cubes": [
						{"origin": [43, 57, -2], "size": [4, 12, 2], "uv": [0, 0]},
						{"origin": [44, 57, -4], "size": [5, 12, 6], "uv": [0, 0]},
						{"origin": [44, 59, -5], "size": [5, 8, 8], "uv": [0, 0]},
						{"origin": [43, 59, -4], "size": [5, 8, 6], "uv": [0, 0]},
						{"origin": [44, 56, -2], "size": [5, 14, 2], "uv": [0, 0]},
						{"origin": [46, 55, -2], "size": [11, 16, 2], "uv": [0, 0]},
						{"origin": [46, 56, -4], "size": [11, 14, 6], "uv": [0, 0]},
						{"origin": [46, 57, -5], "size": [11, 12, 8], "uv": [0, 0]},
						{"origin": [46, 58, -6], "size": [11, 10, 10], "uv": [0, 0]},
						{"origin": [46, 59, -7], "size": [11, 8, 12], "uv": [0, 0]},
						{"origin": [46, 60, -8], "size": [11, 6, 14], "uv": [0, 0]},
						{"origin": [46, 62, -9], "size": [11, 2, 16], "uv": [0, 0]}
					]
				},
				{
					"name": "cm5",
					"parent": "cm4",
					"pivot": [56.94444, 63.5, -1],
					"rotation": [0, -22.5, 0],
					"cubes": [
						{"origin": [54, 56, -5], "size": [4, 14, 7], "uv": [0, 0]},
						{"origin": [55, 56, -7], "size": [5, 14, 11], "uv": [0, 0]},
						{"origin": [55, 58, -8], "size": [5, 10, 13], "uv": [0, 0]},
						{"origin": [54, 58, -7], "size": [5, 10, 11], "uv": [0, 0]},
						{"origin": [55, 55, -5], "size": [5, 16, 7], "uv": [0, 0]},
						{"origin": [57, 54, -5], "size": [11, 18, 7], "uv": [0, 0]},
						{"origin": [57, 55, -7], "size": [11, 16, 11], "uv": [0, 0]},
						{"origin": [57, 56, -8], "size": [11, 14, 13], "uv": [0, 0]},
						{"origin": [57, 57, -9], "size": [11, 12, 15], "uv": [0, 0]},
						{"origin": [57, 59, -10], "size": [11, 8, 17], "uv": [0, 0]}
					]
				},
				{
					"name": "cm6",
					"parent": "cm5",
					"pivot": [67.94444, 63.5, -1],
					"rotation": [0, -30, 0],
					"cubes": [
						{"origin": [65, 55, -5], "size": [3, 16, 7], "uv": [0, 0]},
						{"origin": [66, 55, -7], "size": [4, 16, 11], "uv": [0, 0]},
						{"origin": [66, 57, -8], "size": [4, 12, 13], "uv": [0, 0]},
						{"origin": [65, 57, -7], "size": [4, 12, 11], "uv": [0, 0]},
						{"origin": [66, 54, -5], "size": [4, 18, 7], "uv": [0, 0]},
						{"origin": [68, 53, -5], "size": [10, 20, 7], "uv": [0, 0]},
						{"origin": [68, 54, -7], "size": [10, 18, 11], "uv": [0, 0]},
						{"origin": [68, 55, -8], "size": [10, 16, 13], "uv": [0, 0]},
						{"origin": [68, 56, -9], "size": [10, 14, 15], "uv": [0, 0]},
						{"origin": [68, 57, -10], "size": [10, 12, 17], "uv": [0, 0]},
						{"origin": [68, 59, -11], "size": [10, 8, 19], "uv": [0, 0]}
					]
				},
				{
					"name": "cm7",
					"parent": "cm6",
					"pivot": [77.94444, 63.5, -1],
					"cubes": [
						{"origin": [75, 57, -5], "size": [4, 12, 7], "uv": [0, 0]},
						{"origin": [76, 57, -7], "size": [5, 12, 11], "uv": [0, 0]},
						{"origin": [76, 59, -8], "size": [5, 8, 13], "uv": [0, 0]},
						{"origin": [75, 59, -7], "size": [5, 8, 11], "uv": [0, 0]},
						{"origin": [76, 56, -5], "size": [5, 14, 7], "uv": [0, 0]},
						{"origin": [78, 55, -5], "size": [11, 16, 7], "uv": [0, 0]},
						{"origin": [78, 56, -7], "size": [11, 14, 11], "uv": [0, 0]},
						{"origin": [89, 56, -7], "size": [1, 14, 11], "uv": [51, 202]},
						{"origin": [78, 57, -8], "size": [12, 12, 13], "uv": [0, 0]},
						{"origin": [90, 57, -8], "size": [1, 12, 13], "uv": [27, 204]},
						{"origin": [78, 58, -9], "size": [12, 10, 15], "uv": [0, 0]},
						{"origin": [90, 58, -9], "size": [2, 10, 15], "uv": [26, 188]},
						{"origin": [78, 59, -10], "size": [13, 8, 17], "uv": [0, 0]},
						{"origin": [78, 60, -11], "size": [12, 6, 19], "uv": [0, 0]},
						{"origin": [78, 62, -12], "size": [11, 2, 21], "uv": [0, 0]}
					]
				},
				{
					"name": "dedo",
					"parent": "cm6",
					"pivot": [73.44444, 65, -8.83333],
					"rotation": [31.81076, -19.54848, 7.57005],
					"cubes": [
						{"origin": [70.94444, 62.5, -18], "size": [5, 5, 12], "uv": [0, 0]},
						{"origin": [71.94444, 61.5, -18], "size": [3, 7, 12], "uv": [0, 0]},
						{"origin": [71.94444, 62.5, -19], "size": [3, 5, 13], "uv": [0, 0]},
						{"origin": [71.94444, 63.5, -20], "size": [3, 3, 14], "uv": [0, 0]},
						{"origin": [70.94444, 63.5, -19], "size": [5, 3, 13], "uv": [0, 0]},
						{"origin": [69.94444, 63.5, -18], "size": [7, 3, 12], "uv": [0, 0]}
					]
				},
				{
					"name": "brao2",
					"parent": "part1",
					"pivot": [-14, 63, -1],
					"rotation": [-179.87972, 24.99758, 105.04845]
				},
				{
					"name": "cm8",
					"parent": "brao2",
					"pivot": [-16.05556, 63.5, -1],
					"cubes": [
						{"origin": [-16, 60, -2], "size": [3, 6, 2], "uv": [0, 0]},
						{"origin": [-15, 60, -4], "size": [4, 6, 6], "uv": [0, 0]},
						{"origin": [-15, 62, -5], "size": [4, 2, 8], "uv": [0, 0]},
						{"origin": [-16, 62, -4], "size": [4, 2, 6], "uv": [0, 0]},
						{"origin": [-15, 59, -2], "size": [4, 8, 2], "uv": [0, 0]},
						{"origin": [-13, 58, -2], "size": [10, 10, 2], "uv": [0, 0]},
						{"origin": [-13, 59, -4], "size": [10, 8, 6], "uv": [0, 0]},
						{"origin": [-13, 60, -5], "size": [10, 6, 8], "uv": [0, 0]},
						{"origin": [-13, 62, -6], "size": [10, 2, 10], "uv": [0, 0]}
					]
				},
				{
					"name": "cm9",
					"parent": "cm8",
					"pivot": [-3.05556, 63.5, -1],
					"cubes": [
						{"origin": [-6, 59, -2], "size": [4, 8, 2], "uv": [0, 0]},
						{"origin": [-5, 59, -4], "size": [5, 8, 6], "uv": [0, 0]},
						{"origin": [-5, 61, -5], "size": [5, 4, 8], "uv": [0, 0]},
						{"origin": [-6, 61, -4], "size": [5, 4, 6], "uv": [0, 0]},
						{"origin": [-5, 58, -2], "size": [5, 10, 2], "uv": [0, 0]},
						{"origin": [-3, 57, -2], "size": [11, 12, 2], "uv": [0, 0]},
						{"origin": [-3, 58, -4], "size": [11, 10, 6], "uv": [0, 0]},
						{"origin": [-3, 59, -5], "size": [11, 8, 8], "uv": [0, 0]},
						{"origin": [-3, 60, -6], "size": [11, 6, 10], "uv": [0, 0]},
						{"origin": [-3, 62, -7], "size": [11, 2, 12], "uv": [0, 0]}
					]
				},
				{
					"name": "cm10",
					"parent": "cm9",
					"pivot": [7.94444, 63.5, -1],
					"rotation": [0, 17.5, 0],
					"cubes": [
						{"origin": [5, 58, -2], "size": [3, 10, 2], "uv": [0, 0]},
						{"origin": [6, 58, -4], "size": [4, 10, 6], "uv": [0, 0]},
						{"origin": [6, 60, -5], "size": [4, 6, 8], "uv": [0, 0]},
						{"origin": [5, 60, -4], "size": [4, 6, 6], "uv": [0, 0]},
						{"origin": [6, 57, -2], "size": [4, 12, 2], "uv": [0, 0]},
						{"origin": [8, 56, -2], "size": [10, 14, 2], "uv": [0, 0]},
						{"origin": [8, 57, -4], "size": [10, 12, 6], "uv": [0, 0]},
						{"origin": [8, 58, -5], "size": [10, 10, 8], "uv": [0, 0]},
						{"origin": [8, 59, -6], "size": [10, 8, 10], "uv": [0, 0]},
						{"origin": [8, 60, -7], "size": [10, 6, 12], "uv": [0, 0]},
						{"origin": [8, 62, -8], "size": [10, 2, 14], "uv": [0, 0]}
					]
				},
				{
					"name": "cm11",
					"parent": "cm10",
					"pivot": [17.94444, 63.5, -1],
					"rotation": [0, 22.5, 0],
					"cubes": [
						{"origin": [15, 57, -2], "size": [4, 12, 2], "uv": [0, 0]},
						{"origin": [16, 57, -4], "size": [5, 12, 6], "uv": [0, 0]},
						{"origin": [16, 59, -5], "size": [5, 8, 8], "uv": [0, 0]},
						{"origin": [15, 59, -4], "size": [5, 8, 6], "uv": [0, 0]},
						{"origin": [16, 56, -2], "size": [5, 14, 2], "uv": [0, 0]},
						{"origin": [18, 55, -2], "size": [11, 16, 2], "uv": [0, 0]},
						{"origin": [18, 56, -4], "size": [11, 14, 6], "uv": [0, 0]},
						{"origin": [18, 57, -5], "size": [11, 12, 8], "uv": [0, 0]},
						{"origin": [18, 58, -6], "size": [11, 10, 10], "uv": [0, 0]},
						{"origin": [18, 59, -7], "size": [11, 8, 12], "uv": [0, 0]},
						{"origin": [18, 60, -8], "size": [11, 6, 14], "uv": [0, 0]},
						{"origin": [18, 62, -9], "size": [11, 2, 16], "uv": [0, 0]}
					]
				},
				{
					"name": "cm12",
					"parent": "cm11",
					"pivot": [28.94444, 63.5, -1],
					"rotation": [0, 12.5, 0],
					"cubes": [
						{"origin": [26, 56, -5], "size": [4, 14, 7], "uv": [0, 0]},
						{"origin": [27, 56, -7], "size": [5, 14, 11], "uv": [0, 0]},
						{"origin": [27, 58, -8], "size": [5, 10, 13], "uv": [0, 0]},
						{"origin": [26, 58, -7], "size": [5, 10, 11], "uv": [0, 0]},
						{"origin": [27, 55, -5], "size": [5, 16, 7], "uv": [0, 0]},
						{"origin": [29, 54, -5], "size": [11, 18, 7], "uv": [0, 0]},
						{"origin": [29, 55, -7], "size": [11, 16, 11], "uv": [0, 0]},
						{"origin": [29, 56, -8], "size": [11, 14, 13], "uv": [0, 0]},
						{"origin": [29, 57, -9], "size": [11, 12, 15], "uv": [0, 0]},
						{"origin": [29, 59, -10], "size": [11, 8, 17], "uv": [0, 0]}
					]
				},
				{
					"name": "cm13",
					"parent": "cm12",
					"pivot": [39.94444, 63.5, -1],
					"rotation": [0, 22.5, 0],
					"cubes": [
						{"origin": [37, 55, -5], "size": [3, 16, 7], "uv": [0, 0]},
						{"origin": [38, 55, -7], "size": [4, 16, 11], "uv": [0, 0]},
						{"origin": [38, 57, -8], "size": [4, 12, 13], "uv": [0, 0]},
						{"origin": [37, 57, -7], "size": [4, 12, 11], "uv": [0, 0]},
						{"origin": [38, 54, -5], "size": [4, 18, 7], "uv": [0, 0]},
						{"origin": [40, 53, -5], "size": [10, 20, 7], "uv": [0, 0]},
						{"origin": [40, 54, -7], "size": [10, 18, 11], "uv": [0, 0]},
						{"origin": [40, 55, -8], "size": [10, 16, 13], "uv": [0, 0]},
						{"origin": [40, 56, -9], "size": [10, 14, 15], "uv": [0, 0]},
						{"origin": [40, 57, -10], "size": [10, 12, 17], "uv": [0, 0]},
						{"origin": [40, 59, -11], "size": [10, 8, 19], "uv": [0, 0]}
					]
				},
				{
					"name": "cm14",
					"parent": "cm13",
					"pivot": [49.94444, 63.5, -1],
					"cubes": [
						{"origin": [47, 57, -5], "size": [4, 12, 7], "uv": [0, 0]},
						{"origin": [48, 57, -7], "size": [5, 12, 11], "uv": [0, 0]},
						{"origin": [48, 59, -8], "size": [5, 8, 13], "uv": [0, 0]},
						{"origin": [47, 59, -7], "size": [5, 8, 11], "uv": [0, 0]},
						{"origin": [48, 56, -5], "size": [5, 14, 7], "uv": [0, 0]},
						{"origin": [50, 55, -5], "size": [11, 16, 7], "uv": [0, 0]},
						{"origin": [50, 56, -7], "size": [12, 14, 11], "uv": [0, 0]},
						{"origin": [50, 57, -8], "size": [13, 12, 13], "uv": [0, 0]},
						{"origin": [50, 58, -9], "size": [14, 10, 15], "uv": [0, 0]},
						{"origin": [50, 59, -10], "size": [13, 8, 17], "uv": [0, 0]},
						{"origin": [50, 60, -11], "size": [12, 6, 19], "uv": [0, 0]},
						{"origin": [50, 62, -12], "size": [11, 2, 21], "uv": [0, 0]}
					]
				},
				{
					"name": "dedo2",
					"parent": "cm13",
					"pivot": [49.44444, 65, 8.16667],
					"rotation": [-154.61923, 3.85448, 127.06417],
					"cubes": [
						{"origin": [46.94444, 62.5, -1], "size": [5, 5, 12], "uv": [0, 0]},
						{"origin": [47.94444, 61.5, -1], "size": [3, 7, 12], "uv": [0, 0]},
						{"origin": [47.94444, 62.5, -2], "size": [3, 5, 13], "uv": [0, 0]},
						{"origin": [47.94444, 63.5, -3], "size": [3, 3, 14], "uv": [0, 0]},
						{"origin": [46.94444, 63.5, -2], "size": [5, 3, 13], "uv": [0, 0]},
						{"origin": [45.94444, 63.5, -1], "size": [7, 3, 12], "uv": [0, 0]}
					]
				},
				{
					"name": "part2",
					"parent": "jumbjosh",
					"pivot": [0, 72, 0]
				},
				{
					"name": "falda",
					"parent": "part2",
					"pivot": [0, 30.16667, 1],
					"rotation": [10, 0, 0],
					"cubes": [
						{"origin": [-14, 45, -3], "size": [28, 3, 8], "uv": [0, 0]},
						{"origin": [-13, 38, -3], "size": [26, 7, 8], "uv": [0, 0]},
						{"origin": [-12, 35, -3], "size": [24, 4, 8], "uv": [0, 0]},
						{"origin": [-11, 35, -5], "size": [22, 4, 12], "uv": [0, 0]},
						{"origin": [-10, 35, -6], "size": [20, 4, 14], "uv": [0, 0]},
						{"origin": [-9, 35, -7], "size": [18, 4, 16], "uv": [0, 0]},
						{"origin": [-7, 35, -8], "size": [14, 4, 18], "uv": [0, 0]},
						{"origin": [-7, 32, -7], "size": [14, 3, 16], "uv": [0, 0]},
						{"origin": [-7, 30, -6], "size": [14, 2, 14], "uv": [0, 0]},
						{"origin": [-9, 30, -5], "size": [18, 2, 12], "uv": [0, 0]},
						{"origin": [-9, 32, -6], "size": [18, 3, 14], "uv": [0, 0]},
						{"origin": [-10, 32, -5], "size": [20, 3, 12], "uv": [0, 0]},
						{"origin": [-11, 32, -3], "size": [22, 3, 8], "uv": [0, 0]},
						{"origin": [-10, 30, -3], "size": [20, 2, 8], "uv": [0, 0]},
						{"origin": [-12, 38, -5], "size": [24, 7, 12], "uv": [0, 0]},
						{"origin": [-11, 38, -7], "size": [22, 7, 16], "uv": [0, 0]},
						{"origin": [-9, 38, -8], "size": [18, 7, 18], "uv": [0, 0]},
						{"origin": [-7, 38, -9], "size": [14, 7, 20], "uv": [0, 0]},
						{"origin": [-7, 38, -9], "size": [14, 7, 20], "uv": [0, 0]},
						{"origin": [-13, 45, -5], "size": [26, 3, 12], "uv": [0, 0]},
						{"origin": [-12, 45, -7], "size": [24, 3, 16], "uv": [0, 0]},
						{"origin": [-11, 45, -8], "size": [22, 3, 18], "uv": [0, 0]},
						{"origin": [-9, 45, -9], "size": [18, 3, 20], "uv": [0, 0]},
						{"origin": [-7, 45, -10], "size": [14, 3, 22], "uv": [0, 0]}
					]
				},
				{
					"name": "perna",
					"parent": "part2",
					"pivot": [-7, 31, 1],
					"rotation": [180, 0, 92.5]
				},
				{
					"name": "cm15",
					"parent": "perna",
					"pivot": [-9.05556, 31.5, 1],
					"cubes": [
						{"origin": [-9, 28, 0], "size": [3, 6, 2], "uv": [0, 0]},
						{"origin": [-8, 28, -2], "size": [4, 6, 6], "uv": [0, 0]},
						{"origin": [-8, 30, -3], "size": [4, 2, 8], "uv": [0, 0]},
						{"origin": [-9, 30, -2], "size": [4, 2, 6], "uv": [0, 0]},
						{"origin": [-8, 27, 0], "size": [4, 8, 2], "uv": [0, 0]},
						{"origin": [-6, 26, 0], "size": [10, 10, 2], "uv": [0, 0]},
						{"origin": [-6, 27, -2], "size": [10, 8, 6], "uv": [0, 0]},
						{"origin": [-6, 28, -3], "size": [10, 6, 8], "uv": [0, 0]},
						{"origin": [-6, 30, -4], "size": [10, 2, 10], "uv": [0, 0]}
					]
				},
				{
					"name": "cm16",
					"parent": "cm15",
					"pivot": [3.94444, 31.5, 1],
					"cubes": [
						{"origin": [1, 27, 0], "size": [4, 8, 2], "uv": [0, 0]},
						{"origin": [2, 27, -2], "size": [5, 8, 6], "uv": [0, 0]},
						{"origin": [2, 29, -3], "size": [5, 4, 8], "uv": [0, 0]},
						{"origin": [1, 29, -2], "size": [5, 4, 6], "uv": [0, 0]},
						{"origin": [2, 26, 0], "size": [5, 10, 2], "uv": [0, 0]},
						{"origin": [4, 25, 0], "size": [11, 12, 2], "uv": [0, 0]},
						{"origin": [4, 26, -2], "size": [11, 10, 6], "uv": [0, 0]},
						{"origin": [4, 27, -3], "size": [11, 8, 8], "uv": [0, 0]},
						{"origin": [4, 28, -4], "size": [11, 6, 10], "uv": [0, 0]},
						{"origin": [4, 30, -5], "size": [11, 2, 12], "uv": [0, 0]}
					]
				},
				{
					"name": "cm17",
					"parent": "cm16",
					"pivot": [14.94444, 31.5, 1],
					"cubes": [
						{"origin": [12, 26, 0], "size": [3, 10, 2], "uv": [0, 0]},
						{"origin": [13, 26, -2], "size": [4, 10, 6], "uv": [0, 0]},
						{"origin": [13, 28, -3], "size": [4, 6, 8], "uv": [0, 0]},
						{"origin": [12, 28, -2], "size": [4, 6, 6], "uv": [0, 0]},
						{"origin": [13, 25, 0], "size": [4, 12, 2], "uv": [0, 0]},
						{"origin": [15, 24, 0], "size": [10, 14, 2], "uv": [0, 0]},
						{"origin": [15, 25, -2], "size": [10, 12, 6], "uv": [0, 0]},
						{"origin": [15, 26, -3], "size": [10, 10, 8], "uv": [0, 0]},
						{"origin": [15, 27, -4], "size": [10, 8, 10], "uv": [0, 0]},
						{"origin": [15, 28, -5], "size": [10, 6, 12], "uv": [0, 0]},
						{"origin": [15, 30, -6], "size": [10, 2, 14], "uv": [0, 0]}
					]
				},
				{
					"name": "perna2",
					"parent": "part2",
					"pivot": [7, 31, 1],
					"rotation": [180, 0, 87.5]
				},
				{
					"name": "cm18",
					"parent": "perna2",
					"pivot": [4.94444, 31.5, 1],
					"cubes": [
						{"origin": [5, 28, 0], "size": [3, 6, 2], "uv": [0, 0]},
						{"origin": [6, 28, -2], "size": [4, 6, 6], "uv": [0, 0]},
						{"origin": [6, 30, -3], "size": [4, 2, 8], "uv": [0, 0]},
						{"origin": [5, 30, -2], "size": [4, 2, 6], "uv": [0, 0]},
						{"origin": [6, 27, 0], "size": [4, 8, 2], "uv": [0, 0]},
						{"origin": [8, 26, 0], "size": [10, 10, 2], "uv": [0, 0]},
						{"origin": [8, 27, -2], "size": [10, 8, 6], "uv": [0, 0]},
						{"origin": [8, 28, -3], "size": [10, 6, 8], "uv": [0, 0]},
						{"origin": [8, 30, -4], "size": [10, 2, 10], "uv": [0, 0]}
					]
				},
				{
					"name": "cm19",
					"parent": "cm18",
					"pivot": [17.94444, 31.5, 1],
					"cubes": [
						{"origin": [15, 27, 0], "size": [4, 8, 2], "uv": [0, 0]},
						{"origin": [16, 27, -2], "size": [5, 8, 6], "uv": [0, 0]},
						{"origin": [16, 29, -3], "size": [5, 4, 8], "uv": [0, 0]},
						{"origin": [15, 29, -2], "size": [5, 4, 6], "uv": [0, 0]},
						{"origin": [16, 26, 0], "size": [5, 10, 2], "uv": [0, 0]},
						{"origin": [18, 25, 0], "size": [11, 12, 2], "uv": [0, 0]},
						{"origin": [18, 26, -2], "size": [11, 10, 6], "uv": [0, 0]},
						{"origin": [18, 27, -3], "size": [11, 8, 8], "uv": [0, 0]},
						{"origin": [18, 28, -4], "size": [11, 6, 10], "uv": [0, 0]},
						{"origin": [18, 30, -5], "size": [11, 2, 12], "uv": [0, 0]}
					]
				},
				{
					"name": "cm20",
					"parent": "cm19",
					"pivot": [28.94444, 31.5, 1],
					"cubes": [
						{"origin": [26, 26, 0], "size": [3, 10, 2], "uv": [0, 0]},
						{"origin": [27, 26, -2], "size": [4, 10, 6], "uv": [0, 0]},
						{"origin": [27, 28, -3], "size": [4, 6, 8], "uv": [0, 0]},
						{"origin": [26, 28, -2], "size": [4, 6, 6], "uv": [0, 0]},
						{"origin": [27, 25, 0], "size": [4, 12, 2], "uv": [0, 0]},
						{"origin": [29, 24, 0], "size": [10, 14, 2], "uv": [0, 0]},
						{"origin": [29, 25, -2], "size": [10, 12, 6], "uv": [0, 0]},
						{"origin": [29, 26, -3], "size": [10, 10, 8], "uv": [0, 0]},
						{"origin": [29, 27, -4], "size": [10, 8, 10], "uv": [0, 0]},
						{"origin": [29, 28, -5], "size": [10, 6, 12], "uv": [0, 0]},
						{"origin": [29, 30, -6], "size": [10, 2, 14], "uv": [0, 0]}
					]
				}
			]
		}
	]
}