{
	"format_version": "1.12.0",
	"minecraft:geometry": [
		{
			"description": {
				"identifier": "geometry.nabnab",
				"texture_width": 260,
				"texture_height": 260,
				"visible_bounds_width": 10,
				"visible_bounds_height": 7.5,
				"visible_bounds_offset": [0, 3.25, 0]
			},
			"bones": [
				{
					"name": "nabnab",
					"pivot": [0, 3, 0]
				},
				{
					"name": "part1",
					"parent": "nabnab",
					"pivot": [0, 49, 0]
				},
				{
					"name": "ad",
					"parent": "part1",
					"pivot": [0, 49, 0]
				},
				{
					"name": "mask3",
					"parent": "ad",
					"pivot": [0, 49, 0],
					"cubes": [
						{"origin": [-6, 49, -7], "size": [12, 2, 13], "uv": [0, 0]},
						{"origin": [6, 50, -7], "size": [3, 2, 13], "uv": [0, 0]},
						{"origin": [-9, 50, -7], "size": [3, 2, 13], "uv": [0, 0]},
						{"origin": [-9, 74, -7], "size": [3, 2, 13], "uv": [0, 0]},
						{"origin": [6, 74, -7], "size": [3, 2, 13], "uv": [0, 0]},
						{"origin": [3, 75, -7], "size": [3, 2, 13], "uv": [0, 0]},
						{"origin": [-6, 75, -7], "size": [5, 2, 13], "uv": [0, 0]},
						{"origin": [-1, 76, -7], "size": [4, 2, 13], "uv": [0, 0]},
						{"origin": [-10, 51, -7], "size": [2, 3, 13], "uv": [0, 0]},
						{"origin": [-10, 72, -7], "size": [2, 3, 13], "uv": [0, 0]},
						{"origin": [8, 72, -7], "size": [2, 3, 13], "uv": [0, 0]},
						{"origin": [-12, 59, -7], "size": [2, 8, 13], "uv": [0, 0]},
						{"origin": [10, 59, -7], "size": [2, 8, 13], "uv": [0, 0]},
						{"origin": [11, 62, -2], "size": [2, 6, 9], "uv": [0, 0]},
						{"origin": [-13, 62, -2], "size": [2, 6, 9], "uv": [0, 0]},
						{"origin": [12, 67, -2], "size": [2, 6, 9], "uv": [0, 0]},
						{"origin": [-14, 78, -2], "size": [3, 2, 9], "uv": [0, 0]},
						{"origin": [11, 78, -2], "size": [3, 2, 9], "uv": [0, 0]},
						{"origin": [7, 79, -2], "size": [4, 2, 9], "uv": [0, 0]},
						{"origin": [7, 78, -4], "size": [4, 2, 2], "uv": [0, 0]},
						{"origin": [-11, 78, -4], "size": [4, 2, 2], "uv": [0, 0]},
						{"origin": [8, 72, -5], "size": [3, 6, 2], "uv": [0, 0]},
						{"origin": [-11, 72, -5], "size": [3, 6, 2], "uv": [0, 0]},
						{"origin": [7, 75, -5], "size": [4, 3, 2], "uv": [0, 0]},
						{"origin": [-11, 75, -5], "size": [4, 3, 2], "uv": [0, 0]},
						{"origin": [-11, 79, -2], "size": [4, 2, 9], "uv": [0, 0]},
						{"origin": [-7, 80, -2], "size": [14, 2, 9], "uv": [0, 0]},
						{"origin": [-7, 79, 7], "size": [14, 2, 2], "uv": [0, 0]},
						{"origin": [-7, 78, 9], "size": [14, 2, 2], "uv": [0, 0]},
						{"origin": [-7, 77, 10], "size": [14, 2, 2], "uv": [0, 0]},
						{"origin": [-7, 75, 11], "size": [14, 2, 2], "uv": [0, 0]},
						{"origin": [-7, 69, 12], "size": [14, 6, 2], "uv": [0, 0]},
						{"origin": [-10, 69, 11], "size": [3, 6, 2], "uv": [0, 0]},
						{"origin": [7, 69, 11], "size": [3, 6, 2], "uv": [0, 0]},
						{"origin": [-10, 64, 10], "size": [3, 5, 2], "uv": [0, 0]},
						{"origin": [7, 64, 10], "size": [3, 5, 2], "uv": [0, 0]},
						{"origin": [-11, 64, 9], "size": [3, 5, 2], "uv": [0, 0]},
						{"origin": [8, 64, 9], "size": [3, 5, 2], "uv": [0, 0]},
						{"origin": [-12, 64, 7], "size": [3, 5, 2], "uv": [0, 0]},
						{"origin": [9, 64, 7], "size": [3, 5, 2], "uv": [0, 0]},
						{"origin": [-9, 59, 9], "size": [3, 5, 2], "uv": [0, 0]},
						{"origin": [6, 59, 9], "size": [3, 5, 2], "uv": [0, 0]},
						{"origin": [-9, 54, 8], "size": [2, 5, 2], "uv": [0, 0]},
						{"origin": [7, 54, 8], "size": [2, 5, 2], "uv": [0, 0]},
						{"origin": [-9, 52, 6], "size": [2, 5, 2], "uv": [0, 0]},
						{"origin": [7, 52, 6], "size": [2, 5, 2], "uv": [0, 0]},
						{"origin": [-10, 54, 6], "size": [2, 5, 2], "uv": [0, 0]},
						{"origin": [8, 54, 6], "size": [2, 5, 2], "uv": [0, 0]},
						{"origin": [-11, 59, 6], "size": [2, 5, 2], "uv": [0, 0]},
						{"origin": [9, 59, 6], "size": [2, 5, 2], "uv": [0, 0]},
						{"origin": [-10, 59, 8], "size": [2, 5, 2], "uv": [0, 0]},
						{"origin": [8, 59, 8], "size": [2, 5, 2], "uv": [0, 0]},
						{"origin": [-10, 75, 10], "size": [3, 2, 2], "uv": [0, 0]},
						{"origin": [7, 75, 10], "size": [3, 2, 2], "uv": [0, 0]},
						{"origin": [-10, 77, 9], "size": [3, 2, 2], "uv": [0, 0]},
						{"origin": [7, 77, 9], "size": [3, 2, 2], "uv": [0, 0]},
						{"origin": [-10, 78, 7], "size": [3, 2, 2], "uv": [0, 0]},
						{"origin": [7, 78, 7], "size": [3, 2, 2], "uv": [0, 0]},
						{"origin": [10, 77, 7], "size": [2, 2, 2], "uv": [0, 0]},
						{"origin": [-12, 77, 7], "size": [2, 2, 2], "uv": [0, 0]},
						{"origin": [-12, 75, 8], "size": [2, 2, 2], "uv": [0, 0]},
						{"origin": [10, 75, 8], "size": [2, 2, 2], "uv": [0, 0]},
						{"origin": [-13, 75, 6], "size": [2, 3, 2], "uv": [0, 0]},
						{"origin": [11, 75, 6], "size": [2, 3, 2], "uv": [0, 0]},
						{"origin": [-12, 69, 9], "size": [2, 6, 2], "uv": [0, 0]},
						{"origin": [10, 69, 9], "size": [2, 6, 2], "uv": [0, 0]},
						{"origin": [-13, 69, 7], "size": [2, 6, 2], "uv": [0, 0]},
						{"origin": [11, 69, 7], "size": [2, 6, 2], "uv": [0, 0]},
						{"origin": [-7, 64, 11], "size": [14, 5, 2], "uv": [0, 0]},
						{"origin": [-7, 59, 10], "size": [14, 5, 2], "uv": [0, 0]},
						{"origin": [-7, 54, 9], "size": [14, 5, 2], "uv": [0, 0]},
						{"origin": [-7, 52, 8], "size": [14, 2, 2], "uv": [0, 0]},
						{"origin": [-7, 50, 6], "size": [14, 2, 2], "uv": [0, 0]},
						{"origin": [-7, 79, -4], "size": [14, 2, 2], "uv": [0, 0]},
						{"origin": [-7, 78, -5], "size": [14, 2, 2], "uv": [0, 0]},
						{"origin": [-7, 76, -6], "size": [14, 2, 2], "uv": [0, 0]},
						{"origin": [-14, 67, -2], "size": [2, 6, 9], "uv": [0, 0]},
						{"origin": [13, 73, -2], "size": [2, 6, 9], "uv": [0, 0]},
						{"origin": [11, 73, -4], "size": [3, 6, 2], "uv": [0, 0]},
						{"origin": [-14, 73, -4], "size": [3, 6, 2], "uv": [0, 0]},
						{"origin": [10, 67, -4], "size": [3, 6, 2], "uv": [0, 0]},
						{"origin": [-13, 67, -4], "size": [3, 6, 2], "uv": [0, 0]},
						{"origin": [-15, 73, -2], "size": [2, 6, 9], "uv": [0, 0]},
						{"origin": [8, 51, -7], "size": [2, 3, 13], "uv": [0, 0]},
						{"origin": [9, 54, -7], "size": [2, 5, 13], "uv": [0, 0]},
						{"origin": [9, 67, -7], "size": [2, 5, 13], "uv": [0, 0]},
						{"origin": [-11, 54, -7], "size": [2, 5, 13], "uv": [0, 0]},
						{"origin": [-11, 67, -7], "size": [2, 5, 13], "uv": [0, 0]}
					]
				},
				{
					"name": "dente",
					"parent": "ad",
					"pivot": [0, 49, 2],
					"cubes": [
						{"origin": [-1, 51, -5], "size": [3, 2, 3], "pivot": [0.5, 52.5, -3.5], "rotation": [0, 50, 0], "uv": [181, 23]},
						{"origin": [-1, 53, -4], "size": [2, 3, 2], "pivot": [0.5, 52.5, -3.5], "rotation": [0, 50, 0], "uv": [181, 23]},
						{"origin": [-1, 56, -3], "size": [1, 2, 1], "pivot": [0.5, 52.5, -3.5], "rotation": [0, 50, 0], "uv": [181, 23]}
					]
				},
				{
					"name": "dente2",
					"parent": "dente",
					"pivot": [8, 51, 2],
					"rotation": [0.48713, -1.23929, -22.43442],
					"cubes": [
						{"origin": [7, 53, -5], "size": [3, 2, 3], "pivot": [8.5, 54.5, -3.5], "rotation": [0, 50, 0], "uv": [181, 23]},
						{"origin": [7, 55, -4], "size": [2, 3, 2], "pivot": [8.5, 54.5, -3.5], "rotation": [0, 50, 0], "uv": [181, 23]},
						{"origin": [7, 58, -3], "size": [1, 2, 1], "pivot": [8.5, 54.5, -3.5], "rotation": [0, 50, 0], "uv": [181, 23]}
					]
				},
				{
					"name": "dente3",
					"parent": "dente",
					"pivot": [-13, 68, 2],
					"rotation": [-1.27973, 0.368, 105.06674],
					"cubes": [
						{"origin": [-14, 70, -5], "size": [3, 2, 3], "pivot": [-12.5, 71.5, -3.5], "rotation": [0, 50, 0], "uv": [181, 23]},
						{"origin": [-14, 72, -4], "size": [2, 3, 2], "pivot": [-12.5, 71.5, -3.5], "rotation": [0, 50, 0], "uv": [181, 23]},
						{"origin": [-14, 75, -3], "size": [1, 2, 1], "pivot": [-12.5, 71.5, -3.5], "rotation": [0, 50, 0], "uv": [181, 23]}
					]
				},
				{
					"name": "dente6",
					"parent": "dente",
					"pivot": [-10, 76, 2],
					"rotation": [-0.88164, 0.99794, 137.56317],
					"cubes": [
						{"origin": [-11, 78, -5], "size": [3, 2, 3], "pivot": [-9.5, 79.5, -3.5], "rotation": [0, 50, 0], "uv": [181, 23]},
						{"origin": [-11, 80, -4], "size": [2, 3, 2], "pivot": [-9.5, 79.5, -3.5], "rotation": [0, 50, 0], "uv": [181, 23]},
						{"origin": [-11, 83, -3], "size": [1, 2, 1], "pivot": [-9.5, 79.5, -3.5], "rotation": [0, 50, 0], "uv": [181, 23]}
					]
				},
				{
					"name": "dente7",
					"parent": "dente",
					"pivot": [0, 79, 2],
					"rotation": [0.14025, 1.32417, -174.92753],
					"cubes": [
						{"origin": [-1, 81, -5], "size": [3, 2, 3], "pivot": [0.5, 82.5, -3.5], "rotation": [0, 50, 0], "uv": [181, 23]},
						{"origin": [-1, 83, -4], "size": [2, 3, 2], "pivot": [0.5, 82.5, -3.5], "rotation": [0, 50, 0], "uv": [181, 23]},
						{"origin": [-1, 86, -3], "size": [1, 2, 1], "pivot": [0.5, 82.5, -3.5], "rotation": [0, 50, 0], "uv": [181, 23]}
					]
				},
				{
					"name": "dente8",
					"parent": "dente",
					"pivot": [11, 73, 2],
					"rotation": [1.13596, 0.69481, -122.42227],
					"cubes": [
						{"origin": [10, 75, -5], "size": [3, 2, 3], "pivot": [11.5, 76.5, -3.5], "rotation": [0, 50, 0], "uv": [181, 23]},
						{"origin": [10, 77, -4], "size": [2, 3, 2], "pivot": [11.5, 76.5, -3.5], "rotation": [0, 50, 0], "uv": [181, 23]},
						{"origin": [10, 80, -3], "size": [1, 2, 1], "pivot": [11.5, 76.5, -3.5], "rotation": [0, 50, 0], "uv": [181, 23]}
					]
				},
				{
					"name": "dente9",
					"parent": "dente",
					"pivot": [13, 64, 2],
					"rotation": [1.32314, 0.14969, -97.42743],
					"cubes": [
						{"origin": [12, 66, -5], "size": [3, 2, 3], "pivot": [13.5, 67.5, -3.5], "rotation": [0, 50, 0], "uv": [181, 23]},
						{"origin": [12, 68, -4], "size": [2, 3, 2], "pivot": [13.5, 67.5, -3.5], "rotation": [0, 50, 0], "uv": [181, 23]},
						{"origin": [12, 71, -3], "size": [1, 2, 1], "pivot": [13.5, 67.5, -3.5], "rotation": [0, 50, 0], "uv": [181, 23]}
					]
				},
				{
					"name": "dente4",
					"parent": "dente",
					"pivot": [-9, 50, 2],
					"rotation": [-0.63638, -1.16969, 27.57734],
					"cubes": [
						{"origin": [-10, 52, -5], "size": [3, 2, 3], "pivot": [-8.5, 53.5, -3.5], "rotation": [0, 50, 0], "uv": [181, 23]},
						{"origin": [-10, 54, -4], "size": [2, 3, 2], "pivot": [-8.5, 53.5, -3.5], "rotation": [0, 50, 0], "uv": [181, 23]},
						{"origin": [-10, 57, -3], "size": [1, 2, 1], "pivot": [-8.5, 53.5, -3.5], "rotation": [0, 50, 0], "uv": [181, 23]}
					]
				},
				{
					"name": "dente5",
					"parent": "dente",
					"pivot": [-12, 58, 2],
					"rotation": [-1.16518, -0.64461, 60.0774],
					"cubes": [
						{"origin": [-13, 60, -5], "size": [3, 2, 3], "pivot": [-11.5, 61.5, -3.5], "rotation": [0, 50, 0], "uv": [181, 23]},
						{"origin": [-13, 62, -4], "size": [2, 3, 2], "pivot": [-11.5, 61.5, -3.5], "rotation": [0, 50, 0], "uv": [181, 23]},
						{"origin": [-13, 65, -3], "size": [1, 2, 1], "pivot": [-11.5, 61.5, -3.5], "rotation": [0, 50, 0], "uv": [181, 23]}
					]
				},
				{
					"name": "lingua",
					"parent": "ad",
					"pivot": [3.5, 60, -0.5],
					"rotation": [31.5667, 17.2294, 10.3141],
					"cubes": [
						{"origin": [0, 59, -6], "size": [7, 2, 10], "uv": [174, 209]},
						{"origin": [1, 58, -6], "size": [5, 4, 10], "uv": [174, 209]},
						{"origin": [2, 57, -6], "size": [3, 6, 10], "uv": [174, 209]}
					]
				},
				{
					"name": "lingua2",
					"parent": "lingua",
					"pivot": [3.5, 60, -4.5],
					"rotation": [12.5, 20, 0],
					"cubes": [
						{"origin": [0, 59, -10], "size": [7, 2, 5], "uv": [174, 209]},
						{"origin": [1, 58, -10], "size": [5, 4, 5], "uv": [174, 209]},
						{"origin": [2, 57, -10], "size": [3, 6, 5], "uv": [174, 209]}
					]
				},
				{
					"name": "lingua3",
					"parent": "lingua2",
					"pivot": [3.5, 60, -8.5],
					"rotation": [30, -27.5, 0],
					"cubes": [
						{"origin": [0, 59, -14], "size": [7, 2, 5], "uv": [174, 209]},
						{"origin": [1, 58, -14], "size": [5, 4, 5], "uv": [174, 209]},
						{"origin": [2, 57, -14], "size": [3, 6, 5], "uv": [174, 209]},
						{"origin": [2, 58, -16], "size": [3, 4, 4], "uv": [174, 209]},
						{"origin": [1, 59, -16], "size": [5, 2, 4], "uv": [174, 209]},
						{"origin": [2, 59, -18], "size": [3, 2, 4], "uv": [174, 209]},
						{"origin": [3, 59, -19], "size": [1, 1, 5], "uv": [174, 209]}
					]
				},
				{
					"name": "mask",
					"parent": "ad",
					"pivot": [0, 80.28049, 0.41463],
					"cubes": [
						{"origin": [8, 81, 0], "size": [2, 3, 6], "uv": [0, 0]},
						{"origin": [-10, 81, 0], "size": [2, 3, 6], "uv": [0, 0]},
						{"origin": [-9, 84, 0], "size": [2, 2, 6], "uv": [0, 0]},
						{"origin": [7, 84, 0], "size": [2, 2, 6], "uv": [0, 0]},
						{"origin": [6, 86, 0], "size": [2, 2, 6], "uv": [0, 0]},
						{"origin": [-8, 86, 0], "size": [2, 2, 6], "uv": [0, 0]},
						{"origin": [-7, 88, 0], "size": [2, 2, 6], "uv": [0, 0]},
						{"origin": [5, 88, 0], "size": [2, 2, 6], "uv": [0, 0]},
						{"origin": [4, 89, 0], "size": [2, 2, 6], "uv": [0, 0]},
						{"origin": [-6, 89, 0], "size": [2, 2, 6], "uv": [0, 0]},
						{"origin": [-4, 90, 0], "size": [2, 2, 6], "uv": [0, 0]},
						{"origin": [2, 90, 0], "size": [2, 2, 6], "uv": [0, 0]},
						{"origin": [-2, 90, -2], "size": [4, 2, 2], "uv": [0, 0]},
						{"origin": [-4, 89, -2], "size": [2, 2, 2], "uv": [0, 0]},
						{"origin": [2, 89, -2], "size": [2, 2, 2], "uv": [0, 0]},
						{"origin": [-6, 88, -2], "size": [2, 2, 2], "uv": [0, 0]},
						{"origin": [4, 88, -2], "size": [2, 2, 2], "uv": [0, 0]},
						{"origin": [-7, 86, -2], "size": [2, 2, 2], "uv": [0, 0]},
						{"origin": [5, 86, -2], "size": [2, 2, 2], "uv": [0, 0]},
						{"origin": [-8, 84, -2], "size": [2, 2, 2], "uv": [0, 0]},
						{"origin": [6, 84, -2], "size": [2, 2, 2], "uv": [0, 0]},
						{"origin": [-6, 84, -3], "size": [2, 2, 1], "uv": [0, 0]},
						{"origin": [4, 84, -3], "size": [2, 2, 1], "uv": [0, 0]},
						{"origin": [-5, 86, -3], "size": [1, 2, 1], "uv": [0, 0]},
						{"origin": [4, 86, -3], "size": [1, 2, 1], "uv": [0, 0]},
						{"origin": [-7, 81, -4], "size": [3, 3, 2], "uv": [0, 0]},
						{"origin": [4, 81, -4], "size": [3, 3, 2], "uv": [0, 0]},
						{"origin": [-9, 81, -2], "size": [2, 3, 2], "uv": [0, 0]},
						{"origin": [7, 81, -2], "size": [2, 3, 2], "uv": [0, 0]},
						{"origin": [-4, 86, -3], "size": [2, 3, 2], "uv": [0, 0]},
						{"origin": [2, 86, -3], "size": [2, 3, 2], "uv": [0, 0]},
						{"origin": [-4, 83, -4], "size": [2, 3, 2], "uv": [0, 0]},
						{"origin": [2, 83, -4], "size": [2, 3, 2], "uv": [0, 0]},
						{"origin": [-4, 80, -5], "size": [2, 3, 2], "uv": [0, 0]},
						{"origin": [2, 80, -5], "size": [2, 3, 2], "uv": [0, 0]},
						{"origin": [-2, 88, -3], "size": [4, 2, 2], "uv": [0, 0]},
						{"origin": [-2, 85, -4], "size": [4, 3, 2], "uv": [0, 0]},
						{"origin": [-2, 82, -5], "size": [4, 3, 2], "uv": [0, 0]},
						{"origin": [-2, 82, -5], "size": [4, 3, 2], "uv": [0, 0]},
						{"origin": [-2, 78, -6], "size": [4, 4, 2], "uv": [0, 0]},
						{"origin": [-2, 91, 0], "size": [4, 2, 6], "uv": [0, 0]}
					]
				},
				{
					"name": "mask2",
					"parent": "mask",
					"pivot": [0, 86.35, 2.5],
					"rotation": [0, 180, 0],
					"cubes": [
						{"origin": [8, 81, -1], "size": [2, 3, 6], "uv": [0, 0]},
						{"origin": [-10, 81, -1], "size": [2, 3, 6], "uv": [0, 0]},
						{"origin": [-9, 84, -1], "size": [2, 2, 6], "uv": [0, 0]},
						{"origin": [7, 84, -1], "size": [2, 2, 6], "uv": [0, 0]},
						{"origin": [6, 86, -1], "size": [2, 2, 6], "uv": [0, 0]},
						{"origin": [-8, 86, -1], "size": [2, 2, 6], "uv": [0, 0]},
						{"origin": [-7, 88, -1], "size": [2, 2, 6], "uv": [0, 0]},
						{"origin": [5, 88, -1], "size": [2, 2, 6], "uv": [0, 0]},
						{"origin": [4, 89, -1], "size": [2, 2, 6], "uv": [0, 0]},
						{"origin": [-6, 89, -1], "size": [2, 2, 6], "uv": [0, 0]},
						{"origin": [-4, 90, -1], "size": [2, 2, 6], "uv": [0, 0]},
						{"origin": [2, 90, -1], "size": [2, 2, 6], "uv": [0, 0]},
						{"origin": [-2, 90, -3], "size": [4, 2, 2], "uv": [0, 0]},
						{"origin": [-4, 89, -3], "size": [2, 2, 2], "uv": [0, 0]},
						{"origin": [2, 89, -3], "size": [2, 2, 2], "uv": [0, 0]},
						{"origin": [-6, 88, -3], "size": [2, 2, 2], "uv": [0, 0]},
						{"origin": [4, 88, -3], "size": [2, 2, 2], "uv": [0, 0]},
						{"origin": [-7, 86, -3], "size": [2, 2, 2], "uv": [0, 0]},
						{"origin": [5, 86, -3], "size": [2, 2, 2], "uv": [0, 0]},
						{"origin": [-8, 84, -3], "size": [2, 2, 2], "uv": [0, 0]},
						{"origin": [6, 84, -3], "size": [2, 2, 2], "uv": [0, 0]},
						{"origin": [-6, 84, -4], "size": [2, 2, 1], "uv": [0, 0]},
						{"origin": [4, 84, -4], "size": [2, 2, 1], "uv": [0, 0]},
						{"origin": [-5, 86, -4], "size": [1, 2, 1], "uv": [0, 0]},
						{"origin": [4, 86, -4], "size": [1, 2, 1], "uv": [0, 0]},
						{"origin": [-7, 81, -5], "size": [3, 3, 2], "uv": [0, 0]},
						{"origin": [4, 81, -5], "size": [3, 3, 2], "uv": [0, 0]},
						{"origin": [-9, 81, -3], "size": [2, 3, 2], "uv": [0, 0]},
						{"origin": [7, 81, -3], "size": [2, 3, 2], "uv": [0, 0]},
						{"origin": [-4, 86, -4], "size": [2, 3, 2], "uv": [0, 0]},
						{"origin": [2, 86, -4], "size": [2, 3, 2], "uv": [0, 0]},
						{"origin": [-4, 83, -5], "size": [2, 3, 2], "uv": [0, 0]},
						{"origin": [2, 83, -5], "size": [2, 3, 2], "uv": [0, 0]},
						{"origin": [-4, 80, -6], "size": [2, 3, 2], "uv": [0, 0]},
						{"origin": [2, 80, -6], "size": [2, 3, 2], "uv": [0, 0]},
						{"origin": [-2, 88, -4], "size": [4, 2, 2], "uv": [0, 0]},
						{"origin": [-2, 85, -5], "size": [4, 3, 2], "uv": [0, 0]},
						{"origin": [-2, 82, -6], "size": [4, 3, 2], "uv": [0, 0]},
						{"origin": [-2, 78, -7], "size": [4, 4, 2], "uv": [0, 0]},
						{"origin": [-2, 91, -1], "size": [4, 2, 6], "uv": [0, 0]}
					]
				},
				{
					"name": "eye",
					"parent": "mask",
					"pivot": [0, 89, -3.16667],
					"rotation": [-15, 0, 0],
					"cubes": [
						{"origin": [-1, 87, -4], "size": [2, 4, 2], "uv": [183, 16]},
						{"origin": [-2, 88, -4], "size": [4, 2, 2], "uv": [183, 16]},
						{"origin": [-1, 88, -5], "size": [2, 2, 3], "uv": [73, 225]}
					]
				},
				{
					"name": "eye2",
					"parent": "mask",
					"pivot": [5, 85, -4.16667],
					"rotation": [-7.5, 0, 0],
					"cubes": [
						{"origin": [4, 83, -5], "size": [2, 4, 2], "uv": [183, 16]},
						{"origin": [3, 84, -5], "size": [4, 2, 2], "uv": [183, 16]},
						{"origin": [4, 84, -6], "size": [2, 2, 3], "uv": [73, 225]}
					]
				},
				{
					"name": "eye3",
					"parent": "mask",
					"pivot": [-5, 85, -4.16667],
					"rotation": [-7.5, 0, 0],
					"cubes": [
						{"origin": [-6, 83, -5], "size": [2, 4, 2], "uv": [183, 16]},
						{"origin": [-7, 84, -5], "size": [4, 2, 2], "uv": [183, 16]},
						{"origin": [-6, 84, -6], "size": [2, 2, 3], "uv": [73, 225]}
					]
				},
				{
					"name": "chapeu",
					"parent": "ad",
					"pivot": [-2.5, 91.25, 3.5],
					"rotation": [-2.5, 0, -15],
					"cubes": [
						{"origin": [-6, 91, 2], "size": [7, 2, 3], "uv": [181, 25]},
						{"origin": [-3, 95, 2], "size": [1, 2, 3], "uv": [181, 25]},
						{"origin": [-4, 95, 3], "size": [3, 2, 1], "uv": [181, 25]},
						{"origin": [-5, 93, 2], "size": [5, 2, 3], "uv": [48, 240]},
						{"origin": [-3, 97, 3], "size": [1, 2, 1], "uv": [48, 240]},
						{"origin": [-4, 93, 1], "size": [3, 2, 5], "uv": [48, 240]},
						{"origin": [-5, 91, 1], "size": [5, 2, 5], "uv": [181, 25]},
						{"origin": [-4, 91, 0], "size": [3, 2, 7], "uv": [181, 25]}
					]
				},
				{
					"name": "braço",
					"parent": "part1",
					"pivot": [13, 72, 4]
				},
				{
					"name": "cm",
					"parent": "braço",
					"pivot": [13.5, 72.5, 3.5],
					"cubes": [
						{"origin": [13, 68, 1], "size": [12, 8, 4], "uv": [0, 0]},
						{"origin": [13, 69, 0], "size": [12, 6, 6], "uv": [0, 0]},
						{"origin": [13, 70, -1], "size": [12, 4, 8], "uv": [0, 0]}
					]
				},
				{
					"name": "cm2",
					"parent": "cm",
					"pivot": [24.5, 72.5, 3.5],
					"cubes": [
						{"origin": [24, 69, 1], "size": [14, 6, 4], "uv": [0, 0]},
						{"origin": [24, 70, 0], "size": [14, 4, 6], "uv": [0, 0]}
					]
				},
				{
					"name": "cm3",
					"parent": "cm2",
					"pivot": [37.5, 72.5, 3.5],
					"cubes": [
						{"origin": [37, 70, 1], "size": [14, 4, 4], "uv": [0, 0]}
					]
				},
				{
					"name": "cm4",
					"parent": "cm3",
					"pivot": [50.5, 72.5, 3.5],
					"cubes": [
						{"origin": [50, 71, 2], "size": [14, 2, 2], "uv": [0, 0]}
					]
				},
				{
					"name": "braço2",
					"parent": "part1",
					"pivot": [-13, 72, 4],
					"rotation": [0, 0, -180]
				},
				{
					"name": "cm5",
					"parent": "braço2",
					"pivot": [-12.5, 72.5, 3.5],
					"cubes": [
						{"origin": [-13, 68, 1], "size": [12, 8, 4], "uv": [0, 0]},
						{"origin": [-13, 69, 0], "size": [12, 6, 6], "uv": [0, 0]},
						{"origin": [-13, 70, -1], "size": [12, 4, 8], "uv": [0, 0]}
					]
				},
				{
					"name": "cm6",
					"parent": "cm5",
					"pivot": [-1.5, 72.5, 3.5],
					"cubes": [
						{"origin": [-2, 69, 1], "size": [14, 6, 4], "uv": [0, 0]},
						{"origin": [-2, 70, 0], "size": [14, 4, 6], "uv": [0, 0]}
					]
				},
				{
					"name": "cm7",
					"parent": "cm6",
					"pivot": [11.5, 72.5, 3.5],
					"cubes": [
						{"origin": [11, 70, 1], "size": [14, 4, 4], "uv": [0, 0]}
					]
				},
				{
					"name": "cm8",
					"parent": "cm7",
					"pivot": [24.5, 72.5, 3.5],
					"cubes": [
						{"origin": [24, 71, 2], "size": [14, 2, 2], "uv": [0, 0]}
					]
				},
				{
					"name": "perna",
					"parent": "nabnab",
					"pivot": [-6, 52, 2],
					"rotation": [0, 0, 90]
				},
				{
					"name": "cm9",
					"parent": "perna",
					"pivot": [-5.5, 52.5, 1.5],
					"cubes": [
						{"origin": [-6, 48, -1], "size": [12, 8, 4], "uv": [0, 0]},
						{"origin": [-6, 49, -2], "size": [12, 6, 6], "uv": [0, 0]},
						{"origin": [-6, 50, -3], "size": [12, 4, 8], "uv": [0, 0]}
					]
				},
				{
					"name": "cm10",
					"parent": "cm9",
					"pivot": [5.5, 52.5, 1.5],
					"cubes": [
						{"origin": [5, 49, -1], "size": [14, 6, 4], "uv": [0, 0]},
						{"origin": [5, 50, -2], "size": [14, 4, 6], "uv": [0, 0]}
					]
				},
				{
					"name": "cm11",
					"parent": "cm10",
					"pivot": [18.5, 52.5, 1.5],
					"cubes": [
						{"origin": [18, 50, -1], "size": [14, 4, 4], "uv": [0, 0]}
					]
				},
				{
					"name": "cm12",
					"parent": "cm11",
					"pivot": [31.5, 52.5, 1.5],
					"cubes": [
						{"origin": [31, 51, 0], "size": [14, 2, 2], "uv": [0, 0]}
					]
				},
				{
					"name": "perna2",
					"parent": "nabnab",
					"pivot": [6, 52, 2],
					"rotation": [0, 0, 87.5]
				},
				{
					"name": "cm13",
					"parent": "perna2",
					"pivot": [6.5, 52.5, 1.5],
					"cubes": [
						{"origin": [6, 48, -1], "size": [12, 8, 4], "uv": [0, 0]},
						{"origin": [6, 49, -2], "size": [12, 6, 6], "uv": [0, 0]},
						{"origin": [6, 50, -3], "size": [12, 4, 8], "uv": [0, 0]}
					]
				},
				{
					"name": "cm14",
					"parent": "cm13",
					"pivot": [17.5, 52.5, 1.5],
					"cubes": [
						{"origin": [17, 49, -1], "size": [14, 6, 4], "uv": [0, 0]},
						{"origin": [17, 50, -2], "size": [14, 4, 6], "uv": [0, 0]}
					]
				},
				{
					"name": "cm15",
					"parent": "cm14",
					"pivot": [30.5, 52.5, 1.5],
					"cubes": [
						{"origin": [30, 50, -1], "size": [14, 4, 4], "uv": [0, 0]}
					]
				},
				{
					"name": "cm16",
					"parent": "cm15",
					"pivot": [43.5, 52.5, 1.5],
					"cubes": [
						{"origin": [43, 51, 0], "size": [14, 2, 2], "uv": [0, 0]}
					]
				}
			]
		}
	]
}