{
	"format_version": "1.12.0",
	"minecraft:geometry": [
		{
			"description": {
				"identifier": "geometry.opila",
				"texture_width": 260,
				"texture_height": 260,
				"visible_bounds_width": 7,
				"visible_bounds_height": 7.5,
				"visible_bounds_offset": [0, 3.25, 0]
			},
			"bones": [
				{
					"name": "opila",
					"pivot": [0, 4, 0]
				},
				{
					"name": "part1",
					"parent": "opila",
					"pivot": [0, 40, 9]
				},
				{
					"name": "ad",
					"parent": "part1",
					"pivot": [0, 59, -26]
				},
				{
					"name": "mask",
					"parent": "ad",
					"pivot": [0, 59, -27],
					"cubes": [
						{"origin": [-6, 59, -32], "size": [14, 2, 10], "uv": [0, 0]},
						{"origin": [-6, 85, -32], "size": [14, 2, 10], "uv": [0, 0]},
						{"origin": [-6, 83, -37], "size": [14, 2, 2], "uv": [0, 0]},
						{"origin": [-6, 61, -37], "size": [14, 2, 2], "uv": [0, 0]},
						{"origin": [-6, 80, -38], "size": [14, 3, 2], "uv": [0, 0]},
						{"origin": [-6, 63, -38], "size": [14, 3, 2], "uv": [0, 0]},
						{"origin": [-6, 66, -39], "size": [14, 14, 2], "uv": [0, 0]},
						{"origin": [-9, 66, -38], "size": [3, 14, 2], "uv": [0, 0]},
						{"origin": [8, 66, -38], "size": [3, 14, 2], "uv": [0, 0]},
						{"origin": [-11, 66, -37], "size": [2, 14, 2], "uv": [0, 0]},
						{"origin": [11, 66, -37], "size": [2, 14, 2], "uv": [0, 0]},
						{"origin": [-6, 84, -35], "size": [14, 2, 3], "uv": [0, 0]},
						{"origin": [-6, 60, -35], "size": [14, 2, 3], "uv": [0, 0]},
						{"origin": [8, 60, -32], "size": [3, 2, 10], "uv": [0, 0]},
						{"origin": [-9, 60, -32], "size": [3, 2, 10], "uv": [0, 0]},
						{"origin": [-9, 84, -32], "size": [3, 2, 10], "uv": [0, 0]},
						{"origin": [8, 84, -32], "size": [3, 2, 10], "uv": [0, 0]},
						{"origin": [-11, 61, -32], "size": [2, 2, 10], "uv": [0, 0]},
						{"origin": [-11, 83, -32], "size": [2, 2, 10], "uv": [0, 0]},
						{"origin": [11, 83, -32], "size": [2, 2, 10], "uv": [0, 0]},
						{"origin": [11, 61, -32], "size": [2, 2, 10], "uv": [0, 0]},
						{"origin": [12, 63, -32], "size": [2, 3, 10], "uv": [0, 0]},
						{"origin": [-12, 63, -32], "size": [2, 3, 10], "uv": [0, 0]},
						{"origin": [-12, 80, -32], "size": [2, 3, 10], "uv": [0, 0]},
						{"origin": [12, 80, -32], "size": [2, 3, 10], "uv": [0, 0]},
						{"origin": [-13, 66, -32], "size": [2, 14, 10], "uv": [0, 0]},
						{"origin": [-12, 66, -35], "size": [2, 14, 3], "uv": [0, 0]},
						{"origin": [-11, 80, -35], "size": [2, 3, 3], "uv": [0, 0]},
						{"origin": [11, 80, -35], "size": [2, 3, 3], "uv": [0, 0]},
						{"origin": [11, 63, -35], "size": [2, 3, 3], "uv": [0, 0]},
						{"origin": [-11, 63, -35], "size": [2, 3, 3], "uv": [0, 0]},
						{"origin": [-10, 80, -36], "size": [4, 3, 1], "uv": [0, 0]},
						{"origin": [8, 80, -36], "size": [4, 3, 1], "uv": [0, 0]},
						{"origin": [8, 63, -36], "size": [4, 3, 1], "uv": [0, 0]},
						{"origin": [-10, 63, -36], "size": [4, 3, 1], "uv": [0, 0]},
						{"origin": [-9, 84, -35], "size": [3, 1, 3], "uv": [0, 0]},
						{"origin": [8, 84, -35], "size": [3, 1, 3], "uv": [0, 0]},
						{"origin": [8, 61, -35], "size": [3, 1, 3], "uv": [0, 0]},
						{"origin": [-9, 61, -35], "size": [3, 1, 3], "uv": [0, 0]},
						{"origin": [-10, 62, -35], "size": [3, 1, 3], "uv": [0, 0]},
						{"origin": [-9, 83, -36], "size": [3, 1, 4], "uv": [0, 0]},
						{"origin": [8, 83, -36], "size": [3, 1, 4], "uv": [0, 0]},
						{"origin": [8, 62, -36], "size": [3, 1, 4], "uv": [0, 0]},
						{"origin": [-9, 62, -36], "size": [3, 1, 4], "uv": [0, 0]},
						{"origin": [8, 83, -35], "size": [4, 1, 3], "uv": [0, 0]},
						{"origin": [8, 62, -35], "size": [4, 1, 3], "uv": [0, 0]},
						{"origin": [-10, 83, -35], "size": [4, 1, 3], "uv": [0, 0]},
						{"origin": [-9, 80, -37], "size": [3, 3, 2], "uv": [0, 0]},
						{"origin": [8, 80, -37], "size": [3, 3, 2], "uv": [0, 0]},
						{"origin": [8, 63, -37], "size": [3, 3, 2], "uv": [0, 0]},
						{"origin": [-9, 63, -37], "size": [3, 3, 2], "uv": [0, 0]},
						{"origin": [12, 66, -35], "size": [2, 14, 3], "uv": [0, 0]},
						{"origin": [13, 66, -32], "size": [2, 14, 10], "uv": [0, 0]}
					]
				},
				{
					"name": "mask2",
					"parent": "mask",
					"pivot": [2, 59, -25],
					"rotation": [0, 180, 0],
					"cubes": [
						{"origin": [-4, 59, -30], "size": [14, 2, 10], "uv": [0, 0]},
						{"origin": [-4, 85, -30], "size": [14, 2, 10], "uv": [0, 0]},
						{"origin": [-4, 83, -35], "size": [14, 2, 2], "uv": [0, 0]},
						{"origin": [-4, 61, -35], "size": [14, 2, 2], "uv": [0, 0]},
						{"origin": [-4, 80, -36], "size": [14, 3, 2], "uv": [0, 0]},
						{"origin": [-4, 63, -36], "size": [14, 3, 2], "uv": [0, 0]},
						{"origin": [-4, 66, -37], "size": [14, 14, 2], "uv": [0, 0]},
						{"origin": [-7, 66, -36], "size": [3, 14, 2], "uv": [0, 0]},
						{"origin": [10, 66, -36], "size": [3, 14, 2], "uv": [0, 0]},
						{"origin": [-9, 66, -35], "size": [2, 14, 2], "uv": [0, 0]},
						{"origin": [13, 66, -35], "size": [2, 14, 2], "uv": [0, 0]},
						{"origin": [-4, 84, -33], "size": [14, 2, 3], "uv": [0, 0]},
						{"origin": [-4, 60, -33], "size": [14, 2, 3], "uv": [0, 0]},
						{"origin": [10, 60, -30], "size": [3, 2, 10], "uv": [0, 0]},
						{"origin": [-7, 60, -30], "size": [3, 2, 10], "uv": [0, 0]},
						{"origin": [-7, 84, -30], "size": [3, 2, 10], "uv": [0, 0]},
						{"origin": [10, 84, -30], "size": [3, 2, 10], "uv": [0, 0]},
						{"origin": [-9, 61, -30], "size": [2, 2, 10], "uv": [0, 0]},
						{"origin": [-9, 83, -30], "size": [2, 2, 10], "uv": [0, 0]},
						{"origin": [13, 83, -30], "size": [2, 2, 10], "uv": [0, 0]},
						{"origin": [13, 61, -30], "size": [2, 2, 10], "uv": [0, 0]},
						{"origin": [14, 63, -30], "size": [2, 3, 10], "uv": [0, 0]},
						{"origin": [-10, 63, -30], "size": [2, 3, 10], "uv": [0, 0]},
						{"origin": [-10, 80, -30], "size": [2, 3, 10], "uv": [0, 0]},
						{"origin": [14, 80, -30], "size": [2, 3, 10], "uv": [0, 0]},
						{"origin": [-11, 66, -30], "size": [2, 14, 10], "uv": [0, 0]},
						{"origin": [-10, 66, -33], "size": [2, 14, 3], "uv": [0, 0]},
						{"origin": [-9, 80, -33], "size": [2, 3, 3], "uv": [0, 0]},
						{"origin": [13, 80, -33], "size": [2, 3, 3], "uv": [0, 0]},
						{"origin": [13, 63, -33], "size": [2, 3, 3], "uv": [0, 0]},
						{"origin": [-9, 63, -33], "size": [2, 3, 3], "uv": [0, 0]},
						{"origin": [-8, 80, -34], "size": [4, 3, 1], "uv": [0, 0]},
						{"origin": [10, 80, -34], "size": [4, 3, 1], "uv": [0, 0]},
						{"origin": [10, 63, -34], "size": [4, 3, 1], "uv": [0, 0]},
						{"origin": [-8, 63, -34], "size": [4, 3, 1], "uv": [0, 0]},
						{"origin": [-7, 84, -33], "size": [3, 1, 3], "uv": [0, 0]},
						{"origin": [10, 84, -33], "size": [3, 1, 3], "uv": [0, 0]},
						{"origin": [10, 61, -33], "size": [3, 1, 3], "uv": [0, 0]},
						{"origin": [-7, 61, -33], "size": [3, 1, 3], "uv": [0, 0]},
						{"origin": [-8, 62, -33], "size": [3, 1, 3], "uv": [0, 0]},
						{"origin": [-7, 83, -34], "size": [3, 1, 4], "uv": [0, 0]},
						{"origin": [10, 83, -34], "size": [3, 1, 4], "uv": [0, 0]},
						{"origin": [10, 62, -34], "size": [3, 1, 4], "uv": [0, 0]},
						{"origin": [-7, 62, -34], "size": [3, 1, 4], "uv": [0, 0]},
						{"origin": [10, 83, -33], "size": [4, 1, 3], "uv": [0, 0]},
						{"origin": [10, 62, -33], "size": [4, 1, 3], "uv": [0, 0]},
						{"origin": [-8, 83, -33], "size": [4, 1, 3], "uv": [0, 0]},
						{"origin": [-7, 80, -35], "size": [3, 3, 2], "uv": [0, 0]},
						{"origin": [10, 80, -35], "size": [3, 3, 2], "uv": [0, 0]},
						{"origin": [10, 63, -35], "size": [3, 3, 2], "uv": [0, 0]},
						{"origin": [-7, 63, -35], "size": [3, 3, 2], "uv": [0, 0]},
						{"origin": [14, 66, -33], "size": [2, 14, 3], "uv": [0, 0]},
						{"origin": [15, 66, -30], "size": [2, 14, 10], "uv": [0, 0]}
					]
				},
				{
					"name": "eyr",
					"parent": "mask",
					"pivot": [-5, 76, -40],
					"rotation": [0, 5, 0]
				},
				{
					"name": "bool",
					"parent": "eyr",
					"pivot": [-1, 62, -39],
					"cubes": [
						{"origin": [-10, 74, -40], "size": [9, 5, 2], "uv": [181, 89]},
						{"origin": [-8, 72, -40], "size": [5, 9, 2], "uv": [181, 89]},
						{"origin": [-9, 73, -40], "size": [7, 7, 2], "uv": [181, 89]},
						{"origin": [-8, 73, -41], "size": [5, 7, 3], "uv": [181, 89]},
						{"origin": [-9, 74, -41], "size": [7, 5, 3], "uv": [181, 89]}
					]
				},
				{
					"name": "black",
					"parent": "eyr",
					"pivot": [-5.5, 76.5, -41.5],
					"cubes": [
						{"origin": [-8, 73, -42], "size": [5, 7, 1], "uv": [189, 6]},
						{"origin": [-9, 74, -42], "size": [7, 5, 1], "uv": [189, 6]}
					]
				},
				{
					"name": "eyr2",
					"parent": "mask",
					"pivot": [7, 76, -40],
					"rotation": [0, -7.5, 0]
				},
				{
					"name": "bool2",
					"parent": "eyr2",
					"pivot": [11, 62, -39],
					"cubes": [
						{"origin": [3, 74, -40], "size": [9, 5, 2], "uv": [181, 89]},
						{"origin": [5, 72, -40], "size": [5, 9, 2], "uv": [181, 89]},
						{"origin": [4, 73, -40], "size": [7, 7, 2], "uv": [181, 89]},
						{"origin": [5, 73, -41], "size": [5, 7, 3], "uv": [181, 89]},
						{"origin": [4, 74, -41], "size": [7, 5, 3], "uv": [181, 89]}
					]
				},
				{
					"name": "black2",
					"parent": "eyr2",
					"pivot": [7.5, 76.5, -41.5],
					"cubes": [
						{"origin": [5, 73, -42], "size": [5, 7, 1], "uv": [189, 6]},
						{"origin": [4, 74, -42], "size": [7, 5, 1], "uv": [189, 6]}
					]
				},
				{
					"name": "bbic",
					"parent": "ad",
					"pivot": [0, 67, -38],
					"rotation": [7.5, 0, 0],
					"cubes": [
						{"origin": [-1, 69, -46], "size": [4, 2, 8], "uv": [27, 209]},
						{"origin": [-1, 68, -49], "size": [4, 2, 3], "uv": [27, 209]},
						{"origin": [-3, 67, -49], "size": [2, 2, 3], "uv": [27, 209]},
						{"origin": [3, 67, -49], "size": [2, 2, 3], "uv": [27, 209]},
						{"origin": [-4, 66, -49], "size": [2, 2, 3], "uv": [27, 209]},
						{"origin": [4, 66, -49], "size": [2, 2, 3], "uv": [27, 209]},
						{"origin": [-5, 64, -49], "size": [2, 2, 3], "uv": [27, 209]},
						{"origin": [-5, 63, -51], "size": [2, 2, 2], "uv": [27, 209]},
						{"origin": [-4, 62, -53], "size": [2, 2, 2], "uv": [27, 209]},
						{"origin": [-3, 61, -55], "size": [2, 3, 2], "uv": [27, 209]},
						{"origin": [3, 61, -55], "size": [2, 3, 2], "uv": [27, 209]},
						{"origin": [4, 62, -53], "size": [2, 2, 2], "uv": [27, 209]},
						{"origin": [5, 63, -51], "size": [2, 2, 2], "uv": [27, 209]},
						{"origin": [5, 64, -49], "size": [2, 2, 3], "uv": [27, 209]},
						{"origin": [-1, 67, -51], "size": [4, 2, 2], "uv": [27, 209]},
						{"origin": [-3, 66, -51], "size": [2, 2, 2], "uv": [27, 209]},
						{"origin": [-3, 64, -53], "size": [2, 2, 2], "uv": [27, 209]},
						{"origin": [3, 64, -53], "size": [2, 2, 2], "uv": [27, 209]},
						{"origin": [3, 66, -51], "size": [2, 2, 2], "uv": [27, 209]},
						{"origin": [-4, 64, -51], "size": [2, 2, 2], "uv": [27, 209]},
						{"origin": [4, 64, -51], "size": [2, 2, 2], "uv": [27, 209]},
						{"origin": [-1, 66, -53], "size": [4, 2, 2], "uv": [27, 209]},
						{"origin": [-1, 64, -55], "size": [4, 2, 2], "uv": [27, 209]},
						{"origin": [-2, 60, -56], "size": [6, 4, 2], "uv": [27, 209]},
						{"origin": [-1, 59, -57], "size": [4, 4, 1], "uv": [27, 209]},
						{"origin": [0, 58, -58], "size": [2, 4, 1], "uv": [27, 209]},
						{"origin": [3, 68, -46], "size": [2, 2, 8], "uv": [27, 209]},
						{"origin": [4, 67, -46], "size": [2, 2, 8], "uv": [27, 209]},
						{"origin": [-4, 67, -46], "size": [2, 2, 8], "uv": [27, 209]},
						{"origin": [-5, 66, -46], "size": [2, 2, 8], "uv": [27, 209]},
						{"origin": [5, 66, -46], "size": [2, 2, 8], "uv": [27, 209]},
						{"origin": [6, 64, -46], "size": [2, 2, 7], "uv": [27, 209]},
						{"origin": [-6, 64, -46], "size": [2, 2, 7], "uv": [27, 209]},
						{"origin": [-3, 68, -46], "size": [2, 2, 8], "uv": [27, 209]}
					]
				},
				{
					"name": "boca",
					"parent": "ad",
					"pivot": [1, 62.4375, -37.125],
					"cubes": [
						{"origin": [-5, 62, -46], "size": [2, 2, 8], "uv": [33, 218]},
						{"origin": [5, 62, -46], "size": [2, 2, 8], "uv": [33, 218]},
						{"origin": [4, 61, -46], "size": [2, 2, 9], "uv": [33, 218]},
						{"origin": [-4, 61, -46], "size": [2, 2, 9], "uv": [33, 218]},
						{"origin": [-2, 60, -46], "size": [6, 2, 9], "uv": [33, 218]},
						{"origin": [-1, 60, -47], "size": [4, 2, 10], "uv": [33, 218]},
						{"origin": [-2, 61, -48], "size": [6, 2, 2], "uv": [33, 218]},
						{"origin": [-4, 62, -48], "size": [2, 2, 2], "uv": [33, 218]},
						{"origin": [4, 62, -48], "size": [2, 2, 2], "uv": [33, 218]},
						{"origin": [-3, 62, -50], "size": [2, 2, 2], "uv": [33, 218]},
						{"origin": [3, 62, -50], "size": [2, 2, 2], "uv": [33, 218]},
						{"origin": [-2, 62, -51], "size": [2, 2, 2], "uv": [33, 218]},
						{"origin": [0, 61, -50], "size": [2, 2, 2], "uv": [33, 218]},
						{"origin": [-1, 61, -49], "size": [4, 2, 1], "uv": [33, 218]},
						{"origin": [0, 62, -52], "size": [2, 2, 2], "uv": [33, 218]},
						{"origin": [2, 62, -51], "size": [2, 2, 2], "uv": [33, 218]}
					]
				},
				{
					"name": "pelo",
					"parent": "ad",
					"pivot": [1.0028, 86.95477, -27.01201],
					"rotation": [0, 17.5, -5],
					"cubes": [
						{"origin": [0, 86, -28], "size": [2, 5, 2], "pivot": [1, 88, -27], "rotation": [0, -45, 0], "uv": [196, 221]},
						{"origin": [0.5, 90, -26.79289], "size": [1, 4, 1], "pivot": [1, 90.5, -26.29289], "rotation": [24.20698, -42.25827, -20.36115], "uv": [196, 221]},
						{"origin": [0.69144, 93.63266, -28.11999], "size": [1, 4, 1], "pivot": [0.67641, 93.73062, -27.96201], "rotation": [33.2057, -36.2173, -34.52442], "uv": [196, 221]}
					]
				},
				{
					"name": "pelo2",
					"parent": "pelo",
					"pivot": [4.0028, 86.95477, -27.01201],
					"rotation": [-10.38214, 22.37447, 15.65541],
					"cubes": [
						{"origin": [3, 86, -28], "size": [2, 5, 2], "pivot": [4, 88, -27], "rotation": [0, -45, 0], "uv": [196, 221]},
						{"origin": [3.5, 90, -26.79289], "size": [1, 4, 1], "pivot": [4, 90.5, -26.29289], "rotation": [24.20698, -42.25827, -20.36115], "uv": [196, 221]},
						{"origin": [3.69144, 93.63266, -28.11999], "size": [1, 4, 1], "pivot": [3.67641, 93.73062, -27.96201], "rotation": [33.2057, -36.2173, -34.52442], "uv": [196, 221]}
					]
				},
				{
					"name": "pelo3",
					"parent": "pelo",
					"pivot": [-1.9972, 86.95477, -27.01201],
					"rotation": [25.3715, 24.96969, 5.10696],
					"cubes": [
						{"origin": [-3, 86, -28], "size": [2, 5, 2], "pivot": [-2, 88, -27], "rotation": [0, -45, 0], "uv": [196, 221]},
						{"origin": [-2.5, 90, -26.79289], "size": [1, 4, 1], "pivot": [-2, 90.5, -26.29289], "rotation": [24.20698, -42.25827, -20.36115], "uv": [196, 221]},
						{"origin": [-2.30856, 93.63266, -28.11999], "size": [1, 4, 1], "pivot": [-2.32359, 93.73062, -27.96201], "rotation": [33.2057, -36.2173, -34.52442], "uv": [196, 221]}
					]
				},
				{
					"name": "corpo",
					"parent": "part1",
					"pivot": [1, 40.6, -19.11667],
					"rotation": [-2.5, 0, 0],
					"cubes": [
						{"origin": [-9, 27, -9], "size": [20, 28, 40], "uv": [0, 0]},
						{"origin": [-10, 27, -9], "size": [22, 27, 40], "uv": [0, 0]},
						{"origin": [-11, 28, -9], "size": [24, 25, 40], "uv": [0, 0]},
						{"origin": [-12, 30, -9], "size": [26, 21, 40], "uv": [0, 0]},
						{"origin": [-9, 24, 3], "size": [20, 33, 24], "uv": [0, 0]},
						{"origin": [-9, 23, 8], "size": [20, 35, 14], "uv": [0, 0]},
						{"origin": [-11, 24, 8], "size": [24, 33, 14], "uv": [0, 0]},
						{"origin": [-12, 25, 8], "size": [26, 31, 14], "uv": [0, 0]},
						{"origin": [-13, 26, 8], "size": [28, 29, 14], "uv": [0, 0]},
						{"origin": [-14, 28, 8], "size": [30, 25, 14], "uv": [0, 0]},
						{"origin": [-15, 30, 8], "size": [32, 21, 14], "uv": [0, 0]},
						{"origin": [-13, 28, -1], "size": [28, 25, 28], "uv": [0, 0]},
						{"origin": [-12, 26, -1], "size": [26, 29, 28], "uv": [0, 0]},
						{"origin": [-11, 25, -1], "size": [24, 31, 28], "uv": [0, 0]},
						{"origin": [-11, 26, -5], "size": [24, 29, 35], "uv": [0, 0]},
						{"origin": [-12, 28, -5], "size": [26, 25, 35], "uv": [0, 0]},
						{"origin": [-13, 30, -5], "size": [28, 21, 35], "uv": [0, 0]},
						{"origin": [-14, 30, -1], "size": [30, 21, 28], "uv": [0, 0]},
						{"origin": [-9, 25, -1], "size": [20, 32, 16], "uv": [0, 0]},
						{"origin": [-9, 26, -5], "size": [20, 30, 35], "uv": [0, 0]},
						{"origin": [-9, 25, 11], "size": [20, 31, 19], "uv": [0, 0]},
						{"origin": [-9, 26, 11], "size": [20, 29, 20], "uv": [0, 0]},
						{"origin": [-9, 27, 11], "size": [20, 27, 21], "uv": [0, 0]},
						{"origin": [-10, 28, -13], "size": [22, 25, 45], "uv": [0, 0]},
						{"origin": [-9, 29, -12], "size": [20, 23, 45], "uv": [0, 0]},
						{"origin": [-9, 27, -13], "size": [20, 27, 11], "uv": [0, 0]},
						{"origin": [-11, 30, -13], "size": [24, 21, 45], "uv": [0, 0]},
						{"origin": [-9, 29, -17], "size": [20, 24, 5], "uv": [0, 0]},
						{"origin": [-10, 31, -17], "size": [22, 20, 5], "uv": [0, 0]},
						{"origin": [-9, 30, -19], "size": [20, 22, 3], "uv": [0, 0]}
					]
				},
				{
					"name": "pescoso",
					"parent": "corpo",
					"pivot": [0, 37, -15],
					"cubes": [
						{"origin": [-5, 51, -36], "size": [12, 11, 20], "uv": [0, 0]},
						{"origin": [-7, 51, -35], "size": [16, 11, 18], "uv": [0, 0]},
						{"origin": [-9, 51, -34], "size": [20, 11, 16], "uv": [0, 0]},
						{"origin": [-10, 51, -32], "size": [22, 11, 12], "uv": [0, 0]}
					]
				},
				{
					"name": "pescoso2",
					"parent": "pescoso",
					"pivot": [0, 44, -23],
					"rotation": [22.5, 0, 0],
					"cubes": [
						{"origin": [-5, 44, -32], "size": [12, 11, 20], "uv": [0, 0]},
						{"origin": [-7, 44, -31], "size": [16, 11, 18], "uv": [0, 0]},
						{"origin": [-8, 44, -30], "size": [18, 11, 16], "uv": [0, 0]},
						{"origin": [-9, 44, -28], "size": [20, 11, 12], "uv": [0, 0]}
					]
				},
				{
					"name": "pescoso3",
					"parent": "pescoso",
					"pivot": [0, 36, -14],
					"rotation": [42.5, 0, 0],
					"cubes": [
						{"origin": [-5, 36, -23], "size": [12, 18, 22], "uv": [0, 0]},
						{"origin": [-7, 36, -22], "size": [16, 18, 20], "uv": [0, 0]},
						{"origin": [-8, 36, -21], "size": [18, 18, 18], "uv": [0, 0]},
						{"origin": [-9, 36, -19], "size": [20, 18, 14], "uv": [0, 0]}
					]
				},
				{
					"name": "assa",
					"parent": "part1",
					"pivot": [-13, 39.04545, -7],
					"rotation": [0, -7.5, 0],
					"cubes": [
						{"origin": [-14, 31, -5], "size": [2, 18, 9], "uv": [186, 216]},
						{"origin": [-14, 32, -7], "size": [2, 16, 14], "uv": [186, 216]},
						{"origin": [-14, 33, -8], "size": [2, 14, 17], "uv": [186, 216]},
						{"origin": [-14, 33, -1], "size": [2, 17, 15], "uv": [186, 216]},
						{"origin": [-14, 33, 12], "size": [2, 16, 5], "uv": [186, 216]},
						{"origin": [-14, 32, 15], "size": [2, 16, 5], "uv": [186, 216]},
						{"origin": [-14, 32, 17], "size": [2, 14, 5], "uv": [186, 216]},
						{"origin": [-14, 31, 19], "size": [2, 13, 5], "uv": [186, 216]},
						{"origin": [-14, 30, 21], "size": [2, 12, 5], "uv": [186, 216]},
						{"origin": [-14, 29, 23], "size": [2, 11, 4], "uv": [186, 216]},
						{"origin": [-14, 35, -9], "size": [2, 10, 4], "uv": [186, 216]}
					]
				},
				{
					"name": "assa2",
					"parent": "part1",
					"pivot": [15, 39.04545, -7],
					"rotation": [0, 7.5, 0],
					"cubes": [
						{"origin": [14, 31, -5], "size": [2, 18, 9], "uv": [186, 216]},
						{"origin": [14, 32, -7], "size": [2, 16, 14], "uv": [186, 216]},
						{"origin": [14, 33, -8], "size": [2, 14, 17], "uv": [186, 216]},
						{"origin": [14, 33, -1], "size": [2, 17, 15], "uv": [186, 216]},
						{"origin": [14, 33, 12], "size": [2, 16, 5], "uv": [186, 216]},
						{"origin": [14, 32, 15], "size": [2, 16, 5], "uv": [186, 216]},
						{"origin": [14, 32, 17], "size": [2, 14, 5], "uv": [186, 216]},
						{"origin": [14, 31, 19], "size": [2, 13, 5], "uv": [186, 216]},
						{"origin": [14, 30, 21], "size": [2, 12, 5], "uv": [186, 216]},
						{"origin": [14, 29, 23], "size": [2, 11, 4], "uv": [186, 216]},
						{"origin": [14, 35, -9], "size": [2, 10, 4], "uv": [186, 216]}
					]
				},
				{
					"name": "part2",
					"parent": "opila",
					"pivot": [0, 59, -27]
				},
				{
					"name": "perna",
					"parent": "part2",
					"pivot": [-8, 23, 11]
				},
				{
					"name": "cm",
					"parent": "perna",
					"pivot": [-8, 22.5, 11],
					"cubes": [
						{"origin": [-9, 12, 9], "size": [2, 11, 4], "uv": [47, 215]},
						{"origin": [-10, 12, 10], "size": [4, 11, 2], "uv": [47, 215]}
					]
				},
				{
					"name": "bx",
					"parent": "perna",
					"pivot": [-8, 12.5, 11],
					"cubes": [
						{"origin": [-9, 1, 9], "size": [2, 12, 4], "uv": [47, 215]},
						{"origin": [-9, 1, 2], "size": [2, 1, 7], "uv": [47, 215]},
						{"origin": [-10, 1, 4], "size": [2, 1, 7], "pivot": [-9, 1.5, 10.5], "rotation": [0, 47.5, 0], "uv": [47, 215]},
						{"origin": [-9, 1, 2], "size": [2, 1, 7], "pivot": [-9, 1.5, 10.5], "rotation": [0, -47.5, 0], "uv": [47, 215]},
						{"origin": [-10, 1, 10], "size": [4, 12, 2], "uv": [47, 215]}
					]
				},
				{
					"name": "perna2",
					"parent": "part2",
					"pivot": [10, 23, 11]
				},
				{
					"name": "cm2",
					"parent": "perna2",
					"pivot": [10, 22.5, 11],
					"cubes": [
						{"origin": [9, 12, 9], "size": [2, 11, 4], "uv": [47, 215]},
						{"origin": [8, 12, 10], "size": [4, 11, 2], "uv": [47, 215]}
					]
				},
				{
					"name": "bx2",
					"parent": "perna2",
					"pivot": [10, 12.5, 11],
					"cubes": [
						{"origin": [9, 1, 9], "size": [2, 12, 4], "uv": [47, 215]},
						{"origin": [9, 1, 2], "size": [2, 1, 7], "uv": [47, 215]},
						{"origin": [8, 1, 4], "size": [2, 1, 7], "pivot": [9, 1.5, 10.5], "rotation": [0, 47.5, 0], "uv": [47, 215]},
						{"origin": [9, 1, 2], "size": [2, 1, 7], "pivot": [9, 1.5, 10.5], "rotation": [0, -47.5, 0], "uv": [47, 215]},
						{"origin": [8, 1, 10], "size": [4, 12, 2], "uv": [47, 215]}
					]
				}
			]
		}
	]
}