{"format_version":"1.8.0","animations":{"animation.yg_opila_bird.general":{"loop":true,"animation_length":2,"bones":{"Body":{"rotation":{"0.0":{"post":[5,0,0],"lerp_mode":"catmullrom"},"1.0":{"post":[0,0,0],"lerp_mode":"catmullrom"},"2.0":{"post":[5,0,0],"lerp_mode":"catmullrom"}}},"Wing":{"rotation":{"0.0":{"post":[0,-7.5,0],"lerp_mode":"catmullrom"},"1.0":{"post":[0,-5,0],"lerp_mode":"catmullrom"},"2.0":{"post":[0,-7.5,0],"lerp_mode":"catmullrom"}}},"Wing2":{"rotation":{"0.0":{"post":[0,10,0],"lerp_mode":"catmullrom"},"1.0":{"post":[0,5,0],"lerp_mode":"catmullrom"},"2.0":{"post":[0,10,0],"lerp_mode":"catmullrom"}}}}},"animation.yg_opila_bird.looking":{"loop":true,"bones":{"Head":{"rotation":["query.target_x_rotation-this","query.target_y_rotation-this",0]}}},"animation.yg_opila_bird.move":{"loop":true,"animation_length":1,"anim_time_update":"query.modified_distance_moved * 0.1","bones":{"Root":{"position":{"0.0":[0,-2,0],"0.25":[0,0,0],"0.5":[0,-2,0],"0.75":[0,0,0],"1.0":[0,-2,0]}},"Body":{"rotation":{"0.0":{"post":[7.5,0,0],"lerp_mode":"catmullrom"},"0.5":{"post":[2.5,0,0],"lerp_mode":"catmullrom"},"1.0":{"post":[7.5,0,0],"lerp_mode":"catmullrom"}}},"Wing":{"rotation":{"0.0":{"post":[0,-7.5,0],"lerp_mode":"catmullrom"},"0.5":{"post":[0,-2.5,0],"lerp_mode":"catmullrom"},"1.0":{"post":[0,-7.5,0],"lerp_mode":"catmullrom"}}},"Wing2":{"rotation":{"0.0":{"post":[0,7.5,0],"lerp_mode":"catmullrom"},"0.5":{"post":[0,2.5,0],"lerp_mode":"catmullrom"},"1.0":{"post":[0,7.5,0],"lerp_mode":"catmullrom"}}},"Rightleg":{"rotation":{"0.0":{"post":[-50,0,0],"lerp_mode":"catmullrom"},"0.25":{"post":[0,0,0],"lerp_mode":"catmullrom"},"0.5":{"post":[35,0,0],"lerp_mode":"catmullrom"},"0.75":{"post":[0,0,0],"lerp_mode":"catmullrom"},"1.0":{"post":[-50,0,0],"lerp_mode":"catmullrom"}},"position":{"0.0":[0,0,-2],"0.25":[0,0,0],"0.5":[0,0,2],"0.75":[0,2,0],"1.0":[0,0,-2]}},"bone":{"rotation":{"0.0":{"post":[50,0,0],"lerp_mode":"catmullrom"},"0.25":{"post":[0,0,0],"lerp_mode":"catmullrom"},"0.5":{"post":[45,0,0],"lerp_mode":"catmullrom"},"1.0":{"post":[50,0,0],"lerp_mode":"catmullrom"}}},"Leftleg":{"rotation":{"0.0":{"post":[35,0,0],"lerp_mode":"catmullrom"},"0.25":{"post":[0,0,0],"lerp_mode":"catmullrom"},"0.5":{"post":[-50,0,0],"lerp_mode":"catmullrom"},"0.75":{"post":[0,0,0],"lerp_mode":"catmullrom"},"1.0":{"post":[35,0,0],"lerp_mode":"catmullrom"}},"position":{"0.0":[0,0,2],"0.25":[0,2,0],"0.5":[0,0,-2],"0.75":[0,0,0],"1.0":[0,0,2]}},"bone2":{"rotation":{"0.0":{"post":[45,0,0],"lerp_mode":"catmullrom"},"0.5":{"post":[50,0,0],"lerp_mode":"catmullrom"},"0.75":{"post":[0,0,0],"lerp_mode":"catmullrom"},"1.0":{"post":[45,0,0],"lerp_mode":"catmullrom"}}}}},"animation.yg_opila_bird.attack":{"animation_length":0.83333,"bones":{"Body":{"rotation":{"0.0":{"post":[0,0,0],"lerp_mode":"catmullrom"},"0.1667":{"post":[-15,0,0],"lerp_mode":"catmullrom"},"0.3333":{"post":[7.5,0,0],"lerp_mode":"catmullrom"},"0.6667":{"post":[7.5,0,0],"lerp_mode":"catmullrom"},"0.8333":{"post":[0,0,0],"lerp_mode":"catmullrom"}}},"Head":{"rotation":{"0.0":{"post":[0,0,0],"lerp_mode":"catmullrom"},"0.1667":{"post":[-32.25161,-0.03833,-1.91267],"lerp_mode":"catmullrom"},"0.3333":{"post":[45.24839,-0.03833,-1.91267],"lerp_mode":"catmullrom"},"0.6667":{"post":[45.24839,-0.03833,-1.91267],"lerp_mode":"catmullrom"},"0.8333":{"post":[0,0,0],"lerp_mode":"catmullrom"}}},"Jaw":{"rotation":{"0.0":{"post":[0,0,0],"lerp_mode":"catmullrom"},"0.1667":{"post":[37.5,0,0],"lerp_mode":"catmullrom"},"0.3333":{"post":[10,0,0],"lerp_mode":"catmullrom"},"0.6667":{"post":[10,0,0],"lerp_mode":"catmullrom"},"0.8333":{"post":[0,0,0],"lerp_mode":"catmullrom"}}},"Wing":{"rotation":{"0.0":{"post":[0,0,0],"lerp_mode":"catmullrom"},"0.1667":{"post":[0,-17.5,0],"lerp_mode":"catmullrom"},"0.3333":{"post":[0,-60,0],"lerp_mode":"catmullrom"},"0.6667":{"post":[0,-60,0],"lerp_mode":"catmullrom"},"0.8333":{"post":[0,0,0],"lerp_mode":"catmullrom"}}},"Wing2":{"rotation":{"0.0":{"post":[0,0,0],"lerp_mode":"catmullrom"},"0.1667":{"post":[0,25,0],"lerp_mode":"catmullrom"},"0.3333":{"post":[0,55,0],"lerp_mode":"catmullrom"},"0.6667":{"post":[0,55,0],"lerp_mode":"catmullrom"},"0.8333":{"post":[0,0,0],"lerp_mode":"catmullrom"}}}}},"animation.yg_opila_bird.jumpscare":{"animation_length":2,"bones":{"Body":{"rotation":{"0.0":{"post":[0,0,0],"lerp_mode":"catmullrom"},"0.25":{"post":[-20,0,0],"lerp_mode":"catmullrom"},"0.5":{"post":[5,0,0],"lerp_mode":"catmullrom"},"1.8333":{"post":[5,0,0],"lerp_mode":"catmullrom"},"2.0":{"post":[0,0,0],"lerp_mode":"catmullrom"}}},"Head":{"rotation":{"0.0":{"post":[0,0,0],"lerp_mode":"catmullrom"},"0.25":{"post":[-17.5,0,0],"lerp_mode":"catmullrom"},"0.5":{"post":[-2.5,0,0],"lerp_mode":"catmullrom"},"1.8333":{"post":[-2.5,0,0],"lerp_mode":"catmullrom"},"2.0":{"post":[0,0,0],"lerp_mode":"catmullrom"}}},"Jaw":{"rotation":{"0.0":{"post":[0,0,0],"lerp_mode":"catmullrom"},"0.25":{"post":[5,0,0],"lerp_mode":"catmullrom"},"0.5":{"post":[35,0,0],"lerp_mode":"catmullrom"},"1.8333":{"post":[35,0,0],"lerp_mode":"catmullrom"},"2.0":{"post":[0,0,0],"lerp_mode":"catmullrom"}}},"Wing":{"rotation":{"0.0":{"post":[0,0,0],"lerp_mode":"catmullrom"},"0.25":{"post":[0,-17.5,0],"lerp_mode":"catmullrom"},"0.5":{"post":[0,-47.5,0],"lerp_mode":"catmullrom"},"1.8333":{"post":[0,-47.5,0],"lerp_mode":"catmullrom"},"2.0":{"post":[0,0,0],"lerp_mode":"catmullrom"}}},"Wing2":{"rotation":{"0.0":{"post":[0,0,0],"lerp_mode":"catmullrom"},"0.25":{"post":[0,20,0],"lerp_mode":"catmullrom"},"0.5":{"post":[0,42.5,0],"lerp_mode":"catmullrom"},"1.8333":{"post":[0,42.5,0],"lerp_mode":"catmullrom"},"2.0":{"post":[0,0,0],"lerp_mode":"catmullrom"}}}}},"animation.yg_opila_bird.statue":{"loop":true,"bones":{"Root":{"position":[0,-14,0]},"Body":{"rotation":[-14.82612,0.13639,-2.29743]},"Head":{"rotation":[-7.5,0,0]},"Jaw":{"rotation":[30,0,0]},"Rightleg":{"rotation":[-89.70808,-0.10289,-3.81538]},"bone":{"rotation":[17.5,0,0]},"Leftleg":{"rotation":[-89.70808,-0.10289,-3.81538]},"bone2":{"rotation":[17.5,0,0]}}}}}