{
  "format_version": "1.10.0",
  "minecraft:client_entity": {
    "description": {
      "identifier": "dg:slime_girl",
      "materials": {
        "default": "skeleton"
      },
      "textures": {
        "default": "textures/ss"
      },
      "geometry": {
        "default": "geometry.slime_girl"
      },
      "animations": {
        "idle": "animation.slime_girl.idle",
        "moving": "animation.slime_girl.walk",
        "look": "animation.common.look_at_target",
        "sit": "animation"
      }, 
      "scripts": {
        "animate": [
{
            "idle": "query.variant == 0"
          },
          {
            "moving": "query.modified_move_speed"
          },
          {
              "sit": "query.is_sitting"
          }
        ],
        "pre_animation": [
          "variable.a \u003d math.round(math.random(0,1));",
          "variable.attack \u003d Math.sin(variable.attack_time * 30.0);"
        ]
      },
      
      "render_controllers": [
        "controller.render.skeleton"
      ],
      "enable_attachables": true,
      "spawn_egg": {
        	"base_color": "#88ff46",
				"overlay_color": "#88ff46"
      }
    }
  }
}
