{
	"format_version": "1.8.0",
	"animations": {
		"animation.cat.eat": {
			"loop": "hold_on_last_frame",
			"animation_length": 2.83333,
			"blend_weight": "1",
			"bones": {
				"Body": {
					"rotation": [0, 0, 0],
					"position": [0, 0, 0]
				},
				"Head": {
					"rotation": {
						"0.0": [0, 0, 0],
						"0.3333": [26.74, 0, 0],
						"0.4167": [32.09, 0, 0],
						"0.625": [48.13, 0, 0],
						"1.1667": [115, 0, 0],
						"1.4583": [115, 0, 5],
						"1.625": [115, 0, -10],
						"1.7917": [117.5, 0, -5],
						"2.0": [117.5, 0, -7.5],
						"2.2083": [112.5, 0, 0],
						"2.4167": [112.5, 0, -7.5],
						"2.625": [112.5, 0, 0],
						"2.8333": [115, 0, 0]
					},
					"position": {
						"0.0": [0, 0, 0],
						"0.3333": [0, 8.2, -0.7],
						"0.9583": [0, 16, -6]
					}
				},
				"Toplip": {
					"rotation": {
						"0.2917": [0, 0, 0],
						"0.625": [-15, 0, 0],
						"0.9583": [-20, 0, 0],
						"1.125": [-2.5, 0, 0]
					}
				},
				"Bottomlip": {
					"rotation": {
						"0.2917": [0, 0, 0],
						"0.625": [22.5, 0, 0],
						"0.9583": [35, 0, 0],
						"1.125": [0, 0, 0]
					},
					"position": {
						"0.0": [0, 0, 0],
						"0.625": [0, 0, 1],
						"0.9583": [0, 0, 0.38],
						"1.125": [0, 0, 0]
					}
				},
				"Chin": {
					"position": {
						"0.0": [0, 0, 0],
						"0.3333": [0, 0, 0],
						"0.5417": [0, 0, 1]
					}
				},
				"bone7": {
					"rotation": {
						"0.125": [1.5, 0, 0],
						"0.2083": [24, 0, 0],
						"0.2917": [21.5, 0, 0],
						"0.4583": [14, 0, 0],
						"0.625": [9, 0, 0],
						"0.8333": [6.5, 0, 0],
						"1.0417": [6.5, 0, 0],
						"1.1667": [11.5, 0, 0]
					},
					"position": {
						"0.125": [0, 0, 0],
						"0.2083": [0, 2.8, 4.8],
						"0.2917": [0, 3.25, 4],
						"0.4583": [0, 3.1, 2.75],
						"0.625": [0, 3.1, 1.75],
						"0.8333": [0, 3, 1.25],
						"1.0417": [0, 3, 1.25],
						"1.1667": [0, 3, 2]
					}
				},
				"bone8": {
					"rotation": {
						"0.0833": [0, 0, 0],
						"0.2083": [12.5, 0, 0],
						"0.2917": [15, 0, 0],
						"0.4583": [12.5, 0, 0],
						"0.8333": [12.5, 0, 0],
						"1.0417": [7.5, 0, 0]
					},
					"position": {
						"0.0833": [0, 0, 0],
						"0.2083": [0, 3, 2.35],
						"0.2917": [0, 3.1, 2.85],
						"0.4583": [0, 3.1, 2.5],
						"0.8333": [0, 3.1, 2.5],
						"1.0417": [0, 3.1, 1.5]
					}
				},
				"bone9": {
					"rotation": {
						"0.0": [-2.5, 0, 0],
						"0.0833": [20, 0, 0],
						"0.2083": [5, 0, 0],
						"0.4583": [0, 0, 0],
						"0.625": [2.5, 0, 0]
					},
					"position": {
						"0.0": [0, 0, 0],
						"0.0833": [0, 2.35, 0.35],
						"0.4583": [0, 2.35, 0.05],
						"0.625": [0, 3, 0.05]
					}
				},
				"bone6": {
					"rotation": {
						"0.2917": [0, 0, 0],
						"0.4583": [15, 0, 0],
						"0.625": [10, 0, 0],
						"0.8333": [2.5, 0, 0],
						"1.0417": [2.5, 0, 0],
						"1.1667": [5, 0, 0]
					},
					"position": {
						"0.2917": [0, 0, 0],
						"0.4583": [0, 3, 2.85],
						"0.625": [0, 3, 1.85],
						"0.8333": [0, 3, 0.5],
						"1.0417": [0, 3, 0.5],
						"1.1667": [0, 3, 0.85]
					}
				},
				"bone4": {
					"rotation": {
						"0.4583": [0, 0, 0],
						"0.625": [20, 0, 0],
						"1.0417": [20, 0, 0],
						"1.1667": [15, 0, 0]
					},
					"position": {
						"0.4583": [0, 0, 0],
						"0.625": [0, 3.15, 3.75],
						"1.0417": [0, 3.15, 3.75],
						"1.1667": [0, 3.15, 2.85]
					}
				},
				"bone5": {
					"rotation": {
						"0.2917": [0, 0, 0],
						"0.4583": [25, 0, 0],
						"0.8333": [20, 0, 0],
						"1.0417": [20, 0, 0],
						"1.1667": [17.5, 0, 0]
					},
					"position": {
						"0.2917": [0, 0, 0],
						"0.375": [0, 1.75, 2.75],
						"0.4583": [0, 3.5, 4.85],
						"0.8333": [0, 3.25, 4],
						"1.0417": [0, 3.25, 4],
						"1.1667": [0, 3.25, 3.45]
					}
				},
				"bone": {
					"rotation": {
						"1.0417": [0, 0, 0],
						"1.1667": [17.5, 0, 0]
					},
					"position": {
						"1.0417": [0, 0, 0],
						"1.1667": [0, 1, 0]
					}
				},
				"bone2": {
					"rotation": {
						"0.8333": [0, 0, 0],
						"1.0417": [25, 0, 0]
					},
					"position": {
						"0.8333": [0, 0, 0],
						"1.0417": [0, 3.45, 4.75]
					}
				},
				"bone3": {
					"rotation": {
						"0.625": [0, 0, 0],
						"0.8333": [32.5, 0, 0]
					},
					"position": {
						"0.625": [0, 0, 0],
						"0.8333": [0, 4, 6]
					}
				}
			}
		}
	}
}