{
	"format_version": "1.8.0",
	"animations": {
		"animation.player.dead": {
			"loop": "hold_on_last_frame",
			"animation_length": 1.58333,
			"bones": {
				"head": {
					"rotation": {
						"0.0": [0, 0, 0],
						"0.0833": [0, 0, -2.5],
						"0.1667": [0, 0, 0],
						"0.25": [2.5, 0, 2.5],
						"0.375": [0, 0, 0],
						"0.5": [-5, 0, 2.5],
						"0.625": [-2.5, 0, 2.5],
						"0.75": [2.5, 0, 0],
						"0.9167": [2.5, 0, -2.5],
						"1.0833": [0, 0, 0],
						"1.2917": [2.5, 0, 2.5],
						"1.5": [0, 0, 0]
					},
					"position": {
						"0.0": [0, 0, 0],
						"1.5": [0, 0, 0],
						"1.5417": [0, -1, 0]
					},
					"scale": {
						"0.0": [1, 1, 1],
						"1.5": [1.3, 1.3, 1.3],
						"1.5417": [0.1, 0.1, 0.1]
					}
				}
			}
		}
	}
}