{
  "format_version": "1.12.0",
  "minecraft:geometry": [
    {
      "description": {
        "identifier": "geometry.mr_arm_jumbo",
        "texture_width": 128,
        "texture_height": 128,
        "visible_bounds_width": 3,
        "visible_bounds_height": 6.5,
        "visible_bounds_offset": [
          0,
          2.75,
          0
        ]
      },
      "bones": [
        {
          "name": "LeftArm",
          "pivot": [
            0,
            65,
            1
          ],
          "cubes": [
            {
              "origin": [
                -5.0,
                61.0,
                -14.0
              ],
              "size": [
                10.0,
                10.0,
                14.0
              ],
              "uv": [
                56,
                21
              ],
              "inflate": 0
            }
          ],
          "rotation": [
            90,
            0,
            0
          ]
        },
        {
          "name": "bone",
          "pivot": [
            0,
            66,
            -14
          ],
          "cubes": [
            {
              "origin": [
                -6.0,
                60.0,
                -32.0
              ],
              "size": [
                12.0,
                12.0,
                18.0
              ],
              "uv": [
                0,
                35
              ],
              "inflate": 0
            }
          ],
          "parent": "LeftArm"
        },
        {
          "name": "bone2",
          "pivot": [
            0,
            66,
            -31
          ],
          "cubes": [
            {
              "origin": [
                -7.0,
                59.0,
                -52.0
              ],
              "size": [
                14.0,
                14.0,
                21.0
              ],
              "uv": [
                0,
                0
              ],
              "inflate": 0
            }
          ],
          "parent": "bone"
        },
        {
          "name": "bone3",
          "pivot": [
            0,
            66,
            -52
          ],
          "cubes": [
            {
              "origin": [
                -6.0,
                59.0,
                -64.0
              ],
              "size": [
                12.0,
                14.0,
                12.0
              ],
              "uv": [
                48,
                53
              ],
              "inflate": 0
            },
            {
              "origin": [
                9.0,
                49.0,
                -62.0
              ],
              "size": [
                6.0,
                6.0,
                10.0
              ],
              "pivot": [
                0.0,
                61.0,
                1.0
              ],
              "rotation": [
                -20.44582,
                11.73507,
                -4.3361
              ],
              "uv": [
                49,
                0
              ],
              "inflate": 0
            }
          ],
          "parent": "bone2"
        }
      ]
    }
  ]
}