{
  "format_version": "1.12.0",
  "minecraft:geometry": [
    {
      "description": {
        "identifier": "geometry.mr_banbaleena",
        "texture_width": 64,
        "texture_height": 64,
        "visible_bounds_width": 2,
        "visible_bounds_height": 3.5,
        "visible_bounds_offset": [
          0,
          1.25,
          0
        ]
      },
      "bones": [
        {
          "name": "Root"
        },
        {
          "name": "Body",
          "pivot": [
            0,
            12,
            0
          ],
          "cubes": [
            {
              "origin": [
                -4.0,
                12.0,
                -3.0
              ],
              "size": [
                8.0,
                11.0,
                6.0
              ],
              "uv": [
                0,
                0
              ],
              "inflate": 0
            }
          ],
          "parent": "Root"
        },
        {
          "name": "Head",
          "pivot": [
            0,
            23,
            0
          ],
          "cubes": [
            {
              "origin": [
                -3.6,
                23.0,
                -3.5
              ],
              "size": [
                7.2,
                8.0,
                7.0
              ],
              "uv": [
                0,
                17
              ],
              "inflate": 0
            },
            {
              "origin": [
                -3.5,
                30.0,
                -1.4
              ],
              "size": [
                2.8,
                4.0,
                2.8
              ],
              "uv": [
                46,
                16
              ],
              "inflate": 0
            },
            {
              "origin": [
                0.7,
                30.0,
                -1.4
              ],
              "size": [
                2.8,
                4.0,
                2.8
              ],
              "uv": [
                26,
                45
              ],
              "inflate": 0
            },
            {
              "origin": [
                1.0,
                33.0,
                -1.1
              ],
              "size": [
                2.2,
                2.0,
                2.2
              ],
              "uv": [
                12,
                32
              ],
              "inflate": 0
            },
            {
              "origin": [
                -3.2,
                33.0,
                -1.1
              ],
              "size": [
                2.2,
                2.0,
                2.2
              ],
              "uv": [
                22,
                0
              ],
              "inflate": 0
            },
            {
              "origin": [
                -3.0,
                31.0,
                -1.5
              ],
              "size": [
                6.0,
                4.0,
                0.0
              ],
              "pivot": [
                0.0,
                23.0,
                0.0
              ],
              "rotation": [
                0.0,
                0.0,
                15.0
              ],
              "uv": [
                1,
                56
              ],
              "inflate": 0
            }
          ],
          "parent": "Body"
        },
        {
          "name": "bone10",
          "pivot": [
            -2,
            28,
            -3
          ],
          "cubes": [
            {
              "origin": [
                -3.0,
                26.8,
                -4.0
              ],
              "size": [
                2.4,
                2.4,
                2.0
              ],
              "uv": [
                32,
                49
              ],
              "inflate": 0
            },
            {
              "origin": [
                -2.8,
                27.0,
                -4.1
              ],
              "size": [
                2.0,
                2.0,
                0.0
              ],
              "uv": [
                22,
                4
              ],
              "inflate": 0
            }
          ],
          "parent": "Head"
        },
        {
          "name": "bone7",
          "pivot": [
            -2,
            25,
            -2.7
          ],
          "parent": "Head",
          "rotation": [
            -7,
            0,
            14
          ]
        },
        {
          "name": "bone11",
          "pivot": [
            2,
            28,
            -3
          ],
          "cubes": [
            {
              "origin": [
                0.6,
                26.8,
                -4.0
              ],
              "size": [
                2.4,
                2.4,
                2.0
              ],
              "uv": [
                26,
                34
              ],
              "inflate": 0
            },
            {
              "origin": [
                0.8,
                27.0,
                -4.1
              ],
              "size": [
                2.0,
                2.0,
                0.0
              ],
              "uv": [
                0,
                4
              ],
              "inflate": 0
            }
          ],
          "parent": "Head"
        },
        {
          "name": "RightArm",
          "pivot": [
            -4,
            23,
            0
          ],
          "cubes": [
            {
              "origin": [
                -6.0,
                16.0,
                -2.0
              ],
              "size": [
                3.0,
                7.0,
                4.0
              ],
              "uv": [
                40,
                41
              ],
              "inflate": 0
            }
          ],
          "parent": "Body",
          "rotation": [
            0,
            0,
            5
          ]
        },
        {
          "name": "bone5",
          "pivot": [
            -4,
            16,
            0
          ],
          "cubes": [
            {
              "origin": [
                -6.2,
                9.0,
                -2.2
              ],
              "size": [
                3.4,
                7.0,
                4.4
              ],
              "uv": [
                36,
                19
              ],
              "inflate": 0
            }
          ],
          "parent": "RightArm"
        },
        {
          "name": "bone6",
          "pivot": [
            -5,
            9,
            0
          ],
          "cubes": [
            {
              "origin": [
                -5.9,
                6.0,
                -1.7
              ],
              "size": [
                2.8,
                3.0,
                3.4
              ],
              "uv": [
                16,
                45
              ],
              "inflate": 0
            }
          ],
          "parent": "bone5"
        },
        {
          "name": "LeftArm",
          "pivot": [
            4,
            23,
            0
          ],
          "cubes": [
            {
              "origin": [
                3.0,
                16.0,
                -2.0
              ],
              "size": [
                3.0,
                7.0,
                4.0
              ],
              "uv": [
                30,
                34
              ],
              "inflate": 0
            }
          ],
          "parent": "Body",
          "rotation": [
            0,
            0,
            -5
          ]
        },
        {
          "name": "bone8",
          "pivot": [
            4,
            16,
            0
          ],
          "cubes": [
            {
              "origin": [
                2.8,
                9.0,
                -2.2
              ],
              "size": [
                3.4,
                7.0,
                4.4
              ],
              "uv": [
                16,
                34
              ],
              "inflate": 0
            }
          ],
          "parent": "LeftArm"
        },
        {
          "name": "bone9",
          "pivot": [
            5,
            9,
            0
          ],
          "cubes": [
            {
              "origin": [
                3.1,
                6.0,
                -1.7
              ],
              "size": [
                2.8,
                3.0,
                3.4
              ],
              "uv": [
                40,
                31
              ],
              "inflate": 0
            }
          ],
          "parent": "bone8"
        },
        {
          "name": "bone12",
          "pivot": [
            4,
            23,
            0
          ],
          "parent": "LeftArm"
        },
        {
          "name": "LeftLeg",
          "pivot": [
            2,
            12,
            0
          ],
          "cubes": [
            {
              "origin": [
                0.0,
                8.0,
                -2.0
              ],
              "size": [
                4.0,
                5.0,
                4.0
              ],
              "uv": [
                40,
                7
              ],
              "inflate": 0
            }
          ],
          "parent": "Root",
          "rotation": [
            0,
            -2.5,
            -2.5
          ]
        },
        {
          "name": "bone3",
          "pivot": [
            2,
            8,
            0
          ],
          "cubes": [
            {
              "origin": [
                0.0,
                1.0,
                -2.0
              ],
              "size": [
                4.0,
                7.0,
                4.0
              ],
              "uv": [
                28,
                0
              ],
              "inflate": 0
            }
          ],
          "parent": "LeftLeg"
        },
        {
          "name": "bone4",
          "pivot": [
            2,
            2,
            0
          ],
          "cubes": [
            {
              "origin": [
                -0.3,
                0.0,
                -4.3
              ],
              "size": [
                4.6,
                2.5,
                6.6
              ],
              "uv": [
                22,
                11
              ],
              "inflate": 0
            }
          ],
          "parent": "bone3",
          "rotation": [
            0,
            0,
            2.5
          ]
        },
        {
          "name": "RightLeg",
          "pivot": [
            -2,
            12,
            0
          ],
          "cubes": [
            {
              "origin": [
                -4.0,
                8.0,
                -2.0
              ],
              "size": [
                4.0,
                5.0,
                4.0
              ],
              "uv": [
                0,
                43
              ],
              "inflate": 0
            }
          ],
          "parent": "Root",
          "rotation": [
            0,
            2.5,
            2.5
          ]
        },
        {
          "name": "bone",
          "pivot": [
            -2,
            8,
            0
          ],
          "cubes": [
            {
              "origin": [
                -4.0,
                1.0,
                -2.0
              ],
              "size": [
                4.0,
                7.0,
                4.0
              ],
              "uv": [
                0,
                32
              ],
              "inflate": 0
            }
          ],
          "parent": "RightLeg"
        },
        {
          "name": "bone2",
          "pivot": [
            -2,
            2,
            0
          ],
          "cubes": [
            {
              "origin": [
                -4.3,
                0.0,
                -4.3
              ],
              "size": [
                4.6,
                2.5,
                6.6
              ],
              "uv": [
                22,
                26
              ],
              "inflate": 0
            }
          ],
          "parent": "bone",
          "rotation": [
            0,
            0,
            -2.5
          ]
        }
      ]
    }
  ]
}