{
  "format_version": "1.12.0",
  "minecraft:geometry": [
    {
      "description": {
        "identifier": "geometry.mr_dec1",
        "texture_width": 64,
        "texture_height": 64,
        "visible_bounds_width": 2,
        "visible_bounds_height": 2.5,
        "visible_bounds_offset": [
          0,
          0.75,
          0
        ]
      },
      "bones": [
        {
          "name": "Body",
          "cubes": [
            {
              "origin": [
                -4.0,
                0.0,
                -4.0
              ],
              "size": [
                2.0,
                7.0,
                2.0
              ],
              "uv": [
                0,
                32
              ],
              "inflate": 0
            },
            {
              "origin": [
                2.0,
                0.0,
                -4.0
              ],
              "size": [
                2.0,
                7.0,
                2.0
              ],
              "uv": [
                0,
                32
              ],
              "inflate": 0
            },
            {
              "origin": [
                2.0,
                0.0,
                2.0
              ],
              "size": [
                2.0,
                17.0,
                2.0
              ],
              "uv": [
                20,
                10
              ],
              "inflate": 0
            },
            {
              "origin": [
                -4.0,
                0.0,
                2.0
              ],
              "size": [
                2.0,
                17.0,
                2.0
              ],
              "uv": [
                20,
                10
              ],
              "inflate": 0
            },
            {
              "origin": [
                -4.0,
                7.0,
                -4.0
              ],
              "size": [
                8.0,
                2.0,
                8.0
              ],
              "uv": [
                0,
                0
              ],
              "inflate": 0
            },
            {
              "origin": [
                -2.0,
                10.0,
                2.0
              ],
              "size": [
                4.0,
                1.0,
                2.0
              ],
              "uv": [
                24,
                5
              ],
              "inflate": 0
            },
            {
              "origin": [
                -2.0,
                12.0,
                2.0
              ],
              "size": [
                4.0,
                1.0,
                2.0
              ],
              "uv": [
                24,
                5
              ],
              "inflate": 0
            },
            {
              "origin": [
                -2.0,
                14.0,
                2.0
              ],
              "size": [
                4.0,
                1.0,
                2.0
              ],
              "uv": [
                24,
                5
              ],
              "inflate": 0
            },
            {
              "origin": [
                -2.0,
                16.0,
                2.0
              ],
              "size": [
                4.0,
                1.0,
                2.0
              ],
              "uv": [
                24,
                5
              ],
              "inflate": 0
            }
          ]
        },
        {
          "name": "bone",
          "pivot": [
            0,
            9,
            -0.5
          ],
          "cubes": [
            {
              "origin": [
                -2.6,
                8.0,
                -3.1
              ],
              "size": [
                5.0,
                7.0,
                5.0
              ],
              "uv": [
                0,
                10
              ],
              "inflate": 0
            },
            {
              "origin": [
                -2.2,
                15.0,
                -2.6
              ],
              "size": [
                4.2,
                1.0,
                4.0
              ],
              "uv": [
                24,
                0
              ],
              "inflate": 0
            },
            {
              "origin": [
                -1.2,
                12.0,
                -1.7
              ],
              "size": [
                2.2,
                7.0,
                2.2
              ],
              "uv": [
                26,
                27
              ],
              "inflate": 0
            },
            {
              "origin": [
                -1.6,
                18.0,
                -2.1
              ],
              "size": [
                3.0,
                4.0,
                3.0
              ],
              "uv": [
                8,
                22
              ],
              "inflate": 0
            }
          ],
          "parent": "Body",
          "rotation": [
            -2.5,
            7.5,
            0
          ]
        }
      ]
    }
  ]
}