{
  "format_version": "1.12.0",
  "minecraft:geometry": [
    {
      "description": {
        "identifier": "geometry.mr_zophius",
        "texture_width": 128,
        "texture_height": 128,
        "visible_bounds_width": 3,
        "visible_bounds_height": 7,
        "visible_bounds_offset": [
          0,
          2.5,
          0
        ]
      },
      "bones": [
        {
          "name": "Body",
          "cubes": [
            {
              "origin": [
                -6.0,
                0.0,
                -6.0
              ],
              "size": [
                12.0,
                24.0,
                12.0
              ],
              "uv": [
                0,
                31
              ],
              "inflate": 0
            }
          ]
        },
        {
          "name": "bone",
          "pivot": [
            0,
            24,
            0
          ],
          "cubes": [
            {
              "origin": [
                -5.5,
                24.0,
                -5.5
              ],
              "size": [
                11.0,
                19.0,
                11.0
              ],
              "uv": [
                48,
                31
              ],
              "inflate": 0
            }
          ],
          "parent": "Body"
        },
        {
          "name": "bone2",
          "pivot": [
            0,
            43,
            0
          ],
          "cubes": [
            {
              "origin": [
                -5.0,
                43.0,
                -5.0
              ],
              "size": [
                10.0,
                11.0,
                10.0
              ],
              "uv": [
                70,
                0
              ],
              "inflate": 0
            }
          ],
          "parent": "bone",
          "rotation": [
            5,
            0,
            0
          ]
        },
        {
          "name": "bone3",
          "pivot": [
            0,
            54,
            -0.5
          ],
          "cubes": [
            {
              "origin": [
                -4.5,
                51.0,
                -5.0
              ],
              "size": [
                9.0,
                12.0,
                9.0
              ],
              "uv": [
                0,
                79
              ],
              "inflate": 0
            }
          ],
          "parent": "bone2",
          "rotation": [
            27.5,
            0,
            0
          ]
        },
        {
          "name": "bone4",
          "pivot": [
            0,
            53.2,
            -1.6
          ],
          "cubes": [
            {
              "origin": [
                -4.0,
                57.2,
                -14.6
              ],
              "size": [
                8.0,
                8.0,
                11.0
              ],
              "pivot": [
                0.0,
                53.2,
                -1.6
              ],
              "rotation": [
                -32.5,
                0.0,
                0.0
              ],
              "uv": [
                51,
                70
              ],
              "inflate": 0
            }
          ],
          "parent": "bone3"
        },
        {
          "name": "bone5",
          "pivot": [
            0,
            65.2,
            -6.6
          ],
          "cubes": [
            {
              "origin": [
                -14.0,
                54.2,
                -14.85
              ],
              "size": [
                28.0,
                24.0,
                7.5
              ],
              "uv": [
                0,
                0
              ],
              "inflate": 0
            },
            {
              "origin": [
                -12.0,
                52.2,
                -14.85
              ],
              "size": [
                24.0,
                2.0,
                7.5
              ],
              "uv": [
                0,
                70
              ],
              "inflate": 0
            },
            {
              "origin": [
                -12.0,
                78.2,
                -14.85
              ],
              "size": [
                24.0,
                2.0,
                7.5
              ],
              "uv": [
                41,
                61
              ],
              "inflate": 0
            }
          ],
          "parent": "bone4",
          "rotation": [
            -27.5,
            0,
            0
          ]
        }
      ]
    }
  ]
}