{
  "format_version": "1.12.0",
  "minecraft:geometry": [
    {
      "description": {
        "identifier": "geometry.mr_jumbo_josh",
        "texture_width": 128,
        "texture_height": 128,
        "visible_bounds_width": 3,
        "visible_bounds_height": 4.5,
        "visible_bounds_offset": [
          0,
          1.75,
          0
        ]
      },
      "bones": [
        {
          "name": "Root",
          "pivot": [
            0,
            0,
            -3
          ]
        },
        {
          "name": "Body",
          "pivot": [
            0,
            12,
            -1
          ],
          "cubes": [
            {
              "origin": [
                -4.8,
                11.0,
                -4.5
              ],
              "size": [
                9.6,
                11.0,
                7.0
              ],
              "uv": [
                46,
                48
              ],
              "inflate": 0
            }
          ],
          "parent": "Root"
        },
        {
          "name": "bone2",
          "pivot": [
            0,
            18,
            -1
          ],
          "cubes": [
            {
              "origin": [
                -5.4,
                16.0,
                -5.0
              ],
              "size": [
                10.8,
                6.0,
                8.0
              ],
              "uv": [
                40,
                11
              ],
              "inflate": 0
            }
          ],
          "parent": "Body"
        },
        {
          "name": "bone4",
          "pivot": [
            0,
            22,
            -1
          ],
          "cubes": [
            {
              "origin": [
                -5.7,
                20.0,
                -5.4
              ],
              "size": [
                11.4,
                11.0,
                8.8
              ],
              "uv": [
                46,
                29
              ],
              "inflate": 0
            }
          ],
          "parent": "bone2",
          "rotation": [
            5,
            0,
            0
          ]
        },
        {
          "name": "Head",
          "pivot": [
            0,
            31,
            -1
          ],
          "cubes": [
            {
              "origin": [
                -7.0,
                30.7,
                -5.7
              ],
              "size": [
                14.0,
                10.6,
                9.4
              ],
              "uv": [
                0,
                37
              ],
              "inflate": 0
            },
            {
              "origin": [
                -7.0,
                31.3,
                -6.3
              ],
              "size": [
                14.0,
                9.4,
                10.6
              ],
              "uv": [
                0,
                0
              ],
              "inflate": 0
            },
            {
              "origin": [
                -7.9,
                31.3,
                -5.7
              ],
              "size": [
                15.8,
                9.4,
                9.4
              ],
              "uv": [
                0,
                19
              ],
              "inflate": 0
            }
          ],
          "parent": "bone4"
        },
        {
          "name": "bone13",
          "pivot": [
            0,
            34,
            -6
          ],
          "cubes": [
            {
              "origin": [
                -6.0,
                31.0,
                -6.4
              ],
              "size": [
                12.0,
                4.0,
                0.0
              ],
              "uv": [
                48,
                25
              ],
              "inflate": 0
            }
          ],
          "parent": "Head"
        },
        {
          "name": "bone8",
          "pivot": [
            -3,
            36,
            -6
          ],
          "cubes": [
            {
              "origin": [
                -5.2,
                35.5,
                -7.0
              ],
              "size": [
                3.4,
                3.4,
                2.0
              ],
              "uv": [
                0,
                5
              ],
              "inflate": 0
            },
            {
              "origin": [
                -5.0,
                35.7,
                -7.1
              ],
              "size": [
                3.0,
                3.0,
                1.0
              ],
              "uv": [
                38,
                0
              ],
              "inflate": 0
            }
          ],
          "parent": "Head",
          "rotation": [
            0,
            2.5,
            0
          ]
        },
        {
          "name": "bone12",
          "pivot": [
            3,
            36,
            -6
          ],
          "cubes": [
            {
              "origin": [
                1.8,
                35.5,
                -7.0
              ],
              "size": [
                3.4,
                3.4,
                2.0
              ],
              "uv": [
                0,
                0
              ],
              "inflate": 0
            },
            {
              "origin": [
                2.0,
                35.7,
                -7.1
              ],
              "size": [
                3.0,
                3.0,
                1.0
              ],
              "uv": [
                37,
                37
              ],
              "inflate": 0
            }
          ],
          "parent": "Head",
          "rotation": [
            0,
            -2.5,
            0
          ]
        },
        {
          "name": "RightArm",
          "pivot": [
            -5.5,
            30,
            -1
          ],
          "cubes": [
            {
              "origin": [
                -9.7,
                23.0,
                -3.6
              ],
              "size": [
                4.4,
                7.1,
                5.2
              ],
              "uv": [
                76,
                25
              ],
              "inflate": 0
            }
          ],
          "parent": "bone4",
          "rotation": [
            -5,
            0,
            2.5
          ]
        },
        {
          "name": "bone5",
          "pivot": [
            -7.5,
            23,
            -1
          ],
          "cubes": [
            {
              "origin": [
                -10.2,
                16.5,
                -4.1
              ],
              "size": [
                5.4,
                7.0,
                6.2
              ],
              "uv": [
                68,
                0
              ],
              "inflate": 0
            }
          ],
          "parent": "RightArm",
          "rotation": [
            0,
            0,
            2.5
          ]
        },
        {
          "name": "bone6",
          "pivot": [
            -7.5,
            18,
            -1
          ],
          "cubes": [
            {
              "origin": [
                -10.5,
                11.0,
                -4.4
              ],
              "size": [
                6.0,
                7.0,
                6.8
              ],
              "uv": [
                24,
                60
              ],
              "inflate": 0
            }
          ],
          "parent": "bone5",
          "rotation": [
            2.5,
            0,
            -2.5
          ]
        },
        {
          "name": "bone7",
          "pivot": [
            -7.5,
            11,
            -1
          ],
          "cubes": [
            {
              "origin": [
                -10.2,
                6.0,
                -4.1
              ],
              "size": [
                5.4,
                5.0,
                6.2
              ],
              "uv": [
                70,
                66
              ],
              "inflate": 0
            },
            {
              "origin": [
                -7.5,
                4.4,
                -5.4
              ],
              "size": [
                2.0,
                4.0,
                2.8
              ],
              "pivot": [
                0.5,
                6.0,
                9.0
              ],
              "rotation": [
                -10.0,
                0.0,
                0.0
              ],
              "uv": [
                0,
                37
              ],
              "inflate": 0
            }
          ],
          "parent": "bone6",
          "rotation": [
            2.5,
            0,
            -2.5
          ]
        },
        {
          "name": "LeftArm",
          "pivot": [
            5.5,
            30,
            -1
          ],
          "cubes": [
            {
              "origin": [
                5.3,
                23.0,
                -3.6
              ],
              "size": [
                4.4,
                7.1,
                5.2
              ],
              "uv": [
                76,
                13
              ],
              "inflate": 0
            }
          ],
          "parent": "bone4",
          "rotation": [
            -5,
            0,
            -2.5
          ]
        },
        {
          "name": "bone9",
          "pivot": [
            7.5,
            23,
            -1
          ],
          "cubes": [
            {
              "origin": [
                4.8,
                16.5,
                -4.1
              ],
              "size": [
                5.4,
                7.0,
                6.2
              ],
              "uv": [
                48,
                66
              ],
              "inflate": 0
            }
          ],
          "parent": "LeftArm",
          "rotation": [
            0,
            0,
            -2.5
          ]
        },
        {
          "name": "bone10",
          "pivot": [
            7.5,
            18,
            -1
          ],
          "cubes": [
            {
              "origin": [
                4.5,
                11.0,
                -4.4
              ],
              "size": [
                6.0,
                7.0,
                6.8
              ],
              "uv": [
                0,
                56
              ],
              "inflate": 0
            }
          ],
          "parent": "bone9",
          "rotation": [
            2.5,
            0,
            2.5
          ]
        },
        {
          "name": "bone11",
          "pivot": [
            7.5,
            11,
            -1
          ],
          "cubes": [
            {
              "origin": [
                4.8,
                6.0,
                -4.1
              ],
              "size": [
                5.4,
                5.0,
                6.2
              ],
              "uv": [
                0,
                69
              ],
              "inflate": 0
            },
            {
              "origin": [
                5.5,
                4.4,
                -5.4
              ],
              "size": [
                2.0,
                4.0,
                2.8
              ],
              "pivot": [
                15.5,
                6.0,
                9.0
              ],
              "rotation": [
                -10.0,
                0.0,
                0.0
              ],
              "uv": [
                0,
                19
              ],
              "inflate": 0
            }
          ],
          "parent": "bone10",
          "rotation": [
            -2.5,
            0,
            2.5
          ]
        },
        {
          "name": "LeftLeg",
          "pivot": [
            3,
            11,
            -1
          ],
          "cubes": [
            {
              "origin": [
                1.0,
                6.0,
                -3.0
              ],
              "size": [
                4.0,
                5.0,
                4.0
              ],
              "uv": [
                66,
                77
              ],
              "inflate": 0
            }
          ],
          "parent": "Root",
          "rotation": [
            5,
            0,
            -2.5
          ]
        },
        {
          "name": "bone3",
          "pivot": [
            3,
            6,
            -1
          ],
          "cubes": [
            {
              "origin": [
                0.5,
                0.0,
                -3.5
              ],
              "size": [
                5.0,
                6.0,
                5.0
              ],
              "uv": [
                48,
                0
              ],
              "inflate": 0
            }
          ],
          "parent": "LeftLeg",
          "rotation": [
            -5,
            0,
            0
          ]
        },
        {
          "name": "RightLeg",
          "pivot": [
            -3,
            11,
            -1
          ],
          "cubes": [
            {
              "origin": [
                -5.0,
                6.0,
                -3.0
              ],
              "size": [
                4.0,
                5.0,
                4.0
              ],
              "uv": [
                78,
                48
              ],
              "inflate": 0
            }
          ],
          "parent": "Root",
          "rotation": [
            5,
            0,
            2.5
          ]
        },
        {
          "name": "bone",
          "pivot": [
            -3,
            6,
            -1
          ],
          "cubes": [
            {
              "origin": [
                -5.5,
                0.0,
                -3.5
              ],
              "size": [
                5.0,
                6.0,
                5.0
              ],
              "uv": [
                22,
                73
              ],
              "inflate": 0
            }
          ],
          "parent": "RightLeg",
          "rotation": [
            -5,
            0,
            0
          ]
        }
      ]
    }
  ]
}