{
  "format_version": "1.12.0",
  "minecraft:geometry": [
    {
      "description": {
        "identifier": "geometry.mr_miss_luna",
        "texture_width": 128,
        "texture_height": 128,
        "visible_bounds_width": 4,
        "visible_bounds_height": 4.5,
        "visible_bounds_offset": [
          0,
          1.75,
          0
        ]
      },
      "bones": [
        {
          "name": "Root",
          "pivot": [
            0,
            25,
            0
          ]
        },
        {
          "name": "LeftLeg2",
          "pivot": [
            2,
            13,
            8
          ],
          "cubes": [
            {
              "origin": [
                1.0,
                6.0,
                6.0
              ],
              "size": [
                3.0,
                7.0,
                3.0
              ],
              "uv": [
                56,
                0
              ],
              "inflate": 0
            }
          ],
          "parent": "Root",
          "rotation": [
            25,
            0,
            -72.5
          ]
        },
        {
          "name": "bone19",
          "pivot": [
            2.5,
            6,
            8
          ],
          "cubes": [
            {
              "origin": [
                1.0,
                -1.0,
                6.0
              ],
              "size": [
                3.0,
                7.0,
                3.0
              ],
              "uv": [
                0,
                56
              ],
              "inflate": 0
            }
          ],
          "parent": "LeftLeg2",
          "rotation": [
            0,
            0,
            47.5
          ]
        },
        {
          "name": "bone20",
          "pivot": [
            2.5,
            -1,
            8
          ],
          "cubes": [
            {
              "origin": [
                1.3,
                -7.0,
                6.3
              ],
              "size": [
                2.4,
                6.0,
                2.4
              ],
              "uv": [
                62,
                68
              ],
              "inflate": 0
            }
          ],
          "parent": "bone19",
          "rotation": [
            0,
            0,
            5
          ]
        },
        {
          "name": "LeftLeg",
          "pivot": [
            3,
            14,
            2
          ],
          "cubes": [
            {
              "origin": [
                2.0,
                7.0,
                0.0
              ],
              "size": [
                3.0,
                7.0,
                3.0
              ],
              "uv": [
                48,
                58
              ],
              "inflate": 0
            }
          ],
          "parent": "Root",
          "rotation": [
            0,
            0,
            -60
          ]
        },
        {
          "name": "bone17",
          "pivot": [
            3.5,
            7,
            2
          ],
          "cubes": [
            {
              "origin": [
                2.0,
                0.0,
                0.0
              ],
              "size": [
                3.0,
                7.0,
                3.0
              ],
              "uv": [
                36,
                57
              ],
              "inflate": 0
            }
          ],
          "parent": "LeftLeg",
          "rotation": [
            0,
            0,
            35
          ]
        },
        {
          "name": "bone18",
          "pivot": [
            3.5,
            0,
            2
          ],
          "cubes": [
            {
              "origin": [
                2.3,
                -5.0,
                0.3
              ],
              "size": [
                2.4,
                5.0,
                2.4
              ],
              "uv": [
                72,
                56
              ],
              "inflate": 0
            }
          ],
          "parent": "bone17",
          "rotation": [
            0,
            0,
            2.5
          ]
        },
        {
          "name": "RightLeg2",
          "pivot": [
            -2,
            13,
            8
          ],
          "cubes": [
            {
              "origin": [
                -4.0,
                6.0,
                6.0
              ],
              "size": [
                3.0,
                7.0,
                3.0
              ],
              "uv": [
                12,
                62
              ],
              "inflate": 0
            }
          ],
          "parent": "Root",
          "rotation": [
            25,
            0,
            72.5
          ]
        },
        {
          "name": "bone15",
          "pivot": [
            -2.5,
            6,
            8
          ],
          "cubes": [
            {
              "origin": [
                -4.0,
                -1.0,
                6.0
              ],
              "size": [
                3.0,
                7.0,
                3.0
              ],
              "uv": [
                60,
                58
              ],
              "inflate": 0
            }
          ],
          "parent": "RightLeg2",
          "rotation": [
            0,
            0,
            -47.5
          ]
        },
        {
          "name": "bone16",
          "pivot": [
            -2.5,
            -1,
            8
          ],
          "cubes": [
            {
              "origin": [
                -3.7,
                -7.0,
                6.3
              ],
              "size": [
                2.4,
                6.0,
                2.4
              ],
              "uv": [
                70,
                66
              ],
              "inflate": 0
            }
          ],
          "parent": "bone15",
          "rotation": [
            0,
            0,
            -5
          ]
        },
        {
          "name": "RightLeg",
          "pivot": [
            -3,
            15,
            2
          ],
          "cubes": [
            {
              "origin": [
                -5.0,
                8.0,
                0.0
              ],
              "size": [
                3.0,
                7.0,
                3.0
              ],
              "uv": [
                64,
                21
              ],
              "inflate": 0
            }
          ],
          "parent": "Root",
          "rotation": [
            0,
            0,
            60
          ]
        },
        {
          "name": "bone10",
          "pivot": [
            -3.5,
            8,
            2
          ],
          "cubes": [
            {
              "origin": [
                -5.0,
                1.0,
                0.0
              ],
              "size": [
                3.0,
                7.0,
                3.0
              ],
              "uv": [
                24,
                62
              ],
              "inflate": 0
            }
          ],
          "parent": "RightLeg",
          "rotation": [
            0,
            0,
            -35
          ]
        },
        {
          "name": "bone13",
          "pivot": [
            -3.5,
            1,
            2
          ],
          "cubes": [
            {
              "origin": [
                -4.7,
                -4.0,
                0.3
              ],
              "size": [
                2.4,
                5.0,
                2.4
              ],
              "uv": [
                0,
                18
              ],
              "inflate": 0
            }
          ],
          "parent": "bone10",
          "rotation": [
            0,
            0,
            -2.5
          ]
        },
        {
          "name": "Body",
          "pivot": [
            0,
            12,
            4
          ],
          "cubes": [
            {
              "origin": [
                -7.0,
                9.0,
                -3.0
              ],
              "size": [
                14.0,
                4.0,
                14.0
              ],
              "uv": [
                0,
                0
              ],
              "inflate": 0
            }
          ],
          "parent": "Root",
          "rotation": [
            22.5,
            0,
            0
          ]
        },
        {
          "name": "bone",
          "pivot": [
            0,
            13,
            4
          ],
          "cubes": [
            {
              "origin": [
                -3.0,
                13.0,
                1.0
              ],
              "size": [
                6.0,
                2.0,
                6.0
              ],
              "uv": [
                34,
                18
              ],
              "inflate": 0
            }
          ],
          "parent": "Body"
        },
        {
          "name": "bone2",
          "pivot": [
            0,
            15,
            4
          ],
          "cubes": [
            {
              "origin": [
                -5.0,
                15.0,
                -1.0
              ],
              "size": [
                10.0,
                11.0,
                10.0
              ],
              "uv": [
                34,
                27
              ],
              "inflate": 0
            }
          ],
          "parent": "bone"
        },
        {
          "name": "bone3",
          "pivot": [
            0,
            26,
            4
          ],
          "cubes": [
            {
              "origin": [
                -2.0,
                24.0,
                2.0
              ],
              "size": [
                4.0,
                5.0,
                4.0
              ],
              "uv": [
                36,
                48
              ],
              "inflate": 0
            }
          ],
          "parent": "bone2"
        },
        {
          "name": "Head",
          "pivot": [
            0,
            28,
            4
          ],
          "cubes": [
            {
              "origin": [
                -6.0,
                28.0,
                -1.0
              ],
              "size": [
                12.0,
                9.0,
                10.0
              ],
              "uv": [
                0,
                18
              ],
              "inflate": 0
            },
            {
              "origin": [
                -5.0,
                36.0,
                3.0
              ],
              "size": [
                7.0,
                8.0,
                0.0
              ],
              "pivot": [
                0.0,
                9.0,
                4.0
              ],
              "rotation": [
                -2.5,
                2.5,
                -5.0
              ],
              "uv": [
                66,
                48
              ],
              "inflate": 0
            },
            {
              "origin": [
                -2.0,
                36.0,
                3.0
              ],
              "size": [
                7.0,
                8.0,
                0.0
              ],
              "pivot": [
                0.0,
                9.0,
                4.0
              ],
              "rotation": [
                -2.5,
                -2.5,
                5.0
              ],
              "uv": [
                62,
                10
              ],
              "inflate": 0
            },
            {
              "origin": [
                -2.0,
                12.0,
                -18.0
              ],
              "size": [
                4.0,
                3.0,
                3.0
              ],
              "pivot": [
                0.0,
                9.0,
                4.0
              ],
              "rotation": [
                -65.0,
                0.0,
                0.0
              ],
              "uv": [
                18,
                37
              ],
              "inflate": 0
            }
          ],
          "parent": "bone3",
          "rotation": [
            -15,
            0,
            0
          ]
        },
        {
          "name": "bone14",
          "cubes": [
            {
              "origin": [
                -3.0,
                37.0,
                1.0
              ],
              "size": [
                6.0,
                3.0,
                6.0
              ],
              "uv": [
                20,
                89
              ],
              "inflate": 0
            }
          ],
          "parent": "Head"
        },
        {
          "name": "bone4",
          "pivot": [
            -5,
            35,
            0
          ],
          "cubes": [
            {
              "origin": [
                -6.43066,
                33.7,
                -1.90369
              ],
              "size": [
                3.8,
                3.2,
                3.0
              ],
              "uv": [
                50,
                68
              ],
              "inflate": 0
            },
            {
              "origin": [
                -5.93066,
                34.2,
                -2.00369
              ],
              "size": [
                2.8,
                1.9,
                0.0
              ],
              "uv": [
                0,
                1
              ],
              "inflate": 0
            }
          ],
          "parent": "Head",
          "rotation": [
            0,
            7.5,
            0
          ]
        },
        {
          "name": "bone5",
          "pivot": [
            -4.53066,
            37,
            0.09631
          ],
          "cubes": [
            {
              "origin": [
                -6.53066,
                36.1,
                -2.00369
              ],
              "size": [
                4.0,
                1.8,
                3.2
              ],
              "uv": [
                68,
                6
              ],
              "inflate": 0
            }
          ],
          "parent": "bone4"
        },
        {
          "name": "bone6",
          "pivot": [
            5,
            35,
            0
          ],
          "cubes": [
            {
              "origin": [
                2.63066,
                33.7,
                -1.90369
              ],
              "size": [
                3.8,
                3.2,
                3.0
              ],
              "uv": [
                68,
                0
              ],
              "inflate": 0
            },
            {
              "origin": [
                3.13066,
                34.2,
                -2.00369
              ],
              "size": [
                2.8,
                1.9,
                0.0
              ],
              "uv": [
                0,
                0
              ],
              "inflate": 0
            }
          ],
          "parent": "Head",
          "rotation": [
            0,
            -7.5,
            0
          ]
        },
        {
          "name": "bone7",
          "pivot": [
            4.53066,
            37,
            0.09631
          ],
          "cubes": [
            {
              "origin": [
                2.53066,
                36.1,
                -2.00369
              ],
              "size": [
                4.0,
                1.8,
                3.2
              ],
              "uv": [
                64,
                31
              ],
              "inflate": 0
            }
          ],
          "parent": "bone6"
        },
        {
          "name": "RightArm",
          "pivot": [
            -5,
            26,
            4
          ],
          "cubes": [
            {
              "origin": [
                -8.0,
                20.0,
                2.0
              ],
              "size": [
                3.0,
                6.0,
                4.0
              ],
              "uv": [
                52,
                48
              ],
              "inflate": 0
            }
          ],
          "parent": "bone2",
          "rotation": [
            -20,
            0,
            10
          ]
        },
        {
          "name": "bone8",
          "pivot": [
            -6,
            20,
            4
          ],
          "cubes": [
            {
              "origin": [
                -8.0,
                13.0,
                2.0
              ],
              "size": [
                3.0,
                7.0,
                4.0
              ],
              "uv": [
                42,
                0
              ],
              "inflate": 0
            }
          ],
          "parent": "RightArm",
          "rotation": [
            -75,
            0,
            0
          ]
        },
        {
          "name": "bone9",
          "pivot": [
            -6,
            13,
            4
          ],
          "cubes": [
            {
              "origin": [
                -8.5,
                -1.0,
                1.5
              ],
              "size": [
                4.0,
                14.0,
                5.0
              ],
              "uv": [
                18,
                43
              ],
              "inflate": 0
            },
            {
              "origin": [
                -7.5,
                -5.0,
                2.5
              ],
              "size": [
                2.0,
                3.0,
                3.0
              ],
              "uv": [
                21,
                72
              ],
              "inflate": 0
            },
            {
              "origin": [
                -8.0,
                -3.0,
                2.0
              ],
              "size": [
                3.0,
                3.0,
                4.0
              ],
              "uv": [
                0,
                68
              ],
              "inflate": 0
            }
          ],
          "parent": "bone8",
          "rotation": [
            65,
            0,
            0
          ]
        },
        {
          "name": "LeftArm",
          "pivot": [
            5,
            26,
            4
          ],
          "cubes": [
            {
              "origin": [
                5.0,
                20.0,
                2.0
              ],
              "size": [
                3.0,
                6.0,
                4.0
              ],
              "uv": [
                52,
                14
              ],
              "inflate": 0
            }
          ],
          "parent": "bone2",
          "rotation": [
            -20,
            0,
            -10
          ]
        },
        {
          "name": "bone11",
          "pivot": [
            6,
            20,
            4
          ],
          "cubes": [
            {
              "origin": [
                5.0,
                13.0,
                2.0
              ],
              "size": [
                3.0,
                7.0,
                4.0
              ],
              "uv": [
                0,
                0
              ],
              "inflate": 0
            }
          ],
          "parent": "LeftArm",
          "rotation": [
            -75,
            0,
            0
          ]
        },
        {
          "name": "bone12",
          "pivot": [
            6,
            13,
            4
          ],
          "cubes": [
            {
              "origin": [
                4.5,
                -1.0,
                1.5
              ],
              "size": [
                4.0,
                14.0,
                5.0
              ],
              "uv": [
                0,
                37
              ],
              "inflate": 0
            },
            {
              "origin": [
                5.5,
                -5.0,
                2.5
              ],
              "size": [
                2.0,
                3.0,
                3.0
              ],
              "uv": [
                11,
                72
              ],
              "inflate": 0
            },
            {
              "origin": [
                5.0,
                -3.0,
                2.0
              ],
              "size": [
                3.0,
                3.0,
                4.0
              ],
              "uv": [
                36,
                67
              ],
              "inflate": 0
            }
          ],
          "parent": "bone11",
          "rotation": [
            65,
            0,
            0
          ]
        }
      ]
    }
  ]
}