{
  "format_version": "1.12.0",
  "minecraft:geometry": [
    {
      "description": {
        "identifier": "geometry.mr_nabnaleena_off",
        "texture_width": 64,
        "texture_height": 64,
        "visible_bounds_width": 4,
        "visible_bounds_height": 4.5,
        "visible_bounds_offset": [
          0,
          1.75,
          0
        ]
      },
      "bones": [
        {
          "name": "Root",
          "pivot": [
            0,
            -14,
            0
          ],
          "rotation": [
            0,
            -90,
            0
          ]
        },
        {
          "name": "Body",
          "pivot": [
            0,
            1,
            0
          ],
          "cubes": [
            {
              "origin": [
                -5.0,
                1.0,
                -4.0
              ],
              "size": [
                10.0,
                16.0,
                8.0
              ],
              "uv": [
                0,
                0
              ],
              "inflate": 0
            },
            {
              "origin": [
                -4.0,
                2.0,
                -4.0
              ],
              "size": [
                8.0,
                8.0,
                4.0
              ],
              "uv": [
                23,
                24
              ],
              "inflate": 0
            },
            {
              "origin": [
                -4.0,
                2.0,
                -4.0
              ],
              "size": [
                8.0,
                8.0,
                0.0
              ],
              "uv": [
                0,
                47
              ],
              "inflate": 0
            }
          ],
          "parent": "Root"
        },
        {
          "name": "bone2",
          "pivot": [
            0,
            15,
            -4
          ],
          "cubes": [
            {
              "origin": [
                -1.4,
                13.6,
                -5.0
              ],
              "size": [
                2.8,
                2.8,
                2.0
              ],
              "uv": [
                43,
                23
              ],
              "inflate": 0
            },
            {
              "origin": [
                -1.2,
                13.8,
                -5.1
              ],
              "size": [
                2.4,
                2.4,
                0.0
              ],
              "uv": [
                6,
                26
              ],
              "inflate": 0
            }
          ],
          "parent": "Body",
          "rotation": [
            -5,
            0,
            0
          ]
        },
        {
          "name": "bone4",
          "pivot": [
            -2.8,
            12,
            -4
          ],
          "cubes": [
            {
              "origin": [
                -4.2,
                10.6,
                -5.0
              ],
              "size": [
                2.8,
                2.8,
                2.0
              ],
              "uv": [
                0,
                43
              ],
              "inflate": 0
            },
            {
              "origin": [
                -4.0,
                10.8,
                -5.1
              ],
              "size": [
                2.4,
                2.4,
                0.0
              ],
              "uv": [
                23,
                24
              ],
              "inflate": 0
            }
          ],
          "parent": "Body",
          "rotation": [
            0,
            5,
            0
          ]
        },
        {
          "name": "bone5",
          "pivot": [
            3,
            12,
            -4
          ],
          "cubes": [
            {
              "origin": [
                1.4,
                10.6,
                -5.0
              ],
              "size": [
                2.8,
                2.8,
                2.0
              ],
              "uv": [
                36,
                36
              ],
              "inflate": 0
            },
            {
              "origin": [
                1.6,
                10.8,
                -5.1
              ],
              "size": [
                2.4,
                2.4,
                0.0
              ],
              "uv": [
                6,
                24
              ],
              "inflate": 0
            }
          ],
          "parent": "Body",
          "rotation": [
            0,
            -5,
            0
          ]
        },
        {
          "name": "RightArm",
          "pivot": [
            -5,
            10,
            0
          ],
          "cubes": [
            {
              "origin": [
                -7.0,
                2.0,
                -2.0
              ],
              "size": [
                2.0,
                8.0,
                4.0
              ],
              "uv": [
                40,
                36
              ],
              "inflate": 0
            }
          ],
          "parent": "Body",
          "rotation": [
            0,
            0,
            20
          ]
        },
        {
          "name": "bone9",
          "pivot": [
            -6,
            2,
            0
          ],
          "cubes": [
            {
              "origin": [
                -6.0,
                -8.0,
                -1.0
              ],
              "size": [
                0.0,
                10.0,
                3.0
              ],
              "uv": [
                10,
                51
              ],
              "inflate": 0
            },
            {
              "origin": [
                -6.7,
                -1.0,
                0.0
              ],
              "size": [
                1.4,
                3.0,
                0.0
              ],
              "uv": [
                6,
                3
              ],
              "inflate": 0
            }
          ],
          "parent": "RightArm",
          "rotation": [
            0,
            0,
            45
          ]
        },
        {
          "name": "LeftArm",
          "pivot": [
            5,
            10,
            0
          ],
          "cubes": [
            {
              "origin": [
                5.0,
                2.0,
                -2.0
              ],
              "size": [
                2.0,
                8.0,
                4.0
              ],
              "uv": [
                28,
                36
              ],
              "inflate": 0
            }
          ],
          "parent": "Body",
          "rotation": [
            0,
            0,
            -20
          ]
        },
        {
          "name": "bone11",
          "pivot": [
            6,
            2,
            0
          ],
          "cubes": [
            {
              "origin": [
                6.0,
                -8.0,
                -1.0
              ],
              "size": [
                0.0,
                10.0,
                3.0
              ],
              "uv": [
                49,
                51
              ],
              "inflate": 0
            },
            {
              "origin": [
                5.3,
                -1.0,
                0.0
              ],
              "size": [
                1.4,
                3.0,
                0.0
              ],
              "uv": [
                6,
                0
              ],
              "inflate": 0
            }
          ],
          "parent": "LeftArm",
          "rotation": [
            0,
            0,
            -45
          ]
        },
        {
          "name": "bone6",
          "pivot": [
            4,
            16,
            -4
          ],
          "cubes": [
            {
              "origin": [
                0.0,
                13.0,
                -4.1
              ],
              "size": [
                8.0,
                5.0,
                0.0
              ],
              "uv": [
                18,
                59
              ],
              "inflate": 0
            }
          ],
          "parent": "Body",
          "rotation": [
            0,
            0,
            20
          ]
        },
        {
          "name": "LeftLeg",
          "pivot": [
            3,
            2,
            0
          ],
          "cubes": [
            {
              "origin": [
                1.0,
                -6.0,
                -1.7
              ],
              "size": [
                4.0,
                8.0,
                3.4
              ],
              "uv": [
                14,
                36
              ],
              "inflate": 0
            }
          ],
          "parent": "Root",
          "rotation": [
            -85,
            0,
            -2.5
          ]
        },
        {
          "name": "bone3",
          "pivot": [
            3,
            -6,
            0
          ],
          "cubes": [
            {
              "origin": [
                1.5,
                -9.0,
                0.0
              ],
              "size": [
                3.0,
                3.0,
                0.0
              ],
              "uv": [
                0,
                0
              ],
              "inflate": 0
            },
            {
              "origin": [
                3.0,
                -14.0,
                -1.0
              ],
              "size": [
                0.0,
                8.0,
                3.0
              ],
              "uv": [
                28,
                45
              ],
              "inflate": 0
            }
          ],
          "parent": "LeftLeg"
        },
        {
          "name": "RightLeg",
          "pivot": [
            -3,
            2,
            0
          ],
          "cubes": [
            {
              "origin": [
                -5.0,
                -6.0,
                -1.7
              ],
              "size": [
                4.0,
                8.0,
                3.4
              ],
              "uv": [
                0,
                32
              ],
              "inflate": 0
            }
          ],
          "parent": "Root",
          "rotation": [
            -85,
            0,
            2.5
          ]
        },
        {
          "name": "bone",
          "pivot": [
            -3,
            -6,
            0
          ],
          "cubes": [
            {
              "origin": [
                -4.5,
                -9.0,
                0.0
              ],
              "size": [
                3.0,
                3.0,
                0.0
              ],
              "uv": [
                25,
                36
              ],
              "inflate": 0
            },
            {
              "origin": [
                -3.0,
                -14.0,
                -1.0
              ],
              "size": [
                0.0,
                8.0,
                3.0
              ],
              "uv": [
                0,
                21
              ],
              "inflate": 0
            }
          ],
          "parent": "RightLeg"
        }
      ]
    }
  ]
}