{
  "format_version": "1.12.0",
  "minecraft:geometry": [
    {
      "description": {
        "identifier": "geometry.mr_stinger_morph",
        "texture_width": 64,
        "texture_height": 64,
        "visible_bounds_width": 3,
        "visible_bounds_height": 3.5,
        "visible_bounds_offset": [
          0,
          1.25,
          0
        ]
      },
      "bones": [
        {
          "name": "Body",
          "pivot": [
            0,
            14,
            0
          ],
          "cubes": [
            {
              "origin": [
                -6.0,
                16.0,
                -6.0
              ],
              "size": [
                12.0,
                6.0,
                12.0
              ],
              "uv": [
                0,
                0
              ],
              "inflate": 0
            },
            {
              "origin": [
                -5.5,
                22.0,
                -5.5
              ],
              "size": [
                11.0,
                6.0,
                11.0
              ],
              "uv": [
                0,
                31
              ],
              "inflate": 0
            },
            {
              "origin": [
                -6.0,
                15.0,
                -6.0
              ],
              "size": [
                12.0,
                1.0,
                12.0
              ],
              "uv": [
                0,
                18
              ],
              "inflate": 0
            },
            {
              "origin": [
                -1.6,
                21.4,
                -7.0
              ],
              "size": [
                3.2,
                3.2,
                2.0
              ],
              "uv": [
                0,
                31
              ],
              "inflate": 0
            },
            {
              "origin": [
                -1.3,
                21.7,
                -7.1
              ],
              "size": [
                2.6,
                2.6,
                0.0
              ],
              "uv": [
                0,
                8
              ],
              "inflate": 0
            },
            {
              "origin": [
                3.2,
                5.0,
                -1.4
              ],
              "size": [
                2.6,
                11.0,
                2.8
              ],
              "pivot": [
                0.0,
                14.0,
                0.0
              ],
              "rotation": [
                0.0,
                0.0,
                -15.0
              ],
              "uv": [
                8,
                48
              ],
              "inflate": 0
            },
            {
              "origin": [
                -5.8,
                5.0,
                3.1
              ],
              "size": [
                2.6,
                11.0,
                2.8
              ],
              "pivot": [
                0.0,
                14.0,
                0.0
              ],
              "rotation": [
                2.5,
                0.0,
                2.5
              ],
              "uv": [
                0,
                48
              ],
              "inflate": 0
            },
            {
              "origin": [
                -5.8,
                5.0,
                -5.9
              ],
              "size": [
                2.6,
                11.0,
                2.8
              ],
              "pivot": [
                0.0,
                14.0,
                0.0
              ],
              "rotation": [
                -2.5,
                0.0,
                2.5
              ],
              "uv": [
                44,
                31
              ],
              "inflate": 0
            },
            {
              "origin": [
                3.2,
                5.0,
                -5.9
              ],
              "size": [
                2.6,
                11.0,
                2.8
              ],
              "pivot": [
                0.0,
                14.0,
                0.0
              ],
              "rotation": [
                -2.5,
                0.0,
                -2.5
              ],
              "uv": [
                44,
                44
              ],
              "inflate": 0
            },
            {
              "origin": [
                3.2,
                5.0,
                3.1
              ],
              "size": [
                2.6,
                11.0,
                2.8
              ],
              "pivot": [
                0.0,
                14.0,
                0.0
              ],
              "rotation": [
                2.5,
                0.0,
                -2.5
              ],
              "uv": [
                46,
                16
              ],
              "inflate": 0
            },
            {
              "origin": [
                -5.8,
                5.0,
                -1.4
              ],
              "size": [
                2.6,
                11.0,
                2.8
              ],
              "pivot": [
                0.0,
                14.0,
                0.0
              ],
              "rotation": [
                0.0,
                0.0,
                15.0
              ],
              "uv": [
                48,
                0
              ],
              "inflate": 0
            },
            {
              "origin": [
                2.8,
                0.0,
                -1.8
              ],
              "size": [
                3.4,
                5.0,
                3.6
              ],
              "pivot": [
                0.0,
                14.0,
                0.0
              ],
              "rotation": [
                0.0,
                0.0,
                -15.0
              ],
              "uv": [
                52,
                26
              ],
              "inflate": 0
            },
            {
              "origin": [
                2.8,
                0.0,
                2.7
              ],
              "size": [
                3.4,
                5.0,
                3.6
              ],
              "pivot": [
                0.0,
                14.0,
                0.0
              ],
              "rotation": [
                2.5,
                0.0,
                -2.5
              ],
              "uv": [
                16,
                48
              ],
              "inflate": 0
            },
            {
              "origin": [
                -6.2,
                0.0,
                2.7
              ],
              "size": [
                3.4,
                5.0,
                3.6
              ],
              "pivot": [
                0.0,
                14.0,
                0.0
              ],
              "rotation": [
                2.5,
                0.0,
                2.5
              ],
              "uv": [
                36,
                0
              ],
              "inflate": 0
            },
            {
              "origin": [
                2.8,
                0.0,
                -6.3
              ],
              "size": [
                3.4,
                5.0,
                3.6
              ],
              "pivot": [
                0.0,
                14.0,
                0.0
              ],
              "rotation": [
                -2.5,
                0.0,
                -2.5
              ],
              "uv": [
                0,
                0
              ],
              "inflate": 0
            },
            {
              "origin": [
                -6.2,
                0.0,
                -6.3
              ],
              "size": [
                3.4,
                5.0,
                3.6
              ],
              "pivot": [
                0.0,
                14.0,
                0.0
              ],
              "rotation": [
                -2.5,
                0.0,
                2.5
              ],
              "uv": [
                0,
                18
              ],
              "inflate": 0
            },
            {
              "origin": [
                -6.2,
                0.0,
                -1.8
              ],
              "size": [
                3.4,
                5.0,
                3.6
              ],
              "pivot": [
                0.0,
                14.0,
                0.0
              ],
              "rotation": [
                0.0,
                0.0,
                15.0
              ],
              "uv": [
                28,
                48
              ],
              "inflate": 0
            }
          ]
        },
        {
          "name": "bone",
          "pivot": [
            0,
            14,
            0
          ],
          "parent": "Body"
        }
      ]
    }
  ]
}