{
	"format_version": "1.12.0",
	"minecraft:geometry": [
		{
			"description": {
				"identifier": "geometry.blue_slime_blue",
				"texture_width": 256,
				"texture_height": 256,
				"visible_bounds_width": 14,
				"visible_bounds_height": 15,
				"visible_bounds_offset": [0, 0.5, 0]
			},
			"bones": [
				{
					"name": "Body",
					"pivot": [0, 78.08893, 0],
					"cubes": [
						{
							"origin": [-6.78182, 53.40756, -4.52121],
							"size": [13.56364, 24.86667, 9.04243],
							"uv": {
								"north": {"uv": [92, 61], "uv_size": [9.5, 17.25]},
								"east": {"uv": [110, 46], "uv_size": [6.25, 17.25]},
								"south": {"uv": [62, 92], "uv_size": [9.5, 17.25]},
								"west": {"uv": [56, 110], "uv_size": [6.25, 17.25]},
								"up": {"uv": [125, 103], "uv_size": [9.5, 6.25]},
								"down": {"uv": [125, 116.25], "uv_size": [9.5, -6.25]}
							}
						},
						{
							"origin": [-11.71068, 9.65028, 26.21818],
							"size": [23.42136, 32.27849, 18.08485],
							"pivot": [0, -9, 0],
							"rotation": [35, 0, 0],
							"uv": {
								"north": {"uv": [20, 0], "uv_size": [16.25, 22.5]},
								"east": {"uv": [16, 46], "uv_size": [12.5, 22.5]},
								"south": {"uv": [20, 23], "uv_size": [16.25, 22.5]},
								"west": {"uv": [29, 51], "uv_size": [12.5, 22.5]},
								"up": {"uv": [52, 74], "uv_size": [16.25, 12.5]},
								"down": {"uv": [76, 12.5], "uv_size": [16.25, -12.5]}
							}
						},
						{
							"origin": [-11.30303, 20.09499, 11.47879],
							"size": [22.60606, 11.48833, 13.56364],
							"uv": {
								"north": {"uv": [106, 30], "uv_size": [15.75, 8]},
								"east": {"uv": [92, 124], "uv_size": [9.5, 8]},
								"south": {"uv": [106, 38], "uv_size": [15.75, 8]},
								"west": {"uv": [0, 125], "uv_size": [9.5, 8]},
								"up": {"uv": [93, 0], "uv_size": [15.75, 9.5]},
								"down": {"uv": [18, 104.5], "uv_size": [15.75, -9.5]}
							}
						},
						{
							"origin": [-13.97129, 46.62574, -9.04243],
							"size": [27.94258, 27.12728, 22.60606],
							"uv": {
								"north": {"uv": [0, 0], "uv_size": [19.5, 19]},
								"east": {"uv": [37, 32], "uv_size": [15.75, 19]},
								"south": {"uv": [0, 19], "uv_size": [19.5, 19]},
								"west": {"uv": [0, 38], "uv_size": [15.75, 19]},
								"up": {"uv": [37, 0], "uv_size": [19.5, 15.75]},
								"down": {"uv": [37, 31.75], "uv_size": [19.5, -15.75]}
							}
						},
						{
							"origin": [17.3629, 31.65327, -4.87029],
							"size": [15.63925, 11.85922, 14.19394],
							"inflate": 0.25,
							"pivot": [11.15938, 2.87835, 0],
							"rotation": [0, 0, -5],
							"uv": {
								"north": {"uv": [117, 46], "uv_size": [10.75, 8]},
								"east": {"uv": [122, 30], "uv_size": [9.75, 8]},
								"south": {"uv": [117, 54], "uv_size": [10.75, 8]},
								"west": {"uv": [122, 38], "uv_size": [9.75, 8]},
								"up": {"uv": [109, 0], "uv_size": [10.75, 9.75]},
								"down": {"uv": [114, 106.75], "uv_size": [10.75, -9.75]}
							}
						},
						{
							"origin": [-33.00214, 31.65327, -4.87029],
							"size": [15.63925, 11.85922, 14.19394],
							"inflate": 0.25,
							"pivot": [-11.15938, 2.87835, 0],
							"rotation": [0, 0, 5],
							"uv": {
								"north": {"uv": [114, 117], "uv_size": [10.75, 8]},
								"east": {"uv": [124, 75], "uv_size": [9.75, 8]},
								"south": {"uv": [72, 118], "uv_size": [10.75, 8]},
								"west": {"uv": [124, 83], "uv_size": [9.75, 8]},
								"up": {"uv": [114, 107], "uv_size": [10.75, 9.75]},
								"down": {"uv": [18, 124.75], "uv_size": [10.75, -9.75]}
							}
						},
						{
							"origin": [15.50994, 2.00598, -4.87029],
							"size": [19.34516, 30.38878, 14.19394],
							"inflate": 0.25,
							"pivot": [11.15938, 2.87835, 0],
							"rotation": [0, 0, -5],
							"uv": {
								"north": {"uv": [42, 51], "uv_size": [13.25, 21]},
								"east": {"uv": [14, 69], "uv_size": [9.75, 21]},
								"south": {"uv": [56, 32], "uv_size": [13.25, 21]},
								"west": {"uv": [70, 56], "uv_size": [9.75, 21]},
								"up": {"uv": [102, 65], "uv_size": [13.25, 9.75]},
								"down": {"uv": [105, 19.75], "uv_size": [13.25, -9.75]}
							}
						},
						{
							"origin": [-34.8551, 2.00598, -4.87029],
							"size": [19.34516, 30.38878, 14.19394],
							"inflate": 0.25,
							"pivot": [-11.15938, 2.87835, 0],
							"rotation": [0, 0, 5],
							"uv": {
								"north": {"uv": [56, 53], "uv_size": [13.25, 21]},
								"east": {"uv": [42, 72], "uv_size": [9.75, 21]},
								"south": {"uv": [0, 57], "uv_size": [13.25, 21]},
								"west": {"uv": [24, 74], "uv_size": [9.75, 21]},
								"up": {"uv": [18, 105], "uv_size": [13.25, 9.75]},
								"down": {"uv": [106, 29.75], "uv_size": [13.25, -9.75]}
							}
						},
						{
							"origin": [16.94634, 2.00598, -10.42916],
							"size": [6.37447, 11.85922, 6.78212],
							"inflate": 0.25,
							"pivot": [11.15938, 2.87835, 0],
							"rotation": [-30, 0, -5],
							"uv": {
								"north": {"uv": [135.25, 117], "uv_size": [-4.25, 8]},
								"east": {"uv": [135.5, 61], "uv_size": [-4.5, 8]},
								"south": {"uv": [136.25, 26], "uv_size": [-4.25, 8]},
								"west": {"uv": [91.5, 130], "uv_size": [-4.5, 8]},
								"up": {"uv": [101.25, 132], "uv_size": [-4.25, 4.5]},
								"down": {"uv": [136.25, 129.5], "uv_size": [-4.25, -4.5]}
							}
						},
						{
							"origin": [-23.32081, 2.00598, -10.42916],
							"size": [6.37447, 11.85922, 6.78212],
							"inflate": 0.25,
							"pivot": [-11.15938, 2.87835, 0],
							"rotation": [-30, 0, 5],
							"uv": {
								"north": {"uv": [131, 117], "uv_size": [4.25, 8]},
								"east": {"uv": [87, 130], "uv_size": [4.5, 8]},
								"south": {"uv": [132, 26], "uv_size": [4.25, 8]},
								"west": {"uv": [131, 61], "uv_size": [4.5, 8]},
								"up": {"uv": [97, 132], "uv_size": [4.25, 4.5]},
								"down": {"uv": [132, 129.5], "uv_size": [4.25, -4.5]}
							}
						},
						{
							"origin": [19.21585, 38.23657, -4.83636],
							"size": [11.93333, 16.0469, 14.19394],
							"inflate": 0.25,
							"pivot": [11.15938, 2.87835, 0],
							"rotation": [0, 0, -5],
							"uv": {
								"north": {"uv": [63, 110], "uv_size": [8.25, 11]},
								"east": {"uv": [94, 113], "uv_size": [9.75, 11]},
								"south": {"uv": [116, 64], "uv_size": [8.25, 11]},
								"west": {"uv": [8, 114], "uv_size": [9.75, 11]},
								"up": {"uv": [119, 10], "uv_size": [8.25, 9.75]},
								"down": {"uv": [120, 9.75], "uv_size": [8.25, -9.75]}
							}
						},
						{
							"origin": [-31.14919, 38.23657, -4.83636],
							"size": [11.93333, 16.0469, 14.19394],
							"inflate": 0.25,
							"pivot": [-11.15938, 2.87835, 0],
							"rotation": [0, 0, 5],
							"uv": {
								"north": {"uv": [29, 117], "uv_size": [8.25, 11]},
								"east": {"uv": [114, 75], "uv_size": [9.75, 11]},
								"south": {"uv": [38, 117], "uv_size": [8.25, 11]},
								"west": {"uv": [114, 86], "uv_size": [9.75, 11]},
								"up": {"uv": [120, 20], "uv_size": [8.25, 9.75]},
								"down": {"uv": [83, 129.75], "uv_size": [8.25, -9.75]}
							}
						},
						{
							"origin": [19.531, 43.51764, -4.52121],
							"size": [11.30303, 27.12728, 13.56364],
							"pivot": [11.15938, 2.87835, 0],
							"rotation": [0, 0, -5],
							"uv": {
								"north": {"uv": [0, 97], "uv_size": [7.75, 19]},
								"east": {"uv": [0, 78], "uv_size": [9.5, 19]},
								"south": {"uv": [97, 10], "uv_size": [7.75, 19]},
								"west": {"uv": [80, 56], "uv_size": [9.5, 19]},
								"up": {"uv": [63, 121], "uv_size": [7.75, 9.5]},
								"down": {"uv": [47, 132.5], "uv_size": [7.75, -9.5]}
							}
						},
						{
							"origin": [-30.83404, 43.51764, -4.52121],
							"size": [11.30303, 27.12728, 13.56364],
							"pivot": [-11.15938, 2.87835, 0],
							"rotation": [0, 0, 5],
							"uv": {
								"north": {"uv": [98, 29], "uv_size": [7.75, 19]},
								"east": {"uv": [82, 75], "uv_size": [9.5, 19]},
								"south": {"uv": [34, 98], "uv_size": [7.75, 19]},
								"west": {"uv": [52, 87], "uv_size": [9.5, 19]},
								"up": {"uv": [10, 125], "uv_size": [7.75, 9.5]},
								"down": {"uv": [18, 134.5], "uv_size": [7.75, -9.5]}
							}
						}
					]
				},
				{
					"name": "head",
					"pivot": [0, 79.94189, 0],
					"cubes": [
						{
							"origin": [-13.15724, 75.33223, -9.2457],
							"size": [26.31451, 21.18331, 18.49141],
							"inflate": -0.02,
							"uv": {
								"north": {"uv": [57, 0], "uv_size": [18.25, 14.75]},
								"east": {"uv": [76, 13], "uv_size": [13, 14.75]},
								"south": {"uv": [57, 15], "uv_size": [18.25, 14.75]},
								"west": {"uv": [69, 77], "uv_size": [13, 14.75]},
								"up": {"uv": [70, 30], "uv_size": [18.25, 13]},
								"down": {"uv": [70, 56], "uv_size": [18.25, -13]}
							}
						},
						{
							"origin": [-10.65081, 86.27579, -12.61556],
							"size": [8.20684, 8.00862, 16.67955],
							"pivot": [0, -23.46017, 0],
							"rotation": [0, 5, 0],
							"uv": {
								"north": {"uv": [67, 87], "uv_size": [-5, 5]},
								"east": {"uv": [138.25, 56], "uv_size": [-10.25, 5]},
								"south": {"uv": [23, 90], "uv_size": [-5, 5]},
								"west": {"uv": [138.25, 51], "uv_size": [-10.25, 5]},
								"up": {"uv": [114, 126], "uv_size": [-5, 10.25]},
								"down": {"uv": [42, 138.25], "uv_size": [-5, -10.25]}
							}
						},
						{
							"origin": [2.44396, 86.27579, -12.61556],
							"size": [8.20684, 8.00862, 16.67955],
							"pivot": [0, -23.46017, 0],
							"rotation": [0, -5, 0],
							"uv": {
								"north": {"uv": [62, 87], "uv_size": [5, 5]},
								"east": {"uv": [128, 51], "uv_size": [10.25, 5]},
								"south": {"uv": [18, 90], "uv_size": [5, 5]},
								"west": {"uv": [128, 56], "uv_size": [10.25, 5]},
								"up": {"uv": [109, 126], "uv_size": [5, 10.25]},
								"down": {"uv": [37, 138.25], "uv_size": [5, -10.25]}
							}
						}
					]
				},
				{
					"name": "leftear",
					"parent": "head",
					"pivot": [11.59007, 138.93281, 0],
					"rotation": [0, 0, -30]
				},
				{
					"name": "rightear",
					"parent": "head",
					"pivot": [-11.59007, 138.93281, 0],
					"rotation": [0, 0, 30]
				},
				{
					"name": "hat",
					"parent": "head",
					"pivot": [0, 125.02472, 0]
				},
				{
					"name": "RightLeg",
					"pivot": [-13.37357, 34.17686, 17],
					"cubes": [
						{
							"origin": [-19.11774, 0.82365, 13.29409],
							"size": [9.26478, 33.35321, 11.11774],
							"uv": {
								"north": {"uv": [72, 92], "uv_size": [6.5, 23.25]},
								"east": {"uv": [34, 74], "uv_size": [7.75, 23.25]},
								"south": {"uv": [92, 79], "uv_size": [6.5, 23.25]},
								"west": {"uv": [89, 13], "uv_size": [7.75, 23.25]},
								"up": {"uv": [55, 128], "uv_size": [6.5, 7.75]},
								"down": {"uv": [125, 135.75], "uv_size": [6.5, -7.75]}
							}
						},
						{
							"origin": [-19.33098, -0.21324, 13.08085],
							"size": [9.69126, 10.51491, 11.54421],
							"inflate": 0.25,
							"uv": {
								"north": {"uv": [49, 106], "uv_size": [6.5, 17]},
								"east": {"uv": [99, 79], "uv_size": [8, 17]},
								"south": {"uv": [107, 75], "uv_size": [6.5, 17]},
								"west": {"uv": [99, 96], "uv_size": [8, 17]},
								"up": {"uv": [0, 116], "uv_size": [6.5, 8]},
								"down": {"uv": [71, 134], "uv_size": [6.5, -8]}
							}
						}
					]
				},
				{
					"name": "LeftLeg",
					"pivot": [14.22653, 34.17686, 17],
					"cubes": [
						{
							"origin": [8.85296, 0.82365, 13.29409],
							"size": [9.26478, 33.35321, 11.11774],
							"uv": {
								"north": {"uv": [42, 93], "uv_size": [6.5, 23.25]},
								"east": {"uv": [10, 90], "uv_size": [7.75, 23.25]},
								"south": {"uv": [79, 94], "uv_size": [6.5, 23.25]},
								"west": {"uv": [90, 37], "uv_size": [7.75, 23.25]},
								"up": {"uv": [129, 0], "uv_size": [6.5, 7.75]},
								"down": {"uv": [129, 25.75], "uv_size": [6.5, -7.75]}
							}
						},
						{
							"origin": [8.63972, -0.21324, 13.08085],
							"size": [9.69126, 10.51491, 11.54421],
							"inflate": 0.25,
							"uv": {
								"north": {"uv": [107, 92], "uv_size": [6.5, 17]},
								"east": {"uv": [102, 48], "uv_size": [8, 17]},
								"south": {"uv": [107, 109], "uv_size": [6.5, 17]},
								"west": {"uv": [86, 103], "uv_size": [8, 17]},
								"up": {"uv": [102, 126], "uv_size": [6.5, 8]},
								"down": {"uv": [128, 18], "uv_size": [6.5, -8]}
							}
						}
					]
				}
			]
		}
	]
}