{
	"format_version": "1.12.0",
	"minecraft:geometry": [
		{
			"description": {
				"identifier": "geometry.blue_slime_yellow",
				"texture_width": 128,
				"texture_height": 128,
				"visible_bounds_width": 6,
				"visible_bounds_height": 9,
				"visible_bounds_offset": [0, 1.5, 0]
			},
			"bones": [
				{
					"name": "Body",
					"pivot": [0, 48.26, 0],
					"cubes": [
						{
							"origin": [-6.35, 22.86, -4.54],
							"size": [12.7, 10.16, 9.08],
							"uv": {
								"north": {"uv": [0, 0], "uv_size": [12.75, 10.25]},
								"east": {"uv": [39, 0], "uv_size": [9, 10.25]},
								"south": {"uv": [0, 11], "uv_size": [12.75, 10.25]},
								"west": {"uv": [9, 39], "uv_size": [9, 10.25]},
								"up": {"uv": [13, 0], "uv_size": [12.75, 9]},
								"down": {"uv": [13, 18], "uv_size": [12.75, -9]}
							}
						},
						{
							"origin": [1.65, 25.86, -5.54],
							"size": [4.7, 5.16, 1],
							"uv": {
								"north": {"uv": [65, 10], "uv_size": [4.75, 5.25]},
								"east": {"uv": [12, 31], "uv_size": [1, 5.25]},
								"south": {"uv": [65, 26], "uv_size": [4.75, 5.25]},
								"west": {"uv": [30, 42], "uv_size": [1, 5.25]},
								"up": {"uv": [35, 29], "uv_size": [4.75, 1]},
								"down": {"uv": [48, 10], "uv_size": [4.75, -1]}
							}
						},
						{
							"origin": [-6.35, 25.86, -5.54],
							"size": [4.7, 5.16, 1],
							"uv": {
								"north": {"uv": [65, 37], "uv_size": [4.75, 5.25]},
								"east": {"uv": [62, 66], "uv_size": [1, 5.25]},
								"south": {"uv": [66, 0], "uv_size": [4.75, 5.25]},
								"west": {"uv": [8, 67], "uv_size": [1, 5.25]},
								"up": {"uv": [48, 10], "uv_size": [4.75, 1]},
								"down": {"uv": [52, 50], "uv_size": [4.75, -1]}
							}
						},
						{
							"origin": [-0.35, 20.86, -2.54],
							"size": [2.7, 6.16, 2],
							"pivot": [0, 0, 0],
							"rotation": [7.43656, -0.9762, 7.43656],
							"uv": {
								"north": {"uv": [9, 31], "uv_size": [2.75, 6.25]},
								"east": {"uv": [45, 11], "uv_size": [2, 6.25]},
								"south": {"uv": [27, 42], "uv_size": [2.75, 6.25]},
								"west": {"uv": [43, 63], "uv_size": [2, 6.25]},
								"up": {"uv": [22, 27], "uv_size": [2.75, 2]},
								"down": {"uv": [35, 29], "uv_size": [2.75, -2]}
							}
						},
						{
							"origin": [-2.35, 20.86, -2.54],
							"size": [2.7, 6.16, 2],
							"pivot": [0, 0, 0],
							"rotation": [7.43656, 0.9762, -7.43656],
							"uv": {
								"north": {"uv": [6, 52], "uv_size": [2.75, 6.25]},
								"east": {"uv": [60, 66], "uv_size": [2, 6.25]},
								"south": {"uv": [57, 66], "uv_size": [2.75, 6.25]},
								"west": {"uv": [6, 67], "uv_size": [2, 6.25]},
								"up": {"uv": [38, 27], "uv_size": [2.75, 2]},
								"down": {"uv": [18, 41], "uv_size": [2.75, -2]}
							}
						},
						{
							"origin": [-5.81, 11.43, -4.54],
							"size": [11.62, 2.54, 9.08],
							"uv": {
								"north": {"uv": [63, 64], "uv_size": [11.5, 2.5]},
								"east": {"uv": [66, 49], "uv_size": [9, 2.5]},
								"south": {"uv": [65, 7], "uv_size": [11.5, 2.5]},
								"west": {"uv": [66, 52], "uv_size": [9, 2.5]},
								"up": {"uv": [31, 30], "uv_size": [11.5, 9]},
								"down": {"uv": [35, 27], "uv_size": [11.5, -9]}
							}
						},
						{
							"origin": [-6.08, 13.97, -4.54],
							"size": [12.16, 8.89, 9.08],
							"uv": {
								"north": {"uv": [13, 18], "uv_size": [12.25, 9]},
								"east": {"uv": [18, 42], "uv_size": [9, 9]},
								"south": {"uv": [0, 22], "uv_size": [12.25, 9]},
								"west": {"uv": [0, 43], "uv_size": [9, 9]},
								"up": {"uv": [26, 0], "uv_size": [12.25, 9]},
								"down": {"uv": [26, 18], "uv_size": [12.25, -9]}
							}
						}
					]
				},
				{
					"name": "RightArm",
					"pivot": [-3.81, 29.45, 0],
					"rotation": [0, 0, 2.5],
					"cubes": [
						{
							"origin": [-12.43, 10.16, -3.54],
							"size": [6.08, 11.43, 7.08],
							"uv": {
								"north": {"uv": [21, 51], "uv_size": [6, 11.5]},
								"east": {"uv": [43, 27], "uv_size": [7, 11.5]},
								"south": {"uv": [27, 51], "uv_size": [6, 11.5]},
								"west": {"uv": [45, 39], "uv_size": [7, 11.5]},
								"up": {"uv": [39, 11], "uv_size": [6, 7]},
								"down": {"uv": [58, 39], "uv_size": [6, -7]}
							}
						},
						{
							"origin": [-12.43, 21.59, -3.54],
							"size": [6.08, 5.08, 7.08],
							"uv": {
								"north": {"uv": [62, 21], "uv_size": [6, 5]},
								"east": {"uv": [58, 39], "uv_size": [7, 5]},
								"south": {"uv": [13, 63], "uv_size": [6, 5]},
								"west": {"uv": [61, 44], "uv_size": [7, 5]},
								"up": {"uv": [59, 9], "uv_size": [6, 7]},
								"down": {"uv": [57, 66], "uv_size": [6, -7]}
							}
						},
						{
							"origin": [-12.43, 26.67, -3.54],
							"size": [6.08, 5.08, 7.08],
							"uv": {
								"north": {"uv": [19, 63], "uv_size": [6, 5]},
								"east": {"uv": [6, 62], "uv_size": [7, 5]},
								"south": {"uv": [25, 63], "uv_size": [6, 5]},
								"west": {"uv": [62, 16], "uv_size": [7, 5]},
								"up": {"uv": [60, 0], "uv_size": [6, 7]},
								"down": {"uv": [45, 67], "uv_size": [6, -7]}
							}
						}
					]
				},
				{
					"name": "LeftArm",
					"pivot": [7.62, 30.45, 0],
					"rotation": [0, 0, -2.5],
					"cubes": [
						{
							"origin": [6.35, 26.67, -4.54],
							"size": [6.08, 5.08, 9.08],
							"uv": {
								"north": {"uv": [31, 63], "uv_size": [6, 5]},
								"east": {"uv": [52, 44], "uv_size": [9, 5]},
								"south": {"uv": [37, 63], "uv_size": [6, 5]},
								"west": {"uv": [56, 27], "uv_size": [9, 5]},
								"up": {"uv": [48, 0], "uv_size": [6, 9]},
								"down": {"uv": [45, 60], "uv_size": [6, -9]}
							}
						},
						{
							"origin": [6.35, 10.16, -4.54],
							"size": [6.08, 11.43, 9.08],
							"uv": {
								"north": {"uv": [33, 51], "uv_size": [6, 11.5]},
								"east": {"uv": [22, 30], "uv_size": [9, 11.5]},
								"south": {"uv": [39, 51], "uv_size": [6, 11.5]},
								"west": {"uv": [0, 31], "uv_size": [9, 11.5]},
								"up": {"uv": [51, 51], "uv_size": [6, 9]},
								"down": {"uv": [0, 61], "uv_size": [6, -9]}
							}
						},
						{
							"origin": [6.35, 21.59, -4.54],
							"size": [6.08, 5.08, 9.08],
							"uv": {
								"north": {"uv": [63, 59], "uv_size": [6, 5]},
								"east": {"uv": [57, 49], "uv_size": [9, 5]},
								"south": {"uv": [64, 32], "uv_size": [6, 5]},
								"west": {"uv": [57, 54], "uv_size": [9, 5]},
								"up": {"uv": [52, 35], "uv_size": [6, 9]},
								"down": {"uv": [53, 18], "uv_size": [6, -9]}
							}
						}
					]
				},
				{
					"name": "RightLeg",
					"pivot": [-3.81, 12.67, 0],
					"cubes": [
						{
							"origin": [-6.35, 0, -4.54],
							"size": [6.08, 11.97, 9.08],
							"uv": {
								"north": {"uv": [47, 11], "uv_size": [6, 12]},
								"east": {"uv": [31, 39], "uv_size": [7, 12]},
								"south": {"uv": [9, 50], "uv_size": [6, 12]},
								"west": {"uv": [38, 39], "uv_size": [7, 12]},
								"up": {"uv": [51, 60], "uv_size": [6, 7]},
								"down": {"uv": [0, 68], "uv_size": [6, -7]}
							}
						}
					]
				},
				{
					"name": "LeftLeg",
					"pivot": [3.81, 11.67, 0],
					"cubes": [
						{
							"origin": [0.27, 0, -4.54],
							"size": [6.08, 11.97, 9.08],
							"uv": {
								"north": {"uv": [50, 23], "uv_size": [6, 12]},
								"east": {"uv": [26, 18], "uv_size": [9, 12]},
								"south": {"uv": [15, 51], "uv_size": [6, 12]},
								"west": {"uv": [13, 27], "uv_size": [9, 12]},
								"up": {"uv": [54, 0], "uv_size": [6, 9]},
								"down": {"uv": [56, 27], "uv_size": [6, -9]}
							}
						}
					]
				}
			]
		}
	]
}