{
	"format_version": "1.12.0",
	"minecraft:geometry": [
		{
			"description": {
				"identifier": "geometry.blue_slime_lime",
				"texture_width": 256,
				"texture_height": 256,
				"visible_bounds_width": 7,
				"visible_bounds_height": 7,
				"visible_bounds_offset": [0, 2.5, 0]
			},
			"bones": [
				{
					"name": "head",
					"pivot": [0, 64, -2],
					"cubes": [
						{
							"origin": [4.94, 42.06, -6.98],
							"size": [1.96, 5.48, 9.96],
							"inflate": -0.5,
							"uv": {
								"north": {"uv": [90, 142], "uv_size": [2, 5.5]},
								"east": {"uv": [173, 35], "uv_size": [10, 5.5]},
								"south": {"uv": [145, 182], "uv_size": [2, 5.5]},
								"west": {"uv": [174, 72], "uv_size": [10, 5.5]},
								"up": {"uv": [112, 164], "uv_size": [2, 10]},
								"down": {"uv": [105, 188], "uv_size": [2, -10]}
							}
						},
						{
							"origin": [19.98, 37.26, -6.98],
							"size": [8.36, 5.48, 9.96],
							"inflate": -0.5,
							"pivot": [0, 0, 0.56],
							"rotation": [0, 0, -20],
							"uv": {
								"north": {"uv": [23, 83], "uv_size": [8.25, 5.5]},
								"east": {"uv": [75, 174], "uv_size": [10, 5.5]},
								"south": {"uv": [163, 176], "uv_size": [8.25, 5.5]},
								"west": {"uv": [174, 78], "uv_size": [10, 5.5]},
								"up": {"uv": [13, 167], "uv_size": [8.25, 10]},
								"down": {"uv": [168, 144], "uv_size": [8.25, -10]}
							}
						},
						{
							"origin": [6.54, 50.06, -6.98],
							"size": [8.36, 3.88, 9.96],
							"inflate": -0.5,
							"pivot": [0, 0, 0.56],
							"rotation": [0, 0, -2.5],
							"uv": {
								"north": {"uv": [180, 123], "uv_size": [8.25, 4]},
								"east": {"uv": [151, 131], "uv_size": [10, 4]},
								"south": {"uv": [181, 31], "uv_size": [8.25, 4]},
								"west": {"uv": [174, 102], "uv_size": [10, 4]},
								"up": {"uv": [170, 0], "uv_size": [8.25, 10]},
								"down": {"uv": [170, 20], "uv_size": [8.25, -10]}
							}
						},
						{
							"origin": [-14.9, 50.06, -6.98],
							"size": [8.36, 3.88, 9.96],
							"inflate": -0.5,
							"pivot": [0, 0, 0.56],
							"rotation": [0, 0, 2.5],
							"uv": {
								"north": {"uv": [154, 181], "uv_size": [8.25, 4]},
								"east": {"uv": [177, 172], "uv_size": [10, 4]},
								"south": {"uv": [181, 176], "uv_size": [8.25, 4]},
								"west": {"uv": [75, 180], "uv_size": [10, 4]},
								"up": {"uv": [171, 107], "uv_size": [8.25, 10]},
								"down": {"uv": [171, 127], "uv_size": [8.25, -10]}
							}
						},
						{
							"origin": [19.98, 41.42, 0.7],
							"size": [8.36, 6.44, 2.28],
							"inflate": -0.5,
							"pivot": [0, 0, 0.56],
							"rotation": [0, 0, -20],
							"uv": {
								"north": {"uv": [176, 41], "uv_size": [8.25, 6.5]},
								"east": {"uv": [185, 40], "uv_size": [2.25, 6.5]},
								"south": {"uv": [176, 48], "uv_size": [8.25, 6.5]},
								"west": {"uv": [185, 47], "uv_size": [2.25, 6.5]},
								"up": {"uv": [184, 89], "uv_size": [8.25, 2.25]},
								"down": {"uv": [184, 94.25], "uv_size": [8.25, -2.25]}
							}
						},
						{
							"origin": [-28.34, 40.78, 0.7],
							"size": [8.36, 7.08, 2.28],
							"inflate": -0.5,
							"pivot": [0, 0, 0.56],
							"rotation": [0, 0, 20],
							"uv": {
								"north": {"uv": [0, 174], "uv_size": [8.25, 7]},
								"east": {"uv": [112, 174], "uv_size": [2.25, 7]},
								"south": {"uv": [174, 65], "uv_size": [8.25, 7]},
								"west": {"uv": [178, 182], "uv_size": [2.25, 7]},
								"up": {"uv": [184, 95], "uv_size": [8.25, 2.25]},
								"down": {"uv": [184, 100.25], "uv_size": [8.25, -2.25]}
							}
						},
						{
							"origin": [-28.34, 37.26, -6.98],
							"size": [8.36, 5.48, 9.96],
							"inflate": -0.5,
							"pivot": [0, 0, 0.56],
							"rotation": [0, 0, 20],
							"uv": {
								"north": {"uv": [172, 176], "uv_size": [8.25, 5.5]},
								"east": {"uv": [174, 84], "uv_size": [10, 5.5]},
								"south": {"uv": [9, 177], "uv_size": [8.25, 5.5]},
								"west": {"uv": [174, 90], "uv_size": [10, 5.5]},
								"up": {"uv": [168, 166], "uv_size": [8.25, 10]},
								"down": {"uv": [169, 65], "uv_size": [8.25, -10]}
							}
						},
						{
							"origin": [10.06, 44.62, -6.98],
							"size": [4.2, 9.96, 9.96],
							"inflate": -0.5,
							"uv": {
								"north": {"uv": [95, 0], "uv_size": [4.25, 10]},
								"east": {"uv": [161, 107], "uv_size": [10, 10]},
								"south": {"uv": [95, 10], "uv_size": [4.25, 10]},
								"west": {"uv": [161, 117], "uv_size": [10, 10]},
								"up": {"uv": [87, 165], "uv_size": [4.25, 10]},
								"down": {"uv": [85, 185], "uv_size": [4.25, -10]}
							}
						},
						{
							"origin": [-14.26, 44.62, -6.98],
							"size": [4.2, 9.96, 9.96],
							"inflate": -0.5,
							"uv": {
								"north": {"uv": [177, 152], "uv_size": [4.25, 10]},
								"east": {"uv": [163, 21], "uv_size": [10, 10]},
								"south": {"uv": [177, 162], "uv_size": [4.25, 10]},
								"west": {"uv": [163, 31], "uv_size": [10, 10]},
								"up": {"uv": [178, 55], "uv_size": [4.25, 10]},
								"down": {"uv": [90, 188], "uv_size": [4.25, -10]}
							}
						},
						{
							"origin": [-6.9, 42.06, -6.98],
							"size": [12.84, 5.48, 9.96],
							"inflate": -0.5,
							"uv": {
								"north": {"uv": [101, 84], "uv_size": [12.75, 5.5]},
								"east": {"uv": [174, 96], "uv_size": [10, 5.5]},
								"south": {"uv": [173, 20], "uv_size": [12.75, 5.5]},
								"west": {"uv": [174, 127], "uv_size": [10, 5.5]},
								"up": {"uv": [161, 67], "uv_size": [12.75, 10]},
								"down": {"uv": [161, 87], "uv_size": [12.75, -10]}
							}
						},
						{
							"origin": [-6.9, 50.38, -6.98],
							"size": [12.84, 3.88, 9.96],
							"inflate": -0.5,
							"uv": {
								"north": {"uv": [124, 79], "uv_size": [12.75, 4]},
								"east": {"uv": [180, 106], "uv_size": [10, 4]},
								"south": {"uv": [138, 131], "uv_size": [12.75, 4]},
								"west": {"uv": [180, 110], "uv_size": [10, 4]},
								"up": {"uv": [161, 87], "uv_size": [12.75, 10]},
								"down": {"uv": [161, 107], "uv_size": [12.75, -10]}
							}
						},
						{
							"origin": [-0.5, 46.54, -5.34],
							"size": [3.88, 4.84, 6.76],
							"inflate": -0.5,
							"uv": {
								"north": {"uv": [163, 55], "uv_size": [4, 4.75]},
								"east": {"uv": [181, 180], "uv_size": [6.75, 4.75]},
								"south": {"uv": [183, 35], "uv_size": [4, 4.75]},
								"west": {"uv": [131, 182], "uv_size": [6.75, 4.75]},
								"up": {"uv": [170, 182], "uv_size": [4, 6.75]},
								"down": {"uv": [174, 188.75], "uv_size": [4, -6.75]}
							}
						},
						{
							"origin": [-3.7, 46.54, -5.34],
							"size": [3.88, 4.84, 6.76],
							"inflate": -0.5,
							"uv": {
								"north": {"uv": [184, 10], "uv_size": [4, 4.75]},
								"east": {"uv": [182, 133], "uv_size": [6.75, 4.75]},
								"south": {"uv": [184, 15], "uv_size": [4, 4.75]},
								"west": {"uv": [138, 182], "uv_size": [6.75, 4.75]},
								"up": {"uv": [9, 183], "uv_size": [4, 6.75]},
								"down": {"uv": [13, 189.75], "uv_size": [4, -6.75]}
							}
						},
						{
							"origin": [2.7, 46.54, -5.66],
							"size": [3.88, 4.84, 7.08],
							"inflate": -0.5,
							"uv": {
								"north": {"uv": [184, 0], "uv_size": [4, 4.75]},
								"east": {"uv": [67, 181], "uv_size": [7, 4.75]},
								"south": {"uv": [184, 5], "uv_size": [4, 4.75]},
								"west": {"uv": [147, 181], "uv_size": [7, 4.75]},
								"up": {"uv": [5, 181], "uv_size": [4, 7]},
								"down": {"uv": [182, 170], "uv_size": [4, -7]}
							}
						},
						{
							"origin": [-10.42, 46.86, -5.34],
							"size": [3.88, 4.84, 6.76],
							"inflate": -0.5,
							"uv": {
								"north": {"uv": [184, 69], "uv_size": [4, 4.75]},
								"east": {"uv": [182, 138], "uv_size": [6.75, 4.75]},
								"south": {"uv": [74, 184], "uv_size": [4, 4.75]},
								"west": {"uv": [182, 143], "uv_size": [6.75, 4.75]},
								"up": {"uv": [183, 55], "uv_size": [4, 6.75]},
								"down": {"uv": [183, 68.75], "uv_size": [4, -6.75]}
							}
						},
						{
							"origin": [6.54, 46.86, -6.34],
							"size": [3.88, 4.84, 6.76],
							"inflate": -0.5,
							"uv": {
								"north": {"uv": [184, 79], "uv_size": [4, 4.75]},
								"east": {"uv": [182, 158], "uv_size": [6.75, 4.75]},
								"south": {"uv": [184, 84], "uv_size": [4, 4.75]},
								"west": {"uv": [163, 182], "uv_size": [6.75, 4.75]},
								"up": {"uv": [120, 183], "uv_size": [4, 6.75]},
								"down": {"uv": [124, 189.75], "uv_size": [4, -6.75]}
							}
						},
						{
							"origin": [-6.9, 46.54, -5.34],
							"size": [3.88, 4.84, 6.76],
							"inflate": -0.5,
							"uv": {
								"north": {"uv": [184, 74], "uv_size": [4, 4.75]},
								"east": {"uv": [182, 148], "uv_size": [6.75, 4.75]},
								"south": {"uv": [78, 184], "uv_size": [4, 4.75]},
								"west": {"uv": [182, 153], "uv_size": [6.75, 4.75]},
								"up": {"uv": [112, 183], "uv_size": [4, 6.75]},
								"down": {"uv": [116, 189.75], "uv_size": [4, -6.75]}
							}
						},
						{
							"origin": [-6.9, 46.54, 0.7],
							"size": [12.84, 6.44, 2.28],
							"inflate": -0.5,
							"uv": {
								"north": {"uv": [155, 166], "uv_size": [12.75, 6.5]},
								"east": {"uv": [128, 183], "uv_size": [2.25, 6.5]},
								"south": {"uv": [0, 167], "uv_size": [12.75, 6.5]},
								"west": {"uv": [82, 184], "uv_size": [2.25, 6.5]},
								"up": {"uv": [88, 23], "uv_size": [12.75, 2.25]},
								"down": {"uv": [140, 69.25], "uv_size": [12.75, -2.25]}
							}
						},
						{
							"origin": [3.98, 72.78, -4.42],
							"size": [7.4, 8.68, 4.84],
							"inflate": -0.5,
							"uv": {
								"north": {"uv": [67, 172], "uv_size": [7.5, 8.75]},
								"east": {"uv": [95, 178], "uv_size": [4.75, 8.75]},
								"south": {"uv": [173, 26], "uv_size": [7.5, 8.75]},
								"west": {"uv": [100, 178], "uv_size": [4.75, 8.75]},
								"up": {"uv": [56, 26], "uv_size": [7.5, 4.75]},
								"down": {"uv": [181, 30.75], "uv_size": [7.5, -4.75]}
							}
						},
						{
							"origin": [-11.38, 72.78, -4.42],
							"size": [7.4, 8.68, 4.84],
							"inflate": -0.5,
							"uv": {
								"north": {"uv": [131, 173], "uv_size": [7.5, 8.75]},
								"east": {"uv": [179, 0], "uv_size": [4.75, 8.75]},
								"south": {"uv": [139, 173], "uv_size": [7.5, 8.75]},
								"west": {"uv": [179, 9], "uv_size": [4.75, 8.75]},
								"up": {"uv": [51, 181], "uv_size": [7.5, 4.75]},
								"down": {"uv": [59, 185.75], "uv_size": [7.5, -4.75]}
							}
						},
						{
							"origin": [-8.5, 50.06, -1.86],
							"size": [3.56, 27.88, 3.56],
							"inflate": -0.5,
							"uv": {
								"north": {"uv": [108, 164], "uv_size": [3.5, 28]},
								"east": {"uv": [23, 165], "uv_size": [3.5, 28]},
								"south": {"uv": [27, 165], "uv_size": [3.5, 28]},
								"west": {"uv": [31, 165], "uv_size": [3.5, 28]},
								"up": {"uv": [184, 101], "uv_size": [3.5, 3.5]},
								"down": {"uv": [184, 130.5], "uv_size": [3.5, -3.5]}
							}
						},
						{
							"origin": [4.94, 50.06, -1.86],
							"size": [3.56, 27.88, 3.56],
							"inflate": -0.5,
							"uv": {
								"north": {"uv": [35, 165], "uv_size": [3.5, 28]},
								"east": {"uv": [39, 165], "uv_size": [3.5, 28]},
								"south": {"uv": [43, 165], "uv_size": [3.5, 28]},
								"west": {"uv": [47, 165], "uv_size": [3.5, 28]},
								"up": {"uv": [85, 185], "uv_size": [3.5, 3.5]},
								"down": {"uv": [185, 117.5], "uv_size": [3.5, -3.5]}
							}
						}
					]
				},
				{
					"name": "bone",
					"pivot": [0, 0, 0],
					"cubes": [
						{
							"origin": [-4, 0, -5],
							"size": [8, 47, 8],
							"uv": {
								"north": {"uv": [124, 23], "uv_size": [8, 47]},
								"east": {"uv": [132, 23], "uv_size": [8, 47]},
								"south": {"uv": [115, 136], "uv_size": [8, 47]},
								"west": {"uv": [123, 136], "uv_size": [8, 47]},
								"up": {"uv": [147, 173], "uv_size": [8, 8]},
								"down": {"uv": [155, 181], "uv_size": [8, -8]}
							}
						},
						{
							"origin": [-4, 0, 3],
							"size": [8, 9, 37],
							"uv": {
								"north": {"uv": [51, 172], "uv_size": [8, 9]},
								"east": {"uv": [124, 70], "uv_size": [37, 9]},
								"south": {"uv": [59, 172], "uv_size": [8, 9]},
								"west": {"uv": [131, 136], "uv_size": [37, 9]},
								"up": {"uv": [92, 141], "uv_size": [8, 37]},
								"down": {"uv": [100, 178], "uv_size": [8, -37]}
							}
						},
						{
							"origin": [-11, 39, 10],
							"size": [23, 7, 28],
							"uv": {
								"north": {"uv": [147, 0], "uv_size": [23, 7]},
								"east": {"uv": [52, 144], "uv_size": [28, 7]},
								"south": {"uv": [147, 7], "uv_size": [23, 7]},
								"west": {"uv": [131, 145], "uv_size": [28, 7]},
								"up": {"uv": [92, 90], "uv_size": [23, 28]},
								"down": {"uv": [101, 28], "uv_size": [23, -28]}
							}
						},
						{
							"origin": [-11, 8, 10],
							"size": [23, 31, 28],
							"uv": {
								"north": {"uv": [0, 83], "uv_size": [23, 31]},
								"east": {"uv": [0, 0], "uv_size": [28, 31]},
								"south": {"uv": [23, 89], "uv_size": [23, 31]},
								"west": {"uv": [28, 0], "uv_size": [28, 31]},
								"up": {"uv": [101, 28], "uv_size": [23, 28]},
								"down": {"uv": [101, 84], "uv_size": [23, -28]}
							}
						},
						{
							"origin": [-11, 8, 6],
							"size": [23, 26, 32],
							"uv": {
								"north": {"uv": [0, 114], "uv_size": [23, 26]},
								"east": {"uv": [0, 31], "uv_size": [32, 26]},
								"south": {"uv": [115, 84], "uv_size": [23, 26]},
								"west": {"uv": [32, 31], "uv_size": [32, 26]},
								"up": {"uv": [32, 57], "uv_size": [23, 32]},
								"down": {"uv": [55, 89], "uv_size": [23, -32]}
							}
						},
						{
							"origin": [-11, 8, 11],
							"size": [23, 26, 32],
							"uv": {
								"north": {"uv": [115, 110], "uv_size": [23, 26]},
								"east": {"uv": [56, 0], "uv_size": [32, 26]},
								"south": {"uv": [46, 118], "uv_size": [23, 26]},
								"west": {"uv": [0, 57], "uv_size": [32, 26]},
								"up": {"uv": [78, 26], "uv_size": [23, 32]},
								"down": {"uv": [78, 90], "uv_size": [23, -32]}
							}
						},
						{
							"origin": [-11, 3, 9],
							"size": [23, 7, 29],
							"uv": {
								"north": {"uv": [131, 152], "uv_size": [23, 7]},
								"east": {"uv": [140, 60], "uv_size": [29, 7]},
								"south": {"uv": [0, 153], "uv_size": [23, 7]},
								"west": {"uv": [23, 144], "uv_size": [29, 7]},
								"up": {"uv": [46, 89], "uv_size": [23, 29]},
								"down": {"uv": [69, 119], "uv_size": [23, -29]}
							}
						},
						{
							"origin": [-11, 12, 1],
							"size": [23, 23, 7],
							"uv": {
								"north": {"uv": [92, 118], "uv_size": [23, 23]},
								"east": {"uv": [64, 26], "uv_size": [7, 23]},
								"south": {"uv": [69, 119], "uv_size": [23, 23]},
								"west": {"uv": [71, 26], "uv_size": [7, 23]},
								"up": {"uv": [154, 152], "uv_size": [23, 7]},
								"down": {"uv": [23, 165], "uv_size": [23, -7]}
							}
						},
						{
							"origin": [-11, 12, 39],
							"size": [23, 23, 7],
							"uv": {
								"north": {"uv": [23, 120], "uv_size": [23, 23]},
								"east": {"uv": [88, 0], "uv_size": [7, 23]},
								"south": {"uv": [124, 0], "uv_size": [23, 23]},
								"west": {"uv": [108, 141], "uv_size": [7, 23]},
								"up": {"uv": [46, 158], "uv_size": [23, 7]},
								"down": {"uv": [69, 165], "uv_size": [23, -7]}
							}
						},
						{
							"origin": [-11, 51, -13],
							"size": [23, 7, 13],
							"pivot": [0, 0, 0],
							"rotation": [-52.5, 0, 0],
							"uv": {
								"north": {"uv": [147, 14], "uv_size": [23, 7]},
								"east": {"uv": [64, 49], "uv_size": [13, 7]},
								"south": {"uv": [23, 151], "uv_size": [23, 7]},
								"west": {"uv": [161, 127], "uv_size": [13, 7]},
								"up": {"uv": [138, 79], "uv_size": [23, 13]},
								"down": {"uv": [138, 105], "uv_size": [23, -13]}
							}
						},
						{
							"origin": [-11, 8, -9],
							"size": [23, 7, 12],
							"pivot": [0, 0, 0],
							"rotation": [-52.5, 0, 0],
							"uv": {
								"north": {"uv": [154, 159], "uv_size": [23, 7]},
								"east": {"uv": [131, 166], "uv_size": [12, 7]},
								"south": {"uv": [0, 160], "uv_size": [23, 7]},
								"west": {"uv": [143, 166], "uv_size": [12, 7]},
								"up": {"uv": [140, 36], "uv_size": [23, 12]},
								"down": {"uv": [140, 60], "uv_size": [23, -12]}
							}
						},
						{
							"origin": [-11, 13, 29],
							"size": [23, 7, 13],
							"pivot": [0, 0, 0],
							"rotation": [52.5, 0, 0],
							"uv": {
								"north": {"uv": [46, 151], "uv_size": [23, 7]},
								"east": {"uv": [163, 41], "uv_size": [13, 7]},
								"south": {"uv": [69, 151], "uv_size": [23, 7]},
								"west": {"uv": [163, 48], "uv_size": [13, 7]},
								"up": {"uv": [138, 105], "uv_size": [23, 13]},
								"down": {"uv": [138, 131], "uv_size": [23, -13]}
							}
						},
						{
							"origin": [-11, -29, 25],
							"size": [23, 7, 13],
							"pivot": [0, 0, 0],
							"rotation": [52.5, 0, 0],
							"uv": {
								"north": {"uv": [131, 159], "uv_size": [23, 7]},
								"east": {"uv": [51, 165], "uv_size": [13, 7]},
								"south": {"uv": [159, 145], "uv_size": [23, 7]},
								"west": {"uv": [64, 165], "uv_size": [13, 7]},
								"up": {"uv": [0, 140], "uv_size": [23, 13]},
								"down": {"uv": [140, 36], "uv_size": [23, -13]}
							}
						}
					]
				}
			]
		}
	]
}