{
	"format_version": "1.12.0",
	"minecraft:geometry": [
		{
			"description": {
				"identifier": "geometry.blue_slime_red",
				"texture_width": 128,
				"texture_height": 128,
				"visible_bounds_width": 14,
				"visible_bounds_height": 9,
				"visible_bounds_offset": [0, 0.5, 0]
			},
			"bones": [
				{
					"name": "Root",
					"pivot": [0, 0, 0]
				},
				{
					"name": "Body",
					"parent": "Root",
					"pivot": [0, 24.1, 0],
					"cubes": [
						{
							"origin": [-21.69, 24.1, -28.92],
							"size": [43.38, 9.64, 57.84],
							"uv": {
								"north": {"uv": [24, 56], "uv_size": [18, 4]},
								"east": {"uv": [0, 56], "uv_size": [24, 4]},
								"south": {"uv": [66, 56], "uv_size": [18, 4]},
								"west": {"uv": [42, 56], "uv_size": [24, 4]},
								"up": {"uv": [24, 32], "uv_size": [18, 24]},
								"down": {"uv": [42, 56], "uv_size": [18, -24]}
							}
						},
						{
							"origin": [-7.23, 33.57494, 26.39943],
							"size": [14.46, 12.05, 24.1],
							"pivot": [0, 39.59994, 38.44943],
							"rotation": [20, 0, 0],
							"uv": {
								"north": {"uv": [50, 85], "uv_size": [6, 5]},
								"east": {"uv": [40, 85], "uv_size": [10, 5]},
								"south": {"uv": [66, 85], "uv_size": [6, 5]},
								"west": {"uv": [56, 85], "uv_size": [10, 5]},
								"up": {"uv": [50, 75], "uv_size": [6, 10]},
								"down": {"uv": [56, 85], "uv_size": [6, -10]}
							}
						},
						{
							"origin": [-7.6638, 32.38917, 43.91172],
							"size": [15.3276, 12.773, 30.6552],
							"pivot": [0, 38.77567, 59.23932],
							"rotation": [-20, 0, 0],
							"uv": {
								"north": {"uv": [72, 44], "uv_size": [6, 5]},
								"east": {"uv": [60, 44], "uv_size": [12, 5]},
								"south": {"uv": [90, 44], "uv_size": [6, 5]},
								"west": {"uv": [78, 44], "uv_size": [12, 5]},
								"up": {"uv": [72, 32], "uv_size": [6, 12]},
								"down": {"uv": [78, 44], "uv_size": [6, -12]}
							}
						},
						{
							"origin": [-7.953, 29.08412, 66.24193],
							"size": [15.906, 34.463, 34.463],
							"pivot": [0, 46.31562, 83.47343],
							"rotation": [10, 0, 0],
							"uv": {
								"north": {"uv": [14, 74], "uv_size": [6, 14]},
								"east": {"uv": [0, 74], "uv_size": [14, 14]},
								"south": {"uv": [34, 74], "uv_size": [6, 14]},
								"west": {"uv": [20, 74], "uv_size": [14, 14]},
								"up": {"uv": [14, 60], "uv_size": [6, 14]},
								"down": {"uv": [20, 74], "uv_size": [6, -14]}
							}
						},
						{
							"origin": [-22.9914, 33.2339, -30.6552],
							"size": [45.9828, 17.8822, 61.3104],
							"uv": {
								"north": {"uv": [25, 25], "uv_size": [19, 7]},
								"east": {"uv": [0, 25], "uv_size": [25, 7]},
								"south": {"uv": [69, 25], "uv_size": [19, 7]},
								"west": {"uv": [44, 25], "uv_size": [25, 7]},
								"up": {"uv": [25, 0], "uv_size": [19, 25]},
								"down": {"uv": [44, 25], "uv_size": [19, -25]}
							}
						}
					]
				},
				{
					"name": "Neck",
					"parent": "Body",
					"pivot": [-10.845, 33.74, -27.715],
					"cubes": [
						{
							"origin": [-18.075, 30.47674, -48.8622],
							"size": [12.05, 12.05, 24.1],
							"pivot": [-12.05, 36.50174, -36.8122],
							"rotation": [-22.5, 0, 0],
							"uv": {
								"north": {"uv": [94, 32], "uv_size": [5, 5]},
								"east": {"uv": [84, 32], "uv_size": [10, 5]},
								"south": {"uv": [109, 32], "uv_size": [5, 5]},
								"west": {"uv": [99, 32], "uv_size": [10, 5]},
								"up": {"uv": [94, 22], "uv_size": [5, 10]},
								"down": {"uv": [99, 32], "uv_size": [5, -10]}
							}
						}
					]
				},
				{
					"name": "Head",
					"parent": "Neck",
					"pivot": [-12.05, 40.97, -45.79],
					"cubes": [
						{
							"origin": [-21.69, 33.74, -65.07],
							"size": [19.28, 21.69, 19.28],
							"uv": {
								"north": {"uv": [71, 8], "uv_size": [8, 9]},
								"east": {"uv": [63, 8], "uv_size": [8, 9]},
								"south": {"uv": [87, 8], "uv_size": [8, 9]},
								"west": {"uv": [79, 8], "uv_size": [8, 9]},
								"up": {"uv": [71, 0], "uv_size": [8, 8]},
								"down": {"uv": [79, 8], "uv_size": [8, -8]}
							}
						},
						{
							"origin": [-21.69, 45.79, -67.48],
							"size": [7.23, 7.23, 4.82],
							"pivot": [-18.075, 49.405, -65.07],
							"rotation": [0, 10, 0],
							"uv": {
								"north": {"uv": [17, 2], "uv_size": [3, 3]},
								"east": {"uv": [15, 2], "uv_size": [2, 3]},
								"south": {"uv": [22, 2], "uv_size": [3, 3]},
								"west": {"uv": [20, 2], "uv_size": [2, 3]},
								"up": {"uv": [17, 0], "uv_size": [3, 2]},
								"down": {"uv": [20, 2], "uv_size": [3, -2]}
							}
						},
						{
							"origin": [-9.64, 45.79, -67.48],
							"size": [7.23, 7.23, 4.82],
							"pivot": [-6.025, 49.405, -65.07],
							"rotation": [0, -10, 0],
							"uv": {
								"north": {"uv": [20, 2], "uv_size": [-3, 3]},
								"east": {"uv": [22, 2], "uv_size": [-2, 3]},
								"south": {"uv": [25, 2], "uv_size": [-3, 3]},
								"west": {"uv": [17, 2], "uv_size": [-2, 3]},
								"up": {"uv": [20, 0], "uv_size": [-3, 2]},
								"down": {"uv": [23, 2], "uv_size": [-3, -2]}
							}
						},
						{
							"origin": [-21.18708, 46.995, -68.35006],
							"size": [3.1812, 3.1812, 3.1812],
							"pivot": [-19.59648, 48.5856, -66.75946],
							"rotation": [0, 10, 0],
							"uv": {
								"north": {"uv": [1, 1], "uv_size": [1, 1]},
								"east": {"uv": [0, 1], "uv_size": [1, 1]},
								"south": {"uv": [3, 1], "uv_size": [1, 1]},
								"west": {"uv": [2, 1], "uv_size": [1, 1]},
								"up": {"uv": [1, 0], "uv_size": [1, 1]},
								"down": {"uv": [2, 1], "uv_size": [1, -1]}
							}
						},
						{
							"origin": [-6.09412, 49.405, -68.35006],
							"size": [3.1812, 3.1812, 3.1812],
							"pivot": [-4.50352, 50.9956, -66.75946],
							"rotation": [0, -10, 0],
							"uv": {
								"north": {"uv": [2, 1], "uv_size": [-1, 1]},
								"east": {"uv": [3, 1], "uv_size": [-1, 1]},
								"south": {"uv": [4, 1], "uv_size": [-1, 1]},
								"west": {"uv": [1, 1], "uv_size": [-1, 1]},
								"up": {"uv": [2, 0], "uv_size": [-1, 1]},
								"down": {"uv": [3, 1], "uv_size": [-1, -1]}
							}
						}
					]
				},
				{
					"name": "Neck2",
					"parent": "Body",
					"pivot": [13.255, 33.74, -27.715],
					"cubes": [
						{
							"origin": [6.025, 30.47674, -48.8622],
							"size": [12.05, 12.05, 24.1],
							"pivot": [12.05, 36.50174, -36.8122],
							"rotation": [-22.5, 0, 0],
							"uv": {
								"north": {"uv": [82, 89], "uv_size": [5, 5]},
								"east": {"uv": [72, 89], "uv_size": [10, 5]},
								"south": {"uv": [97, 89], "uv_size": [5, 5]},
								"west": {"uv": [87, 89], "uv_size": [10, 5]},
								"up": {"uv": [82, 79], "uv_size": [5, 10]},
								"down": {"uv": [87, 89], "uv_size": [5, -10]}
							}
						}
					]
				},
				{
					"name": "Head2",
					"parent": "Neck2",
					"pivot": [12.05, 40.97, -45.79],
					"cubes": [
						{
							"origin": [2.41, 36.15, -67.48],
							"size": [19.28, 12.05, 24.1],
							"pivot": [12.05, 42.175, -55.43],
							"rotation": [7.5, 0, 0],
							"uv": {
								"north": {"uv": [50, 70], "uv_size": [8, 5]},
								"east": {"uv": [40, 70], "uv_size": [10, 5]},
								"south": {"uv": [68, 70], "uv_size": [8, 5]},
								"west": {"uv": [58, 70], "uv_size": [10, 5]},
								"up": {"uv": [50, 60], "uv_size": [8, 10]},
								"down": {"uv": [58, 70], "uv_size": [8, -10]}
							}
						},
						{
							"origin": [-4.82, 37.355, -60.25],
							"size": [7.23, 9.64, 9.64],
							"uv": {
								"north": {"uv": [4, 52], "uv_size": [3, 4]},
								"east": {"uv": [0, 52], "uv_size": [4, 4]},
								"south": {"uv": [11, 52], "uv_size": [3, 4]},
								"west": {"uv": [7, 52], "uv_size": [4, 4]},
								"up": {"uv": [4, 48], "uv_size": [3, 4]},
								"down": {"uv": [7, 52], "uv_size": [3, -4]}
							}
						},
						{
							"origin": [21.69, 37.355, -60.25],
							"size": [7.23, 9.64, 9.64],
							"uv": {
								"north": {"uv": [7, 52], "uv_size": [-3, 4]},
								"east": {"uv": [11, 52], "uv_size": [-4, 4]},
								"south": {"uv": [14, 52], "uv_size": [-3, 4]},
								"west": {"uv": [4, 52], "uv_size": [-4, 4]},
								"up": {"uv": [7, 48], "uv_size": [-3, 4]},
								"down": {"uv": [10, 52], "uv_size": [-3, -4]}
							}
						},
						{
							"origin": [7.23, 40.84237, -67.40854],
							"size": [9.64, 9.64, 28.92],
							"pivot": [12.05, 45.66237, -52.94854],
							"rotation": [15, 0, 0],
							"uv": {
								"north": {"uv": [76, 75], "uv_size": [4, 4]},
								"east": {"uv": [64, 75], "uv_size": [12, 4]},
								"south": {"uv": [92, 75], "uv_size": [4, 4]},
								"west": {"uv": [80, 75], "uv_size": [12, 4]},
								"up": {"uv": [76, 63], "uv_size": [4, 12]},
								"down": {"uv": [80, 75], "uv_size": [4, -12]}
							}
						}
					]
				},
				{
					"name": "Jaw",
					"parent": "Head2",
					"pivot": [12.05, 37.355, -44.585],
					"cubes": [
						{
							"origin": [4.82, 33.74, -65.07],
							"size": [14.46, 7.23, 21.69],
							"uv": {
								"north": {"uv": [84, 60], "uv_size": [6, 3]},
								"east": {"uv": [75, 60], "uv_size": [9, 3]},
								"south": {"uv": [99, 60], "uv_size": [6, 3]},
								"west": {"uv": [90, 60], "uv_size": [9, 3]},
								"up": {"uv": [84, 51], "uv_size": [6, 9]},
								"down": {"uv": [90, 60], "uv_size": [6, -9]}
							}
						}
					]
				},
				{
					"name": "Dila",
					"parent": "Jaw",
					"pivot": [12.05, 38.56, -48.2],
					"cubes": [
						{
							"origin": [7.23, 38.56, -67.48],
							"size": [9.64, 2.41, 21.69],
							"pivot": [12.05, 42.175, -56.635],
							"rotation": [12.5, 0, 0],
							"uv": {
								"north": {"uv": [93, 72], "uv_size": [4, 1]},
								"east": {"uv": [84, 72], "uv_size": [9, 1]},
								"south": {"uv": [106, 72], "uv_size": [4, 1]},
								"west": {"uv": [97, 72], "uv_size": [9, 1]},
								"up": {"uv": [93, 63], "uv_size": [4, 9]},
								"down": {"uv": [97, 72], "uv_size": [4, -9]}
							}
						},
						{
							"origin": [6.025, 35.07755, -73.56197],
							"size": [12.05, 2.41, 7.23],
							"pivot": [12.05, 36.28255, -69.94697],
							"rotation": [20, 0, 0],
							"uv": {
								"north": {"uv": [29, 63], "uv_size": [5, 1]},
								"east": {"uv": [26, 63], "uv_size": [3, 1]},
								"south": {"uv": [37, 63], "uv_size": [5, 1]},
								"west": {"uv": [34, 63], "uv_size": [3, 1]},
								"up": {"uv": [29, 60], "uv_size": [5, 3]},
								"down": {"uv": [34, 63], "uv_size": [5, -3]}
							}
						},
						{
							"origin": [4.82, 29.40304, -85.75004],
							"size": [14.46, 2.41, 14.46],
							"pivot": [12.05, 30.60804, -78.52004],
							"rotation": [40, 0, 0],
							"uv": {
								"north": {"uv": [6, 22], "uv_size": [6, 1]},
								"east": {"uv": [0, 22], "uv_size": [6, 1]},
								"south": {"uv": [18, 22], "uv_size": [6, 1]},
								"west": {"uv": [12, 22], "uv_size": [6, 1]},
								"up": {"uv": [6, 16], "uv_size": [6, 6]},
								"down": {"uv": [12, 22], "uv_size": [6, -6]}
							}
						},
						{
							"origin": [7.23, 23.05804, -87.86913],
							"size": [9.64, 2.41, 4.82],
							"pivot": [12.05, 24.26304, -85.45913],
							"rotation": [50, 0, 0],
							"uv": {
								"north": {"uv": [12, 50], "uv_size": [4, 1]},
								"east": {"uv": [10, 50], "uv_size": [2, 1]},
								"south": {"uv": [18, 50], "uv_size": [4, 1]},
								"west": {"uv": [16, 50], "uv_size": [2, 1]},
								"up": {"uv": [12, 48], "uv_size": [4, 2]},
								"down": {"uv": [16, 50], "uv_size": [4, -2]}
							}
						}
					]
				},
				{
					"name": "Rightleg",
					"parent": "Root",
					"pivot": [-18.075, 25.305, -18.075],
					"cubes": [
						{
							"origin": [-24.1, 0, -24.1],
							"size": [12.05, 26.51, 12.05],
							"uv": {
								"north": {"uv": [5, 37], "uv_size": [5, 11]},
								"east": {"uv": [0, 37], "uv_size": [5, 11]},
								"south": {"uv": [15, 37], "uv_size": [5, 11]},
								"west": {"uv": [10, 37], "uv_size": [5, 11]},
								"up": {"uv": [5, 32], "uv_size": [5, 5]},
								"down": {"uv": [10, 37], "uv_size": [5, -5]}
							}
						}
					]
				},
				{
					"name": "Rightleg2",
					"parent": "Root",
					"pivot": [-18.075, 25.305, 18.075],
					"cubes": [
						{
							"origin": [-24.1, 0, 12.05],
							"size": [12.05, 26.51, 12.05],
							"uv": {
								"north": {"uv": [10, 5], "uv_size": [-5, 11]},
								"east": {"uv": [15, 5], "uv_size": [-5, 11]},
								"south": {"uv": [20, 5], "uv_size": [-5, 11]},
								"west": {"uv": [5, 5], "uv_size": [-5, 11]},
								"up": {"uv": [10, 0], "uv_size": [-5, 5]},
								"down": {"uv": [15, 5], "uv_size": [-5, -5]}
							}
						},
						{
							"origin": [-20.485, -0.01241, 23.91163],
							"size": [4.82, 4.82, 9.64],
							"pivot": [-19.23698, 2.39759, 23.91163],
							"rotation": [-4.95377, -0.46904, 0.51105],
							"uv": {
								"north": {"uv": [44, 64], "uv_size": [-2, 2]},
								"east": {"uv": [48, 64], "uv_size": [-4, 2]},
								"south": {"uv": [50, 64], "uv_size": [-2, 2]},
								"west": {"uv": [42, 64], "uv_size": [-4, 2]},
								"up": {"uv": [44, 60], "uv_size": [-2, 4]},
								"down": {"uv": [46, 64], "uv_size": [-2, -4]}
							}
						},
						{
							"origin": [-15.53214, 0, 3.35778],
							"size": [4.82, 4.82, 9.64],
							"pivot": [-13.12214, 2.41, 8.17778],
							"rotation": [0, -17.5, 0],
							"uv": {
								"north": {"uv": [66, 36], "uv_size": [-2, 2]},
								"east": {"uv": [70, 36], "uv_size": [-4, 2]},
								"south": {"uv": [72, 36], "uv_size": [-2, 2]},
								"west": {"uv": [64, 36], "uv_size": [-4, 2]},
								"up": {"uv": [66, 32], "uv_size": [-2, 4]},
								"down": {"uv": [68, 36], "uv_size": [-2, -4]}
							}
						},
						{
							"origin": [-25.43786, 0, 3.35778],
							"size": [4.82, 4.82, 9.64],
							"pivot": [-23.02786, 2.41, 8.17778],
							"rotation": [0, 17.5, 0],
							"uv": {
								"north": {"uv": [6, 64], "uv_size": [-2, 2]},
								"east": {"uv": [10, 64], "uv_size": [-4, 2]},
								"south": {"uv": [12, 64], "uv_size": [-2, 2]},
								"west": {"uv": [4, 64], "uv_size": [-4, 2]},
								"up": {"uv": [6, 60], "uv_size": [-2, 4]},
								"down": {"uv": [8, 64], "uv_size": [-2, -4]}
							}
						}
					]
				},
				{
					"name": "Leftleg",
					"parent": "Root",
					"pivot": [18.075, 25.305, -18.075],
					"cubes": [
						{
							"origin": [12.05, 0, -24.1],
							"size": [12.05, 26.51, 12.05],
							"uv": {
								"north": {"uv": [5, 5], "uv_size": [5, 11]},
								"east": {"uv": [0, 5], "uv_size": [5, 11]},
								"south": {"uv": [15, 5], "uv_size": [5, 11]},
								"west": {"uv": [10, 5], "uv_size": [5, 11]},
								"up": {"uv": [5, 0], "uv_size": [5, 5]},
								"down": {"uv": [10, 5], "uv_size": [5, -5]}
							}
						},
						{
							"origin": [15.70811, -0.43862, -12.24702],
							"size": [4.82, 4.82, 9.64],
							"pivot": [18.11811, 1.97138, -7.42702],
							"rotation": [-4.95377, 0.46904, -0.51105],
							"uv": {
								"north": {"uv": [42, 64], "uv_size": [2, 2]},
								"east": {"uv": [38, 64], "uv_size": [4, 2]},
								"south": {"uv": [48, 64], "uv_size": [2, 2]},
								"west": {"uv": [44, 64], "uv_size": [4, 2]},
								"up": {"uv": [42, 60], "uv_size": [2, 4]},
								"down": {"uv": [44, 64], "uv_size": [2, -4]}
							}
						},
						{
							"origin": [10.71214, 0, -32.79222],
							"size": [4.82, 4.82, 9.64],
							"pivot": [13.12214, 2.41, -27.97222],
							"rotation": [0, 17.5, 0],
							"uv": {
								"north": {"uv": [64, 36], "uv_size": [2, 2]},
								"east": {"uv": [60, 36], "uv_size": [4, 2]},
								"south": {"uv": [70, 36], "uv_size": [2, 2]},
								"west": {"uv": [66, 36], "uv_size": [4, 2]},
								"up": {"uv": [64, 32], "uv_size": [2, 4]},
								"down": {"uv": [66, 36], "uv_size": [2, -4]}
							}
						},
						{
							"origin": [20.61786, 0, -32.79222],
							"size": [4.82, 4.82, 9.64],
							"pivot": [23.02786, 2.41, -27.97222],
							"rotation": [0, -17.5, 0],
							"uv": {
								"north": {"uv": [4, 64], "uv_size": [2, 2]},
								"east": {"uv": [0, 64], "uv_size": [4, 2]},
								"south": {"uv": [10, 64], "uv_size": [2, 2]},
								"west": {"uv": [6, 64], "uv_size": [4, 2]},
								"up": {"uv": [4, 60], "uv_size": [2, 4]},
								"down": {"uv": [6, 64], "uv_size": [2, -4]}
							}
						}
					]
				},
				{
					"name": "Leftleg2",
					"parent": "Root",
					"pivot": [18.075, 25.305, 18.075],
					"cubes": [
						{
							"origin": [12.05, 0, 12.05],
							"size": [12.05, 26.51, 12.05],
							"uv": {
								"north": {"uv": [10, 37], "uv_size": [-5, 11]},
								"east": {"uv": [15, 37], "uv_size": [-5, 11]},
								"south": {"uv": [20, 37], "uv_size": [-5, 11]},
								"west": {"uv": [5, 37], "uv_size": [-5, 11]},
								"up": {"uv": [10, 32], "uv_size": [-5, 5]},
								"down": {"uv": [15, 37], "uv_size": [-5, -5]}
							}
						}
					]
				}
			]
		}
	]
}