{
	"format_version": "1.12.0",
	"minecraft:geometry": [
		{
			"description": {
				"identifier": "geometry.blue_slime_green",
				"texture_width": 128,
				"texture_height": 128,
				"visible_bounds_width": 10,
				"visible_bounds_height": 11,
				"visible_bounds_offset": [0, 2.5, 0]
			},
			"bones": [
				{
					"name": "head",
					"pivot": [0, 37.8804, 0],
					"cubes": [
						{
							"origin": [-4.63982, 38.01479, -4.63982],
							"size": [9.27964, 9.87105, 9.27964],
							"inflate": -0.5,
							"uv": {
								"north": {"uv": [0, 20], "uv_size": [9.25, 9.75]},
								"east": {"uv": [20, 0], "uv_size": [9.25, 9.75]},
								"south": {"uv": [10, 20], "uv_size": [9.25, 9.75]},
								"west": {"uv": [20, 20], "uv_size": [9.25, 9.75]},
								"up": {"uv": [22, 10], "uv_size": [9.25, 9.25]},
								"down": {"uv": [0, 39.25], "uv_size": [9.25, -9.25]}
							}
						},
						{
							"origin": [-12.4616, 31.85275, -19.22301],
							"size": [3.40377, 4.54842, 1.99203],
							"inflate": -0.5,
							"pivot": [0, -5.24904, 0],
							"rotation": [-17.10967, 3.73171, 11.93845],
							"uv": {
								"north": {"uv": [26, 69], "uv_size": [3.5, 4.5]},
								"east": {"uv": [5, 49], "uv_size": [2, 4.5]},
								"south": {"uv": [0, 70], "uv_size": [3.5, 4.5]},
								"west": {"uv": [15, 55], "uv_size": [2, 4.5]},
								"up": {"uv": [56, 20], "uv_size": [3.5, 2]},
								"down": {"uv": [75, 9], "uv_size": [3.5, -2]}
							}
						},
						{
							"origin": [0.0914, 42.15461, -5.31398],
							"size": [4.2941, 4.2941, 2.18281],
							"inflate": -0.5,
							"uv": {
								"north": {"uv": [63, 53], "uv_size": [4.25, 4.25]},
								"east": {"uv": [22, 51], "uv_size": [2.25, 4.25]},
								"south": {"uv": [20, 64], "uv_size": [4.25, 4.25]},
								"west": {"uv": [73, 52], "uv_size": [2.25, 4.25]},
								"up": {"uv": [73, 31], "uv_size": [4.25, 2.25]},
								"down": {"uv": [12, 76.25], "uv_size": [4.25, -2.25]}
							}
						},
						{
							"origin": [-4.3855, 42.15461, -5.31398],
							"size": [4.2941, 4.2941, 2.18281],
							"inflate": -0.5,
							"uv": {
								"north": {"uv": [50, 65], "uv_size": [4.25, 4.25]},
								"east": {"uv": [24, 74], "uv_size": [2.25, 4.25]},
								"south": {"uv": [66, 0], "uv_size": [4.25, 4.25]},
								"west": {"uv": [27, 74], "uv_size": [2.25, 4.25]},
								"up": {"uv": [34, 74], "uv_size": [4.25, 2.25]},
								"down": {"uv": [39, 76.25], "uv_size": [4.25, -2.25]}
							}
						},
						{
							"origin": [0.0914, 46.88583, -2.27421],
							"size": [4.54842, 3.74716, 4.54842],
							"inflate": -0.5,
							"uv": {
								"north": {"uv": [59, 66], "uv_size": [4.5, 3.75]},
								"east": {"uv": [64, 66], "uv_size": [4.5, 3.75]},
								"south": {"uv": [15, 67], "uv_size": [4.5, 3.75]},
								"west": {"uv": [67, 41], "uv_size": [4.5, 3.75]},
								"up": {"uv": [15, 62], "uv_size": [4.5, 4.5]},
								"down": {"uv": [62, 46.5], "uv_size": [4.5, -4.5]}
							}
						},
						{
							"origin": [-4.63982, 46.88583, -2.27421],
							"size": [4.54842, 3.74716, 4.54842],
							"inflate": -0.5,
							"uv": {
								"north": {"uv": [67, 58], "uv_size": [4.5, 3.75]},
								"east": {"uv": [67, 62], "uv_size": [4.5, 3.75]},
								"south": {"uv": [68, 30], "uv_size": [4.5, 3.75]},
								"west": {"uv": [68, 53], "uv_size": [4.5, 3.75]},
								"up": {"uv": [62, 61], "uv_size": [4.5, 4.5]},
								"down": {"uv": [63, 34.5], "uv_size": [4.5, -4.5]}
							}
						},
						{
							"origin": [-0.09937, 46.88583, -2.46498],
							"size": [4.92997, 2.41174, 4.92997],
							"inflate": -0.5,
							"uv": {
								"north": {"uv": [70, 38], "uv_size": [5, 2.5]},
								"east": {"uv": [71, 12], "uv_size": [5, 2.5]},
								"south": {"uv": [14, 71], "uv_size": [5, 2.5]},
								"west": {"uv": [71, 15], "uv_size": [5, 2.5]},
								"up": {"uv": [5, 55], "uv_size": [5, 5]},
								"down": {"uv": [10, 60], "uv_size": [5, -5]}
							}
						},
						{
							"origin": [-4.8306, 46.88583, -2.46498],
							"size": [4.92997, 2.41174, 4.92997],
							"inflate": -0.5,
							"uv": {
								"north": {"uv": [71, 18], "uv_size": [5, 2.5]},
								"east": {"uv": [71, 21], "uv_size": [5, 2.5]},
								"south": {"uv": [54, 71], "uv_size": [5, 2.5]},
								"west": {"uv": [19, 72], "uv_size": [5, 2.5]},
								"up": {"uv": [56, 0], "uv_size": [5, 5]},
								"down": {"uv": [56, 10], "uv_size": [5, -5]}
							}
						},
						{
							"origin": [0.32796, 48.48262, -2.09679],
							"size": [4.0028, 3.42475, 4.19358],
							"inflate": -0.5,
							"uv": {
								"north": {"uv": [58, 42], "uv_size": [4, 3.5]},
								"east": {"uv": [70, 34], "uv_size": [4.25, 3.5]},
								"south": {"uv": [70, 48], "uv_size": [4, 3.5]},
								"west": {"uv": [35, 70], "uv_size": [4.25, 3.5]},
								"up": {"uv": [32, 7], "uv_size": [4, 4.25]},
								"down": {"uv": [32, 16.25], "uv_size": [4, -4.25]}
							}
						},
						{
							"origin": [-4.33077, 48.48262, -2.09679],
							"size": [4.0028, 3.42475, 4.19358],
							"inflate": -0.5,
							"uv": {
								"north": {"uv": [50, 70], "uv_size": [4, 3.5]},
								"east": {"uv": [40, 70], "uv_size": [4.25, 3.5]},
								"south": {"uv": [59, 70], "uv_size": [4, 3.5]},
								"west": {"uv": [45, 70], "uv_size": [4.25, 3.5]},
								"up": {"uv": [66, 25], "uv_size": [4, 4.25]},
								"down": {"uv": [55, 70.25], "uv_size": [4, -4.25]}
							}
						},
						{
							"origin": [0.51874, 50.90737, -1.90601],
							"size": [3.62125, 2.71698, 3.81203],
							"inflate": -0.5,
							"uv": {
								"north": {"uv": [4, 73], "uv_size": [3.5, 2.75]},
								"east": {"uv": [32, 17], "uv_size": [3.75, 2.75]},
								"south": {"uv": [8, 73], "uv_size": [3.5, 2.75]},
								"west": {"uv": [63, 58], "uv_size": [3.75, 2.75]},
								"up": {"uv": [63, 70], "uv_size": [3.5, 3.75]},
								"down": {"uv": [71, 3.75], "uv_size": [3.5, -3.75]}
							}
						},
						{
							"origin": [-4.13999, 50.90737, -1.90601],
							"size": [3.62125, 2.71698, 3.81203],
							"inflate": -0.5,
							"uv": {
								"north": {"uv": [73, 28], "uv_size": [3.5, 2.75]},
								"east": {"uv": [67, 72], "uv_size": [3.75, 2.75]},
								"south": {"uv": [30, 73], "uv_size": [3.5, 2.75]},
								"west": {"uv": [71, 72], "uv_size": [3.75, 2.75]},
								"up": {"uv": [71, 4], "uv_size": [3.5, 3.75]},
								"down": {"uv": [71, 11.75], "uv_size": [3.5, -3.75]}
							}
						},
						{
							"origin": [0.89266, 50.89211, -1.0914],
							"size": [2.56436, 3.93794, 2.18281],
							"inflate": -0.5,
							"uv": {
								"north": {"uv": [7, 40], "uv_size": [2.5, 4]},
								"east": {"uv": [44, 74], "uv_size": [2.25, 4]},
								"south": {"uv": [17, 44], "uv_size": [2.5, 4]},
								"west": {"uv": [47, 74], "uv_size": [2.25, 4]},
								"up": {"uv": [75, 9], "uv_size": [2.5, 2.25]},
								"down": {"uv": [17, 77.25], "uv_size": [2.5, -2.25]}
							}
						},
						{
							"origin": [-3.45702, 50.89211, -1.0914],
							"size": [2.56436, 3.93794, 2.18281],
							"inflate": -0.5,
							"uv": {
								"north": {"uv": [48, 0], "uv_size": [2.5, 4]},
								"east": {"uv": [74, 48], "uv_size": [2.25, 4]},
								"south": {"uv": [48, 4], "uv_size": [2.5, 4]},
								"west": {"uv": [50, 74], "uv_size": [2.25, 4]},
								"up": {"uv": [20, 75], "uv_size": [2.5, 2.25]},
								"down": {"uv": [75, 26.25], "uv_size": [2.5, -2.25]}
							}
						}
					]
				},
				{
					"name": "Body",
					"pivot": [0, 39.83218, 0],
					"cubes": [
						{
							"origin": [-4.97902, 18.86788, -2.35848],
							"size": [9.69599, 11.00626, 4.45492],
							"uv": {
								"north": {"uv": [0, 0], "uv_size": [9.75, 11]},
								"east": {"uv": [41, 42], "uv_size": [4.5, 11]},
								"south": {"uv": [10, 0], "uv_size": [9.75, 11]},
								"west": {"uv": [7, 44], "uv_size": [4.5, 11]},
								"up": {"uv": [51, 22], "uv_size": [9.75, 4.5]},
								"down": {"uv": [51, 31.5], "uv_size": [9.75, -4.5]}
							}
						},
						{
							"origin": [-5.50313, 29.08798, -3.14465],
							"size": [11.00626, 8.64778, 6.28929],
							"uv": {
								"north": {"uv": [0, 11], "uv_size": [11, 8.75]},
								"east": {"uv": [0, 40], "uv_size": [6.25, 8.75]},
								"south": {"uv": [11, 11], "uv_size": [11, 8.75]},
								"west": {"uv": [41, 0], "uv_size": [6.25, 8.75]},
								"up": {"uv": [30, 0], "uv_size": [11, 6.25]},
								"down": {"uv": [20, 36.25], "uv_size": [11, -6.25]}
							}
						},
						{
							"origin": [-3.66875, 37.73575, -3.14465],
							"size": [7.07545, 1.31027, 6.28929],
							"uv": {
								"north": {"uv": [53, 74], "uv_size": [7, 1.25]},
								"east": {"uv": [75, 0], "uv_size": [6.25, 1.25]},
								"south": {"uv": [60, 74], "uv_size": [7, 1.25]},
								"west": {"uv": [75, 2], "uv_size": [6.25, 1.25]},
								"up": {"uv": [51, 32], "uv_size": [7, 6.25]},
								"down": {"uv": [51, 45.25], "uv_size": [7, -6.25]}
							}
						},
						{
							"origin": [-0.26205, 26.72949, -3.14465],
							"size": [5.50313, 2.88259, 6.28929],
							"pivot": [0, 0, 0],
							"rotation": [0, 0, -10],
							"uv": {
								"north": {"uv": [20, 69], "uv_size": [5.5, 3]},
								"east": {"uv": [62, 47], "uv_size": [6.25, 3]},
								"south": {"uv": [69, 45], "uv_size": [5.5, 3]},
								"west": {"uv": [63, 35], "uv_size": [6.25, 3]},
								"up": {"uv": [51, 46], "uv_size": [5.5, 6.25]},
								"down": {"uv": [40, 59.25], "uv_size": [5.5, -6.25]}
							}
						},
						{
							"origin": [-5.24108, 26.72949, -3.14465],
							"size": [5.50313, 2.88259, 6.28929],
							"pivot": [0, 0, 0],
							"rotation": [0, 0, 10],
							"uv": {
								"north": {"uv": [69, 66], "uv_size": [5.5, 3]},
								"east": {"uv": [63, 38], "uv_size": [6.25, 3]},
								"south": {"uv": [69, 69], "uv_size": [5.5, 3]},
								"west": {"uv": [63, 50], "uv_size": [6.25, 3]},
								"up": {"uv": [46, 53], "uv_size": [5.5, 6.25]},
								"down": {"uv": [52, 59.25], "uv_size": [5.5, -6.25]}
							}
						}
					]
				},
				{
					"name": "LeftArm",
					"pivot": [6.28929, 35.73575, 0],
					"rotation": [0, 0, -2.5],
					"cubes": [
						{
							"origin": [5.32832, 33.54099, -2.62054],
							"size": [4.19286, 4.19286, 4.97902],
							"uv": {
								"north": {"uv": [25, 64], "uv_size": [4.25, 4.25]},
								"east": {"uv": [58, 37], "uv_size": [5, 4.25]},
								"south": {"uv": [0, 65], "uv_size": [4.25, 4.25]},
								"west": {"uv": [58, 51], "uv_size": [5, 4.25]},
								"up": {"uv": [58, 56], "uv_size": [4.25, 5]},
								"down": {"uv": [22, 64], "uv_size": [4.25, -5]}
							}
						},
						{
							"origin": [5.32832, 15.72133, -2.62054],
							"size": [4.71697, 13.6268, 4.97902],
							"uv": {
								"north": {"uv": [36, 7], "uv_size": [4.75, 13.75]},
								"east": {"uv": [10, 30], "uv_size": [5, 13.75]},
								"south": {"uv": [36, 21], "uv_size": [4.75, 13.75]},
								"west": {"uv": [15, 30], "uv_size": [5, 13.75]},
								"up": {"uv": [56, 10], "uv_size": [4.75, 5]},
								"down": {"uv": [56, 20], "uv_size": [4.75, -5]}
							}
						},
						{
							"origin": [7.6868, 13.6249, 0.78616],
							"size": [1.57232, 3.4067, 1.57232],
							"pivot": [0.08724, -0.0019, 0],
							"rotation": [0, 0, 2.5],
							"uv": {
								"north": {"uv": [75, 34], "uv_size": [1.5, 3.5]},
								"east": {"uv": [75, 44], "uv_size": [1.5, 3.5]},
								"south": {"uv": [75, 66], "uv_size": [1.5, 3.5]},
								"west": {"uv": [67, 75], "uv_size": [1.5, 3.5]},
								"up": {"uv": [30, 7], "uv_size": [1.5, 1.5]},
								"down": {"uv": [15, 61.5], "uv_size": [1.5, -1.5]}
							}
						},
						{
							"origin": [7.6868, 13.6249, -2.62054],
							"size": [1.57232, 3.4067, 1.57232],
							"pivot": [0.08724, -0.0019, 0],
							"rotation": [0, 0, 2.5],
							"uv": {
								"north": {"uv": [69, 75], "uv_size": [1.5, 3.5]},
								"east": {"uv": [75, 70], "uv_size": [1.5, 3.5]},
								"south": {"uv": [71, 75], "uv_size": [1.5, 3.5]},
								"west": {"uv": [73, 75], "uv_size": [1.5, 3.5]},
								"up": {"uv": [61, 30], "uv_size": [1.5, 1.5]},
								"down": {"uv": [20, 63.5], "uv_size": [1.5, -1.5]}
							}
						},
						{
							"origin": [4.48234, 13.90974, -2.62054],
							"size": [1.57232, 3.4067, 1.57232],
							"pivot": [0.08724, -0.0019, 0],
							"rotation": [0, 0, 2.5],
							"uv": {
								"north": {"uv": [9, 76], "uv_size": [1.5, 3.5]},
								"east": {"uv": [76, 12], "uv_size": [1.5, 3.5]},
								"south": {"uv": [76, 16], "uv_size": [1.5, 3.5]},
								"west": {"uv": [76, 20], "uv_size": [1.5, 3.5]},
								"up": {"uv": [67, 70], "uv_size": [1.5, 1.5]},
								"down": {"uv": [24, 73.5], "uv_size": [1.5, -1.5]}
							}
						},
						{
							"origin": [7.6868, 13.6249, -0.92858],
							"size": [1.57232, 3.4067, 1.57232],
							"pivot": [0.08724, -0.0019, 0],
							"rotation": [0, 0, 2.5],
							"uv": {
								"north": {"uv": [75, 74], "uv_size": [1.5, 3.5]},
								"east": {"uv": [3, 76], "uv_size": [1.5, 3.5]},
								"south": {"uv": [5, 76], "uv_size": [1.5, 3.5]},
								"west": {"uv": [7, 76], "uv_size": [1.5, 3.5]},
								"up": {"uv": [67, 45], "uv_size": [1.5, 1.5]},
								"down": {"uv": [70, 29.5], "uv_size": [1.5, -1.5]}
							}
						},
						{
							"origin": [5.32832, 29.34813, -2.62054],
							"size": [4.19286, 4.19286, 4.97902],
							"uv": {
								"north": {"uv": [5, 65], "uv_size": [4.25, 4.25]},
								"east": {"uv": [27, 59], "uv_size": [5, 4.25]},
								"south": {"uv": [10, 65], "uv_size": [4.25, 4.25]},
								"west": {"uv": [0, 60], "uv_size": [5, 4.25]},
								"up": {"uv": [5, 60], "uv_size": [4.25, 5]},
								"down": {"uv": [10, 65], "uv_size": [4.25, -5]}
							}
						}
					]
				},
				{
					"name": "RightArm",
					"pivot": [-6.28929, 35.73575, 0],
					"rotation": [0, 0, 2.5],
					"cubes": [
						{
							"origin": [-9.52118, 33.54099, -2.62054],
							"size": [4.19286, 4.19286, 4.97902],
							"uv": {
								"north": {"uv": [66, 5], "uv_size": [4.25, 4.25]},
								"east": {"uv": [52, 60], "uv_size": [5, 4.25]},
								"south": {"uv": [66, 10], "uv_size": [4.25, 4.25]},
								"west": {"uv": [61, 0], "uv_size": [5, 4.25]},
								"up": {"uv": [61, 5], "uv_size": [4.25, 5]},
								"down": {"uv": [61, 15], "uv_size": [4.25, -5]}
							}
						},
						{
							"origin": [-10.04528, 15.72133, -2.62054],
							"size": [4.71697, 13.6268, 4.97902],
							"uv": {
								"north": {"uv": [36, 35], "uv_size": [4.75, 13.75]},
								"east": {"uv": [31, 20], "uv_size": [5, 13.75]},
								"south": {"uv": [20, 37], "uv_size": [4.75, 13.75]},
								"west": {"uv": [31, 34], "uv_size": [5, 13.75]},
								"up": {"uv": [57, 46], "uv_size": [4.75, 5]},
								"down": {"uv": [58, 37], "uv_size": [4.75, -5]}
							}
						},
						{
							"origin": [-9.25912, 13.6249, 0.78616],
							"size": [1.57232, 3.4067, 1.57232],
							"pivot": [-0.08724, -0.0019, 0],
							"rotation": [0, 0, -2.5],
							"uv": {
								"north": {"uv": [30, 76], "uv_size": [1.5, 3.5]},
								"east": {"uv": [32, 76], "uv_size": [1.5, 3.5]},
								"south": {"uv": [76, 52], "uv_size": [1.5, 3.5]},
								"west": {"uv": [53, 76], "uv_size": [1.5, 3.5]},
								"up": {"uv": [75, 38], "uv_size": [1.5, 1.5]},
								"down": {"uv": [36, 78.5], "uv_size": [1.5, -1.5]}
							}
						},
						{
							"origin": [-9.25912, 13.6249, -2.62054],
							"size": [1.57232, 3.4067, 1.57232],
							"pivot": [-0.08724, -0.0019, 0],
							"rotation": [0, 0, -2.5],
							"uv": {
								"north": {"uv": [55, 76], "uv_size": [1.5, 3.5]},
								"east": {"uv": [57, 76], "uv_size": [1.5, 3.5]},
								"south": {"uv": [59, 76], "uv_size": [1.5, 3.5]},
								"west": {"uv": [61, 76], "uv_size": [1.5, 3.5]},
								"up": {"uv": [38, 77], "uv_size": [1.5, 1.5]},
								"down": {"uv": [77, 39.5], "uv_size": [1.5, -1.5]}
							}
						},
						{
							"origin": [-6.05466, 13.90974, -2.62054],
							"size": [1.57232, 3.4067, 1.57232],
							"pivot": [-0.08724, -0.0019, 0],
							"rotation": [0, 0, -2.5],
							"uv": {
								"north": {"uv": [63, 76], "uv_size": [1.5, 3.5]},
								"east": {"uv": [65, 76], "uv_size": [1.5, 3.5]},
								"south": {"uv": [11, 77], "uv_size": [1.5, 3.5]},
								"west": {"uv": [13, 77], "uv_size": [1.5, 3.5]},
								"up": {"uv": [40, 77], "uv_size": [1.5, 1.5]},
								"down": {"uv": [77, 41.5], "uv_size": [1.5, -1.5]}
							}
						},
						{
							"origin": [-9.25912, 13.6249, -0.92858],
							"size": [1.57232, 3.4067, 1.57232],
							"pivot": [-0.08724, -0.0019, 0],
							"rotation": [0, 0, -2.5],
							"uv": {
								"north": {"uv": [15, 77], "uv_size": [1.5, 3.5]},
								"east": {"uv": [77, 27], "uv_size": [1.5, 3.5]},
								"south": {"uv": [34, 77], "uv_size": [1.5, 3.5]},
								"west": {"uv": [77, 34], "uv_size": [1.5, 3.5]},
								"up": {"uv": [42, 77], "uv_size": [1.5, 1.5]},
								"down": {"uv": [77, 43.5], "uv_size": [1.5, -1.5]}
							}
						},
						{
							"origin": [-9.52118, 29.34813, -2.62054],
							"size": [4.19286, 4.19286, 4.97902],
							"uv": {
								"north": {"uv": [66, 15], "uv_size": [4.25, 4.25]},
								"east": {"uv": [61, 15], "uv_size": [5, 4.25]},
								"south": {"uv": [66, 20], "uv_size": [4.25, 4.25]},
								"west": {"uv": [61, 20], "uv_size": [5, 4.25]},
								"up": {"uv": [61, 25], "uv_size": [4.25, 5]},
								"down": {"uv": [57, 66], "uv_size": [4.25, -5]}
							}
						}
					]
				},
				{
					"name": "LeftLeg",
					"pivot": [0.78616, 20.70225, 0],
					"rotation": [-0.87735, 1.02505, -5.13004],
					"cubes": [
						{
							"origin": [-1.31027, 9.95805, -2.09643],
							"size": [4.19286, 10.74421, 4.19286],
							"pivot": [-1.31027, -1.31027, 0],
							"rotation": [0, 0, 5],
							"uv": {
								"north": {"uv": [12, 44], "uv_size": [4.25, 10.75]},
								"east": {"uv": [46, 9], "uv_size": [4.25, 10.75]},
								"south": {"uv": [46, 20], "uv_size": [4.25, 10.75]},
								"west": {"uv": [46, 31], "uv_size": [4.25, 10.75]},
								"up": {"uv": [30, 65], "uv_size": [4.25, 4.25]},
								"down": {"uv": [35, 69.25], "uv_size": [4.25, -4.25]}
							}
						},
						{
							"origin": [-1.57232, -0.26205, -2.09643],
							"size": [4.97902, 10.48215, 4.19286],
							"pivot": [-1.31027, -1.31027, 0],
							"rotation": [0, 0, 5],
							"uv": {
								"north": {"uv": [25, 37], "uv_size": [5, 10.5]},
								"east": {"uv": [35, 49], "uv_size": [4.25, 10.5]},
								"south": {"uv": [41, 9], "uv_size": [5, 10.5]},
								"west": {"uv": [51, 0], "uv_size": [4.25, 10.5]},
								"up": {"uv": [32, 60], "uv_size": [5, 4.25]},
								"down": {"uv": [37, 64.25], "uv_size": [5, -4.25]}
							}
						},
						{
							"origin": [-1.57232, -0.26205, -4.97902],
							"size": [4.97902, 2.62054, 2.88259],
							"pivot": [-1.31027, -1.31027, 0],
							"rotation": [0, 0, 5],
							"uv": {
								"north": {"uv": [72, 41], "uv_size": [5, 2.5]},
								"east": {"uv": [17, 48], "uv_size": [3, 2.5]},
								"south": {"uv": [72, 57], "uv_size": [5, 2.5]},
								"west": {"uv": [22, 56], "uv_size": [3, 2.5]},
								"up": {"uv": [4, 70], "uv_size": [5, 3]},
								"down": {"uv": [9, 73], "uv_size": [5, -3]}
							}
						}
					]
				},
				{
					"name": "RightLeg",
					"pivot": [-0.78616, 20.70225, 0],
					"rotation": [-0.87735, -1.02505, 5.13004],
					"cubes": [
						{
							"origin": [-3.4067, -0.26205, -2.09643],
							"size": [4.97902, 10.48215, 4.19286],
							"pivot": [1.31027, -1.31027, 0],
							"rotation": [0, 0, -5],
							"uv": {
								"north": {"uv": [41, 20], "uv_size": [5, 10.5]},
								"east": {"uv": [51, 11], "uv_size": [4.25, 10.5]},
								"south": {"uv": [41, 31], "uv_size": [5, 10.5]},
								"west": {"uv": [17, 51], "uv_size": [4.25, 10.5]},
								"up": {"uv": [42, 60], "uv_size": [5, 4.25]},
								"down": {"uv": [47, 64.25], "uv_size": [5, -4.25]}
							}
						},
						{
							"origin": [-3.4067, -0.26205, -4.97902],
							"size": [4.97902, 2.62054, 2.88259],
							"pivot": [1.31027, -1.31027, 0],
							"rotation": [0, 0, -5],
							"uv": {
								"north": {"uv": [72, 60], "uv_size": [5, 2.5]},
								"east": {"uv": [0, 75], "uv_size": [3, 2.5]},
								"south": {"uv": [72, 63], "uv_size": [5, 2.5]},
								"west": {"uv": [75, 4], "uv_size": [3, 2.5]},
								"up": {"uv": [70, 25], "uv_size": [5, 3]},
								"down": {"uv": [30, 73], "uv_size": [5, -3]}
							}
						},
						{
							"origin": [-2.88259, 9.95805, -2.09643],
							"size": [4.19286, 10.74421, 4.19286],
							"pivot": [1.31027, -1.31027, 0],
							"rotation": [0, 0, -5],
							"uv": {
								"north": {"uv": [46, 42], "uv_size": [4.25, 10.75]},
								"east": {"uv": [25, 48], "uv_size": [4.25, 10.75]},
								"south": {"uv": [30, 48], "uv_size": [4.25, 10.75]},
								"west": {"uv": [0, 49], "uv_size": [4.25, 10.75]},
								"up": {"uv": [40, 65], "uv_size": [4.25, 4.25]},
								"down": {"uv": [45, 69.25], "uv_size": [4.25, -4.25]}
							}
						}
					]
				}
			]
		}
	]
}