{
	"format_version": "1.12.0",
	"minecraft:geometry": [
		{
			"description": {
				"identifier": "geometry.blue_slime_white",
				"texture_width": 128,
				"texture_height": 128,
				"visible_bounds_width": 10,
				"visible_bounds_height": 11,
				"visible_bounds_offset": [0, 2.5, 0]
			},
			"bones": [
				{
					"name": "head",
					"pivot": [0, 44, 0],
					"cubes": [
						{
							"origin": [-10.25, 38.95, -5.05],
							"size": [20.5, 7.5, 10.1],
							"inflate": -0.5,
							"uv": {
								"north": {"uv": [21, 11], "uv_size": [20.5, 7.5]},
								"east": {"uv": [59, 40], "uv_size": [10, 7.5]},
								"south": {"uv": [16, 30], "uv_size": [20.5, 7.5]},
								"west": {"uv": [0, 60], "uv_size": [10, 7.5]},
								"up": {"uv": [0, 0], "uv_size": [20.5, 10]},
								"down": {"uv": [0, 20], "uv_size": [20.5, -10]}
							}
						},
						{
							"origin": [-8.95, 37.65, -5.05],
							"size": [17.9, 2.3, 10.1],
							"inflate": -0.5,
							"uv": {
								"north": {"uv": [69, 45], "uv_size": [18, 2.25]},
								"east": {"uv": [12, 83], "uv_size": [10, 2.25]},
								"south": {"uv": [71, 30], "uv_size": [18, 2.25]},
								"west": {"uv": [36, 83], "uv_size": [10, 2.25]},
								"up": {"uv": [0, 20], "uv_size": [18, 10]},
								"down": {"uv": [18, 30], "uv_size": [18, -10]}
							}
						},
						{
							"origin": [0.15, 45.45, -5.05],
							"size": [7.5, 6.2, 10.1],
							"inflate": -0.5,
							"uv": {
								"north": {"uv": [44, 67], "uv_size": [7.5, 6.25]},
								"east": {"uv": [61, 30], "uv_size": [10, 6.25]},
								"south": {"uv": [52, 67], "uv_size": [7.5, 6.25]},
								"west": {"uv": [60, 66], "uv_size": [10, 6.25]},
								"up": {"uv": [53, 30], "uv_size": [7.5, 10]},
								"down": {"uv": [59, 10], "uv_size": [7.5, -10]}
							}
						},
						{
							"origin": [7.15, 45.45, -5.05],
							"size": [-0.3, 5.6, 10.1],
							"inflate": -0.5,
							"uv": {
								"north": {"uv": [31, 58], "uv_size": [0.25, 3.5]},
								"east": {"uv": [71, 33], "uv_size": [10, 3.5]},
								"south": {"uv": [58, 40], "uv_size": [0.25, 3.5]},
								"west": {"uv": [16, 73], "uv_size": [10, 3.5]},
								"up": {"uv": [52, 17], "uv_size": [0.25, 10]},
								"down": {"uv": [47, 66], "uv_size": [0.25, -10]}
							}
						},
						{
							"origin": [-6.85, 45.45, -5.05],
							"size": [-0.3, 5.6, 10.1],
							"inflate": -0.5,
							"uv": {
								"north": {"uv": [31.25, 58], "uv_size": [-0.25, 3.5]},
								"east": {"uv": [26, 73], "uv_size": [-10, 3.5]},
								"south": {"uv": [58.25, 40], "uv_size": [-0.25, 3.5]},
								"west": {"uv": [81, 33], "uv_size": [-10, 3.5]},
								"up": {"uv": [52.25, 17], "uv_size": [-0.25, 10]},
								"down": {"uv": [47.25, 66], "uv_size": [-0.25, -10]}
							}
						},
						{
							"origin": [-7.65, 45.45, -5.05],
							"size": [7.5, 6.2, 10.1],
							"inflate": -0.5,
							"uv": {
								"north": {"uv": [0, 68], "uv_size": [7.5, 6.25]},
								"east": {"uv": [67, 0], "uv_size": [10, 6.25]},
								"south": {"uv": [8, 68], "uv_size": [7.5, 6.25]},
								"west": {"uv": [67, 7], "uv_size": [10, 6.25]},
								"up": {"uv": [59, 10], "uv_size": [7.5, 10]},
								"down": {"uv": [59, 30], "uv_size": [7.5, -10]}
							}
						},
						{
							"origin": [-5.05, 50.65, -3.75],
							"size": [7.5, 2.3, 7.5],
							"inflate": -0.5,
							"pivot": [0, -6.7, 0],
							"rotation": [0, 0, 5],
							"uv": {
								"north": {"uv": [35, 86], "uv_size": [7.5, 2.25]},
								"east": {"uv": [43, 86], "uv_size": [7.5, 2.25]},
								"south": {"uv": [86, 48], "uv_size": [7.5, 2.25]},
								"west": {"uv": [51, 86], "uv_size": [7.5, 2.25]},
								"up": {"uv": [67, 14], "uv_size": [7.5, 7.5]},
								"down": {"uv": [67, 29.5], "uv_size": [7.5, -7.5]}
							}
						},
						{
							"origin": [-3.75, 51.95, -2.45],
							"size": [4.9, 3.6, 4.9],
							"inflate": -0.5,
							"pivot": [0, -6.7, 0],
							"rotation": [0, 0, 5],
							"uv": {
								"north": {"uv": [53, 40], "uv_size": [5, 3.5]},
								"east": {"uv": [75, 26], "uv_size": [5, 3.5]},
								"south": {"uv": [76, 84], "uv_size": [5, 3.5]},
								"west": {"uv": [30, 85], "uv_size": [5, 3.5]},
								"up": {"uv": [83, 0], "uv_size": [5, 5]},
								"down": {"uv": [83, 10], "uv_size": [5, -5]}
							}
						},
						{
							"origin": [-6.35, 45.45, -6.35],
							"size": [4.9, 4.9, 2.3],
							"inflate": -0.5,
							"uv": {
								"north": {"uv": [32, 38], "uv_size": [5, 5]},
								"east": {"uv": [44, 56], "uv_size": [2.25, 5]},
								"south": {"uv": [82, 72], "uv_size": [5, 5]},
								"west": {"uv": [28, 58], "uv_size": [2.25, 5]},
								"up": {"uv": [86, 51], "uv_size": [5, 2.25]},
								"down": {"uv": [86, 56.25], "uv_size": [5, -2.25]}
							}
						},
						{
							"origin": [1.45, 45.45, -6.35],
							"size": [4.9, 4.9, 2.3],
							"inflate": -0.5,
							"uv": {
								"north": {"uv": [82, 77], "uv_size": [5, 5]},
								"east": {"uv": [44, 61], "uv_size": [2.25, 5]},
								"south": {"uv": [82, 82], "uv_size": [5, 5]},
								"west": {"uv": [28, 63], "uv_size": [2.25, 5]},
								"up": {"uv": [86, 57], "uv_size": [5, 2.25]},
								"down": {"uv": [70, 88.25], "uv_size": [5, -2.25]}
							}
						}
					]
				},
				{
					"name": "Body",
					"pivot": [0, 41.4, 0],
					"cubes": [
						{
							"origin": [-5.2, 36.2, -3.9],
							"size": [10.4, 2.6, 7.8],
							"uv": {
								"north": {"uv": [82, 66], "uv_size": [10.5, 2.5]},
								"east": {"uv": [62, 85], "uv_size": [7.75, 2.5]},
								"south": {"uv": [82, 69], "uv_size": [10.5, 2.5]},
								"west": {"uv": [12, 86], "uv_size": [7.75, 2.5]},
								"up": {"uv": [42, 9], "uv_size": [10.5, 7.75]},
								"down": {"uv": [48, 51.75], "uv_size": [10.5, -7.75]}
							}
						}
					]
				},
				{
					"name": "RightArm",
					"pivot": [-5.2, 35.9, 0],
					"rotation": [0, 0, 2.5],
					"cubes": [
						{
							"origin": [-13, 17.7, -2.6],
							"size": [5.2, 7.8, 5.2],
							"uv": {
								"north": {"uv": [10, 60], "uv_size": [5.25, 7.75]},
								"east": {"uv": [68, 48], "uv_size": [5.25, 7.75]},
								"south": {"uv": [68, 56], "uv_size": [5.25, 7.75]},
								"west": {"uv": [69, 37], "uv_size": [5.25, 7.75]},
								"up": {"uv": [64, 73], "uv_size": [5.25, 5.25]},
								"down": {"uv": [74, 59.25], "uv_size": [5.25, -5.25]}
							}
						},
						{
							"origin": [-13, 25.5, -2.6],
							"size": [5.2, 5.2, 5.2],
							"uv": {
								"north": {"uv": [0, 75], "uv_size": [5.25, 5.25]},
								"east": {"uv": [6, 75], "uv_size": [5.25, 5.25]},
								"south": {"uv": [75, 14], "uv_size": [5.25, 5.25]},
								"west": {"uv": [75, 20], "uv_size": [5.25, 5.25]},
								"up": {"uv": [75, 37], "uv_size": [5.25, 5.25]},
								"down": {"uv": [76, 65.25], "uv_size": [5.25, -5.25]}
							}
						},
						{
							"origin": [-13, 30.7, -2.6],
							"size": [5.2, 5.2, 5.2],
							"uv": {
								"north": {"uv": [76, 66], "uv_size": [5.25, 5.25]},
								"east": {"uv": [76, 72], "uv_size": [5.25, 5.25]},
								"south": {"uv": [77, 0], "uv_size": [5.25, 5.25]},
								"west": {"uv": [77, 6], "uv_size": [5.25, 5.25]},
								"up": {"uv": [12, 77], "uv_size": [5.25, 5.25]},
								"down": {"uv": [18, 82.25], "uv_size": [5.25, -5.25]}
							}
						}
					]
				},
				{
					"name": "LeftArm",
					"pivot": [9.1, 35.9, 0],
					"rotation": [0, 0, -2.5],
					"cubes": [
						{
							"origin": [7.8, 30.7, -2.6],
							"size": [5.2, 5.2, 5.2],
							"uv": {
								"north": {"uv": [40, 77], "uv_size": [5.25, 5.25]},
								"east": {"uv": [46, 77], "uv_size": [5.25, 5.25]},
								"south": {"uv": [52, 77], "uv_size": [5.25, 5.25]},
								"west": {"uv": [58, 77], "uv_size": [5.25, 5.25]},
								"up": {"uv": [76, 78], "uv_size": [5.25, 5.25]},
								"down": {"uv": [24, 84.25], "uv_size": [5.25, -5.25]}
							}
						},
						{
							"origin": [7.8, 17.7, -2.6],
							"size": [5.2, 7.8, 5.2],
							"uv": {
								"north": {"uv": [70, 64], "uv_size": [5.25, 7.75]},
								"east": {"uv": [28, 71], "uv_size": [5.25, 7.75]},
								"south": {"uv": [34, 71], "uv_size": [5.25, 7.75]},
								"west": {"uv": [70, 72], "uv_size": [5.25, 7.75]},
								"up": {"uv": [30, 79], "uv_size": [5.25, 5.25]},
								"down": {"uv": [64, 84.25], "uv_size": [5.25, -5.25]}
							}
						},
						{
							"origin": [7.8, 25.5, -2.6],
							"size": [5.2, 5.2, 5.2],
							"uv": {
								"north": {"uv": [80, 54], "uv_size": [5.25, 5.25]},
								"east": {"uv": [70, 80], "uv_size": [5.25, 5.25]},
								"south": {"uv": [0, 81], "uv_size": [5.25, 5.25]},
								"west": {"uv": [6, 81], "uv_size": [5.25, 5.25]},
								"up": {"uv": [81, 12], "uv_size": [5.25, 5.25]},
								"down": {"uv": [81, 23.25], "uv_size": [5.25, -5.25]}
							}
						}
					]
				},
				{
					"name": "RightLeg",
					"pivot": [-5.2, 17, 0],
					"cubes": [
						{
							"origin": [-7.8, 2.1, -2.6],
							"size": [5.2, 14.9, 5.2],
							"uv": {
								"north": {"uv": [48, 52], "uv_size": [5.25, 15]},
								"east": {"uv": [53, 0], "uv_size": [5.25, 15]},
								"south": {"uv": [53, 15], "uv_size": [5.25, 15]},
								"west": {"uv": [54, 52], "uv_size": [5.25, 15]},
								"up": {"uv": [81, 24], "uv_size": [5.25, 5.25]},
								"down": {"uv": [81, 38.25], "uv_size": [5.25, -5.25]}
							}
						},
						{
							"origin": [-8.8, 0.1, -7.6],
							"size": [7.2, 3, 11.2],
							"uv": {
								"north": {"uv": [61, 37], "uv_size": [7.25, 3]},
								"east": {"uv": [40, 74], "uv_size": [11.25, 3]},
								"south": {"uv": [46, 83], "uv_size": [7.25, 3]},
								"west": {"uv": [74, 48], "uv_size": [11.25, 3]},
								"up": {"uv": [32, 44], "uv_size": [7.25, 11.25]},
								"down": {"uv": [40, 55.25], "uv_size": [7.25, -11.25]}
							}
						}
					]
				},
				{
					"name": "LeftLeg",
					"pivot": [5.2, 16.7, 0],
					"cubes": [
						{
							"origin": [2.6, 2.1, -2.6],
							"size": [5.2, 14.6, 5.2],
							"uv": {
								"north": {"uv": [32, 56], "uv_size": [5.25, 14.5]},
								"east": {"uv": [38, 56], "uv_size": [5.25, 14.5]},
								"south": {"uv": [16, 58], "uv_size": [5.25, 14.5]},
								"west": {"uv": [22, 58], "uv_size": [5.25, 14.5]},
								"up": {"uv": [81, 39], "uv_size": [5.25, 5.25]},
								"down": {"uv": [82, 65.25], "uv_size": [5.25, -5.25]}
							}
						},
						{
							"origin": [1.6, 0.1, -7.6],
							"size": [7.2, 3, 11.2],
							"uv": {
								"north": {"uv": [54, 83], "uv_size": [7.25, 3]},
								"east": {"uv": [74, 51], "uv_size": [11.25, 3]},
								"south": {"uv": [22, 85], "uv_size": [7.25, 3]},
								"west": {"uv": [52, 74], "uv_size": [11.25, 3]},
								"up": {"uv": [16, 46], "uv_size": [7.25, 11.25]},
								"down": {"uv": [24, 57.25], "uv_size": [7.25, -11.25]}
							}
						}
					]
				},
				{
					"name": "Body2",
					"pivot": [0, 45.3, 0],
					"cubes": [
						{
							"origin": [-7.8, 25.8, -3.9],
							"size": [15.6, 10.4, 7.8],
							"uv": {
								"north": {"uv": [21, 0], "uv_size": [15.5, 10.5]},
								"east": {"uv": [0, 49], "uv_size": [7.75, 10.5]},
								"south": {"uv": [0, 30], "uv_size": [15.5, 10.5]},
								"west": {"uv": [8, 49], "uv_size": [7.75, 10.5]},
								"up": {"uv": [37, 28], "uv_size": [15.5, 7.75]},
								"down": {"uv": [37, 43.75], "uv_size": [15.5, -7.75]}
							}
						},
						{
							"origin": [-7.8, 16.7, -3.9],
							"size": [15.6, 9.1, 7.8],
							"uv": {
								"north": {"uv": [36, 19], "uv_size": [15.5, 9]},
								"east": {"uv": [60, 48], "uv_size": [7.75, 9]},
								"south": {"uv": [37, 0], "uv_size": [15.5, 9]},
								"west": {"uv": [60, 57], "uv_size": [7.75, 9]},
								"up": {"uv": [16, 38], "uv_size": [15.5, 7.75]},
								"down": {"uv": [0, 48.75], "uv_size": [15.5, -7.75]}
							}
						}
					]
				}
			]
		}
	]
}