{
	"format_version": "1.12.0",
	"minecraft:geometry": [
		{
			"description": {
				"identifier": "geometry.blue_slime_monochrome",
				"texture_width": 128,
				"texture_height": 128,
				"visible_bounds_width": 9,
				"visible_bounds_height": 10,
				"visible_bounds_offset": [0, 1, 0]
			},
			"bones": [
				{
					"name": "head",
					"pivot": [0, 42, -17],
					"cubes": [
						{
							"origin": [-5.47, 39.53, -24.47],
							"size": [10.94, 13.78, 10.94],
							"inflate": -0.5,
							"uv": {
								"north": {"uv": [50.5, 82.75], "uv_size": [11, 13.75]},
								"east": {"uv": [35, 22], "uv_size": [11, 13.75]},
								"south": {"uv": [22, 36], "uv_size": [11, 13.75]},
								"west": {"uv": [33, 36], "uv_size": [11, 13.75]},
								"up": {"uv": [46, 25], "uv_size": [11, 11]},
								"down": {"uv": [50, 11], "uv_size": [11, -11]}
							}
						},
						{
							"origin": [-4.47, 52.31, -23.47],
							"size": [8.94, 8, 9],
							"inflate": -0.5,
							"uv": {
								"north": {"uv": [31, 66], "uv_size": [9, 8]},
								"east": {"uv": [69, 48], "uv_size": [9, 8]},
								"south": {"uv": [69, 56], "uv_size": [9, 8]},
								"west": {"uv": [69, 64], "uv_size": [9, 8]},
								"up": {"uv": [22, 66], "uv_size": [9, 9]},
								"down": {"uv": [66, 31], "uv_size": [9, -9]}
							}
						},
						{
							"origin": [-22.47, 47.31, -21.47],
							"size": [4.94, 12, 4],
							"inflate": -0.5,
							"pivot": [0, -10.38, -19],
							"rotation": [0.25268, 0.94293, 22.43864],
							"uv": {
								"north": {"uv": [22, 75], "uv_size": [5, 12]},
								"east": {"uv": [43, 85], "uv_size": [4, 12]},
								"south": {"uv": [11, 76], "uv_size": [5, 12]},
								"west": {"uv": [47, 85], "uv_size": [4, 12]},
								"up": {"uv": [81, 22], "uv_size": [5, 4]},
								"down": {"uv": [92, 24], "uv_size": [5, -4]}
							}
						},
						{
							"origin": [17.53, 47.31, -21.47],
							"size": [4.94, 12, 4],
							"inflate": -0.5,
							"pivot": [0, -10.38, -19],
							"rotation": [0.25268, -0.94293, -22.43864],
							"uv": {
								"north": {"uv": [16, 76], "uv_size": [5, 12]},
								"east": {"uv": [86, 50], "uv_size": [4, 12]},
								"south": {"uv": [78, 41], "uv_size": [5, 12]},
								"west": {"uv": [64, 86], "uv_size": [4, 12]},
								"up": {"uv": [34, 94], "uv_size": [5, 4]},
								"down": {"uv": [68, 99], "uv_size": [5, -4]}
							}
						},
						{
							"origin": [-4.47, 43.31, -31.05],
							"size": [9.26, 4.94, 9.68],
							"inflate": -0.5,
							"uv": {
								"north": {"uv": [86, 62], "uv_size": [9.25, 5]},
								"east": {"uv": [78, 67], "uv_size": [9.75, 5]},
								"south": {"uv": [87, 0], "uv_size": [9.25, 5]},
								"west": {"uv": [82, 30], "uv_size": [9.75, 5]},
								"up": {"uv": [61, 0], "uv_size": [9.25, 9.75]},
								"down": {"uv": [40, 70.75], "uv_size": [9.25, -9.75]}
							}
						},
						{
							"origin": [-4.47, 41.31, -31.05],
							"size": [9.26, 3, 9.68],
							"inflate": -0.5,
							"uv": {
								"north": {"uv": [87, 90], "uv_size": [9.25, 3]},
								"east": {"uv": [89, 44], "uv_size": [9.75, 3]},
								"south": {"uv": [91, 24], "uv_size": [9.25, 3]},
								"west": {"uv": [89, 47], "uv_size": [9.75, 3]},
								"up": {"uv": [50, 61], "uv_size": [9.25, 9.75]},
								"down": {"uv": [12, 75.75], "uv_size": [9.25, -9.75]}
							}
						},
						{
							"origin": [-5.47, 47.31, -25.05],
							"size": [5.26, 5, 3.68],
							"inflate": -0.5,
							"pivot": [0, -10.38, -19],
							"rotation": [0, 2.5, 0],
							"uv": {
								"north": {"uv": [91, 71], "uv_size": [5.25, 5]},
								"east": {"uv": [17, 92], "uv_size": [3.75, 5]},
								"south": {"uv": [11, 92], "uv_size": [5.25, 5]},
								"west": {"uv": [39, 94], "uv_size": [3.75, 5]},
								"up": {"uv": [73, 95], "uv_size": [5.25, 3.75]},
								"down": {"uv": [79, 98.75], "uv_size": [5.25, -3.75]}
							}
						},
						{
							"origin": [0.21, 47.31, -25.05],
							"size": [5.26, 5, 3.68],
							"inflate": -0.5,
							"pivot": [0, -10.38, -19],
							"rotation": [0, -2.5, 0],
							"uv": {
								"north": {"uv": [92, 15], "uv_size": [5.25, 5]},
								"east": {"uv": [21, 96], "uv_size": [3.75, 5]},
								"south": {"uv": [92, 27], "uv_size": [5.25, 5]},
								"west": {"uv": [96, 62], "uv_size": [3.75, 5]},
								"up": {"uv": [96, 5], "uv_size": [5.25, 3.75]},
								"down": {"uv": [96, 12.75], "uv_size": [5.25, -3.75]}
							}
						}
					]
				},
				{
					"name": "Body",
					"pivot": [0, 36, -1],
					"rotation": [-45, 0, 0],
					"cubes": [
						{
							"origin": [-5, 12, 16],
							"size": [10, 14, 11],
							"pivot": [0, 2, 1],
							"rotation": [75, 0, 0],
							"uv": {
								"north": {"uv": [40, 0], "uv_size": [10, 14]},
								"east": {"uv": [24, 22], "uv_size": [11, 14]},
								"south": {"uv": [44, 36], "uv_size": [10, 14]},
								"west": {"uv": [0, 32], "uv_size": [11, 14]},
								"up": {"uv": [40, 50], "uv_size": [10, 11]},
								"down": {"uv": [50, 61], "uv_size": [10, -11]}
							}
						},
						{
							"origin": [-19, 11, 4],
							"size": [4, 14, 4],
							"pivot": [0, 2, 1],
							"rotation": [29.2996, -23.78623, 19.68124],
							"uv": {
								"north": {"uv": [27, 75], "uv_size": [4, 14]},
								"east": {"uv": [78, 53], "uv_size": [4, 14]},
								"south": {"uv": [75, 81], "uv_size": [4, 14]},
								"west": {"uv": [79, 81], "uv_size": [4, 14]},
								"up": {"uv": [96, 82], "uv_size": [4, 4]},
								"down": {"uv": [96, 90], "uv_size": [4, -4]}
							}
						},
						{
							"origin": [15, 11, 4],
							"size": [4, 14, 4],
							"pivot": [0, 2, 1],
							"rotation": [29.2996, 23.78623, -19.68124],
							"uv": {
								"north": {"uv": [82, 53], "uv_size": [4, 14]},
								"east": {"uv": [83, 8], "uv_size": [4, 14]},
								"south": {"uv": [83, 81], "uv_size": [4, 14]},
								"west": {"uv": [60, 84], "uv_size": [4, 14]},
								"up": {"uv": [9, 97], "uv_size": [4, 4]},
								"down": {"uv": [13, 101], "uv_size": [4, -4]}
							}
						},
						{
							"origin": [-19, 7, 2],
							"size": [4, 4, 9],
							"pivot": [0, 2, 1],
							"rotation": [56.7996, -23.78623, 19.68124],
							"uv": {
								"north": {"uv": [0, 97], "uv_size": [4, 4]},
								"east": {"uv": [87, 82], "uv_size": [9, 4]},
								"south": {"uv": [97, 0], "uv_size": [4, 4]},
								"west": {"uv": [87, 86], "uv_size": [9, 4]},
								"up": {"uv": [21, 87], "uv_size": [4, 9]},
								"down": {"uv": [0, 97], "uv_size": [4, -9]}
							}
						},
						{
							"origin": [15, 7, 2],
							"size": [4, 4, 9],
							"pivot": [0, 2, 1],
							"rotation": [56.7996, 23.78623, -19.68124],
							"uv": {
								"north": {"uv": [17, 97], "uv_size": [4, 4]},
								"east": {"uv": [11, 88], "uv_size": [9, 4]},
								"south": {"uv": [97, 20], "uv_size": [4, 4]},
								"west": {"uv": [88, 67], "uv_size": [9, 4]},
								"up": {"uv": [25, 89], "uv_size": [4, 9]},
								"down": {"uv": [89, 44], "uv_size": [4, -9]}
							}
						},
						{
							"origin": [-4, 30, 6],
							"size": [8, 8, 10],
							"pivot": [0, 2, 1],
							"rotation": [52.5, 0, 0],
							"uv": {
								"north": {"uv": [11, 32], "uv_size": [10, 14]},
								"east": {"uv": [21, 42], "uv_size": [8, 14]},
								"south": {"uv": [0, 34], "uv_size": [10, 14]},
								"west": {"uv": [29, 42], "uv_size": [8, 14]},
								"up": {"uv": [0, 48], "uv_size": [10, 8]},
								"down": {"uv": [48, 20], "uv_size": [10, -8]}
							}
						},
						{
							"origin": [-6, 20, -6],
							"size": [12, 11, 16],
							"uv": {
								"north": {"uv": [0, 46], "uv_size": [12, 11]},
								"east": {"uv": [24, 0], "uv_size": [16, 11]},
								"south": {"uv": [46, 14], "uv_size": [12, 11]},
								"west": {"uv": [24, 11], "uv_size": [16, 11]},
								"up": {"uv": [0, 0], "uv_size": [12, 16]},
								"down": {"uv": [12, 16], "uv_size": [12, -16]}
							}
						},
						{
							"origin": [-3, 4, 23],
							"size": [6, 6, 17],
							"pivot": [0, 2, 1],
							"rotation": [65, 0, 0],
							"uv": {
								"north": {"uv": [40, 14], "uv_size": [6, 6]},
								"east": {"uv": [54, 36], "uv_size": [17, 6]},
								"south": {"uv": [67, 15], "uv_size": [6, 6]},
								"west": {"uv": [54, 42], "uv_size": [17, 6]},
								"up": {"uv": [0, 57], "uv_size": [6, 17]},
								"down": {"uv": [6, 74], "uv_size": [6, -17]}
							}
						},
						{
							"origin": [11, 14, 32],
							"size": [5, 5, 9],
							"pivot": [0, 2, 1],
							"rotation": [52.21619, -14.24, -17.60455],
							"uv": {
								"north": {"uv": [87, 93], "uv_size": [5, 5]},
								"east": {"uv": [87, 5], "uv_size": [9, 5]},
								"south": {"uv": [92, 93], "uv_size": [5, 5]},
								"west": {"uv": [87, 10], "uv_size": [9, 5]},
								"up": {"uv": [68, 86], "uv_size": [5, 9]},
								"down": {"uv": [87, 24], "uv_size": [5, -9]}
							}
						},
						{
							"origin": [24, 33, 14],
							"size": [4, 3, 12],
							"pivot": [0, 2, 1],
							"rotation": [31.67583, -45.73993, -35.70839],
							"uv": {
								"north": {"uv": [50, 11], "uv_size": [4, 3]},
								"east": {"uv": [87, 76], "uv_size": [12, 3]},
								"south": {"uv": [54, 11], "uv_size": [4, 3]},
								"west": {"uv": [87, 79], "uv_size": [12, 3]},
								"up": {"uv": [51, 85], "uv_size": [4, 12]},
								"down": {"uv": [55, 97], "uv_size": [4, -12]}
							}
						},
						{
							"origin": [34, 34, 9],
							"size": [2, 1, 7],
							"pivot": [0, 2, 1],
							"rotation": [30.47205, -50.60958, -56.35525],
							"uv": {
								"north": {"uv": [22, 32], "uv_size": [2, 1]},
								"east": {"uv": [58, 22], "uv_size": [7, 1]},
								"south": {"uv": [22, 33], "uv_size": [2, 1]},
								"west": {"uv": [58, 23], "uv_size": [7, 1]},
								"up": {"uv": [73, 15], "uv_size": [2, 7]},
								"down": {"uv": [37, 81], "uv_size": [2, -7]}
							}
						},
						{
							"origin": [-6, 19, -6],
							"size": [12, 5, 16],
							"uv": {
								"north": {"uv": [75, 76], "uv_size": [12, 5]},
								"east": {"uv": [66, 31], "uv_size": [16, 5]},
								"south": {"uv": [77, 36], "uv_size": [12, 5]},
								"west": {"uv": [67, 10], "uv_size": [16, 5]},
								"up": {"uv": [0, 16], "uv_size": [12, 16]},
								"down": {"uv": [12, 32], "uv_size": [12, -16]}
							}
						}
					]
				},
				{
					"name": "RightLeg",
					"pivot": [-6, 22, -2],
					"cubes": [
						{
							"origin": [-9, 0, -5],
							"size": [5, 14, 5],
							"uv": {
								"north": {"uv": [60, 70], "uv_size": [5, 14]},
								"east": {"uv": [40, 71], "uv_size": [5, 14]},
								"south": {"uv": [45, 71], "uv_size": [5, 14]},
								"west": {"uv": [50, 71], "uv_size": [5, 14]},
								"up": {"uv": [93, 32], "uv_size": [5, 5]},
								"down": {"uv": [93, 42], "uv_size": [5, -5]}
							}
						},
						{
							"origin": [-9, 13, -7],
							"size": [6, 11, 9],
							"uv": {
								"north": {"uv": [71, 36], "uv_size": [6, 11]},
								"east": {"uv": [57, 25], "uv_size": [9, 11]},
								"south": {"uv": [5, 74], "uv_size": [6, 11]},
								"west": {"uv": [58, 11], "uv_size": [9, 11]},
								"up": {"uv": [83, 41], "uv_size": [6, 9]},
								"down": {"uv": [5, 94], "uv_size": [6, -9]}
							}
						},
						{
							"origin": [-10, 0, -16],
							"size": [7, 4, 16],
							"uv": {
								"north": {"uv": [12, 62], "uv_size": [7, 4]},
								"east": {"uv": [71, 0], "uv_size": [16, 4]},
								"south": {"uv": [90, 50], "uv_size": [7, 4]},
								"west": {"uv": [71, 4], "uv_size": [16, 4]},
								"up": {"uv": [12, 46], "uv_size": [7, 16]},
								"down": {"uv": [19, 66], "uv_size": [7, -16]}
							}
						}
					]
				},
				{
					"name": "LeftLeg",
					"pivot": [6, 22, -2],
					"cubes": [
						{
							"origin": [4, 0, -5],
							"size": [5, 14, 5],
							"uv": {
								"north": {"uv": [55, 71], "uv_size": [5, 14]},
								"east": {"uv": [65, 72], "uv_size": [5, 14]},
								"south": {"uv": [70, 72], "uv_size": [5, 14]},
								"west": {"uv": [0, 74], "uv_size": [5, 14]},
								"up": {"uv": [4, 94], "uv_size": [5, 5]},
								"down": {"uv": [29, 99], "uv_size": [5, -5]}
							}
						},
						{
							"origin": [3, 13, -7],
							"size": [6, 11, 9],
							"uv": {
								"north": {"uv": [31, 74], "uv_size": [6, 11]},
								"east": {"uv": [60, 48], "uv_size": [9, 11]},
								"south": {"uv": [75, 15], "uv_size": [6, 11]},
								"west": {"uv": [60, 59], "uv_size": [9, 11]},
								"up": {"uv": [31, 85], "uv_size": [6, 9]},
								"down": {"uv": [37, 94], "uv_size": [6, -9]}
							}
						},
						{
							"origin": [3, 0, -16],
							"size": [7, 4, 16],
							"uv": {
								"north": {"uv": [90, 54], "uv_size": [7, 4]},
								"east": {"uv": [75, 26], "uv_size": [16, 4]},
								"south": {"uv": [90, 58], "uv_size": [7, 4]},
								"west": {"uv": [75, 72], "uv_size": [16, 4]},
								"up": {"uv": [26, 50], "uv_size": [7, 16]},
								"down": {"uv": [33, 66], "uv_size": [7, -16]}
							}
						}
					]
				}
			]
		}
	]
}