{
	"format_version": "1.12.0",
	"minecraft:geometry": [
		{
			"description": {
				"identifier": "geometry.blue_slime_lime_concept",
				"texture_width": 64,
				"texture_height": 64,
				"visible_bounds_width": 4,
				"visible_bounds_height": 4.5,
				"visible_bounds_offset": [0, 1.75, 0]
			},
			"bones": [
				{
					"name": "Body",
					"pivot": [0, 29.62054, 0],
					"cubes": [
						{
							"origin": [-0.71375, 29.33429, -2.29419],
							"size": [1.4275, 2.19223, 1.01964],
							"uv": {
								"north": {"uv": [52.25, 1.5], "uv_size": [7, 8]},
								"east": {"uv": [50.25, 5.5], "uv_size": [7, 1.75]},
								"south": {"uv": [50.5, 8], "uv_size": [8.5, 1.25]},
								"west": {"uv": [54.5, 7.5], "uv_size": [7, 2.5]},
								"up": {"uv": [53.5, 1], "uv_size": [4.25, 7]},
								"down": {"uv": [56, 10.5], "uv_size": [4.5, -6]}
							}
						},
						{
							"origin": [-0.71375, 19.3928, -2.29419],
							"size": [1.4275, 2.19223, 1.01964],
							"uv": {
								"north": {"uv": [52.25, 1.5], "uv_size": [7, 8]},
								"east": {"uv": [50.25, 5.5], "uv_size": [7, 1.75]},
								"south": {"uv": [50.5, 8], "uv_size": [8.5, 1.25]},
								"west": {"uv": [54.5, 7.5], "uv_size": [7, 2.5]},
								"up": {"uv": [53.5, 1], "uv_size": [4.25, 7]},
								"down": {"uv": [56, 10.5], "uv_size": [4.5, -6]}
							}
						},
						{
							"origin": [7.69828, 19.34182, -2.90597],
							"size": [1.4275, 2.19223, 1.01964],
							"pivot": [0, 0.17259, 0],
							"rotation": [-1.7465, -0.63122, -17.39233],
							"uv": {
								"north": {"uv": [59.25, 1.5], "uv_size": [-7, 8]},
								"east": {"uv": [61.5, 7.5], "uv_size": [-7, 2.5]},
								"south": {"uv": [59, 8], "uv_size": [-8.5, 1.25]},
								"west": {"uv": [57.25, 5.5], "uv_size": [-7, 1.75]},
								"up": {"uv": [57.75, 1], "uv_size": [-4.25, 7]},
								"down": {"uv": [60.5, 10.5], "uv_size": [-4.5, -6]}
							}
						},
						{
							"origin": [27.02046, -4.61972, -2.90597],
							"size": [1.4275, 2.19223, 1.01964],
							"pivot": [0, 0.17259, 0],
							"rotation": [0.15785, -1.85032, -92.4045],
							"uv": {
								"north": {"uv": [59.25, 1.5], "uv_size": [-7, 8]},
								"east": {"uv": [61.5, 7.5], "uv_size": [-7, 2.5]},
								"south": {"uv": [59, 8], "uv_size": [-8.5, 1.25]},
								"west": {"uv": [57.25, 5.5], "uv_size": [-7, 1.75]},
								"up": {"uv": [57.75, 1], "uv_size": [-4.25, 7]},
								"down": {"uv": [60.5, 10.5], "uv_size": [-4.5, -6]}
							}
						},
						{
							"origin": [-28.44796, -4.6707, -2.90597],
							"size": [1.4275, 2.19223, 1.01964],
							"pivot": [0, 0.17259, 0],
							"rotation": [0.15785, 1.85032, 92.4045],
							"uv": {
								"north": {"uv": [52.25, 1.5], "uv_size": [7, 8]},
								"east": {"uv": [50.25, 5.5], "uv_size": [7, 1.75]},
								"south": {"uv": [50.5, 8], "uv_size": [8.5, 1.25]},
								"west": {"uv": [54.5, 7.5], "uv_size": [7, 2.5]},
								"up": {"uv": [53.5, 1], "uv_size": [4.25, 7]},
								"down": {"uv": [56, 10.5], "uv_size": [4.5, -6]}
							}
						},
						{
							"origin": [-26.40868, -4.6707, -2.90597],
							"size": [1.4275, 2.19223, 1.01964],
							"pivot": [0, 0.17259, 0],
							"rotation": [0.15785, 1.85032, 92.4045],
							"uv": {
								"north": {"uv": [52.25, 1.5], "uv_size": [7, 8]},
								"east": {"uv": [50.25, 5.5], "uv_size": [7, 1.75]},
								"south": {"uv": [50.5, 8], "uv_size": [8.5, 1.25]},
								"west": {"uv": [54.5, 7.5], "uv_size": [7, 2.5]},
								"up": {"uv": [53.5, 1], "uv_size": [4.25, 7]},
								"down": {"uv": [56, 10.5], "uv_size": [4.5, -6]}
							}
						},
						{
							"origin": [23.34976, -4.6707, -2.90597],
							"size": [1.4275, 2.19223, 1.01964],
							"pivot": [0, 0.17259, 0],
							"rotation": [0.15785, -1.85032, -92.4045],
							"uv": {
								"north": {"uv": [59.25, 1.5], "uv_size": [-7, 8]},
								"east": {"uv": [61.5, 7.5], "uv_size": [-7, 2.5]},
								"south": {"uv": [59, 8], "uv_size": [-8.5, 1.25]},
								"west": {"uv": [57.25, 5.5], "uv_size": [-7, 1.75]},
								"up": {"uv": [57.75, 1], "uv_size": [-4.25, 7]},
								"down": {"uv": [60.5, 10.5], "uv_size": [-4.5, -6]}
							}
						},
						{
							"origin": [-24.77725, -4.6707, -2.90597],
							"size": [1.4275, 2.19223, 1.01964],
							"pivot": [0, 0.17259, 0],
							"rotation": [0.15785, 1.85032, 92.4045],
							"uv": {
								"north": {"uv": [52.25, 1.5], "uv_size": [7, 8]},
								"east": {"uv": [50.25, 5.5], "uv_size": [7, 1.75]},
								"south": {"uv": [50.5, 8], "uv_size": [8.5, 1.25]},
								"west": {"uv": [54.5, 7.5], "uv_size": [7, 2.5]},
								"up": {"uv": [53.5, 1], "uv_size": [4.25, 7]},
								"down": {"uv": [56, 10.5], "uv_size": [4.5, -6]}
							}
						},
						{
							"origin": [24.98118, -4.6707, -2.90597],
							"size": [1.4275, 2.19223, 1.01964],
							"pivot": [0, 0.17259, 0],
							"rotation": [0.15785, -1.85032, -92.4045],
							"uv": {
								"north": {"uv": [59.25, 1.5], "uv_size": [-7, 8]},
								"east": {"uv": [61.5, 7.5], "uv_size": [-7, 2.5]},
								"south": {"uv": [59, 8], "uv_size": [-8.5, 1.25]},
								"west": {"uv": [57.25, 5.5], "uv_size": [-7, 1.75]},
								"up": {"uv": [57.75, 1], "uv_size": [-4.25, 7]},
								"down": {"uv": [60.5, 10.5], "uv_size": [-4.5, -6]}
							}
						},
						{
							"origin": [10.04345, 27.29501, -2.90597],
							"size": [1.4275, 2.19223, 1.01964],
							"pivot": [0, 0.17259, 0],
							"rotation": [-1.7465, -0.63122, -17.39233],
							"uv": {
								"north": {"uv": [59.25, 1.5], "uv_size": [-7, 8]},
								"east": {"uv": [61.5, 7.5], "uv_size": [-7, 2.5]},
								"south": {"uv": [59, 8], "uv_size": [-8.5, 1.25]},
								"west": {"uv": [57.25, 5.5], "uv_size": [-7, 1.75]},
								"up": {"uv": [57.75, 1], "uv_size": [-4.25, 7]},
								"down": {"uv": [60.5, 10.5], "uv_size": [-4.5, -6]}
							}
						},
						{
							"origin": [-11.47095, 27.29501, -2.90597],
							"size": [1.4275, 2.19223, 1.01964],
							"pivot": [0, 0.17259, 0],
							"rotation": [-1.7465, 0.63122, 17.39233],
							"uv": {
								"north": {"uv": [52.25, 1.5], "uv_size": [7, 8]},
								"east": {"uv": [50.25, 5.5], "uv_size": [7, 1.75]},
								"south": {"uv": [50.5, 8], "uv_size": [8.5, 1.25]},
								"west": {"uv": [54.5, 7.5], "uv_size": [7, 2.5]},
								"up": {"uv": [53.5, 1], "uv_size": [4.25, 7]},
								"down": {"uv": [56, 10.5], "uv_size": [4.5, -6]}
							}
						},
						{
							"origin": [-9.12578, 19.34182, -2.85499],
							"size": [1.4275, 2.19223, 1.01964],
							"pivot": [0, 0.17259, 0],
							"rotation": [-1.7465, 0.63122, 17.39233],
							"uv": {
								"north": {"uv": [52.25, 1.5], "uv_size": [7, 8]},
								"east": {"uv": [50.25, 5.5], "uv_size": [7, 1.75]},
								"south": {"uv": [50.5, 8], "uv_size": [8.5, 1.25]},
								"west": {"uv": [54.5, 7.5], "uv_size": [7, 2.5]},
								"up": {"uv": [53.5, 1], "uv_size": [4.25, 7]},
								"down": {"uv": [56, 10.5], "uv_size": [4.5, -6]}
							}
						},
						{
							"origin": [-4.07856, 30.60884, -2.44714],
							"size": [8.15712, 1.37651, 5.70998],
							"uv": {
								"north": {"uv": [35.25, 5], "uv_size": [10, 12.25]},
								"east": {"uv": [0, 18], "uv_size": [7, 18]},
								"south": {"uv": [10, 0], "uv_size": [10, 18]},
								"west": {"uv": [7, 18], "uv_size": [7, 18]},
								"up": {"uv": [28, 20], "uv_size": [10, 7]},
								"down": {"uv": [28, 34], "uv_size": [10, -7]}
							}
						},
						{
							"origin": [-4.07856, 18.93396, -2.44714],
							"size": [8.15712, 1.37651, 5.70998],
							"uv": {
								"north": {"uv": [35.25, 5], "uv_size": [10, 12.25]},
								"east": {"uv": [0, 18], "uv_size": [7, 18]},
								"south": {"uv": [10, 0], "uv_size": [10, 18]},
								"west": {"uv": [7, 18], "uv_size": [7, 18]},
								"up": {"uv": [28, 20], "uv_size": [10, 7]},
								"down": {"uv": [28, 34], "uv_size": [10, -7]}
							}
						},
						{
							"origin": [-10.50229, 16.02799, -2.44714],
							"size": [4.23151, 1.58044, 5.70998],
							"pivot": [0, 0.17259, 0],
							"rotation": [0, 0, 22.5],
							"uv": {
								"north": {"uv": [35.25, 5], "uv_size": [10, 12.25]},
								"east": {"uv": [0, 18], "uv_size": [7, 18]},
								"south": {"uv": [10, 0], "uv_size": [10, 18]},
								"west": {"uv": [7, 18], "uv_size": [7, 18]},
								"up": {"uv": [28, 20], "uv_size": [10, 7]},
								"down": {"uv": [28, 34], "uv_size": [10, -7]}
							}
						},
						{
							"origin": [6.27079, 16.02799, -2.44714],
							"size": [4.23151, 1.58044, 5.70998],
							"pivot": [0, 0.17259, 0],
							"rotation": [0, 0, -22.5],
							"uv": {
								"north": {"uv": [45.25, 5], "uv_size": [-10, 12.25]},
								"east": {"uv": [14, 18], "uv_size": [-7, 18]},
								"south": {"uv": [20, 0], "uv_size": [-10, 18]},
								"west": {"uv": [7, 18], "uv_size": [-7, 18]},
								"up": {"uv": [38, 20], "uv_size": [-10, 7]},
								"down": {"uv": [38, 34], "uv_size": [-10, -7]}
							}
						},
						{
							"origin": [-4.07856, 20.25949, -2.44714],
							"size": [1.4275, 10.34935, 5.70998],
							"uv": {
								"north": {"uv": [35.25, 5], "uv_size": [10, 12.25]},
								"east": {"uv": [0, 18], "uv_size": [7, 18]},
								"south": {"uv": [10, 0], "uv_size": [10, 18]},
								"west": {"uv": [7, 18], "uv_size": [7, 18]},
								"up": {"uv": [28, 20], "uv_size": [10, 7]},
								"down": {"uv": [28, 34], "uv_size": [10, -7]}
							}
						},
						{
							"origin": [2.65106, 20.25949, -2.44714],
							"size": [1.4275, 10.34935, 5.70998],
							"uv": {
								"north": {"uv": [45.25, 5], "uv_size": [-10, 12.25]},
								"east": {"uv": [14, 18], "uv_size": [-7, 18]},
								"south": {"uv": [20, 0], "uv_size": [-10, 18]},
								"west": {"uv": [7, 18], "uv_size": [-7, 18]},
								"up": {"uv": [38, 20], "uv_size": [-10, 7]},
								"down": {"uv": [38, 34], "uv_size": [-10, -7]}
							}
						},
						{
							"origin": [-2.95696, 20.25949, 2.29419],
							"size": [7.03552, 11.67488, 0.96866],
							"uv": {
								"north": {"uv": [45.25, 5], "uv_size": [-10, 12.25]},
								"east": {"uv": [14, 18], "uv_size": [-7, 18]},
								"south": {"uv": [20, 0], "uv_size": [-10, 18]},
								"west": {"uv": [7, 18], "uv_size": [-7, 18]},
								"up": {"uv": [38, 20], "uv_size": [-10, 7]},
								"down": {"uv": [38, 34], "uv_size": [-10, -7]}
							}
						},
						{
							"origin": [13.35728, 25.35769, -2.44714],
							"size": [1.37651, 5.25115, 5.70998],
							"pivot": [0, 0.17259, 0],
							"rotation": [0, 0, -22.5],
							"uv": {
								"north": {"uv": [45.25, 5], "uv_size": [-10, 12.25]},
								"east": {"uv": [14, 18], "uv_size": [-7, 18]},
								"south": {"uv": [20, 0], "uv_size": [-10, 18]},
								"west": {"uv": [7, 18], "uv_size": [-7, 18]},
								"up": {"uv": [38, 20], "uv_size": [-10, 7]},
								"down": {"uv": [38, 34], "uv_size": [-10, -7]}
							}
						},
						{
							"origin": [5.04722, 19.23985, -2.44714],
							"size": [1.37651, 3.87463, 5.70998],
							"pivot": [0, 0.17259, 0],
							"rotation": [0, 0, -22.5],
							"uv": {
								"north": {"uv": [45.25, 5], "uv_size": [-10, 12.25]},
								"east": {"uv": [14, 18], "uv_size": [-7, 18]},
								"south": {"uv": [20, 0], "uv_size": [-10, 18]},
								"west": {"uv": [7, 18], "uv_size": [-7, 18]},
								"up": {"uv": [38, 20], "uv_size": [-10, 7]},
								"down": {"uv": [38, 34], "uv_size": [-10, -7]}
							}
						},
						{
							"origin": [-6.42373, 19.23985, -2.44714],
							"size": [1.37651, 3.87463, 5.70998],
							"pivot": [0, 0.17259, 0],
							"rotation": [0, 0, 22.5],
							"uv": {
								"north": {"uv": [35.25, 5], "uv_size": [10, 12.25]},
								"east": {"uv": [0, 18], "uv_size": [7, 18]},
								"south": {"uv": [10, 0], "uv_size": [10, 18]},
								"west": {"uv": [7, 18], "uv_size": [7, 18]},
								"up": {"uv": [28, 20], "uv_size": [10, 7]},
								"down": {"uv": [28, 34], "uv_size": [10, -7]}
							}
						},
						{
							"origin": [-14.7338, 25.35769, -2.44714],
							"size": [1.37651, 5.25115, 5.70998],
							"pivot": [0, 0.17259, 0],
							"rotation": [0, 0, 22.5],
							"uv": {
								"north": {"uv": [35.25, 5], "uv_size": [10, 12.25]},
								"east": {"uv": [0, 18], "uv_size": [7, 18]},
								"south": {"uv": [10, 0], "uv_size": [10, 18]},
								"west": {"uv": [7, 18], "uv_size": [7, 18]},
								"up": {"uv": [28, 20], "uv_size": [10, 7]},
								"down": {"uv": [28, 34], "uv_size": [10, -7]}
							}
						},
						{
							"origin": [-17.12995, 27.24403, -2.44714],
							"size": [2.95696, 5.55704, 5.70998],
							"pivot": [0, 0.17259, 0],
							"rotation": [0, 0, 25],
							"uv": {
								"north": {"uv": [18.25, 45.5], "uv_size": [-10, 18]},
								"east": {"uv": [47.25, 0], "uv_size": [-7, 18]},
								"south": {"uv": [20, 0], "uv_size": [-10, 18]},
								"west": {"uv": [7, 18], "uv_size": [-7, 18]},
								"up": {"uv": [38, 20], "uv_size": [-10, 7]},
								"down": {"uv": [38, 34], "uv_size": [-10, -7]}
							}
						},
						{
							"origin": [14.173, 27.24403, -2.44714],
							"size": [2.95696, 5.55704, 5.70998],
							"pivot": [0, 0.17259, 0],
							"rotation": [0, 0, -25],
							"uv": {
								"north": {"uv": [8.25, 45.5], "uv_size": [10, 18]},
								"east": {"uv": [0, 18], "uv_size": [7, 18]},
								"south": {"uv": [10, 0], "uv_size": [10, 18]},
								"west": {"uv": [40.25, 0], "uv_size": [7, 18]},
								"up": {"uv": [28, 20], "uv_size": [10, 7]},
								"down": {"uv": [28, 34], "uv_size": [10, -7]}
							}
						},
						{
							"origin": [14.7338, 18.73003, -1.37651],
							"size": [2.65106, 8.00417, 3.46678],
							"pivot": [0, 0.17259, 0],
							"rotation": [0, 0, -25],
							"uv": {
								"north": {"uv": [8.25, 45.5], "uv_size": [10, 18]},
								"east": {"uv": [0, 18], "uv_size": [7, 18]},
								"south": {"uv": [10, 0], "uv_size": [10, 18]},
								"west": {"uv": [40.25, 0], "uv_size": [7, 18]},
								"up": {"uv": [28, 20], "uv_size": [10, 7]},
								"down": {"uv": [28, 34], "uv_size": [10, -7]}
							}
						},
						{
							"origin": [11.67488, 16.8437, -1.01964],
							"size": [1.93732, 4.43543, 2.60008],
							"pivot": [0, 0.17259, 0],
							"rotation": [0, 0, -15.16953],
							"uv": {
								"north": {"uv": [8.25, 45.5], "uv_size": [10, 18]},
								"east": {"uv": [0, 18], "uv_size": [7, 18]},
								"south": {"uv": [10, 0], "uv_size": [10, 18]},
								"west": {"uv": [40.25, 0], "uv_size": [7, 18]},
								"up": {"uv": [28, 20], "uv_size": [10, 7]},
								"down": {"uv": [28, 34], "uv_size": [10, -7]}
							}
						},
						{
							"origin": [-13.3063, 10.67488, -0.45884],
							"size": [1.32553, 6.16882, 1.63142],
							"pivot": [0, 0.17259, 0],
							"rotation": [0, 0, 15.16953],
							"uv": {
								"north": {"uv": [18.25, 45.5], "uv_size": [-10, 18]},
								"east": {"uv": [47.25, 0], "uv_size": [-7, 18]},
								"south": {"uv": [20, 0], "uv_size": [-10, 18]},
								"west": {"uv": [7, 18], "uv_size": [-7, 18]},
								"up": {"uv": [38, 20], "uv_size": [-10, 7]},
								"down": {"uv": [38, 34], "uv_size": [-10, -7]}
							}
						},
						{
							"origin": [12.23568, 6.23944, -0.10196],
							"size": [1.01964, 5.659, 1.17259],
							"pivot": [0, 0.17259, 0],
							"rotation": [0, 0, -15.16953],
							"uv": {
								"north": {"uv": [8.25, 45.5], "uv_size": [10, 18]},
								"east": {"uv": [0, 18], "uv_size": [7, 18]},
								"south": {"uv": [10, 0], "uv_size": [10, 18]},
								"west": {"uv": [40.25, 0], "uv_size": [7, 18]},
								"up": {"uv": [28, 20], "uv_size": [10, 7]},
								"down": {"uv": [28, 34], "uv_size": [10, -7]}
							}
						},
						{
							"origin": [-13.25532, 6.23944, -0.10196],
							"size": [1.01964, 5.659, 1.17259],
							"pivot": [0, 0.17259, 0],
							"rotation": [0, 0, 15.16953],
							"uv": {
								"north": {"uv": [18.25, 45.5], "uv_size": [-10, 18]},
								"east": {"uv": [47.25, 0], "uv_size": [-7, 18]},
								"south": {"uv": [20, 0], "uv_size": [-10, 18]},
								"west": {"uv": [7, 18], "uv_size": [-7, 18]},
								"up": {"uv": [38, 20], "uv_size": [-10, 7]},
								"down": {"uv": [38, 34], "uv_size": [-10, -7]}
							}
						},
						{
							"origin": [11.98077, 11.08273, -0.45884],
							"size": [1.32553, 5.76097, 1.63142],
							"pivot": [0, 0.17259, 0],
							"rotation": [0, 0, -15.16953],
							"uv": {
								"north": {"uv": [8.25, 45.5], "uv_size": [10, 18]},
								"east": {"uv": [0, 18], "uv_size": [7, 18]},
								"south": {"uv": [10, 0], "uv_size": [10, 18]},
								"west": {"uv": [40.25, 0], "uv_size": [7, 18]},
								"up": {"uv": [28, 20], "uv_size": [10, 7]},
								"down": {"uv": [28, 34], "uv_size": [10, -7]}
							}
						},
						{
							"origin": [-13.61219, 16.8437, -1.01964],
							"size": [1.93732, 4.43543, 2.60008],
							"pivot": [0, 0.17259, 0],
							"rotation": [0, 0, 15.16953],
							"uv": {
								"north": {"uv": [18.25, 45.5], "uv_size": [-10, 18]},
								"east": {"uv": [47.25, 0], "uv_size": [-7, 18]},
								"south": {"uv": [20, 0], "uv_size": [-10, 18]},
								"west": {"uv": [7, 18], "uv_size": [-7, 18]},
								"up": {"uv": [38, 20], "uv_size": [-10, 7]},
								"down": {"uv": [38, 34], "uv_size": [-10, -7]}
							}
						},
						{
							"origin": [-17.38486, 18.73003, -1.37651],
							"size": [2.65106, 8.00417, 3.46678],
							"pivot": [0, 0.17259, 0],
							"rotation": [0, 0, 25],
							"uv": {
								"north": {"uv": [18.25, 45.5], "uv_size": [-10, 18]},
								"east": {"uv": [47.25, 0], "uv_size": [-7, 18]},
								"south": {"uv": [20, 0], "uv_size": [-10, 18]},
								"west": {"uv": [7, 18], "uv_size": [-7, 18]},
								"up": {"uv": [38, 20], "uv_size": [-10, 7]},
								"down": {"uv": [38, 34], "uv_size": [-10, -7]}
							}
						},
						{
							"origin": [-12.8671, 34.43249, -2.63142],
							"size": [2.26285, 1.58044, 1.26285],
							"pivot": [0, 0.17259, 0],
							"rotation": [0, 0, 22.5],
							"uv": {
								"north": {"uv": [59.5, 58.75], "uv_size": [-2.25, 3.75]},
								"east": {"uv": [60, 60], "uv_size": [0.5, 2.5]},
								"south": {"uv": [62.5, 59.5], "uv_size": [-4, 3.5]},
								"west": {"uv": [61.75, 60.75], "uv_size": [-5, 0.75]},
								"up": {"uv": [60.75, 60], "uv_size": [-3.5, 2]},
								"down": {"uv": [60.25, 60.25], "uv_size": [-5.5, -1.25]}
							}
						},
						{
							"origin": [-10.60426, 33.43249, -2.63142],
							"size": [2, 3.58044, 1.26285],
							"pivot": [0, 0.17259, 0],
							"rotation": [0, 0, 22.5],
							"uv": {
								"north": {"uv": [59.5, 58.75], "uv_size": [-2.25, 3.75]},
								"east": {"uv": [60, 60], "uv_size": [0.5, 2.5]},
								"south": {"uv": [62.5, 59.5], "uv_size": [-4, 3.5]},
								"west": {"uv": [61.75, 60.75], "uv_size": [-5, 0.75]},
								"up": {"uv": [60.75, 60], "uv_size": [-3.5, 2]},
								"down": {"uv": [60.25, 60.25], "uv_size": [-5.5, -1.25]}
							}
						},
						{
							"origin": [-14.60426, 33.43249, -2.63142],
							"size": [2, 3.58044, 1.26285],
							"pivot": [0, 0.17259, 0],
							"rotation": [0, 0, 22.5],
							"uv": {
								"north": {"uv": [59.5, 58.75], "uv_size": [-2.25, 3.75]},
								"east": {"uv": [60, 60], "uv_size": [0.5, 2.5]},
								"south": {"uv": [62.5, 59.5], "uv_size": [-4, 3.5]},
								"west": {"uv": [61.75, 60.75], "uv_size": [-5, 0.75]},
								"up": {"uv": [60.75, 60], "uv_size": [-3.5, 2]},
								"down": {"uv": [60.25, 60.25], "uv_size": [-5.5, -1.25]}
							}
						},
						{
							"origin": [-28.60426, 23.43249, -2.63142],
							"size": [2, 1.58044, 1.26285],
							"pivot": [0, 0.17259, 0],
							"rotation": [0, 0, 50],
							"uv": {
								"north": {"uv": [59.5, 58.75], "uv_size": [-2.25, 3.75]},
								"east": {"uv": [60, 60], "uv_size": [0.5, 2.5]},
								"south": {"uv": [62.5, 59.5], "uv_size": [-4, 3.5]},
								"west": {"uv": [61.75, 60.75], "uv_size": [-5, 0.75]},
								"up": {"uv": [60.75, 60], "uv_size": [-3.5, 2]},
								"down": {"uv": [60.25, 60.25], "uv_size": [-5.5, -1.25]}
							}
						},
						{
							"origin": [-26.60426, 26.43249, -2.63142],
							"size": [2, 1.58044, 1.26285],
							"pivot": [0, 0.17259, 0],
							"rotation": [0, 0, 50],
							"uv": {
								"north": {"uv": [59.5, 58.75], "uv_size": [-2.25, 3.75]},
								"east": {"uv": [60, 60], "uv_size": [0.5, 2.5]},
								"south": {"uv": [62.5, 59.5], "uv_size": [-4, 3.5]},
								"west": {"uv": [61.75, 60.75], "uv_size": [-5, 0.75]},
								"up": {"uv": [60.75, 60], "uv_size": [-3.5, 2]},
								"down": {"uv": [60.25, 60.25], "uv_size": [-5.5, -1.25]}
							}
						},
						{
							"origin": [17.60426, 30.43249, -2.63142],
							"size": [1, 1.58044, 1.26285],
							"pivot": [0, 0.17259, 0],
							"rotation": [0, 0, -25],
							"uv": {
								"north": {"uv": [57.25, 58.75], "uv_size": [2.25, 3.75]},
								"east": {"uv": [56.75, 60.75], "uv_size": [5, 0.75]},
								"south": {"uv": [58.5, 59.5], "uv_size": [4, 3.5]},
								"west": {"uv": [60.5, 60], "uv_size": [-0.5, 2.5]},
								"up": {"uv": [57.25, 60], "uv_size": [3.5, 2]},
								"down": {"uv": [54.75, 60.25], "uv_size": [5.5, -1.25]}
							}
						},
						{
							"origin": [16.60426, 32.43249, -2.63142],
							"size": [2, 1.58044, 1.26285],
							"pivot": [0, 0.17259, 0],
							"rotation": [0, 0, -25],
							"uv": {
								"north": {"uv": [57.25, 58.75], "uv_size": [2.25, 3.75]},
								"east": {"uv": [56.75, 60.75], "uv_size": [5, 0.75]},
								"south": {"uv": [58.5, 59.5], "uv_size": [4, 3.5]},
								"west": {"uv": [60.5, 60], "uv_size": [-0.5, 2.5]},
								"up": {"uv": [57.25, 60], "uv_size": [3.5, 2]},
								"down": {"uv": [54.75, 60.25], "uv_size": [5.5, -1.25]}
							}
						},
						{
							"origin": [-3.26285, 31.98535, -2.44714],
							"size": [6.5257, 5.14918, 5.70998],
							"uv": {
								"north": {"uv": [24, 24.5], "uv_size": [8, 7]},
								"east": {"uv": [37.25, 22.5], "uv_size": [7, 7]},
								"south": {"uv": [34.25, 6.25], "uv_size": [8, 6]},
								"west": {"uv": [18, 46], "uv_size": [7, 7]},
								"up": {"uv": [37.75, 11.25], "uv_size": [8, 7]},
								"down": {"uv": [35, 22.5], "uv_size": [8, -7]}
							}
						},
						{
							"origin": [-0.76473, 34.58544, -2.90597],
							"size": [1.47848, 1.68241, 5.45507],
							"uv": {
								"north": {"uv": [51.25, 41], "uv_size": [8, 7]},
								"east": {"uv": [51.75, 37.75], "uv_size": [7, 7]},
								"south": {"uv": [50, 37.25], "uv_size": [8, 6]},
								"west": {"uv": [55.25, 38], "uv_size": [7, 7]},
								"up": {"uv": [48, 42.75], "uv_size": [8, 7]},
								"down": {"uv": [54.25, 51], "uv_size": [8, -7]}
							}
						},
						{
							"origin": [-2.70205, 31.83241, -2.90597],
							"size": [1.47848, 1.68241, 5.45507],
							"uv": {
								"north": {"uv": [51.25, 41], "uv_size": [8, 7]},
								"east": {"uv": [51.75, 37.75], "uv_size": [7, 7]},
								"south": {"uv": [50, 37.25], "uv_size": [8, 6]},
								"west": {"uv": [55.25, 38], "uv_size": [7, 7]},
								"up": {"uv": [48, 42.75], "uv_size": [8, 7]},
								"down": {"uv": [54.25, 51], "uv_size": [8, -7]}
							}
						},
						{
							"origin": [1.22357, 31.83241, -2.90597],
							"size": [1.47848, 1.68241, 5.45507],
							"uv": {
								"north": {"uv": [59.25, 41], "uv_size": [-8, 7]},
								"east": {"uv": [62.25, 38], "uv_size": [-7, 7]},
								"south": {"uv": [58, 37.25], "uv_size": [-8, 6]},
								"west": {"uv": [58.75, 37.75], "uv_size": [-7, 7]},
								"up": {"uv": [56, 42.75], "uv_size": [-8, 7]},
								"down": {"uv": [62.25, 51], "uv_size": [-8, -7]}
							}
						},
						{
							"origin": [-1.01964, 34.43249, -2.85499],
							"size": [2.03928, 2.03928, 5.40409],
							"uv": {
								"north": {"uv": [60.75, 2.5], "uv_size": [-8, 7]},
								"east": {"uv": [62.25, 2], "uv_size": [-7, 7]},
								"south": {"uv": [59, 1.25], "uv_size": [-8, 6]},
								"west": {"uv": [59.5, 5.5], "uv_size": [-7, 7]},
								"up": {"uv": [59.75, 2.75], "uv_size": [-8, 7]},
								"down": {"uv": [60, 11.25], "uv_size": [-8, -7]}
							}
						},
						{
							"origin": [0.86669, 31.67946, -2.85499],
							"size": [2.03928, 2.03928, 5.40409],
							"uv": {
								"north": {"uv": [52.75, 2.5], "uv_size": [8, 7]},
								"east": {"uv": [52.5, 5.5], "uv_size": [7, 7]},
								"south": {"uv": [51, 1.25], "uv_size": [8, 6]},
								"west": {"uv": [55.25, 2], "uv_size": [7, 7]},
								"up": {"uv": [51.75, 2.75], "uv_size": [8, 7]},
								"down": {"uv": [52, 11.25], "uv_size": [8, -7]}
							}
						},
						{
							"origin": [-2.90597, 31.67946, -2.85499],
							"size": [2.03928, 2.03928, 5.40409],
							"uv": {
								"north": {"uv": [60.75, 2.5], "uv_size": [-8, 7]},
								"east": {"uv": [62.25, 2], "uv_size": [-7, 7]},
								"south": {"uv": [59, 1.25], "uv_size": [-8, 6]},
								"west": {"uv": [59.5, 5.5], "uv_size": [-7, 7]},
								"up": {"uv": [59.75, 2.75], "uv_size": [-8, 7]},
								"down": {"uv": [60, 11.25], "uv_size": [-8, -7]}
							}
						}
					]
				},
				{
					"name": "RightLeg",
					"pivot": [-2.44714, 17.12995, 0],
					"rotation": [0, 0, 2.5],
					"cubes": [
						{
							"origin": [-4.14613, 8.07332, -2.44714],
							"size": [4.07856, 10.60426, 5.70998],
							"uv": {
								"north": {"uv": [0, 22.25], "uv_size": [4, 13]},
								"east": {"uv": [14.25, 15.25], "uv_size": [7, 13]},
								"south": {"uv": [37.75, 14.25], "uv_size": [4, 13]},
								"west": {"uv": [20, 0], "uv_size": [7, 13]},
								"up": {"uv": [43, 11.25], "uv_size": [4, 7]},
								"down": {"uv": [32.25, 22.75], "uv_size": [4, -6]}
							}
						},
						{
							"origin": [-2.669, -0.54706, -1.63142],
							"size": [1.07062, 11.87881, 4.07856],
							"pivot": [-0.81571, 0, 0],
							"rotation": [0, 0, -7.5],
							"uv": {
								"north": {"uv": [34.25, 20.25], "uv_size": [3, 12]},
								"east": {"uv": [5, 36], "uv_size": [5, 12]},
								"south": {"uv": [35, 21], "uv_size": [3, 12]},
								"west": {"uv": [38, 20], "uv_size": [5, 12]},
								"up": {"uv": [7, 56], "uv_size": [3, 5]},
								"down": {"uv": [36.75, 24.5], "uv_size": [3, -5]}
							}
						},
						{
							"origin": [-2.41024, -0.51371, -1.63142],
							"size": [1.07062, 9.02381, 4.07856],
							"pivot": [0.81571, 0, 0],
							"rotation": [0, 0, 7.5],
							"uv": {
								"north": {"uv": [37.25, 20.25], "uv_size": [-3, 12]},
								"east": {"uv": [43, 20], "uv_size": [-5, 12]},
								"south": {"uv": [38, 21], "uv_size": [-3, 12]},
								"west": {"uv": [10, 36], "uv_size": [-5, 12]},
								"up": {"uv": [10, 56], "uv_size": [-3, 5]},
								"down": {"uv": [39.75, 24.5], "uv_size": [-3, -5]}
							}
						},
						{
							"origin": [-3.63381, 3.25895, -1.63142],
							"size": [2.29419, 5.25115, 4.07856],
							"pivot": [0.81571, 0, 0],
							"rotation": [0, 0, 7.5],
							"uv": {
								"north": {"uv": [37.25, 20.25], "uv_size": [-3, 12]},
								"east": {"uv": [43, 20], "uv_size": [-5, 12]},
								"south": {"uv": [38, 21], "uv_size": [-3, 12]},
								"west": {"uv": [10, 36], "uv_size": [-5, 12]},
								"up": {"uv": [10, 56], "uv_size": [-3, 5]},
								"down": {"uv": [39.75, 24.5], "uv_size": [-3, -5]}
							}
						}
					]
				},
				{
					"name": "LeftLeg",
					"pivot": [2.44714, 17.12995, 0],
					"rotation": [0, 0, -2.5],
					"cubes": [
						{
							"origin": [0.06757, 8.07332, -2.44714],
							"size": [4.07856, 10.60426, 5.70998],
							"uv": {
								"north": {"uv": [4, 22.25], "uv_size": [-4, 13]},
								"east": {"uv": [27, 0], "uv_size": [-7, 13]},
								"south": {"uv": [41.75, 14.25], "uv_size": [-4, 13]},
								"west": {"uv": [21.25, 15.25], "uv_size": [-7, 13]},
								"up": {"uv": [47, 11.25], "uv_size": [-4, 7]},
								"down": {"uv": [36.25, 22.75], "uv_size": [-4, -6]}
							}
						},
						{
							"origin": [1.59838, -0.54706, -1.63142],
							"size": [1.07062, 11.87881, 4.07856],
							"pivot": [0.81571, 0, 0],
							"rotation": [0, 0, 7.5],
							"uv": {
								"north": {"uv": [37.25, 20.25], "uv_size": [-3, 12]},
								"east": {"uv": [43, 20], "uv_size": [-5, 12]},
								"south": {"uv": [38, 21], "uv_size": [-3, 12]},
								"west": {"uv": [10, 36], "uv_size": [-5, 12]},
								"up": {"uv": [10, 56], "uv_size": [-3, 5]},
								"down": {"uv": [39.75, 24.5], "uv_size": [-3, -5]}
							}
						},
						{
							"origin": [1.33962, -0.51371, -1.63142],
							"size": [1.07062, 9.02381, 4.07856],
							"pivot": [-0.81571, 0, 0],
							"rotation": [0, 0, -7.5],
							"uv": {
								"north": {"uv": [34.25, 20.25], "uv_size": [3, 12]},
								"east": {"uv": [5, 36], "uv_size": [5, 12]},
								"south": {"uv": [35, 21], "uv_size": [3, 12]},
								"west": {"uv": [38, 20], "uv_size": [5, 12]},
								"up": {"uv": [7, 56], "uv_size": [3, 5]},
								"down": {"uv": [36.75, 24.5], "uv_size": [3, -5]}
							}
						},
						{
							"origin": [1.33962, 3.25895, -1.63142],
							"size": [2.29419, 5.25115, 4.07856],
							"pivot": [-0.81571, 0, 0],
							"rotation": [0, 0, -7.5],
							"uv": {
								"north": {"uv": [34.25, 20.25], "uv_size": [3, 12]},
								"east": {"uv": [5, 36], "uv_size": [5, 12]},
								"south": {"uv": [35, 21], "uv_size": [3, 12]},
								"west": {"uv": [38, 20], "uv_size": [5, 12]},
								"up": {"uv": [7, 56], "uv_size": [3, 5]},
								"down": {"uv": [36.75, 24.5], "uv_size": [3, -5]}
							}
						}
					]
				}
			]
		}
	]
}