{
	"format_version": "1.12.0",
	"minecraft:geometry": [
		{
			"description": {
				"identifier": "geometry.blue_slime_orange",
				"texture_width": 256,
				"texture_height": 256,
				"visible_bounds_width": 27,
				"visible_bounds_height": 27,
				"visible_bounds_offset": [0, 0.5, 0]
			},
			"bones": [
				{
					"name": "bone",
					"pivot": [0, 133, 0],
					"cubes": [
						{
							"origin": [-28.4182, 140.99263, -31.97048],
							"size": [56.8364, 32.85855, 60.38868],
							"uv": {
								"north": {"uv": [59, 96], "uv_size": [31, 18]},
								"east": {"uv": [93, 30], "uv_size": [33, 18]},
								"south": {"uv": [90, 96], "uv_size": [31, 18]},
								"west": {"uv": [93, 48], "uv_size": [33, 18]},
								"up": {"uv": [0, 37], "uv_size": [31, 33]},
								"down": {"uv": [31, 70], "uv_size": [31, -33]}
							}
						},
						{
							"origin": [-28.4182, 127.67158, -31.97048],
							"size": [56.8364, 23.97787, 60.38868],
							"uv": {
								"north": {"uv": [107, 78], "uv_size": [31, 13]},
								"east": {"uv": [98, 0], "uv_size": [33, 13]},
								"south": {"uv": [37, 114], "uv_size": [31, 13]},
								"west": {"uv": [98, 13], "uv_size": [33, 13]},
								"up": {"uv": [62, 37], "uv_size": [31, 33]},
								"down": {"uv": [0, 103], "uv_size": [31, -33]}
							}
						},
						{
							"origin": [-26.64206, 109.02213, -31.97048],
							"size": [14.2091, 19.53752, 9.76875],
							"uv": {
								"north": {"uv": [167, 106], "uv_size": [7.75, 10.75]},
								"east": {"uv": [138, 78], "uv_size": [5.25, 10.75]},
								"south": {"uv": [173, 10], "uv_size": [7.75, 10.75]},
								"west": {"uv": [74, 181], "uv_size": [5.25, 10.75]},
								"up": {"uv": [70, 30], "uv_size": [7.75, 5.25]},
								"down": {"uv": [78, 35.25], "uv_size": [7.75, -5.25]}
							}
						},
						{
							"origin": [-34.63469, 4.23001, -4.44035],
							"size": [10.65682, 35.52276, 9.76875],
							"pivot": [0, 133, 0],
							"rotation": [0, 0, 10],
							"uv": {
								"north": {"uv": [155, 59], "uv_size": [5.75, 19.5]},
								"east": {"uv": [169, 29], "uv_size": [5.25, 19.5]},
								"south": {"uv": [140, 156], "uv_size": [5.75, 19.5]},
								"west": {"uv": [164, 169], "uv_size": [5.25, 19.5]},
								"up": {"uv": [11, 190], "uv_size": [5.75, 5.25]},
								"down": {"uv": [17, 195.25], "uv_size": [5.75, -5.25]}
							}
						},
						{
							"origin": [23.97787, 4.23001, -4.44035],
							"size": [10.65682, 35.52276, 9.76875],
							"pivot": [0, 133, 0],
							"rotation": [0, 0, -10],
							"uv": {
								"north": {"uv": [166, 129], "uv_size": [5.75, 19.5]},
								"east": {"uv": [172, 129], "uv_size": [5.25, 19.5]},
								"south": {"uv": [167, 59], "uv_size": [5.75, 19.5]},
								"west": {"uv": [173, 59], "uv_size": [5.25, 19.5]},
								"up": {"uv": [114, 192], "uv_size": [5.75, 5.25]},
								"down": {"uv": [120, 197.25], "uv_size": [5.75, -5.25]}
							}
						},
						{
							"origin": [-25.75399, 1.5658, -25.75399],
							"size": [10.65682, 35.52276, 9.76875],
							"pivot": [0, 133, 0],
							"rotation": [0, 0, 2.5],
							"uv": {
								"north": {"uv": [146, 159], "uv_size": [5.75, 19.5]},
								"east": {"uv": [0, 170], "uv_size": [5.25, 19.5]},
								"south": {"uv": [152, 159], "uv_size": [5.75, 19.5]},
								"west": {"uv": [6, 170], "uv_size": [5.25, 19.5]},
								"up": {"uv": [190, 136], "uv_size": [5.75, 5.25]},
								"down": {"uv": [140, 195.25], "uv_size": [5.75, -5.25]}
							}
						},
						{
							"origin": [15.09717, 1.5658, -25.75399],
							"size": [10.65682, 35.52276, 9.76875],
							"pivot": [0, 133, 0],
							"rotation": [0, 0, -2.5],
							"uv": {
								"north": {"uv": [158, 159], "uv_size": [5.75, 19.5]},
								"east": {"uv": [12, 170], "uv_size": [5.25, 19.5]},
								"south": {"uv": [160, 129], "uv_size": [5.75, 19.5]},
								"west": {"uv": [18, 170], "uv_size": [5.25, 19.5]},
								"up": {"uv": [152, 190], "uv_size": [5.75, 5.25]},
								"down": {"uv": [158, 195.25], "uv_size": [5.75, -5.25]}
							}
						},
						{
							"origin": [15.09717, 1.5658, 15.98524],
							"size": [10.65682, 35.52276, 9.76875],
							"pivot": [0, 133, 0],
							"rotation": [0, 0, -2.5],
							"uv": {
								"north": {"uv": [161, 59], "uv_size": [5.75, 19.5]},
								"east": {"uv": [24, 170], "uv_size": [5.25, 19.5]},
								"south": {"uv": [161, 96], "uv_size": [5.75, 19.5]},
								"west": {"uv": [30, 170], "uv_size": [5.25, 19.5]},
								"up": {"uv": [191, 28], "uv_size": [5.75, 5.25]},
								"down": {"uv": [188, 196.25], "uv_size": [5.75, -5.25]}
							}
						},
						{
							"origin": [-25.75399, 1.5658, 15.98524],
							"size": [10.65682, 35.52276, 9.76875],
							"pivot": [0, 133, 0],
							"rotation": [0, 0, 2.5],
							"uv": {
								"north": {"uv": [163, 29], "uv_size": [5.75, 19.5]},
								"east": {"uv": [170, 149], "uv_size": [5.25, 19.5]},
								"south": {"uv": [164, 149], "uv_size": [5.75, 19.5]},
								"west": {"uv": [170, 169], "uv_size": [5.25, 19.5]},
								"up": {"uv": [90, 192], "uv_size": [5.75, 5.25]},
								"down": {"uv": [96, 197.25], "uv_size": [5.75, -5.25]}
							}
						},
						{
							"origin": [-21.31366, 36.20049, -4.44035],
							"size": [10.65682, 100.35179, 9.76875],
							"pivot": [0, 133, 0],
							"rotation": [0, 0, 17.5],
							"uv": {
								"north": {"uv": [0, 115], "uv_size": [5.75, 54.75]},
								"east": {"uv": [104, 126], "uv_size": [5.25, 54.75]},
								"south": {"uv": [6, 115], "uv_size": [5.75, 54.75]},
								"west": {"uv": [110, 126], "uv_size": [5.25, 54.75]},
								"up": {"uv": [189, 106], "uv_size": [5.75, 5.25]},
								"down": {"uv": [5, 195.25], "uv_size": [5.75, -5.25]}
							}
						},
						{
							"origin": [10.65682, 36.20049, -4.44035],
							"size": [10.65682, 100.35179, 9.76875],
							"pivot": [0, 133, 0],
							"rotation": [0, 0, -17.5],
							"uv": {
								"north": {"uv": [92, 126], "uv_size": [5.75, 54.75]},
								"east": {"uv": [131, 0], "uv_size": [5.25, 54.75]},
								"south": {"uv": [98, 126], "uv_size": [5.75, 54.75]},
								"west": {"uv": [134, 126], "uv_size": [5.25, 54.75]},
								"up": {"uv": [102, 192], "uv_size": [5.75, 5.25]},
								"down": {"uv": [108, 197.25], "uv_size": [5.75, -5.25]}
							}
						},
						{
							"origin": [-21.31366, 36.20049, -25.75399],
							"size": [10.65682, 100.35179, 9.76875],
							"pivot": [0, 133, 0],
							"rotation": [0, 0, 5],
							"uv": {
								"north": {"uv": [12, 115], "uv_size": [5.75, 54.75]},
								"east": {"uv": [116, 126], "uv_size": [5.25, 54.75]},
								"south": {"uv": [18, 115], "uv_size": [5.75, 54.75]},
								"west": {"uv": [122, 126], "uv_size": [5.25, 54.75]},
								"up": {"uv": [23, 190], "uv_size": [5.75, 5.25]},
								"down": {"uv": [29, 195.25], "uv_size": [5.75, -5.25]}
							}
						},
						{
							"origin": [10.65682, 36.20049, 15.98524],
							"size": [10.65682, 100.35179, 9.76875],
							"pivot": [0, 133, 0],
							"rotation": [0, 0, -5],
							"uv": {
								"north": {"uv": [24, 115], "uv_size": [5.75, 54.75]},
								"east": {"uv": [36, 127], "uv_size": [5.25, 54.75]},
								"south": {"uv": [30, 115], "uv_size": [5.75, 54.75]},
								"west": {"uv": [42, 127], "uv_size": [5.25, 54.75]},
								"up": {"uv": [190, 142], "uv_size": [5.75, 5.25]},
								"down": {"uv": [146, 195.25], "uv_size": [5.75, -5.25]}
							}
						},
						{
							"origin": [-21.31366, 36.20049, 15.98524],
							"size": [10.65682, 100.35179, 9.76875],
							"pivot": [0, 133, 0],
							"rotation": [0, 0, 5],
							"uv": {
								"north": {"uv": [80, 126], "uv_size": [5.75, 54.75]},
								"east": {"uv": [60, 127], "uv_size": [5.25, 54.75]},
								"south": {"uv": [86, 126], "uv_size": [5.75, 54.75]},
								"west": {"uv": [128, 126], "uv_size": [5.25, 54.75]},
								"up": {"uv": [78, 192], "uv_size": [5.75, 5.25]},
								"down": {"uv": [84, 197.25], "uv_size": [5.75, -5.25]}
							}
						},
						{
							"origin": [10.65682, 36.20049, -25.75399],
							"size": [10.65682, 100.35179, 9.76875],
							"pivot": [0, 133, 0],
							"rotation": [0, 0, -5],
							"uv": {
								"north": {"uv": [68, 126], "uv_size": [5.75, 54.75]},
								"east": {"uv": [48, 127], "uv_size": [5.25, 54.75]},
								"south": {"uv": [74, 126], "uv_size": [5.75, 54.75]},
								"west": {"uv": [54, 127], "uv_size": [5.25, 54.75]},
								"up": {"uv": [66, 192], "uv_size": [5.75, 5.25]},
								"down": {"uv": [72, 197.25], "uv_size": [5.75, -5.25]}
							}
						},
						{
							"origin": [12.43296, 109.02213, -31.97048],
							"size": [14.2091, 19.53752, 9.76875],
							"uv": {
								"north": {"uv": [179, 65], "uv_size": [7.75, 10.75]},
								"east": {"uv": [183, 101], "uv_size": [5.25, 10.75]},
								"south": {"uv": [140, 179], "uv_size": [7.75, 10.75]},
								"west": {"uv": [184, 139], "uv_size": [5.25, 10.75]},
								"up": {"uv": [187, 63], "uv_size": [7.75, 5.25]},
								"down": {"uv": [187, 74.25], "uv_size": [7.75, -5.25]}
							}
						},
						{
							"origin": [-26.64206, 109.02213, 18.64945],
							"size": [14.2091, 19.53752, 9.76875],
							"uv": {
								"north": {"uv": [175, 21], "uv_size": [7.75, 10.75]},
								"east": {"uv": [128, 181], "uv_size": [5.25, 10.75]},
								"south": {"uv": [175, 32], "uv_size": [7.75, 10.75]},
								"west": {"uv": [134, 181], "uv_size": [5.25, 10.75]},
								"up": {"uv": [183, 33], "uv_size": [7.75, 5.25]},
								"down": {"uv": [184, 177.25], "uv_size": [7.75, -5.25]}
							}
						},
						{
							"origin": [1.77614, 109.02213, 18.64945],
							"size": [14.2091, 19.53752, 9.76875],
							"pivot": [0, 133, 0],
							"rotation": [0, 90, 0],
							"uv": {
								"north": {"uv": [175, 79], "uv_size": [7.75, 10.75]},
								"east": {"uv": [36, 182], "uv_size": [5.25, 10.75]},
								"south": {"uv": [175, 106], "uv_size": [7.75, 10.75]},
								"west": {"uv": [42, 182], "uv_size": [5.25, 10.75]},
								"up": {"uv": [185, 112], "uv_size": [7.75, 5.25]},
								"down": {"uv": [185, 123.25], "uv_size": [7.75, -5.25]}
							}
						},
						{
							"origin": [-15.98524, 109.02213, 18.64945],
							"size": [14.2091, 19.53752, 9.76875],
							"pivot": [0, 133, 0],
							"rotation": [0, -90, 0],
							"uv": {
								"north": {"uv": [178, 90], "uv_size": [7.75, 10.75]},
								"east": {"uv": [182, 182], "uv_size": [5.25, 10.75]},
								"south": {"uv": [178, 128], "uv_size": [7.75, 10.75]},
								"west": {"uv": [183, 11], "uv_size": [5.25, 10.75]},
								"up": {"uv": [187, 39], "uv_size": [7.75, 5.25]},
								"down": {"uv": [187, 50.25], "uv_size": [7.75, -5.25]}
							}
						},
						{
							"origin": [4.44035, 101.91759, -25.75399],
							"size": [7.99263, 7.10456, 4.44035],
							"pivot": [0, 133, 0],
							"rotation": [0, -90, 0],
							"uv": {
								"north": {"uv": [161, 116], "uv_size": [4.25, 4]},
								"east": {"uv": [117, 91], "uv_size": [2.5, 4]},
								"south": {"uv": [166, 117], "uv_size": [4.25, 4]},
								"west": {"uv": [157, 129], "uv_size": [2.5, 4]},
								"up": {"uv": [31, 100], "uv_size": [4.25, 2.5]},
								"down": {"uv": [121, 113.5], "uv_size": [4.25, -2.5]}
							}
						},
						{
							"origin": [-12.43296, 101.91759, -25.75399],
							"size": [7.99263, 7.10456, 4.44035],
							"pivot": [0, 133, 0],
							"rotation": [0, 90, 0],
							"uv": {
								"north": {"uv": [171, 117], "uv_size": [4.25, 4]},
								"east": {"uv": [159, 29], "uv_size": [2.5, 4]},
								"south": {"uv": [178, 101], "uv_size": [4.25, 4]},
								"west": {"uv": [175, 90], "uv_size": [2.5, 4]},
								"up": {"uv": [126, 111], "uv_size": [4.25, 2.5]},
								"down": {"uv": [131, 113.5], "uv_size": [4.25, -2.5]}
							}
						},
						{
							"origin": [-12.43296, 101.91759, 21.31366],
							"size": [7.99263, 7.10456, 4.44035],
							"pivot": [0, 133, 0],
							"rotation": [0, -90, 0],
							"uv": {
								"north": {"uv": [189, 82], "uv_size": [4.25, 4]},
								"east": {"uv": [183, 39], "uv_size": [2.5, 4]},
								"south": {"uv": [191, 34], "uv_size": [4.25, 4]},
								"west": {"uv": [184, 178], "uv_size": [2.5, 4]},
								"up": {"uv": [146, 156], "uv_size": [4.25, 2.5]},
								"down": {"uv": [176, 9.5], "uv_size": [4.25, -2.5]}
							}
						},
						{
							"origin": [4.44035, 101.91759, 21.31366],
							"size": [7.99263, 7.10456, 4.44035],
							"pivot": [0, 133, 0],
							"rotation": [0, 90, 0],
							"uv": {
								"north": {"uv": [193, 119], "uv_size": [4.25, 4]},
								"east": {"uv": [188, 168], "uv_size": [2.5, 4]},
								"south": {"uv": [194, 24], "uv_size": [4.25, 4]},
								"west": {"uv": [63, 193], "uv_size": [2.5, 4]},
								"up": {"uv": [140, 176], "uv_size": [4.25, 2.5]},
								"down": {"uv": [178, 148.5], "uv_size": [4.25, -2.5]}
							}
						},
						{
							"origin": [1.77614, 109.02213, -28.4182],
							"size": [14.2091, 19.53752, 9.76875],
							"pivot": [0, 133, 0],
							"rotation": [0, -90, 0],
							"uv": {
								"north": {"uv": [179, 43], "uv_size": [7.75, 10.75]},
								"east": {"uv": [183, 22], "uv_size": [5.25, 10.75]},
								"south": {"uv": [179, 54], "uv_size": [7.75, 10.75]},
								"west": {"uv": [183, 76], "uv_size": [5.25, 10.75]},
								"up": {"uv": [187, 51], "uv_size": [7.75, 5.25]},
								"down": {"uv": [187, 62.25], "uv_size": [7.75, -5.25]}
							}
						},
						{
							"origin": [0.88807, 109.02213, 18.64945],
							"size": [14.2091, 19.53752, 9.76875],
							"pivot": [0, 133, 0],
							"rotation": [0, -90, 0],
							"uv": {
								"north": {"uv": [176, 171], "uv_size": [7.75, 10.75]},
								"east": {"uv": [60, 182], "uv_size": [5.25, 10.75]},
								"south": {"uv": [177, 117], "uv_size": [7.75, 10.75]},
								"west": {"uv": [176, 182], "uv_size": [5.25, 10.75]},
								"up": {"uv": [186, 124], "uv_size": [7.75, 5.25]},
								"down": {"uv": [186, 135.25], "uv_size": [7.75, -5.25]}
							}
						},
						{
							"origin": [12.43296, 109.02213, 18.64945],
							"size": [14.2091, 19.53752, 9.76875],
							"uv": {
								"north": {"uv": [176, 149], "uv_size": [7.75, 10.75]},
								"east": {"uv": [48, 182], "uv_size": [5.25, 10.75]},
								"south": {"uv": [176, 160], "uv_size": [7.75, 10.75]},
								"west": {"uv": [54, 182], "uv_size": [5.25, 10.75]},
								"up": {"uv": [186, 87], "uv_size": [7.75, 5.25]},
								"down": {"uv": [186, 98.25], "uv_size": [7.75, -5.25]}
							}
						},
						{
							"origin": [14.42224, 102.07744, -30.86927],
							"size": [9.37801, 12.89476, 6.44738],
							"uv": {
								"north": {"uv": [86, 30], "uv_size": [5, 7]},
								"east": {"uv": [160, 149], "uv_size": [3.5, 7]},
								"south": {"uv": [126, 48], "uv_size": [5, 7]},
								"west": {"uv": [175, 43], "uv_size": [3.5, 7]},
								"up": {"uv": [107, 91], "uv_size": [5, 3.5]},
								"down": {"uv": [37, 113.5], "uv_size": [5, -3.5]}
							}
						},
						{
							"origin": [14.42224, 102.07744, 20.86962],
							"size": [9.37801, 12.89476, 6.44738],
							"uv": {
								"north": {"uv": [189, 99], "uv_size": [5, 7]},
								"east": {"uv": [174, 193], "uv_size": [3.5, 7]},
								"south": {"uv": [164, 189], "uv_size": [5, 7]},
								"west": {"uv": [178, 193], "uv_size": [3.5, 7]},
								"up": {"uv": [147, 51], "uv_size": [5, 3.5]},
								"down": {"uv": [149, 32.5], "uv_size": [5, -3.5]}
							}
						},
						{
							"origin": [-23.80025, 102.07744, 20.86962],
							"size": [9.37801, 12.89476, 6.44738],
							"uv": {
								"north": {"uv": [169, 189], "uv_size": [5, 7]},
								"east": {"uv": [182, 193], "uv_size": [3.5, 7]},
								"south": {"uv": [0, 190], "uv_size": [5, 7]},
								"west": {"uv": [193, 184], "uv_size": [3.5, 7]},
								"up": {"uv": [152, 129], "uv_size": [5, 3.5]},
								"down": {"uv": [154, 32.5], "uv_size": [5, -3.5]}
							}
						},
						{
							"origin": [-23.80025, 102.07744, -30.86927],
							"size": [9.37801, 12.89476, 6.44738],
							"uv": {
								"north": {"uv": [176, 0], "uv_size": [5, 7]},
								"east": {"uv": [136, 192], "uv_size": [3.5, 7]},
								"south": {"uv": [178, 139], "uv_size": [5, 7]},
								"west": {"uv": [192, 168], "uv_size": [3.5, 7]},
								"up": {"uv": [42, 110], "uv_size": [5, 3.5]},
								"down": {"uv": [47, 113.5], "uv_size": [5, -3.5]}
							}
						},
						{
							"origin": [0.21314, 102.07744, -30.86927],
							"size": [7.60187, 12.89476, 6.44738],
							"uv": {
								"north": {"uv": [126, 192], "uv_size": [4.25, 7]},
								"east": {"uv": [35, 193], "uv_size": [3.5, 7]},
								"south": {"uv": [131, 192], "uv_size": [4.25, 7]},
								"west": {"uv": [39, 193], "uv_size": [3.5, 7]},
								"up": {"uv": [194, 75], "uv_size": [4.25, 3.5]},
								"down": {"uv": [194, 82.5], "uv_size": [4.25, -3.5]}
							}
						},
						{
							"origin": [-7.81501, 102.07744, -30.86927],
							"size": [9.37801, 12.89476, 6.44738],
							"uv": {
								"north": {"uv": [188, 184], "uv_size": [5, 7]},
								"east": {"uv": [43, 193], "uv_size": [3.5, 7]},
								"south": {"uv": [189, 0], "uv_size": [5, 7]},
								"west": {"uv": [47, 193], "uv_size": [3.5, 7]},
								"up": {"uv": [52, 110], "uv_size": [5, 3.5]},
								"down": {"uv": [112, 94.5], "uv_size": [5, -3.5]}
							}
						},
						{
							"origin": [-7.81501, 102.07744, 19.98155],
							"size": [9.37801, 12.89476, 6.44738],
							"uv": {
								"north": {"uv": [189, 21], "uv_size": [5, 7]},
								"east": {"uv": [59, 193], "uv_size": [3.5, 7]},
								"south": {"uv": [189, 75], "uv_size": [5, 7]},
								"west": {"uv": [193, 112], "uv_size": [3.5, 7]},
								"up": {"uv": [142, 51], "uv_size": [5, 3.5]},
								"down": {"uv": [144, 90.5], "uv_size": [5, -3.5]}
							}
						},
						{
							"origin": [-1.563, 102.07744, 19.98155],
							"size": [9.37801, 12.89476, 6.44738],
							"uv": {
								"north": {"uv": [189, 7], "uv_size": [5, 7]},
								"east": {"uv": [51, 193], "uv_size": [3.5, 7]},
								"south": {"uv": [189, 14], "uv_size": [5, 7]},
								"west": {"uv": [55, 193], "uv_size": [3.5, 7]},
								"up": {"uv": [121, 26], "uv_size": [5, 3.5]},
								"down": {"uv": [137, 54.5], "uv_size": [5, -3.5]}
							}
						},
						{
							"origin": [-3.55228, 108.13408, -31.97048],
							"size": [13.32103, 19.53752, 9.76875],
							"uv": {
								"north": {"uv": [148, 179], "uv_size": [7.25, 10.75]},
								"east": {"uv": [80, 181], "uv_size": [5.25, 10.75]},
								"south": {"uv": [156, 179], "uv_size": [7.25, 10.75]},
								"west": {"uv": [86, 181], "uv_size": [5.25, 10.75]},
								"up": {"uv": [188, 150], "uv_size": [7.25, 5.25]},
								"down": {"uv": [188, 161.25], "uv_size": [7.25, -5.25]}
							}
						},
						{
							"origin": [-3.55228, 108.13408, 18.64945],
							"size": [13.32103, 19.53752, 9.76875],
							"uv": {
								"north": {"uv": [181, 0], "uv_size": [7.25, 10.75]},
								"east": {"uv": [104, 181], "uv_size": [5.25, 10.75]},
								"south": {"uv": [66, 181], "uv_size": [7.25, 10.75]},
								"west": {"uv": [110, 181], "uv_size": [5.25, 10.75]},
								"up": {"uv": [188, 162], "uv_size": [7.25, 5.25]},
								"down": {"uv": [188, 183.25], "uv_size": [7.25, -5.25]}
							}
						},
						{
							"origin": [-9.76875, 108.13408, -31.97048],
							"size": [7.10456, 19.53752, 9.76875],
							"uv": {
								"north": {"uv": [126, 26], "uv_size": [4, 10.75]},
								"east": {"uv": [92, 181], "uv_size": [5.25, 10.75]},
								"south": {"uv": [126, 37], "uv_size": [4, 10.75]},
								"west": {"uv": [98, 181], "uv_size": [5.25, 10.75]},
								"up": {"uv": [194, 0], "uv_size": [4, 5.25]},
								"down": {"uv": [194, 11.25], "uv_size": [4, -5.25]}
							}
						},
						{
							"origin": [-9.76875, 108.13408, 18.64945],
							"size": [7.10456, 19.53752, 9.76875],
							"uv": {
								"north": {"uv": [184, 150], "uv_size": [4, 10.75]},
								"east": {"uv": [116, 181], "uv_size": [5.25, 10.75]},
								"south": {"uv": [184, 161], "uv_size": [4, 10.75]},
								"west": {"uv": [122, 181], "uv_size": [5.25, 10.75]},
								"up": {"uv": [194, 12], "uv_size": [4, 5.25]},
								"down": {"uv": [194, 23.25], "uv_size": [4, -5.25]}
							}
						},
						{
							"origin": [-31.5101, 135.09584, -35.44886],
							"size": [63.02021, 21.12467, 66.95897],
							"uv": {
								"north": {"uv": [68, 114], "uv_size": [34.5, 11.5]},
								"east": {"uv": [0, 103], "uv_size": [36.5, 11.5]},
								"south": {"uv": [103, 114], "uv_size": [34.5, 11.5]},
								"west": {"uv": [107, 66], "uv_size": [36.5, 11.5]},
								"up": {"uv": [0, 0], "uv_size": [34.5, 36.5]},
								"down": {"uv": [35, 36.5], "uv_size": [34.5, -36.5]}
							}
						},
						{
							"origin": [-25.32461, 165.39573, -28.49018],
							"size": [50.64922, 16.97785, 53.81479],
							"uv": {
								"north": {"uv": [126, 55], "uv_size": [27.75, 9.25]},
								"east": {"uv": [121, 91], "uv_size": [29.25, 9.25]},
								"south": {"uv": [137, 0], "uv_size": [27.75, 9.25]},
								"west": {"uv": [121, 101], "uv_size": [29.25, 9.25]},
								"up": {"uv": [70, 0], "uv_size": [27.75, 29.25]},
								"down": {"uv": [31, 99.25], "uv_size": [27.75, -29.25]}
							}
						},
						{
							"origin": [-21.77917, 170.62908, -24.50156],
							"size": [43.55832, 16.37709, 46.28072],
							"uv": {
								"north": {"uv": [149, 20], "uv_size": [23.75, 9]},
								"east": {"uv": [137, 33], "uv_size": [25.25, 9]},
								"south": {"uv": [151, 87], "uv_size": [23.75, 9]},
								"west": {"uv": [137, 42], "uv_size": [25.25, 9]},
								"up": {"uv": [59, 70], "uv_size": [23.75, 25.25]},
								"down": {"uv": [83, 95.25], "uv_size": [23.75, -25.25]}
							}
						},
						{
							"origin": [-9.34619, 161.7484, -37.82259],
							"size": [18.6924, 18.15323, 40.06424],
							"uv": {
								"north": {"uv": [165, 0], "uv_size": [10.25, 10]},
								"east": {"uv": [37, 100], "uv_size": [21.75, 10]},
								"south": {"uv": [167, 96], "uv_size": [10.25, 10]},
								"west": {"uv": [149, 10], "uv_size": [21.75, 10]},
								"up": {"uv": [140, 134], "uv_size": [10.25, 21.75]},
								"down": {"uv": [144, 86.75], "uv_size": [10.25, -21.75]}
							}
						},
						{
							"origin": [-10.23426, 179.12377, -39.59873],
							"size": [20.46854, 2.66592, 41.84038],
							"uv": {
								"north": {"uv": [93, 66], "uv_size": [11.25, 1.75]},
								"east": {"uv": [98, 26], "uv_size": [22.75, 1.75]},
								"south": {"uv": [93, 68], "uv_size": [11.25, 1.75]},
								"west": {"uv": [98, 28], "uv_size": [22.75, 1.75]},
								"up": {"uv": [137, 10], "uv_size": [11.25, 22.75]},
								"down": {"uv": [140, 133.75], "uv_size": [11.25, -22.75]}
							}
						},
						{
							"origin": [-7.57005, 163.52452, -38.25243],
							"size": [15.14012, 14.60096, 44.50458],
							"uv": {
								"north": {"uv": [155, 79], "uv_size": [8.25, 8]},
								"east": {"uv": [152, 121], "uv_size": [24.25, 8]},
								"south": {"uv": [164, 79], "uv_size": [8.25, 8]},
								"west": {"uv": [154, 51], "uv_size": [24.25, 8]},
								"up": {"uv": [151, 134], "uv_size": [8.25, 24.25]},
								"down": {"uv": [152, 120.25], "uv_size": [8.25, -24.25]}
							}
						}
					]
				}
			]
		}
	]
}