{
	"format_version": "1.12.0",
	"minecraft:geometry": [
		{
			"description": {
				"identifier": "geometry.purple carr",
				"texture_width": 128,
				"texture_height": 128,
				"visible_bounds_width": 13,
				"visible_bounds_height": 13,
				"visible_bounds_offset": [0, 0.5, 0]
			},
			"bones": [
				{
					"name": "head",
					"pivot": [0, 36, -3],
					"cubes": [
						{
							"origin": [-5.47, 33.53, -10.47],
							"size": [10.94, 13.78, 10.94],
							"inflate": -0.5,
							"uv": {
								"north": {"uv": [0, 20], "uv_size": [11, 13.75]},
								"east": {"uv": [26, 0], "uv_size": [11, 13.75]},
								"south": {"uv": [26, 14], "uv_size": [11, 13.75]},
								"west": {"uv": [26, 28], "uv_size": [11, 13.75]},
								"up": {"uv": [37, 0], "uv_size": [11, 11]},
								"down": {"uv": [37, 22], "uv_size": [11, -11]}
							}
						},
						{
							"origin": [-1.47, 45.31, -13.47],
							"size": [2.94, 9, 1],
							"inflate": -0.5,
							"pivot": [0, -16.38, -5],
							"rotation": [-7.5, 0, 0],
							"uv": {
								"north": {"uv": [65, 19], "uv_size": [3, 9]},
								"east": {"uv": [10, 34], "uv_size": [1, 9]},
								"south": {"uv": [65, 28], "uv_size": [3, 9]},
								"west": {"uv": [20, 46], "uv_size": [1, 9]},
								"up": {"uv": [55, 51], "uv_size": [3, 1]},
								"down": {"uv": [58, 20], "uv_size": [3, -1]}
							}
						},
						{
							"origin": [-6.47, 45.31, -13.47],
							"size": [2.94, 9, 1],
							"inflate": -0.5,
							"pivot": [0, -16.38, -5],
							"rotation": [-7.43656, 0.9762, 7.43656],
							"uv": {
								"north": {"uv": [65, 37], "uv_size": [3, 9]},
								"east": {"uv": [43, 70], "uv_size": [1, 9]},
								"south": {"uv": [56, 65], "uv_size": [3, 9]},
								"west": {"uv": [3, 72], "uv_size": [1, 9]},
								"up": {"uv": [58, 51], "uv_size": [3, 1]},
								"down": {"uv": [61, 20], "uv_size": [3, -1]}
							}
						},
						{
							"origin": [3.53, 45.31, -13.47],
							"size": [2.94, 9, 1],
							"inflate": -0.5,
							"pivot": [0, -16.38, -5],
							"rotation": [-7.43656, -0.9762, -7.43656],
							"uv": {
								"north": {"uv": [59, 65], "uv_size": [3, 9]},
								"east": {"uv": [4, 72], "uv_size": [1, 9]},
								"south": {"uv": [62, 65], "uv_size": [3, 9]},
								"west": {"uv": [5, 72], "uv_size": [1, 9]},
								"up": {"uv": [68, 45], "uv_size": [3, 1]},
								"down": {"uv": [71, 46], "uv_size": [3, -1]}
							}
						},
						{
							"origin": [-4.47, 37.31, -17.05],
							"size": [9.26, 4.94, 9.68],
							"inflate": -0.5,
							"uv": {
								"north": {"uv": [58, 12], "uv_size": [9.25, 5]},
								"east": {"uv": [55, 38], "uv_size": [9.75, 5]},
								"south": {"uv": [53, 58], "uv_size": [9.25, 5]},
								"west": {"uv": [55, 43], "uv_size": [9.75, 5]},
								"up": {"uv": [45, 42], "uv_size": [9.25, 9.75]},
								"down": {"uv": [10, 55.75], "uv_size": [9.25, -9.75]}
							}
						},
						{
							"origin": [-3.47, 35.31, -16.05],
							"size": [7.26, 3, 8.68],
							"inflate": -0.5,
							"uv": {
								"north": {"uv": [55, 48], "uv_size": [7.25, 3]},
								"east": {"uv": [63, 60], "uv_size": [8.75, 3]},
								"south": {"uv": [68, 14], "uv_size": [7.25, 3]},
								"west": {"uv": [65, 65], "uv_size": [8.75, 3]},
								"up": {"uv": [37, 52], "uv_size": [7.25, 8.75]},
								"down": {"uv": [45, 60.75], "uv_size": [7.25, -8.75]}
							}
						},
						{
							"origin": [-5.47, 41.31, -11.05],
							"size": [5.26, 5, 3.68],
							"inflate": -0.5,
							"pivot": [0, -16.38, -5],
							"rotation": [0, 2.5, 0],
							"uv": {
								"north": {"uv": [66, 0], "uv_size": [5.25, 5]},
								"east": {"uv": [68, 35], "uv_size": [3.75, 5]},
								"south": {"uv": [66, 5], "uv_size": [5.25, 5]},
								"west": {"uv": [68, 40], "uv_size": [3.75, 5]},
								"up": {"uv": [68, 19], "uv_size": [5.25, 3.75]},
								"down": {"uv": [68, 26.75], "uv_size": [5.25, -3.75]}
							}
						},
						{
							"origin": [0.21, 41.31, -11.05],
							"size": [5.26, 5, 3.68],
							"inflate": -0.5,
							"pivot": [0, -16.38, -5],
							"rotation": [0, -2.5, 0],
							"uv": {
								"north": {"uv": [66, 46], "uv_size": [5.25, 5]},
								"east": {"uv": [65, 68], "uv_size": [3.75, 5]},
								"south": {"uv": [66, 51], "uv_size": [5.25, 5]},
								"west": {"uv": [69, 68], "uv_size": [3.75, 5]},
								"up": {"uv": [68, 27], "uv_size": [5.25, 3.75]},
								"down": {"uv": [68, 34.75], "uv_size": [5.25, -3.75]}
							}
						}
					]
				},
				{
					"name": "Body",
					"pivot": [0, 34, -2],
					"cubes": [
						{
							"origin": [-5, 20, -8],
							"size": [10, 14, 8],
							"uv": {
								"north": {"uv": [11, 32], "uv_size": [10, 14]},
								"east": {"uv": [21, 42], "uv_size": [8, 14]},
								"south": {"uv": [0, 34], "uv_size": [10, 14]},
								"west": {"uv": [29, 42], "uv_size": [8, 14]},
								"up": {"uv": [0, 48], "uv_size": [10, 8]},
								"down": {"uv": [48, 20], "uv_size": [10, -8]}
							}
						},
						{
							"origin": [-5, 19, -7],
							"size": [10, 10, 16],
							"uv": {
								"north": {"uv": [45, 22], "uv_size": [10, 10]},
								"east": {"uv": [71, 95.5], "uv_size": [42.5, 16.75]},
								"south": {"uv": [45, 32], "uv_size": [10, 10]},
								"west": {"uv": [0, 10], "uv_size": [16, 10]},
								"up": {"uv": [16, 0], "uv_size": [10, 16]},
								"down": {"uv": [16, 32], "uv_size": [10, -16]}
							}
						},
						{
							"origin": [-1, 24, 4],
							"size": [3, 2, 15],
							"pivot": [0, -10, 3],
							"rotation": [0, 10, 0],
							"uv": {
								"north": {"uv": [51, 20], "uv_size": [3, 2]},
								"east": {"uv": [58, 17], "uv_size": [15, 2]},
								"south": {"uv": [34, 59], "uv_size": [3, 2]},
								"west": {"uv": [63, 10], "uv_size": [15, 2]},
								"up": {"uv": [44, 61], "uv_size": [3, 15]},
								"down": {"uv": [47, 76], "uv_size": [3, -15]}
							}
						},
						{
							"origin": [-3, 24, 4],
							"size": [3, 2, 15],
							"pivot": [0, -10, 3],
							"rotation": [0, -10, 0],
							"uv": {
								"north": {"uv": [71, 63], "uv_size": [3, 2]},
								"east": {"uv": [56, 63], "uv_size": [15, 2]},
								"south": {"uv": [72, 3], "uv_size": [3, 2]},
								"west": {"uv": [63, 58], "uv_size": [15, 2]},
								"up": {"uv": [50, 61], "uv_size": [3, 15]},
								"down": {"uv": [18, 77], "uv_size": [3, -15]}
							}
						},
						{
							"origin": [-6, 21, -7],
							"size": [1, 6, 10],
							"pivot": [0, 0, 0],
							"rotation": [-5, 0, 0],
							"uv": {
								"north": {"uv": [40, 70], "uv_size": [3, 6]},
								"east": {"uv": [55, 26], "uv_size": [10, 6]},
								"south": {"uv": [0, 72], "uv_size": [3, 6]},
								"west": {"uv": [55, 32], "uv_size": [10, 6]},
								"up": {"uv": [63, 48], "uv_size": [3, 10]},
								"down": {"uv": [53, 73], "uv_size": [3, -10]}
							}
						},
						{
							"origin": [5, 21, -7],
							"size": [1, 6, 10],
							"pivot": [0, 0, 0],
							"rotation": [-5, 0, 0],
							"uv": {
								"north": {"uv": [43, 70], "uv_size": [-3, 6]},
								"east": {"uv": [65, 32], "uv_size": [-10, 6]},
								"south": {"uv": [3, 72], "uv_size": [-3, 6]},
								"west": {"uv": [65, 26], "uv_size": [-10, 6]},
								"up": {"uv": [66, 48], "uv_size": [-3, 10]},
								"down": {"uv": [56, 73], "uv_size": [-3, -10]}
							}
						},
						{
							"origin": [-6, 19, -2],
							"size": [1, 2, 5],
							"pivot": [0, 0, 0],
							"rotation": [-5, 0, 0],
							"uv": {
								"north": {"uv": [40, 70], "uv_size": [3, 6]},
								"east": {"uv": [55, 26], "uv_size": [10, 6]},
								"south": {"uv": [0, 72], "uv_size": [3, 6]},
								"west": {"uv": [55, 32], "uv_size": [10, 6]},
								"up": {"uv": [63, 48], "uv_size": [3, 10]},
								"down": {"uv": [53, 73], "uv_size": [3, -10]}
							}
						},
						{
							"origin": [5, 19, -2],
							"size": [1, 2, 5],
							"pivot": [0, 0, 0],
							"rotation": [-5, 0, 0],
							"uv": {
								"north": {"uv": [43, 70], "uv_size": [-3, 6]},
								"east": {"uv": [65, 32], "uv_size": [-10, 6]},
								"south": {"uv": [3, 72], "uv_size": [-3, 6]},
								"west": {"uv": [65, 26], "uv_size": [-10, 6]},
								"up": {"uv": [66, 48], "uv_size": [-3, 10]},
								"down": {"uv": [56, 73], "uv_size": [-3, -10]}
							}
						},
						{
							"origin": [-2, 24, 8],
							"size": [3, 2, 12],
							"uv": {
								"north": {"uv": [72, 5], "uv_size": [3, 2]},
								"east": {"uv": [66, 56], "uv_size": [12, 2]},
								"south": {"uv": [6, 72], "uv_size": [3, 2]},
								"west": {"uv": [68, 12], "uv_size": [12, 2]},
								"up": {"uv": [21, 62], "uv_size": [3, 12]},
								"down": {"uv": [24, 74], "uv_size": [3, -12]}
							}
						},
						{
							"origin": [-4, 16, -6],
							"size": [8, 6, 15],
							"uv": {
								"north": {"uv": [18, 56], "uv_size": [8, 6]},
								"east": {"uv": [48, 0], "uv_size": [15, 6]},
								"south": {"uv": [26, 56], "uv_size": [8, 6]},
								"west": {"uv": [48, 6], "uv_size": [15, 6]},
								"up": {"uv": [37, 22], "uv_size": [8, 15]},
								"down": {"uv": [37, 52], "uv_size": [8, -15]}
							}
						}
					]
				},
				{
					"name": "RightLeg",
					"pivot": [-2, 23, -3],
					"cubes": [
						{
							"origin": [-4, 0, 0],
							"size": [3, 16, 3],
							"uv": {
								"north": {"uv": [0, 56], "uv_size": [3, 16]},
								"east": {"uv": [27, 62], "uv_size": [2, 16]},
								"south": {"uv": [3, 56], "uv_size": [3, 16]},
								"west": {"uv": [29, 62], "uv_size": [2, 16]},
								"up": {"uv": [11, 30], "uv_size": [3, 2]},
								"down": {"uv": [48, 22], "uv_size": [3, -2]}
							}
						},
						{
							"origin": [-5, 0, -7],
							"size": [5, 2, 10],
							"uv": {
								"north": {"uv": [0, 0], "uv_size": [10, 10]},
								"east": {"uv": [0, 0], "uv_size": [9, 0]},
								"south": {"uv": [0, 0], "uv_size": [5, 0]},
								"west": {"uv": [0, 0], "uv_size": [9, 0]},
								"up": {"uv": [34, 61], "uv_size": [5, 9]},
								"down": {"uv": [39, 70], "uv_size": [5, -9]}
							}
						}
					]
				},
				{
					"name": "LeftLeg",
					"pivot": [2, 22, -4],
					"cubes": [
						{
							"origin": [1, 0, 0],
							"size": [3, 16, 3],
							"uv": {
								"north": {"uv": [6, 56], "uv_size": [3, 16]},
								"east": {"uv": [9, 56], "uv_size": [3, 16]},
								"south": {"uv": [12, 56], "uv_size": [3, 16]},
								"west": {"uv": [15, 56], "uv_size": [3, 16]},
								"up": {"uv": [34, 56], "uv_size": [3, 3]},
								"down": {"uv": [72, 3], "uv_size": [3, -3]}
							}
						},
						{
							"origin": [0, 0, -7],
							"size": [5, 2, 10],
							"uv": {
								"north": {"uv": [0, 0], "uv_size": [5, 0]},
								"east": {"uv": [0, 0], "uv_size": [10, 0]},
								"south": {"uv": [0, 0], "uv_size": [5, 0]},
								"west": {"uv": [0, 0], "uv_size": [10, 0]},
								"up": {"uv": [11, 20], "uv_size": [5, 10]},
								"down": {"uv": [21, 42], "uv_size": [5, -10]}
							}
						}
					]
				}
			]
		}
	]
}