{
  "format_version": "1.12.0",
  "minecraft:geometry": [
    {
      "description": {
        "identifier": "geometry.sbgoji_camera_mandie",
        "texture_width": 64,
        "texture_height": 64,
        "visible_bounds_width": 5,
        "visible_bounds_height": 5,
        "visible_bounds_offset": [
          0,
          1.5,
          0
        ]
      },
      "bones": [
        {
          "name": "Rott",
          "pivot": [
            0,
            1,
            -18
          ],
          "rotation": [
            -87.5,
            0,
            0
          ]
        },
        {
          "name": "Body",
          "parent": "Rott",
          "pivot": [
            0,
            16,
            -18
          ],
          "cubes": [
            {
              "origin": [
                -4.4,
                16.3,
                -20.2
              ],
              "size": [
                8.8,
                5.8,
                4.4
              ],
              "uv": [
                19,
                0
              ]
            }
          ]
        },
        {
          "name": "Body2",
          "parent": "Body",
          "pivot": [
            0,
            22,
            -18
          ],
          "rotation": [
            2.47864,
            0.32621,
            -7.49294
          ],
          "cubes": [
            {
              "origin": [
                -4,
                22,
                -20
              ],
              "size": [
                8,
                10,
                4
              ],
              "uv": [
                24,
                10
              ]
            },
            {
              "origin": [
                -4.4,
                22.1,
                -20.2
              ],
              "size": [
                8.8,
                10,
                4.4
              ],
              "uv": [
                0,
                14
              ]
            },
            {
              "origin": [
                -1.4,
                22.1,
                -19.2
              ],
              "size": [
                2.8,
                12,
                2.4
              ],
              "uv": [
                44,
                0
              ]
            }
          ]
        },
        {
          "name": "RightArm",
          "parent": "Body2",
          "pivot": [
            -4,
            30,
            -18
          ],
          "rotation": [
            7.24721,
            -1.93597,
            44.87739
          ],
          "cubes": [
            {
              "origin": [
                -8,
                22,
                -20
              ],
              "size": [
                4,
                9,
                4
              ],
              "uv": [
                20,
                24
              ]
            }
          ]
        },
        {
          "name": "bone",
          "parent": "RightArm",
          "pivot": [
            -6,
            22,
            -18
          ],
          "rotation": [
            -9.7516,
            -39.58992,
            6.25038
          ],
          "cubes": [
            {
              "origin": [
                -8,
                15,
                -20
              ],
              "size": [
                4,
                7,
                4
              ],
              "uv": [
                32,
                33
              ]
            },
            {
              "origin": [
                -7.7,
                12,
                -19.8
              ],
              "size": [
                3.6,
                3.6,
                3.6
              ],
              "uv": [
                44,
                30
              ]
            }
          ]
        },
        {
          "name": "LeftArm",
          "parent": "Body2",
          "pivot": [
            4,
            30,
            -18
          ],
          "rotation": [
            0,
            0,
            -55
          ],
          "cubes": [
            {
              "origin": [
                4,
                22,
                -20
              ],
              "size": [
                4,
                9,
                4
              ],
              "uv": [
                20,
                24
              ],
              "mirror": true
            }
          ]
        },
        {
          "name": "bone4",
          "parent": "LeftArm",
          "pivot": [
            6,
            22,
            -18
          ],
          "rotation": [
            2.5,
            0,
            -40
          ],
          "cubes": [
            {
              "origin": [
                4,
                15,
                -20
              ],
              "size": [
                4,
                7,
                4
              ],
              "uv": [
                32,
                33
              ],
              "mirror": true
            },
            {
              "origin": [
                4.1,
                12,
                -19.8
              ],
              "size": [
                3.6,
                3.6,
                3.6
              ],
              "uv": [
                44,
                30
              ],
              "mirror": true
            }
          ]
        },
        {
          "name": "Head",
          "parent": "Body2",
          "pivot": [
            0,
            37,
            -18
          ],
          "rotation": [
            -69.34997,
            -76.60152,
            48.47505
          ],
          "cubes": [
            {
              "origin": [
                -2.7,
                38.2,
                -23.4
              ],
              "size": [
                5.4,
                5.4,
                9
              ],
              "uv": [
                0,
                0
              ]
            },
            {
              "origin": [
                -2.7,
                40.9,
                -25.3
              ],
              "size": [
                5.4,
                2.7,
                1.9
              ],
              "uv": [
                0,
                41
              ]
            },
            {
              "origin": [
                -3.6,
                37.3,
                -19.8
              ],
              "size": [
                7.2,
                4.5,
                2.8
              ],
              "uv": [
                36,
                24
              ]
            },
            {
              "origin": [
                0.2,
                35.9,
                -23.8
              ],
              "size": [
                2.6,
                2.7,
                3.6
              ],
              "uv": [
                38,
                44
              ]
            }
          ]
        },
        {
          "name": "RightLeg",
          "parent": "Rott",
          "pivot": [
            -1.9,
            17,
            -18
          ],
          "rotation": [
            -2.44081,
            0.54094,
            17.48848
          ],
          "cubes": [
            {
              "origin": [
                -3.9,
                10,
                -20
              ],
              "size": [
                4,
                7,
                4
              ],
              "uv": [
                12,
                37
              ]
            },
            {
              "origin": [
                -4.4,
                7.3,
                -20.2
              ],
              "size": [
                4.8,
                9.8,
                4.4
              ],
              "uv": [
                0,
                28
              ]
            }
          ]
        },
        {
          "name": "bone3",
          "parent": "RightLeg",
          "pivot": [
            -2,
            10,
            -18
          ],
          "rotation": [
            0,
            0,
            -2.5
          ],
          "cubes": [
            {
              "origin": [
                -3.9,
                3,
                -20
              ],
              "size": [
                4,
                7,
                4
              ],
              "uv": [
                0,
                44
              ]
            },
            {
              "origin": [
                -3.7,
                1,
                -20.7
              ],
              "size": [
                3.6,
                1.9,
                4.5
              ],
              "uv": [
                24,
                44
              ]
            }
          ]
        },
        {
          "name": "LeftLeg",
          "parent": "Rott",
          "pivot": [
            1.9,
            17,
            -18
          ],
          "rotation": [
            -2.34941,
            -0.85481,
            -24.98247
          ],
          "cubes": [
            {
              "origin": [
                -0.1,
                10,
                -20
              ],
              "size": [
                4,
                7,
                4
              ],
              "uv": [
                12,
                37
              ],
              "mirror": true
            },
            {
              "origin": [
                -0.4,
                7.3,
                -20.2
              ],
              "size": [
                4.8,
                9.8,
                4.4
              ],
              "uv": [
                0,
                28
              ],
              "mirror": true
            }
          ]
        },
        {
          "name": "bone2",
          "parent": "LeftLeg",
          "pivot": [
            2,
            10,
            -18
          ],
          "rotation": [
            0,
            0,
            2.5
          ],
          "cubes": [
            {
              "origin": [
                -0.1,
                3,
                -20
              ],
              "size": [
                4,
                7,
                4
              ],
              "uv": [
                0,
                44
              ],
              "mirror": true
            },
            {
              "origin": [
                0.1,
                1,
                -20.7
              ],
              "size": [
                3.6,
                1.9,
                4.5
              ],
              "uv": [
                24,
                44
              ],
              "mirror": true
            }
          ]
        }
      ]
    }
  ]
}