{
  "format_version": "1.12.0",
  "minecraft:geometry": [
    {
      "description": {
        "identifier": "geometry.sbgoji_camera_man3",
        "texture_width": 64,
        "texture_height": 64,
        "visible_bounds_width": 3,
        "visible_bounds_height": 4,
        "visible_bounds_offset": [
          0,
          1,
          0
        ]
      },
      "bones": [
        {
          "name": "Body",
          "pivot": [
            0,
            15,
            0
          ],
          "cubes": [
            {
              "origin": [
                -4.4,
                15.3,
                -2.2
              ],
              "size": [
                8.8,
                5.8,
                4.4
              ],
              "uv": [
                19,
                0
              ]
            }
          ]
        },
        {
          "name": "Body2",
          "parent": "Body",
          "pivot": [
            0,
            21,
            0
          ],
          "rotation": [
            2.5,
            0,
            0
          ],
          "cubes": [
            {
              "origin": [
                -4,
                21,
                -2
              ],
              "size": [
                8,
                10,
                4
              ],
              "uv": [
                24,
                10
              ]
            },
            {
              "origin": [
                -4.4,
                21.1,
                -2.2
              ],
              "size": [
                8.8,
                10,
                4.4
              ],
              "uv": [
                0,
                14
              ]
            },
            {
              "origin": [
                -1.4,
                21.1,
                -1.2
              ],
              "size": [
                2.8,
                12,
                2.4
              ],
              "uv": [
                44,
                0
              ]
            }
          ]
        },
        {
          "name": "RightArm",
          "parent": "Body2",
          "pivot": [
            -4,
            29,
            0
          ],
          "rotation": [
            0,
            0,
            7.5
          ],
          "cubes": [
            {
              "origin": [
                -8,
                21,
                -2
              ],
              "size": [
                4,
                9,
                4
              ],
              "uv": [
                20,
                24
              ]
            }
          ]
        },
        {
          "name": "bone",
          "parent": "RightArm",
          "pivot": [
            -6,
            21,
            0
          ],
          "rotation": [
            -7.5,
            0,
            0
          ],
          "cubes": [
            {
              "origin": [
                -8,
                14,
                -2
              ],
              "size": [
                4,
                7,
                4
              ],
              "uv": [
                32,
                33
              ]
            },
            {
              "origin": [
                -7.7,
                11,
                -1.8
              ],
              "size": [
                3.6,
                3.6,
                3.6
              ],
              "uv": [
                44,
                30
              ]
            }
          ]
        },
        {
          "name": "LeftArm",
          "parent": "Body2",
          "pivot": [
            4,
            29,
            0
          ],
          "rotation": [
            0,
            0,
            -7.5
          ],
          "cubes": [
            {
              "origin": [
                4,
                21,
                -2
              ],
              "size": [
                4,
                9,
                4
              ],
              "uv": [
                20,
                24
              ],
              "mirror": true
            }
          ]
        },
        {
          "name": "bone4",
          "parent": "LeftArm",
          "pivot": [
            6,
            21,
            0
          ],
          "cubes": [
            {
              "origin": [
                4,
                14,
                -2
              ],
              "size": [
                4,
                7,
                4
              ],
              "uv": [
                32,
                33
              ],
              "mirror": true
            },
            {
              "origin": [
                4.1,
                11,
                -1.8
              ],
              "size": [
                3.6,
                3.6,
                3.6
              ],
              "uv": [
                44,
                30
              ],
              "mirror": true
            }
          ]
        },
        {
          "name": "Head",
          "parent": "Body2",
          "pivot": [
            0,
            31,
            0
          ],
          "rotation": [
            -2.5,
            0,
            0
          ],
          "cubes": [
            {
              "origin": [
                -2.7,
                32.2,
                -5.4
              ],
              "size": [
                5.4,
                5.4,
                9
              ],
              "uv": [
                0,
                0
              ]
            },
            {
              "origin": [
                -2.7,
                34.9,
                -7.3
              ],
              "size": [
                5.4,
                2.7,
                1.9
              ],
              "uv": [
                0,
                41
              ]
            },
            {
              "origin": [
                -3.6,
                31.3,
                -1.8
              ],
              "size": [
                7.2,
                4.5,
                2.8
              ],
              "uv": [
                36,
                24
              ]
            },
            {
              "origin": [
                0.2,
                29.9,
                -5.8
              ],
              "size": [
                2.6,
                2.7,
                3.6
              ],
              "uv": [
                38,
                44
              ]
            }
          ]
        },
        {
          "name": "RightLeg",
          "pivot": [
            -1.9,
            16,
            0
          ],
          "rotation": [
            -2.5,
            0,
            5
          ],
          "cubes": [
            {
              "origin": [
                -3.9,
                9,
                -2
              ],
              "size": [
                4,
                7,
                4
              ],
              "uv": [
                12,
                37
              ]
            },
            {
              "origin": [
                -4.4,
                6.3,
                -2.2
              ],
              "size": [
                4.8,
                9.8,
                4.4
              ],
              "uv": [
                0,
                28
              ]
            }
          ]
        },
        {
          "name": "bone3",
          "parent": "RightLeg",
          "pivot": [
            -2,
            9,
            0
          ],
          "rotation": [
            0,
            0,
            -2.5
          ],
          "cubes": [
            {
              "origin": [
                -3.9,
                2,
                -2
              ],
              "size": [
                4,
                7,
                4
              ],
              "uv": [
                0,
                44
              ]
            },
            {
              "origin": [
                -3.7,
                0,
                -2.7
              ],
              "size": [
                3.6,
                1.9,
                4.5
              ],
              "uv": [
                24,
                44
              ]
            }
          ]
        },
        {
          "name": "LeftLeg",
          "pivot": [
            1.9,
            16,
            0
          ],
          "rotation": [
            -2.5,
            0,
            -5
          ],
          "cubes": [
            {
              "origin": [
                -0.1,
                9,
                -2
              ],
              "size": [
                4,
                7,
                4
              ],
              "uv": [
                12,
                37
              ],
              "mirror": true
            },
            {
              "origin": [
                -0.4,
                6.3,
                -2.2
              ],
              "size": [
                4.8,
                9.8,
                4.4
              ],
              "uv": [
                0,
                28
              ],
              "mirror": true
            }
          ]
        },
        {
          "name": "bone2",
          "parent": "LeftLeg",
          "pivot": [
            2,
            9,
            0
          ],
          "rotation": [
            0,
            0,
            2.5
          ],
          "cubes": [
            {
              "origin": [
                -0.1,
                2,
                -2
              ],
              "size": [
                4,
                7,
                4
              ],
              "uv": [
                0,
                44
              ],
              "mirror": true
            },
            {
              "origin": [
                0.1,
                0,
                -2.7
              ],
              "size": [
                3.6,
                1.9,
                4.5
              ],
              "uv": [
                24,
                44
              ],
              "mirror": true
            }
          ]
        }
      ]
    }
  ]
}