{
  "format_version": "1.12.0",
  "minecraft:geometry": [
    {
      "description": {
        "identifier": "geometry.sbgoji_tv_man3",
        "texture_width": 128,
        "texture_height": 128,
        "visible_bounds_width": 10,
        "visible_bounds_height": 19,
        "visible_bounds_offset": [
          0,
          -4.5,
          0
        ]
      },
      "bones": [
        {
          "name": "Body",
          "pivot": [
            0,
            15,
            0
          ],
          "cubes": [
            {
              "origin": [
                -4.4,
                15.3,
                -2.2
              ],
              "size": [
                8.8,
                5.8,
                4.4
              ],
              "uv": [
                60,
                64
              ]
            },
            {
              "origin": [
                -4.4,
                17.3,
                -2.2
              ],
              "size": [
                1.8,
                4.8,
                4.4
              ],
              "pivot": [
                -4,
                18,
                0
              ],
              "rotation": [
                0,
                -2.5,
                -12.5
              ],
              "uv": [
                22,
                0
              ]
            },
            {
              "origin": [
                2.6,
                17.3,
                -2.2
              ],
              "size": [
                1.8,
                4.8,
                4.4
              ],
              "pivot": [
                4,
                18,
                0
              ],
              "rotation": [
                0,
                2.5,
                12.5
              ],
              "uv": [
                22,
                0
              ],
              "mirror": true
            }
          ]
        },
        {
          "name": "Body2",
          "parent": "Body",
          "pivot": [
            0,
            21,
            0
          ],
          "rotation": [
            2.5,
            0,
            0
          ],
          "cubes": [
            {
              "origin": [
                -4,
                21,
                -3
              ],
              "size": [
                8,
                10,
                4
              ],
              "uv": [
                0,
                48
              ]
            },
            {
              "origin": [
                -4.4,
                21.1,
                -3.2
              ],
              "size": [
                8.8,
                10,
                4.4
              ],
              "uv": [
                0,
                34
              ]
            },
            {
              "origin": [
                -4.4,
                21.1,
                -2.2
              ],
              "size": [
                8.8,
                10,
                4.4
              ],
              "uv": [
                0,
                34
              ]
            },
            {
              "origin": [
                -5.4,
                20.1,
                -2.2
              ],
              "size": [
                1,
                10,
                4.4
              ],
              "uv": [
                80,
                80
              ]
            },
            {
              "origin": [
                4.4,
                20.1,
                -2.2
              ],
              "size": [
                1,
                10,
                4.4
              ],
              "uv": [
                80,
                80
              ],
              "mirror": true
            }
          ]
        },
        {
          "name": "LeftArm",
          "parent": "Body2",
          "pivot": [
            5,
            29,
            0
          ],
          "rotation": [
            0,
            0,
            -2.5
          ],
          "cubes": [
            {
              "origin": [
                5,
                21,
                -2
              ],
              "size": [
                4,
                9,
                4
              ],
              "uv": [
                52,
                73
              ],
              "mirror": true
            }
          ]
        },
        {
          "name": "bone4",
          "parent": "LeftArm",
          "pivot": [
            7,
            21,
            0
          ],
          "rotation": [
            -5.25998,
            -0.75255,
            1.06589
          ],
          "cubes": [
            {
              "origin": [
                5,
                14,
                -2
              ],
              "size": [
                4,
                7,
                4
              ],
              "uv": [
                16,
                80
              ],
              "mirror": true
            },
            {
              "origin": [
                5.1,
                11,
                -1.8
              ],
              "size": [
                3.6,
                3.6,
                3.6
              ],
              "uv": [
                28,
                64
              ],
              "mirror": true
            }
          ]
        },
        {
          "name": "RightArm",
          "parent": "Body2",
          "pivot": [
            -5,
            29,
            0
          ],
          "rotation": [
            0,
            0,
            2.5
          ],
          "cubes": [
            {
              "origin": [
                -9,
                21,
                -2
              ],
              "size": [
                4,
                9,
                4
              ],
              "uv": [
                52,
                73
              ]
            }
          ]
        },
        {
          "name": "bone5",
          "parent": "RightArm",
          "pivot": [
            -7,
            21,
            0
          ],
          "rotation": [
            -5.25998,
            0.75255,
            -1.06589
          ],
          "cubes": [
            {
              "origin": [
                -9,
                14,
                -2
              ],
              "size": [
                4,
                7,
                4
              ],
              "uv": [
                16,
                80
              ]
            },
            {
              "origin": [
                -8.7,
                11,
                -1.8
              ],
              "size": [
                3.6,
                3.6,
                3.6
              ],
              "uv": [
                28,
                64
              ]
            }
          ]
        },
        {
          "name": "Head",
          "parent": "Body2",
          "pivot": [
            0,
            31,
            0
          ],
          "rotation": [
            -2.5,
            0,
            0
          ],
          "cubes": [
            {
              "origin": [
                -3.7,
                30.2,
                -2.4
              ],
              "size": [
                7.4,
                8.4,
                8
              ],
              "uv": [
                0,
                0
              ]
            },
            {
              "origin": [
                -4.7,
                34.2,
                -2.4
              ],
              "size": [
                7.4,
                3.4,
                6
              ],
              "uv": [
                34,
                64
              ]
            },
            {
              "origin": [
                -3.2,
                36.2,
                0.6
              ],
              "size": [
                2.9,
                2.4,
                5
              ],
              "pivot": [
                1,
                39,
                6
              ],
              "rotation": [
                -22.5,
                0,
                0
              ],
              "uv": [
                80,
                68
              ]
            },
            {
              "origin": [
                0.3,
                36.2,
                0.6
              ],
              "size": [
                2.9,
                2.4,
                5
              ],
              "pivot": [
                -1,
                39,
                6
              ],
              "rotation": [
                -22.5,
                0,
                0
              ],
              "uv": [
                80,
                68
              ],
              "mirror": true
            },
            {
              "origin": [
                -3.7,
                30.2,
                0.6
              ],
              "size": [
                7.4,
                7.4,
                5
              ],
              "pivot": [
                4,
                33,
                6
              ],
              "rotation": [
                0,
                -20,
                0
              ],
              "uv": [
                64,
                16
              ]
            },
            {
              "origin": [
                -3.7,
                30.2,
                0.6
              ],
              "size": [
                7.4,
                7.4,
                5
              ],
              "pivot": [
                -4,
                33,
                6
              ],
              "rotation": [
                0,
                20,
                0
              ],
              "uv": [
                64,
                16
              ],
              "mirror": true
            },
            {
              "origin": [
                -5.7,
                30.2,
                -4.4
              ],
              "size": [
                11.4,
                10.4,
                6
              ],
              "uv": [
                64,
                0
              ]
            }
          ]
        },
        {
          "name": "bone7",
          "parent": "Head",
          "pivot": [
            1,
            39,
            7
          ],
          "cubes": [
            {
              "origin": [
                -5.7,
                30.2,
                -2.6
              ],
              "size": [
                11.4,
                10.4,
                6
              ],
              "uv": [
                0,
                64
              ]
            }
          ]
        },
        {
          "name": "bone",
          "parent": "Head",
          "pivot": [
            0,
            36,
            0
          ],
          "cubes": [
            {
              "origin": [
                -4.7,
                31.2,
                -3.4
              ],
              "size": [
                9.4,
                8.4,
                4
              ],
              "uv": [
                0,
                16
              ]
            }
          ]
        },
        {
          "name": "LeftLeg",
          "pivot": [
            2.9,
            16,
            0
          ],
          "rotation": [
            -2.4905,
            0.21782,
            -0.00473
          ],
          "cubes": [
            {
              "origin": [
                0.9,
                9,
                -2
              ],
              "size": [
                4,
                7,
                4
              ],
              "uv": [
                0,
                80
              ],
              "mirror": true
            },
            {
              "origin": [
                -0.4,
                6.3,
                -2.2
              ],
              "size": [
                5.8,
                9.8,
                4.4
              ],
              "uv": [
                34,
                73
              ],
              "mirror": true
            }
          ]
        },
        {
          "name": "bone2",
          "parent": "LeftLeg",
          "pivot": [
            3,
            9,
            0
          ],
          "rotation": [
            2.5,
            0,
            0
          ],
          "cubes": [
            {
              "origin": [
                0.9,
                2,
                -2
              ],
              "size": [
                4,
                7,
                4
              ],
              "uv": [
                68,
                73
              ],
              "mirror": true
            },
            {
              "origin": [
                1.1,
                0,
                -2.7
              ],
              "size": [
                3.6,
                1.9,
                4.5
              ],
              "uv": [
                83,
                16
              ],
              "mirror": true
            }
          ]
        },
        {
          "name": "RightLeg",
          "pivot": [
            -2.9,
            16,
            0
          ],
          "rotation": [
            -2.4905,
            -0.21782,
            0.00473
          ],
          "cubes": [
            {
              "origin": [
                -4.9,
                9,
                -2
              ],
              "size": [
                4,
                7,
                4
              ],
              "uv": [
                0,
                80
              ]
            },
            {
              "origin": [
                -5.4,
                6.3,
                -2.2
              ],
              "size": [
                5.8,
                9.8,
                4.4
              ],
              "uv": [
                34,
                73
              ]
            }
          ]
        },
        {
          "name": "bone3",
          "parent": "RightLeg",
          "pivot": [
            -3,
            9,
            0
          ],
          "rotation": [
            2.5,
            0,
            0
          ],
          "cubes": [
            {
              "origin": [
                -4.9,
                2,
                -2
              ],
              "size": [
                4,
                7,
                4
              ],
              "uv": [
                68,
                73
              ]
            },
            {
              "origin": [
                -4.7,
                0,
                -2.7
              ],
              "size": [
                3.6,
                1.9,
                4.5
              ],
              "uv": [
                83,
                16
              ]
            }
          ]
        },
        {
          "name": "bone6",
          "pivot": [
            0,
            -214,
            28
          ],
          "cubes": [
            {
              "origin": [
                -8,
                -214,
                -12
              ],
              "size": [
                16,
                2,
                32
              ],
              "uv": [
                0,
                0
              ]
            },
            {
              "origin": [
                -8,
                -214,
                -8
              ],
              "size": [
                16,
                2,
                28
              ],
              "pivot": [
                8,
                -214,
                20
              ],
              "rotation": [
                0,
                -27.5,
                0
              ],
              "uv": [
                0,
                34
              ]
            },
            {
              "origin": [
                -8,
                -214,
                -8
              ],
              "size": [
                16,
                2,
                28
              ],
              "pivot": [
                -8,
                -214,
                20
              ],
              "rotation": [
                0,
                27.5,
                0
              ],
              "uv": [
                0,
                34
              ],
              "mirror": true
            }
          ]
        },
        {
          "name": "Smokesmoke",
          "pivot": [
            0,
            -218,
            -4
          ]
        },
        {
          "name": "bone9",
          "parent": "Smokesmoke",
          "pivot": [
            0,
            -218,
            -5
          ],
          "cubes": [
            {
              "origin": [
                -1,
                -218,
                -6
              ],
              "size": [
                11,
                14,
                11
              ],
              "uv": [
                60,
                34
              ]
            },
            {
              "origin": [
                -6,
                -218,
                -14
              ],
              "size": [
                11,
                14,
                11
              ],
              "uv": [
                60,
                34
              ]
            },
            {
              "origin": [
                -4,
                -211,
                -10
              ],
              "size": [
                11,
                14,
                11
              ],
              "uv": [
                60,
                34
              ]
            }
          ]
        },
        {
          "name": "bone8",
          "parent": "Smokesmoke",
          "pivot": [
            -10,
            -218,
            -5
          ],
          "cubes": [
            {
              "origin": [
                -11,
                -218,
                -6
              ],
              "size": [
                11,
                14,
                11
              ],
              "uv": [
                60,
                34
              ]
            },
            {
              "origin": [
                -16,
                -218,
                -14
              ],
              "size": [
                11,
                14,
                11
              ],
              "uv": [
                60,
                34
              ]
            },
            {
              "origin": [
                -14,
                -211,
                -10
              ],
              "size": [
                11,
                14,
                11
              ],
              "uv": [
                60,
                34
              ]
            }
          ]
        }
      ]
    }
  ]
}