{
  "format_version": "1.12.0",
  "minecraft:geometry": [
    {
      "description": {
        "identifier": "geometry.max_stinger_flynn",
        "texture_width": 128,
        "texture_height": 128,
        "visible_bounds_width": 5,
        "visible_bounds_height": 3,
        "visible_bounds_offset": [
          0,
          0.5,
          0
        ]
      },
      "bones": [
        {
          "name": "Root",
          "pivot": [
            0,
            0,
            0
          ]
        },
        {
          "name": "Body",
          "parent": "Root",
          "pivot": [
            0,
            0,
            0
          ],
          "cubes": [
            {
              "origin": [
                -7,
                0,
                -7
              ],
              "size": [
                14,
                6,
                14
              ],
              "uv": [
                0,
                0
              ]
            },
            {
              "origin": [
                -6,
                6,
                -6
              ],
              "size": [
                12,
                7,
                12
              ],
              "uv": [
                0,
                20
              ]
            }
          ]
        },
        {
          "name": "Leg",
          "parent": "Body",
          "pivot": [
            -7,
            3,
            5
          ],
          "rotation": [
            0,
            30,
            0
          ],
          "cubes": [
            {
              "origin": [
                -16,
                -2,
                4
              ],
              "size": [
                9,
                2,
                2
              ],
              "pivot": [
                0,
                0,
                0
              ],
              "rotation": [
                0,
                0,
                30
              ],
              "uv": [
                58,
                45
              ]
            },
            {
              "origin": [
                -23.50962,
                6.43782,
                4
              ],
              "size": [
                9,
                2,
                2
              ],
              "pivot": [
                -15,
                7,
                5
              ],
              "rotation": [
                2.1573,
                4.74594,
                59.64339
              ],
              "uv": [
                58,
                28
              ]
            },
            {
              "origin": [
                -29.50962,
                11.43782,
                4
              ],
              "size": [
                9,
                2,
                2
              ],
              "pivot": [
                -15,
                7,
                5
              ],
              "rotation": [
                -1.40614,
                5.01947,
                19.49235
              ],
              "uv": [
                58,
                0
              ]
            },
            {
              "origin": [
                -29.50962,
                15.43782,
                3
              ],
              "size": [
                6,
                4,
                4
              ],
              "pivot": [
                -15,
                7,
                5
              ],
              "rotation": [
                -3.22235,
                4.09896,
                -3.06136
              ],
              "uv": [
                0,
                47
              ]
            }
          ]
        },
        {
          "name": "Leg2",
          "parent": "Body",
          "pivot": [
            0,
            0,
            -5
          ],
          "cubes": [
            {
              "origin": [
                -16,
                -2,
                -1
              ],
              "size": [
                9,
                2,
                2
              ],
              "pivot": [
                0,
                0,
                -5
              ],
              "rotation": [
                0,
                0,
                30
              ],
              "uv": [
                56,
                36
              ]
            },
            {
              "origin": [
                -23.50962,
                6.43782,
                -1
              ],
              "size": [
                9,
                2,
                2
              ],
              "pivot": [
                -15,
                7,
                0
              ],
              "rotation": [
                2.1573,
                4.74594,
                59.64339
              ],
              "uv": [
                56,
                24
              ]
            },
            {
              "origin": [
                -29.50962,
                11.43782,
                -1
              ],
              "size": [
                9,
                2,
                2
              ],
              "pivot": [
                -15,
                7,
                0
              ],
              "rotation": [
                -1.40614,
                5.01947,
                19.49235
              ],
              "uv": [
                56,
                16
              ]
            },
            {
              "origin": [
                -29.50962,
                15.43782,
                -2
              ],
              "size": [
                6,
                4,
                4
              ],
              "pivot": [
                -15,
                7,
                0
              ],
              "rotation": [
                -3.22235,
                4.09896,
                -3.06136
              ],
              "uv": [
                42,
                0
              ]
            }
          ]
        },
        {
          "name": "Leg3",
          "parent": "Body",
          "pivot": [
            -7,
            3,
            -5
          ],
          "rotation": [
            0,
            -30,
            0
          ],
          "cubes": [
            {
              "origin": [
                -16,
                -2,
                -6
              ],
              "size": [
                9,
                2,
                2
              ],
              "pivot": [
                0,
                0,
                -10
              ],
              "rotation": [
                0,
                0,
                30
              ],
              "uv": [
                56,
                12
              ]
            },
            {
              "origin": [
                -23.50962,
                6.43782,
                -6
              ],
              "size": [
                9,
                2,
                2
              ],
              "pivot": [
                -15,
                7,
                -5
              ],
              "rotation": [
                2.1573,
                4.74594,
                59.64339
              ],
              "uv": [
                44,
                55
              ]
            },
            {
              "origin": [
                -29.50962,
                11.43782,
                -6
              ],
              "size": [
                9,
                2,
                2
              ],
              "pivot": [
                -15,
                7,
                -5
              ],
              "rotation": [
                -1.40614,
                5.01947,
                19.49235
              ],
              "uv": [
                22,
                55
              ]
            },
            {
              "origin": [
                -29.50962,
                15.43782,
                -7
              ],
              "size": [
                6,
                4,
                4
              ],
              "pivot": [
                -15,
                7,
                -5
              ],
              "rotation": [
                -3.22235,
                4.09896,
                -3.06136
              ],
              "uv": [
                40,
                39
              ]
            }
          ]
        },
        {
          "name": "Body2",
          "parent": "Root",
          "pivot": [
            0,
            0,
            0
          ],
          "rotation": [
            0,
            180,
            0
          ]
        },
        {
          "name": "Leg4",
          "parent": "Body2",
          "pivot": [
            -7,
            3,
            5
          ],
          "rotation": [
            0,
            30,
            0
          ],
          "cubes": [
            {
              "origin": [
                -16,
                -2,
                4
              ],
              "size": [
                9,
                2,
                2
              ],
              "pivot": [
                0,
                0,
                0
              ],
              "rotation": [
                0,
                0,
                30
              ],
              "uv": [
                0,
                55
              ]
            },
            {
              "origin": [
                -23.50962,
                6.43782,
                4
              ],
              "size": [
                9,
                2,
                2
              ],
              "pivot": [
                -15,
                7,
                5
              ],
              "rotation": [
                2.1573,
                4.74594,
                59.64339
              ],
              "uv": [
                52,
                20
              ]
            },
            {
              "origin": [
                -29.50962,
                11.43782,
                4
              ],
              "size": [
                9,
                2,
                2
              ],
              "pivot": [
                -15,
                7,
                5
              ],
              "rotation": [
                -1.40614,
                5.01947,
                19.49235
              ],
              "uv": [
                42,
                51
              ]
            },
            {
              "origin": [
                -29.50962,
                15.43782,
                3
              ],
              "size": [
                6,
                4,
                4
              ],
              "pivot": [
                -15,
                7,
                5
              ],
              "rotation": [
                -3.22235,
                4.09896,
                -3.06136
              ],
              "uv": [
                20,
                39
              ]
            }
          ]
        },
        {
          "name": "Leg5",
          "parent": "Body2",
          "pivot": [
            0,
            0,
            -5
          ],
          "cubes": [
            {
              "origin": [
                -16,
                -2,
                -1
              ],
              "size": [
                9,
                2,
                2
              ],
              "pivot": [
                0,
                0,
                -5
              ],
              "rotation": [
                0,
                0,
                30
              ],
              "uv": [
                20,
                51
              ]
            },
            {
              "origin": [
                -23.50962,
                6.43782,
                -1
              ],
              "size": [
                9,
                2,
                2
              ],
              "pivot": [
                -15,
                7,
                0
              ],
              "rotation": [
                2.1573,
                4.74594,
                59.64339
              ],
              "uv": [
                48,
                32
              ]
            },
            {
              "origin": [
                -29.50962,
                11.43782,
                -1
              ],
              "size": [
                9,
                2,
                2
              ],
              "pivot": [
                -15,
                7,
                0
              ],
              "rotation": [
                -1.40614,
                5.01947,
                19.49235
              ],
              "uv": [
                38,
                47
              ]
            },
            {
              "origin": [
                -29.50962,
                15.43782,
                -2
              ],
              "size": [
                6,
                4,
                4
              ],
              "pivot": [
                -15,
                7,
                0
              ],
              "rotation": [
                -3.22235,
                4.09896,
                -3.06136
              ],
              "uv": [
                0,
                39
              ]
            }
          ]
        },
        {
          "name": "Leg6",
          "parent": "Body2",
          "pivot": [
            -7,
            3,
            -5
          ],
          "rotation": [
            0,
            -30,
            0
          ],
          "cubes": [
            {
              "origin": [
                -16,
                -2,
                -6
              ],
              "size": [
                9,
                2,
                2
              ],
              "pivot": [
                0,
                0,
                -10
              ],
              "rotation": [
                0,
                0,
                30
              ],
              "uv": [
                16,
                47
              ]
            },
            {
              "origin": [
                -23.50962,
                6.43782,
                -6
              ],
              "size": [
                9,
                2,
                2
              ],
              "pivot": [
                -15,
                7,
                -5
              ],
              "rotation": [
                2.1573,
                4.74594,
                59.64339
              ],
              "uv": [
                42,
                8
              ]
            },
            {
              "origin": [
                -29.50962,
                11.43782,
                -6
              ],
              "size": [
                9,
                2,
                2
              ],
              "pivot": [
                -15,
                7,
                -5
              ],
              "rotation": [
                -1.40614,
                5.01947,
                19.49235
              ],
              "uv": [
                36,
                28
              ]
            },
            {
              "origin": [
                -29.50962,
                15.43782,
                -7
              ],
              "size": [
                6,
                4,
                4
              ],
              "pivot": [
                -15,
                7,
                -5
              ],
              "rotation": [
                -3.22235,
                4.09896,
                -3.06136
              ],
              "uv": [
                36,
                20
              ]
            }
          ]
        }
      ]
    }
  ]
}