{
  "format_version": "1.12.0",
  "minecraft:geometry": [
    {
      "description": {
        "identifier": "geometry.max_jester",
        "texture_width": 64,
        "texture_height": 64,
        "visible_bounds_width": 3,
        "visible_bounds_height": 3.5,
        "visible_bounds_offset": [
          0,
          1.25,
          0
        ]
      },
      "bones": [
        {
          "name": "Root",
          "pivot": [
            0,
            12,
            0
          ]
        },
        {
          "name": "Body",
          "parent": "Root",
          "pivot": [
            0,
            12,
            0
          ],
          "cubes": [
            {
              "origin": [
                -4,
                12,
                -2
              ],
              "size": [
                8,
                14,
                4
              ],
              "uv": [
                0,
                0
              ]
            }
          ]
        },
        {
          "name": "Fullhead",
          "parent": "Body",
          "pivot": [
            0,
            26,
            0
          ]
        },
        {
          "name": "Head",
          "parent": "Fullhead",
          "pivot": [
            -2,
            26,
            0
          ],
          "cubes": [
            {
              "origin": [
                -4,
                26,
                -4
              ],
              "size": [
                4,
                8,
                8
              ],
              "uv": [
                0,
                18
              ]
            },
            {
              "origin": [
                -7,
                26,
                -4
              ],
              "size": [
                3,
                8,
                8
              ],
              "uv": [
                16,
                26
              ]
            },
            {
              "origin": [
                0,
                27,
                -3
              ],
              "size": [
                1,
                6,
                6
              ],
              "uv": [
                48,
                0
              ]
            }
          ]
        },
        {
          "name": "Head2",
          "parent": "Fullhead",
          "pivot": [
            2,
            26,
            0
          ],
          "rotation": [
            -180,
            0,
            -180
          ],
          "cubes": [
            {
              "origin": [
                0,
                26,
                -4
              ],
              "size": [
                4,
                8,
                8
              ],
              "uv": [
                16,
                10
              ]
            },
            {
              "origin": [
                -4,
                25,
                -3
              ],
              "size": [
                4,
                6,
                6
              ],
              "pivot": [
                4,
                26,
                0
              ],
              "rotation": [
                0,
                0,
                22.5
              ],
              "uv": [
                34,
                20
              ]
            },
            {
              "origin": [
                -6,
                29,
                -2
              ],
              "size": [
                4,
                4,
                4
              ],
              "pivot": [
                4,
                26,
                0
              ],
              "rotation": [
                0,
                0,
                2.5
              ],
              "uv": [
                44,
                12
              ]
            },
            {
              "origin": [
                4,
                27,
                -3
              ],
              "size": [
                1,
                6,
                6
              ],
              "uv": [
                46,
                43
              ]
            }
          ]
        },
        {
          "name": "Jaw",
          "parent": "Fullhead",
          "pivot": [
            0,
            21,
            0
          ],
          "cubes": [
            {
              "origin": [
                -1,
                26,
                0
              ],
              "size": [
                2,
                7,
                0
              ],
              "uv": [
                0,
                18
              ]
            }
          ]
        },
        {
          "name": "Arm",
          "parent": "Body",
          "pivot": [
            -5,
            25,
            0
          ],
          "cubes": [
            {
              "origin": [
                -7,
                12,
                -2
              ],
              "size": [
                3,
                13,
                4
              ],
              "uv": [
                16,
                42
              ]
            },
            {
              "origin": [
                -9,
                12,
                -2
              ],
              "size": [
                2,
                13,
                4
              ],
              "uv": [
                30,
                45
              ]
            }
          ]
        },
        {
          "name": "Arm2",
          "parent": "Body",
          "pivot": [
            4,
            25,
            0
          ],
          "cubes": [
            {
              "origin": [
                4,
                12,
                -2
              ],
              "size": [
                3,
                13,
                4
              ],
              "uv": [
                38,
                32
              ]
            }
          ]
        },
        {
          "name": "Leg",
          "parent": "Root",
          "pivot": [
            2,
            12,
            0
          ],
          "cubes": [
            {
              "origin": [
                0,
                0,
                -2
              ],
              "size": [
                4,
                12,
                4
              ],
              "uv": [
                0,
                34
              ]
            }
          ]
        },
        {
          "name": "Leg2",
          "parent": "Root",
          "pivot": [
            -2,
            12,
            0
          ],
          "cubes": [
            {
              "origin": [
                -4,
                0,
                -2
              ],
              "size": [
                4,
                12,
                4
              ],
              "uv": [
                32,
                0
              ]
            }
          ]
        }
      ]
    }
  ]
}