{
  "format_version": "1.12.0",
  "minecraft:geometry": [
    {
      "description": {
        "identifier": "geometry.max_queen_bouncelia",
        "texture_width": 128,
        "texture_height": 128,
        "visible_bounds_width": 7,
        "visible_bounds_height": 4.5,
        "visible_bounds_offset": [
          0,
          1.75,
          0
        ]
      },
      "bones": [
        {
          "name": "Root",
          "pivot": [
            0,
            20,
            7
          ],
          "rotation": [
            0,
            180,
            0
          ]
        },
        {
          "name": "Body",
          "parent": "Root",
          "pivot": [
            0,
            20,
            12
          ],
          "cubes": [
            {
              "origin": [
                -5,
                16,
                7
              ],
              "size": [
                10,
                9,
                16
              ],
              "uv": [
                0,
                0
              ]
            },
            {
              "origin": [
                -4,
                17,
                23
              ],
              "size": [
                8,
                7,
                2
              ],
              "uv": [
                74,
                29
              ]
            },
            {
              "origin": [
                -3,
                14,
                24
              ],
              "size": [
                6,
                6,
                6
              ],
              "pivot": [
                0,
                16,
                15
              ],
              "rotation": [
                22.5,
                0,
                0
              ],
              "uv": [
                64,
                10
              ]
            },
            {
              "origin": [
                -2,
                5,
                26
              ],
              "size": [
                4,
                6,
                6
              ],
              "pivot": [
                0,
                16,
                15
              ],
              "rotation": [
                60,
                0,
                0
              ],
              "uv": [
                70,
                44
              ]
            },
            {
              "origin": [
                -1,
                -2,
                24
              ],
              "size": [
                2,
                4,
                5
              ],
              "pivot": [
                0,
                16,
                15
              ],
              "rotation": [
                90,
                0,
                0
              ],
              "uv": [
                0,
                0
              ]
            },
            {
              "origin": [
                -4,
                20,
                0
              ],
              "size": [
                8,
                7,
                12
              ],
              "pivot": [
                0,
                16,
                15
              ],
              "rotation": [
                30,
                0,
                0
              ],
              "uv": [
                28,
                33
              ]
            },
            {
              "origin": [
                -3,
                19,
                -11
              ],
              "size": [
                6,
                5,
                11
              ],
              "pivot": [
                0,
                16,
                15
              ],
              "rotation": [
                22.5,
                0,
                0
              ],
              "uv": [
                36,
                0
              ]
            },
            {
              "origin": [
                -2,
                9,
                -20
              ],
              "size": [
                4,
                5,
                10
              ],
              "uv": [
                56,
                29
              ]
            },
            {
              "origin": [
                -1,
                -5,
                -24
              ],
              "size": [
                2,
                5,
                10
              ],
              "pivot": [
                0,
                16,
                15
              ],
              "rotation": [
                -25,
                0,
                0
              ],
              "uv": [
                0,
                58
              ]
            },
            {
              "origin": [
                0,
                -24,
                -13
              ],
              "size": [
                0,
                3,
                10
              ],
              "pivot": [
                0,
                16,
                15
              ],
              "rotation": [
                -62.5,
                0,
                0
              ],
              "uv": [
                30,
                19
              ]
            }
          ]
        },
        {
          "name": "Head",
          "parent": "Body",
          "pivot": [
            0,
            29,
            31
          ],
          "rotation": [
            0,
            2.5,
            0
          ],
          "cubes": [
            {
              "origin": [
                -1,
                36,
                31
              ],
              "size": [
                5,
                9,
                1
              ],
              "pivot": [
                2,
                19,
                19
              ],
              "rotation": [
                0,
                -20,
                0
              ],
              "uv": [
                79,
                66
              ]
            },
            {
              "origin": [
                -4,
                36,
                30
              ],
              "size": [
                5,
                9,
                1
              ],
              "pivot": [
                2,
                19,
                19
              ],
              "rotation": [
                0,
                20,
                0
              ],
              "uv": [
                77,
                56
              ]
            },
            {
              "origin": [
                -5,
                29,
                26
              ],
              "size": [
                10,
                10,
                10
              ],
              "uv": [
                0,
                25
              ]
            },
            {
              "origin": [
                -4,
                30,
                36
              ],
              "size": [
                8,
                4,
                3
              ],
              "uv": [
                74,
                22
              ]
            },
            {
              "origin": [
                -3,
                39,
                28
              ],
              "size": [
                6,
                4,
                6
              ],
              "uv": [
                59,
                0
              ]
            }
          ]
        },
        {
          "name": "Arm",
          "parent": "Body",
          "pivot": [
            5,
            20,
            22
          ],
          "cubes": [
            {
              "origin": [
                5,
                8,
                19
              ],
              "size": [
                4,
                14,
                4
              ],
              "uv": [
                0,
                73
              ]
            }
          ]
        },
        {
          "name": "Arm2",
          "parent": "Body",
          "pivot": [
            -5,
            20,
            22
          ],
          "cubes": [
            {
              "origin": [
                -9,
                8,
                19
              ],
              "size": [
                4,
                14,
                4
              ],
              "uv": [
                63,
                69
              ]
            }
          ]
        },
        {
          "name": "Leftleg",
          "parent": "Root",
          "pivot": [
            -3,
            20,
            12
          ],
          "cubes": [
            {
              "origin": [
                -7,
                11,
                8
              ],
              "size": [
                6,
                10,
                7
              ],
              "uv": [
                51,
                52
              ]
            }
          ]
        },
        {
          "name": "Leftleg2",
          "parent": "Leftleg",
          "pivot": [
            -4,
            11,
            12
          ],
          "cubes": [
            {
              "origin": [
                -7,
                3,
                9
              ],
              "size": [
                6,
                8,
                5
              ],
              "uv": [
                41,
                69
              ]
            },
            {
              "origin": [
                -7,
                0,
                8
              ],
              "size": [
                6,
                3,
                10
              ],
              "uv": [
                0,
                45
              ]
            }
          ]
        },
        {
          "name": "Rightleg",
          "parent": "Root",
          "pivot": [
            5,
            20,
            12
          ],
          "cubes": [
            {
              "origin": [
                1,
                11,
                8
              ],
              "size": [
                6,
                10,
                7
              ],
              "uv": [
                25,
                52
              ]
            }
          ]
        },
        {
          "name": "Rightleg2",
          "parent": "Rightleg",
          "pivot": [
            4,
            11,
            11
          ],
          "cubes": [
            {
              "origin": [
                1,
                3,
                9
              ],
              "size": [
                6,
                8,
                5
              ],
              "uv": [
                19,
                69
              ]
            },
            {
              "origin": [
                1,
                0,
                8
              ],
              "size": [
                6,
                3,
                10
              ],
              "uv": [
                42,
                16
              ]
            }
          ]
        }
      ]
    }
  ]
}