{
  "format_version": "1.12.0",
  "minecraft:geometry": [
    {
      "description": {
        "identifier": "geometry.max_opila_chick",
        "texture_width": 64,
        "texture_height": 64,
        "visible_bounds_width": 3,
        "visible_bounds_height": 2.5,
        "visible_bounds_offset": [
          0,
          0.75,
          0
        ]
      },
      "bones": [
        {
          "name": "Root",
          "pivot": [
            0,
            6,
            0
          ]
        },
        {
          "name": "Body",
          "parent": "Root",
          "pivot": [
            0,
            6,
            0
          ],
          "cubes": [
            {
              "origin": [
                -2,
                8,
                2
              ],
              "size": [
                4,
                5,
                3
              ],
              "pivot": [
                0,
                6,
                0
              ],
              "rotation": [
                -20,
                0,
                0
              ],
              "uv": [
                14,
                28
              ]
            },
            {
              "origin": [
                0,
                11,
                1
              ],
              "size": [
                0,
                3,
                4
              ],
              "pivot": [
                0,
                6,
                0
              ],
              "rotation": [
                -55,
                0,
                0
              ],
              "uv": [
                0,
                3
              ]
            },
            {
              "origin": [
                -3,
                6,
                -5
              ],
              "size": [
                6,
                6,
                10
              ],
              "uv": [
                0,
                0
              ]
            }
          ]
        },
        {
          "name": "Head",
          "parent": "Body",
          "pivot": [
            0,
            8,
            -4
          ],
          "cubes": [
            {
              "origin": [
                -2,
                6,
                -6
              ],
              "size": [
                4,
                8,
                4
              ],
              "pivot": [
                0,
                8,
                -6
              ],
              "rotation": [
                32.5,
                0,
                0
              ],
              "uv": [
                24,
                16
              ]
            },
            {
              "origin": [
                -3,
                13,
                -10
              ],
              "size": [
                6,
                6,
                6
              ],
              "pivot": [
                0,
                8,
                -6
              ],
              "rotation": [
                2.5,
                0,
                0
              ],
              "uv": [
                0,
                16
              ]
            },
            {
              "origin": [
                -2,
                19,
                -7
              ],
              "size": [
                4,
                4,
                0
              ],
              "pivot": [
                0,
                8,
                -6
              ],
              "rotation": [
                2.5,
                0,
                0
              ],
              "uv": [
                20,
                36
              ]
            },
            {
              "origin": [
                -2,
                14,
                -13
              ],
              "size": [
                4,
                1,
                3
              ],
              "pivot": [
                0,
                8,
                -6
              ],
              "rotation": [
                2.5,
                0,
                0
              ],
              "uv": [
                30,
                0
              ]
            },
            {
              "origin": [
                -1,
                16,
                -12
              ],
              "size": [
                2,
                1,
                2
              ],
              "pivot": [
                0,
                8,
                -6
              ],
              "rotation": [
                22.5,
                0,
                0
              ],
              "uv": [
                36,
                17
              ]
            }
          ]
        },
        {
          "name": "Jaw",
          "parent": "Head",
          "pivot": [
            0,
            13,
            -10
          ],
          "rotation": [
            -0.15215,
            -2.74753,
            0.51702
          ],
          "cubes": [
            {
              "origin": [
                -2,
                13,
                -13
              ],
              "size": [
                4,
                1,
                3
              ],
              "pivot": [
                0,
                8,
                -6
              ],
              "rotation": [
                2.5,
                0,
                0
              ],
              "uv": [
                28,
                28
              ]
            },
            {
              "origin": [
                -1,
                15,
                -12
              ],
              "size": [
                2,
                1,
                2
              ],
              "pivot": [
                0,
                8,
                -6
              ],
              "rotation": [
                22.5,
                0,
                0
              ],
              "uv": [
                8,
                28
              ]
            }
          ]
        },
        {
          "name": "Arm",
          "parent": "Body",
          "pivot": [
            -3,
            9,
            -4
          ],
          "cubes": [
            {
              "origin": [
                -4,
                7,
                -4
              ],
              "size": [
                1,
                4,
                6
              ],
              "uv": [
                0,
                28
              ]
            },
            {
              "origin": [
                -4,
                8,
                -1
              ],
              "size": [
                1,
                3,
                4
              ],
              "pivot": [
                -3,
                6,
                0
              ],
              "rotation": [
                -27.5,
                0,
                0
              ],
              "uv": [
                32,
                6
              ]
            }
          ]
        },
        {
          "name": "Arm2",
          "parent": "Body",
          "pivot": [
            4,
            9,
            -4
          ],
          "cubes": [
            {
              "origin": [
                3,
                7,
                -4
              ],
              "size": [
                1,
                4,
                6
              ],
              "uv": [
                22,
                0
              ]
            },
            {
              "origin": [
                3,
                8,
                -1
              ],
              "size": [
                1,
                3,
                4
              ],
              "pivot": [
                4,
                6,
                0
              ],
              "rotation": [
                -27.5,
                0,
                0
              ],
              "uv": [
                0,
                0
              ]
            }
          ]
        },
        {
          "name": "Leg",
          "parent": "Root",
          "pivot": [
            -2,
            6,
            1
          ],
          "cubes": [
            {
              "origin": [
                -3,
                1,
                0
              ],
              "size": [
                2,
                5,
                2
              ],
              "uv": [
                12,
                36
              ]
            },
            {
              "origin": [
                -3,
                0,
                -1
              ],
              "size": [
                2,
                1,
                3
              ],
              "uv": [
                36,
                13
              ]
            }
          ]
        },
        {
          "name": "Leg2",
          "parent": "Root",
          "pivot": [
            2,
            6,
            1
          ],
          "cubes": [
            {
              "origin": [
                1,
                1,
                0
              ],
              "size": [
                2,
                5,
                2
              ],
              "uv": [
                28,
                32
              ]
            },
            {
              "origin": [
                1,
                0,
                -1
              ],
              "size": [
                2,
                1,
                3
              ],
              "uv": [
                18,
                16
              ]
            }
          ]
        }
      ]
    }
  ]
}