{
  "format_version": "1.12.0",
  "minecraft:geometry": [
    {
      "description": {
        "identifier": "geometry.max_sheriff_toadster",
        "texture_width": 128,
        "texture_height": 128,
        "visible_bounds_width": 3,
        "visible_bounds_height": 4.5,
        "visible_bounds_offset": [
          0,
          1.75,
          0
        ]
      },
      "bones": [
        {
          "name": "Root",
          "pivot": [
            0,
            0,
            0
          ]
        },
        {
          "name": "Body",
          "parent": "Root",
          "pivot": [
            0,
            10.25,
            0
          ],
          "cubes": [
            {
              "origin": [
                -6,
                10,
                -5
              ],
              "size": [
                12,
                7,
                10
              ],
              "uv": [
                40,
                31
              ]
            },
            {
              "origin": [
                -6.5,
                15,
                -3
              ],
              "size": [
                13,
                10,
                12
              ],
              "pivot": [
                0,
                0,
                0
              ],
              "rotation": [
                12.5,
                0,
                0
              ],
              "uv": [
                0,
                19
              ]
            }
          ]
        },
        {
          "name": "Head",
          "parent": "Body",
          "pivot": [
            0,
            24,
            -9
          ],
          "cubes": [
            {
              "origin": [
                -10,
                23,
                -14.5
              ],
              "size": [
                20,
                8,
                11
              ],
              "uv": [
                0,
                0
              ]
            },
            {
              "origin": [
                -6.6078,
                30.98288,
                -14
              ],
              "size": [
                7,
                9,
                10
              ],
              "uv": [
                34,
                48
              ]
            },
            {
              "origin": [
                -5.17365,
                34,
                -14.98481
              ],
              "size": [
                4,
                4,
                2
              ],
              "pivot": [
                -3.17365,
                36,
                -13.98481
              ],
              "rotation": [
                0,
                10,
                0
              ],
              "uv": [
                38,
                67
              ]
            },
            {
              "origin": [
                1.17365,
                34,
                -14.98481
              ],
              "size": [
                4,
                4,
                2
              ],
              "pivot": [
                3.17365,
                36,
                -13.98481
              ],
              "rotation": [
                0,
                -10,
                0
              ],
              "uv": [
                58,
                48
              ]
            },
            {
              "origin": [
                1.77784,
                34.5,
                -15.07569
              ],
              "size": [
                3,
                3,
                1
              ],
              "pivot": [
                3.27784,
                36,
                -14.57569
              ],
              "rotation": [
                0,
                -10,
                0
              ],
              "uv": [
                0,
                0
              ],
              "mirror": true
            },
            {
              "origin": [
                -6,
                39,
                -12
              ],
              "size": [
                6,
                2,
                6
              ],
              "uv": [
                38,
                19
              ]
            },
            {
              "origin": [
                -5,
                41,
                -11
              ],
              "size": [
                4,
                4,
                4
              ],
              "uv": [
                24,
                41
              ]
            },
            {
              "origin": [
                -5.27566,
                45.15086,
                -11
              ],
              "size": [
                2,
                3,
                4
              ],
              "pivot": [
                0.72434,
                45.65086,
                -9
              ],
              "rotation": [
                0,
                0,
                -10
              ],
              "uv": [
                58,
                23
              ]
            },
            {
              "origin": [
                -2.72434,
                43.15086,
                -11
              ],
              "size": [
                2,
                3,
                4
              ],
              "pivot": [
                3.27566,
                45.65086,
                -9
              ],
              "rotation": [
                0,
                0,
                10
              ],
              "uv": [
                0,
                19
              ]
            },
            {
              "origin": [
                -0.3922,
                30.98288,
                -14
              ],
              "size": [
                7,
                9,
                10
              ],
              "uv": [
                0,
                41
              ]
            }
          ]
        },
        {
          "name": "Rightarm",
          "parent": "Body",
          "pivot": [
            -6,
            24.5,
            0
          ],
          "cubes": [
            {
              "origin": [
                -11,
                5,
                -5
              ],
              "size": [
                5,
                19,
                4
              ],
              "uv": [
                62,
                0
              ]
            }
          ]
        },
        {
          "name": "Leftarm",
          "parent": "Body",
          "pivot": [
            6,
            24.5,
            0
          ],
          "cubes": [
            {
              "origin": [
                6,
                5,
                -5
              ],
              "size": [
                5,
                19,
                4
              ],
              "uv": [
                0,
                60
              ]
            }
          ]
        },
        {
          "name": "Rightleg",
          "parent": "Root",
          "pivot": [
            -3.5,
            10,
            0
          ],
          "cubes": [
            {
              "origin": [
                -6,
                0,
                -2.5
              ],
              "size": [
                5,
                10,
                5
              ],
              "uv": [
                63,
                62
              ]
            }
          ]
        },
        {
          "name": "Leftleg",
          "parent": "Root",
          "pivot": [
            3.5,
            10,
            0
          ],
          "cubes": [
            {
              "origin": [
                1,
                0,
                -2.5
              ],
              "size": [
                5,
                10,
                5
              ],
              "uv": [
                18,
                62
              ]
            }
          ]
        }
      ]
    }
  ]
}