{
  "format_version": "1.12.0",
  "minecraft:geometry": [
    {
      "description": {
        "identifier": "geometry.max_mr_cabob_man",
        "texture_width": 64,
        "texture_height": 64,
        "visible_bounds_width": 3,
        "visible_bounds_height": 4,
        "visible_bounds_offset": [
          0,
          1,
          0
        ]
      },
      "bones": [
        {
          "name": "Root",
          "pivot": [
            0,
            0,
            0
          ]
        },
        {
          "name": "Body",
          "parent": "Root",
          "pivot": [
            0,
            3,
            0
          ],
          "cubes": [
            {
              "origin": [
                -1,
                3,
                -1
              ],
              "size": [
                2,
                21,
                2
              ],
              "uv": [
                0,
                8
              ]
            },
            {
              "origin": [
                -8,
                15,
                -1
              ],
              "size": [
                16,
                2,
                2
              ],
              "uv": [
                0,
                0
              ]
            },
            {
              "origin": [
                -2,
                19,
                -2
              ],
              "size": [
                3,
                3,
                2
              ],
              "pivot": [
                0,
                3,
                0
              ],
              "rotation": [
                0,
                50,
                0
              ],
              "uv": [
                24,
                19
              ]
            },
            {
              "origin": [
                -1,
                19,
                -2
              ],
              "size": [
                3,
                3,
                2
              ],
              "pivot": [
                0,
                3,
                0
              ],
              "rotation": [
                0,
                -47.5,
                0
              ],
              "uv": [
                24,
                14
              ]
            },
            {
              "origin": [
                -6,
                1,
                -1
              ],
              "size": [
                12,
                2,
                2
              ],
              "uv": [
                0,
                4
              ]
            },
            {
              "origin": [
                6,
                0,
                -2
              ],
              "size": [
                2,
                4,
                4
              ],
              "uv": [
                16,
                20
              ]
            },
            {
              "origin": [
                -8,
                0,
                -2
              ],
              "size": [
                2,
                4,
                4
              ],
              "uv": [
                8,
                16
              ]
            },
            {
              "origin": [
                -14,
                21,
                -1
              ],
              "size": [
                7,
                2,
                2
              ],
              "pivot": [
                0,
                3,
                0
              ],
              "rotation": [
                0,
                0,
                20
              ],
              "uv": [
                8,
                12
              ]
            },
            {
              "origin": [
                7,
                21,
                -1
              ],
              "size": [
                7,
                2,
                2
              ],
              "pivot": [
                0,
                3,
                0
              ],
              "rotation": [
                0,
                0,
                -20
              ],
              "uv": [
                8,
                8
              ]
            }
          ]
        }
      ]
    }
  ]
}