{
  "format_version": "1.12.0",
  "minecraft:geometry": [
    {
      "description": {
        "identifier": "geometry.max_hijacked_tarta_bird",
        "texture_width": 128,
        "texture_height": 128,
        "visible_bounds_width": 4,
        "visible_bounds_height": 3.5,
        "visible_bounds_offset": [
          0,
          1.25,
          0
        ]
      },
      "bones": [
        {
          "name": "Root",
          "pivot": [
            0,
            18,
            0
          ]
        },
        {
          "name": "Body",
          "parent": "Root",
          "pivot": [
            0,
            18,
            5
          ],
          "cubes": [
            {
              "origin": [
                -4,
                18,
                -6
              ],
              "size": [
                8,
                7,
                14
              ],
              "uv": [
                0,
                0
              ]
            },
            {
              "origin": [
                -3,
                21,
                3
              ],
              "size": [
                6,
                6,
                5
              ],
              "pivot": [
                0,
                18,
                1
              ],
              "rotation": [
                -30,
                0,
                0
              ],
              "uv": [
                24,
                41
              ]
            },
            {
              "origin": [
                -2,
                24,
                4
              ],
              "size": [
                4,
                4,
                4
              ],
              "pivot": [
                0,
                18,
                1
              ],
              "rotation": [
                -50,
                0,
                0
              ],
              "uv": [
                12,
                51
              ]
            },
            {
              "origin": [
                0,
                15,
                10
              ],
              "size": [
                0,
                5,
                5
              ],
              "pivot": [
                0,
                18,
                1
              ],
              "rotation": [
                2.5,
                0,
                0
              ],
              "uv": [
                23,
                20
              ]
            }
          ]
        },
        {
          "name": "Head",
          "parent": "Body",
          "pivot": [
            0,
            21,
            -4
          ],
          "cubes": [
            {
              "origin": [
                -2,
                21,
                -5
              ],
              "size": [
                4,
                11,
                4
              ],
              "pivot": [
                0,
                18,
                1
              ],
              "rotation": [
                25,
                0,
                0
              ],
              "uv": [
                45,
                21
              ]
            },
            {
              "origin": [
                -3,
                28,
                -12
              ],
              "size": [
                6,
                6,
                6
              ],
              "uv": [
                0,
                39
              ]
            },
            {
              "origin": [
                1,
                31,
                -13
              ],
              "size": [
                2,
                2,
                2
              ],
              "pivot": [
                0,
                18,
                1
              ],
              "rotation": [
                0,
                22.5,
                0
              ],
              "uv": [
                30,
                4
              ]
            },
            {
              "origin": [
                -3,
                31,
                -13
              ],
              "size": [
                2,
                2,
                2
              ],
              "pivot": [
                0,
                18,
                1
              ],
              "rotation": [
                0,
                -22.5,
                0
              ],
              "uv": [
                30,
                0
              ]
            },
            {
              "origin": [
                -2,
                34,
                -9
              ],
              "size": [
                4,
                4,
                0
              ],
              "uv": [
                0,
                32
              ]
            },
            {
              "origin": [
                -2,
                29,
                -16
              ],
              "size": [
                4,
                2,
                4
              ],
              "uv": [
                0,
                55
              ]
            },
            {
              "origin": [
                -1,
                28,
                -16
              ],
              "size": [
                2,
                2,
                4
              ],
              "pivot": [
                0,
                21,
                -17
              ],
              "rotation": [
                20,
                0,
                0
              ],
              "uv": [
                23,
                30
              ]
            }
          ]
        },
        {
          "name": "Jaw",
          "parent": "Head",
          "pivot": [
            0,
            29,
            -12
          ],
          "rotation": [
            42.5,
            0,
            0
          ],
          "cubes": [
            {
              "origin": [
                -2,
                28,
                -16
              ],
              "size": [
                4,
                1,
                4
              ],
              "uv": [
                54,
                36
              ]
            },
            {
              "origin": [
                -1,
                32,
                -14
              ],
              "size": [
                2,
                1,
                2
              ],
              "pivot": [
                0,
                21,
                -4
              ],
              "rotation": [
                22.5,
                0,
                0
              ],
              "uv": [
                0,
                11
              ]
            }
          ]
        },
        {
          "name": "Arm",
          "parent": "Body",
          "pivot": [
            4,
            21,
            -5
          ],
          "rotation": [
            40,
            0,
            0
          ],
          "cubes": [
            {
              "origin": [
                4,
                20,
                -5
              ],
              "size": [
                2,
                2,
                8
              ],
              "uv": [
                50,
                47
              ]
            },
            {
              "origin": [
                5,
                22,
                -5
              ],
              "size": [
                0,
                4,
                9
              ],
              "uv": [
                41,
                32
              ]
            },
            {
              "origin": [
                4,
                20,
                1
              ],
              "size": [
                2,
                2,
                8
              ],
              "pivot": [
                5,
                20,
                2
              ],
              "rotation": [
                -50,
                0,
                0
              ],
              "uv": [
                38,
                45
              ]
            },
            {
              "origin": [
                5,
                22,
                1
              ],
              "size": [
                0,
                4,
                8
              ],
              "pivot": [
                5,
                20,
                2
              ],
              "rotation": [
                -50,
                0,
                0
              ],
              "uv": [
                0,
                43
              ]
            },
            {
              "origin": [
                4,
                24,
                6
              ],
              "size": [
                2,
                2,
                12
              ],
              "pivot": [
                5,
                20,
                2
              ],
              "rotation": [
                -92.5,
                0,
                0
              ],
              "uv": [
                26,
                27
              ]
            },
            {
              "origin": [
                5,
                26,
                5
              ],
              "size": [
                0,
                4,
                13
              ],
              "pivot": [
                5,
                20,
                2
              ],
              "rotation": [
                -92.5,
                0,
                0
              ],
              "uv": [
                23,
                8
              ]
            }
          ]
        },
        {
          "name": "Arm2",
          "parent": "Body",
          "pivot": [
            -6,
            21,
            -5
          ],
          "rotation": [
            40,
            0,
            0
          ],
          "cubes": [
            {
              "origin": [
                -6,
                20,
                -5
              ],
              "size": [
                2,
                2,
                8
              ],
              "uv": [
                50,
                47
              ]
            },
            {
              "origin": [
                -5,
                22,
                -5
              ],
              "size": [
                0,
                4,
                9
              ],
              "uv": [
                41,
                32
              ]
            },
            {
              "origin": [
                -6,
                20,
                1
              ],
              "size": [
                2,
                2,
                8
              ],
              "pivot": [
                -5,
                20,
                2
              ],
              "rotation": [
                -50,
                0,
                0
              ],
              "uv": [
                38,
                45
              ]
            },
            {
              "origin": [
                -5,
                22,
                1
              ],
              "size": [
                0,
                4,
                8
              ],
              "pivot": [
                -5,
                20,
                2
              ],
              "rotation": [
                -50,
                0,
                0
              ],
              "uv": [
                0,
                43
              ]
            },
            {
              "origin": [
                -6,
                24,
                6
              ],
              "size": [
                2,
                2,
                12
              ],
              "pivot": [
                -5,
                20,
                2
              ],
              "rotation": [
                -92.5,
                0,
                0
              ],
              "uv": [
                26,
                27
              ]
            },
            {
              "origin": [
                -5,
                26,
                5
              ],
              "size": [
                0,
                4,
                13
              ],
              "pivot": [
                -5,
                20,
                2
              ],
              "rotation": [
                -92.5,
                0,
                0
              ],
              "uv": [
                23,
                8
              ]
            }
          ]
        },
        {
          "name": "Leg",
          "parent": "Root",
          "pivot": [
            4,
            18,
            4
          ],
          "cubes": [
            {
              "origin": [
                2,
                11,
                3
              ],
              "size": [
                4,
                8,
                3
              ],
              "uv": [
                0,
                21
              ]
            }
          ]
        },
        {
          "name": "Leg2",
          "parent": "Leg",
          "pivot": [
            5,
            11,
            5
          ],
          "cubes": [
            {
              "origin": [
                2,
                3,
                3
              ],
              "size": [
                4,
                8,
                3
              ],
              "uv": [
                0,
                0
              ]
            },
            {
              "origin": [
                1,
                0,
                -1
              ],
              "size": [
                6,
                3,
                9
              ],
              "uv": [
                30,
                0
              ]
            },
            {
              "origin": [
                5,
                0,
                -3
              ],
              "size": [
                3,
                3,
                6
              ],
              "pivot": [
                8,
                2,
                1
              ],
              "rotation": [
                0,
                -42.5,
                0
              ],
              "uv": [
                51,
                0
              ]
            },
            {
              "origin": [
                0,
                0,
                -3
              ],
              "size": [
                3,
                3,
                6
              ],
              "pivot": [
                1,
                2,
                1
              ],
              "rotation": [
                0,
                40,
                0
              ],
              "uv": [
                44,
                12
              ]
            },
            {
              "origin": [
                2,
                0,
                -6
              ],
              "size": [
                4,
                3,
                15
              ],
              "uv": [
                0,
                21
              ]
            }
          ]
        },
        {
          "name": "Leg3",
          "parent": "Root",
          "pivot": [
            -4,
            18,
            4
          ],
          "cubes": [
            {
              "origin": [
                -6,
                11,
                3
              ],
              "size": [
                4,
                8,
                3
              ],
              "uv": [
                0,
                21
              ]
            }
          ]
        },
        {
          "name": "Leg4",
          "parent": "Leg3",
          "pivot": [
            -3,
            11,
            5
          ],
          "cubes": [
            {
              "origin": [
                -6,
                3,
                3
              ],
              "size": [
                4,
                8,
                3
              ],
              "uv": [
                0,
                0
              ]
            },
            {
              "origin": [
                -7,
                0,
                -1
              ],
              "size": [
                6,
                3,
                9
              ],
              "uv": [
                30,
                0
              ]
            },
            {
              "origin": [
                -3,
                0,
                -3
              ],
              "size": [
                3,
                3,
                6
              ],
              "pivot": [
                0,
                2,
                1
              ],
              "rotation": [
                0,
                -42.5,
                0
              ],
              "uv": [
                51,
                0
              ]
            },
            {
              "origin": [
                -8,
                0,
                -3
              ],
              "size": [
                3,
                3,
                6
              ],
              "pivot": [
                -7,
                2,
                1
              ],
              "rotation": [
                0,
                40,
                0
              ],
              "uv": [
                44,
                12
              ]
            },
            {
              "origin": [
                -6,
                0,
                -6
              ],
              "size": [
                4,
                3,
                15
              ],
              "uv": [
                0,
                21
              ]
            }
          ]
        }
      ]
    }
  ]
}