{
  "format_version": "1.12.0",
  "minecraft:geometry": [
    {
      "description": {
        "identifier": "geometry.max_jumbo_josh",
        "texture_width": 128,
        "texture_height": 128,
        "visible_bounds_width": 5,
        "visible_bounds_height": 3.5,
        "visible_bounds_offset": [
          0,
          1.25,
          0
        ]
      },
      "bones": [
        {
          "name": "Root",
          "pivot": [
            0,
            0,
            0
          ]
        },
        {
          "name": "Body",
          "parent": "Root",
          "pivot": [
            0,
            8,
            0
          ],
          "rotation": [
            52.5,
            0,
            0
          ],
          "cubes": [
            {
              "origin": [
                -5,
                8,
                -2
              ],
              "size": [
                10,
                11,
                6
              ],
              "pivot": [
                0,
                8,
                0
              ],
              "rotation": [
                17.5,
                0,
                0
              ],
              "uv": [
                0,
                40
              ]
            },
            {
              "origin": [
                -5,
                20,
                -14
              ],
              "size": [
                10,
                8,
                7
              ],
              "pivot": [
                0,
                8,
                0
              ],
              "rotation": [
                -52.5,
                0,
                0
              ],
              "uv": [
                33,
                9
              ]
            },
            {
              "origin": [
                -5,
                13,
                -10
              ],
              "size": [
                10,
                11,
                7
              ],
              "pivot": [
                0,
                8,
                0
              ],
              "rotation": [
                -35,
                0,
                0
              ],
              "uv": [
                27,
                28
              ]
            }
          ]
        },
        {
          "name": "Head",
          "parent": "Body",
          "pivot": [
            0,
            30,
            10
          ],
          "rotation": [
            37.41708,
            0.72263,
            0.83906
          ],
          "cubes": [
            {
              "origin": [
                -6,
                25,
                8
              ],
              "size": [
                12,
                8,
                8
              ],
              "pivot": [
                0,
                30,
                10
              ],
              "rotation": [
                2.5,
                0,
                0
              ],
              "uv": [
                0,
                0
              ]
            },
            {
              "origin": [
                1,
                33,
                12
              ],
              "size": [
                3,
                2,
                3
              ],
              "pivot": [
                0,
                30,
                10
              ],
              "rotation": [
                2.44081,
                -0.54094,
                12.48848
              ],
              "uv": [
                12,
                35
              ]
            },
            {
              "origin": [
                -4,
                33,
                12
              ],
              "size": [
                3,
                2,
                3
              ],
              "pivot": [
                0,
                30,
                10
              ],
              "rotation": [
                2.44081,
                0.54094,
                -12.48848
              ],
              "uv": [
                0,
                35
              ]
            }
          ]
        },
        {
          "name": "Arm",
          "parent": "Body",
          "pivot": [
            -4,
            26,
            8
          ],
          "rotation": [
            2.61292,
            37.15533,
            15.13162
          ],
          "cubes": [
            {
              "origin": [
                -7,
                17.6558,
                2.22571
              ],
              "size": [
                4,
                4,
                8
              ],
              "pivot": [
                -4,
                20.6558,
                0.22571
              ],
              "rotation": [
                40,
                0,
                0
              ],
              "uv": [
                53,
                38
              ]
            },
            {
              "origin": [
                -7,
                17.6558,
                -7.77429
              ],
              "size": [
                4,
                4,
                10
              ],
              "pivot": [
                -4,
                20.6558,
                0.22571
              ],
              "rotation": [
                40,
                0,
                0
              ],
              "uv": [
                32,
                46
              ]
            }
          ]
        },
        {
          "name": "Arm2",
          "parent": "Arm",
          "pivot": [
            -5,
            14.6558,
            -4.77429
          ],
          "cubes": [
            {
              "origin": [
                -8,
                16.6558,
                -13.77429
              ],
              "size": [
                6,
                6,
                6
              ],
              "pivot": [
                -4,
                20.6558,
                0.22571
              ],
              "rotation": [
                40,
                0,
                0
              ],
              "uv": [
                54,
                54
              ]
            },
            {
              "origin": [
                -6,
                17.6558,
                -12.77429
              ],
              "size": [
                3,
                2,
                5
              ],
              "pivot": [
                -4,
                20.6558,
                0.22571
              ],
              "rotation": [
                20,
                0,
                0
              ],
              "uv": [
                32,
                0
              ]
            },
            {
              "origin": [
                -9,
                10.6558,
                -14.77429
              ],
              "size": [
                8,
                10,
                9
              ],
              "pivot": [
                -5,
                14.6558,
                -4.77429
              ],
              "rotation": [
                37.5,
                0,
                0
              ],
              "uv": [
                0,
                16
              ]
            }
          ]
        },
        {
          "name": "Arm3",
          "parent": "Body",
          "pivot": [
            4,
            26,
            8
          ],
          "rotation": [
            -91.37609,
            15.09965,
            148.13732
          ],
          "cubes": [
            {
              "origin": [
                1,
                17.6558,
                2.22571
              ],
              "size": [
                4,
                4,
                8
              ],
              "pivot": [
                4,
                20.6558,
                0.22571
              ],
              "rotation": [
                40,
                0,
                0
              ],
              "uv": [
                53,
                38
              ]
            },
            {
              "origin": [
                1,
                17.6558,
                -7.77429
              ],
              "size": [
                4,
                4,
                10
              ],
              "pivot": [
                4,
                20.6558,
                0.22571
              ],
              "rotation": [
                40,
                0,
                0
              ],
              "uv": [
                32,
                46
              ]
            }
          ]
        },
        {
          "name": "Arm4",
          "parent": "Arm3",
          "pivot": [
            3,
            15.6558,
            -4.77429
          ],
          "rotation": [
            -82.5,
            20,
            180
          ],
          "cubes": [
            {
              "origin": [
                0,
                17.6558,
                -13.77429
              ],
              "size": [
                6,
                6,
                6
              ],
              "pivot": [
                4,
                21.6558,
                0.22571
              ],
              "rotation": [
                40,
                0,
                0
              ],
              "uv": [
                54,
                54
              ]
            },
            {
              "origin": [
                2,
                18.6558,
                -12.77429
              ],
              "size": [
                3,
                2,
                5
              ],
              "pivot": [
                4,
                21.6558,
                0.22571
              ],
              "rotation": [
                20,
                0,
                0
              ],
              "uv": [
                32,
                0
              ]
            },
            {
              "origin": [
                -1,
                10.6558,
                -14.77429
              ],
              "size": [
                8,
                10,
                9
              ],
              "pivot": [
                3,
                15.6558,
                -4.77429
              ],
              "rotation": [
                37.5,
                0,
                0
              ],
              "uv": [
                0,
                16
              ]
            }
          ]
        },
        {
          "name": "Leg",
          "parent": "Root",
          "pivot": [
            -3,
            8,
            1
          ],
          "cubes": [
            {
              "origin": [
                -5,
                0,
                -1
              ],
              "size": [
                5,
                9,
                4
              ],
              "uv": [
                0,
                57
              ]
            }
          ]
        },
        {
          "name": "Leg2",
          "parent": "Root",
          "pivot": [
            3,
            8,
            1
          ],
          "rotation": [
            0,
            180,
            0
          ],
          "cubes": [
            {
              "origin": [
                1,
                0,
                -1
              ],
              "size": [
                5,
                9,
                4
              ],
              "uv": [
                0,
                57
              ]
            }
          ]
        }
      ]
    }
  ]
}