{
  "format_version": "1.12.0",
  "minecraft:geometry": [
    {
      "description": {
        "identifier": "geometry.max_opila_bird",
        "texture_width": 128,
        "texture_height": 128,
        "visible_bounds_width": 4,
        "visible_bounds_height": 3.5,
        "visible_bounds_offset": [
          0,
          1.25,
          0
        ]
      },
      "bones": [
        {
          "name": "Root",
          "pivot": [
            0,
            12,
            0
          ]
        },
        {
          "name": "Body",
          "parent": "Root",
          "pivot": [
            0,
            12,
            0
          ],
          "cubes": [
            {
              "origin": [
                -5,
                12,
                -9
              ],
              "size": [
                10,
                10,
                18
              ],
              "uv": [
                0,
                0
              ]
            },
            {
              "origin": [
                -4,
                15,
                4
              ],
              "size": [
                8,
                9,
                6
              ],
              "pivot": [
                0,
                12,
                0
              ],
              "rotation": [
                -20,
                0,
                0
              ],
              "uv": [
                0,
                28
              ]
            },
            {
              "origin": [
                0,
                17,
                10
              ],
              "size": [
                0,
                5,
                6
              ],
              "pivot": [
                0,
                12,
                0
              ],
              "rotation": [
                -20,
                0,
                0
              ],
              "uv": [
                22,
                22
              ]
            }
          ]
        },
        {
          "name": "Arm",
          "parent": "Body",
          "pivot": [
            -5,
            17,
            -8
          ],
          "cubes": [
            {
              "origin": [
                -6,
                14,
                -8
              ],
              "size": [
                1,
                7,
                10
              ],
              "uv": [
                38,
                0
              ]
            },
            {
              "origin": [
                -6,
                15,
                -2
              ],
              "size": [
                1,
                6,
                8
              ],
              "pivot": [
                -5,
                14,
                0
              ],
              "rotation": [
                -27.5,
                0,
                0
              ],
              "uv": [
                42,
                37
              ]
            }
          ]
        },
        {
          "name": "Arm2",
          "parent": "Body",
          "pivot": [
            5,
            17,
            -8
          ],
          "cubes": [
            {
              "origin": [
                5,
                14,
                -8
              ],
              "size": [
                1,
                7,
                10
              ],
              "uv": [
                28,
                28
              ]
            },
            {
              "origin": [
                5,
                15,
                -2
              ],
              "size": [
                1,
                6,
                8
              ],
              "pivot": [
                6,
                14,
                0
              ],
              "rotation": [
                -27.5,
                0,
                0
              ],
              "uv": [
                0,
                0
              ]
            }
          ]
        },
        {
          "name": "Head",
          "parent": "Body",
          "pivot": [
            0,
            18,
            -7
          ],
          "cubes": [
            {
              "origin": [
                -2,
                14,
                -11
              ],
              "size": [
                4,
                11,
                4
              ],
              "pivot": [
                0,
                19,
                -11
              ],
              "rotation": [
                32.5,
                0,
                0
              ],
              "uv": [
                24,
                45
              ]
            },
            {
              "origin": [
                -3,
                24,
                -15
              ],
              "size": [
                6,
                6,
                6
              ],
              "pivot": [
                0,
                19,
                -11
              ],
              "rotation": [
                2.5,
                0,
                0
              ],
              "uv": [
                0,
                43
              ]
            },
            {
              "origin": [
                -1,
                27,
                -16
              ],
              "size": [
                2,
                2,
                2
              ],
              "pivot": [
                0,
                19,
                -11
              ],
              "rotation": [
                2.75806,
                24.97457,
                1.16524
              ],
              "uv": [
                10,
                4
              ]
            },
            {
              "origin": [
                -1,
                27,
                -16
              ],
              "size": [
                2,
                2,
                2
              ],
              "pivot": [
                0,
                19,
                -11
              ],
              "rotation": [
                2.75806,
                -24.97457,
                -1.16524
              ],
              "uv": [
                10,
                0
              ]
            },
            {
              "origin": [
                -2,
                30,
                -12
              ],
              "size": [
                4,
                5,
                0
              ],
              "pivot": [
                0,
                19,
                -11
              ],
              "rotation": [
                2.5,
                0,
                0
              ],
              "uv": [
                0,
                0
              ]
            },
            {
              "origin": [
                -2,
                26,
                -18
              ],
              "size": [
                4,
                1,
                3
              ],
              "pivot": [
                0,
                19,
                -11
              ],
              "rotation": [
                2.5,
                0,
                0
              ],
              "uv": [
                52,
                38
              ]
            },
            {
              "origin": [
                -1,
                28,
                -17
              ],
              "size": [
                2,
                1,
                3
              ],
              "pivot": [
                0,
                19,
                -11
              ],
              "rotation": [
                24.80166,
                -1.33467,
                -0.72038
              ],
              "uv": [
                28,
                33
              ]
            }
          ]
        },
        {
          "name": "Jaw",
          "parent": "Head",
          "pivot": [
            0,
            26,
            -15
          ],
          "rotation": [
            2.43207,
            -1.59728,
            -1.70428
          ],
          "cubes": [
            {
              "origin": [
                -1.98197,
                25.00009,
                -17.99555
              ],
              "size": [
                4,
                1,
                3
              ],
              "pivot": [
                0.01803,
                19.00009,
                -10.99555
              ],
              "rotation": [
                2.5,
                0,
                0
              ],
              "uv": [
                0,
                14
              ]
            },
            {
              "origin": [
                -0.98197,
                27.00009,
                -16.99555
              ],
              "size": [
                2,
                1,
                2
              ],
              "pivot": [
                0.01803,
                19.00009,
                -10.99555
              ],
              "rotation": [
                22.5,
                0,
                0
              ],
              "uv": [
                0,
                5
              ]
            }
          ]
        },
        {
          "name": "Leg",
          "parent": "Root",
          "pivot": [
            -3,
            12,
            1
          ],
          "cubes": [
            {
              "origin": [
                -5,
                2,
                -1
              ],
              "size": [
                4,
                10,
                4
              ],
              "uv": [
                52,
                24
              ]
            },
            {
              "origin": [
                -5,
                0,
                -3
              ],
              "size": [
                4,
                2,
                6
              ],
              "uv": [
                54,
                45
              ]
            }
          ]
        },
        {
          "name": "Leg2",
          "parent": "Root",
          "pivot": [
            3,
            12,
            1
          ],
          "cubes": [
            {
              "origin": [
                1,
                2,
                -1
              ],
              "size": [
                4,
                10,
                4
              ],
              "uv": [
                40,
                51
              ]
            },
            {
              "origin": [
                1,
                0,
                -3
              ],
              "size": [
                4,
                2,
                6
              ],
              "uv": [
                50,
                0
              ]
            }
          ]
        }
      ]
    }
  ]
}