{"format_version":"1.8.0","animations":{"animation.yg_jumbo_josh.general":{"loop":true,"animation_length":2,"bones":{"Head":{"rotation":{"0.0":{"post":[0,0,0],"lerp_mode":"catmullrom"},"1.0":{"post":[-5,0,0],"lerp_mode":"catmullrom"},"2.0":{"post":[0,0,0],"lerp_mode":"catmullrom"}}},"Rightarm":{"rotation":{"0.0":{"post":[0,0,2.5],"lerp_mode":"catmullrom"},"1.0":{"post":[-4.99527,0.21782,4.9905],"lerp_mode":"catmullrom"},"2.0":{"post":[0,0,2.5],"lerp_mode":"catmullrom"}}},"bone":{"rotation":{"0.0":{"post":[0,0,0],"lerp_mode":"catmullrom"},"1.0":{"post":[5,0,0],"lerp_mode":"catmullrom"},"1.5":{"post":[5,0,0],"lerp_mode":"catmullrom"},"2.0":{"post":[0,0,0],"lerp_mode":"catmullrom"}}},"Leftarm":{"rotation":{"0.0":{"post":[0,0,-2.5],"lerp_mode":"catmullrom"},"1.0":{"post":[-4.99527,-0.21782,-4.9905],"lerp_mode":"catmullrom"},"2.0":{"post":[0,0,-2.5],"lerp_mode":"catmullrom"}}}}},"animation.yg_jumbo_josh.looking":{"loop":true,"bones":{"Head":{"rotation":{"0.0":{"post":["query.target_x_rotation-this","query.target_y_rotation-this",0],"lerp_mode":"catmullrom"}}}}},"animation.yg_jumbo_josh.move":{"loop":true,"animation_length":1,"anim_time_update":"query.modified_distance_moved * 0.1","bones":{"Body":{"rotation":{"0.0":{"post":[2.5,0,0],"lerp_mode":"catmullrom"},"0.5":{"post":[5,0,0],"lerp_mode":"catmullrom"},"1.0":{"post":[2.5,0,0],"lerp_mode":"catmullrom"}}},"Rightarm":{"rotation":{"0.0":{"post":[-22.48072,0.95645,2.30991],"lerp_mode":"catmullrom"},"0.5":{"post":[17.10967,-3.73171,11.93845],"lerp_mode":"catmullrom"},"1.0":{"post":[-22.48072,0.95645,2.30991],"lerp_mode":"catmullrom"}},"position":{"0.0":{"post":[0,0,-1],"lerp_mode":"catmullrom"},"0.25":{"post":[0,0,0],"lerp_mode":"catmullrom"},"0.5":{"post":[0,0,1],"lerp_mode":"catmullrom"},"0.75":{"post":[0,2,0],"lerp_mode":"catmullrom"},"1.0":{"post":[0,0,-1],"lerp_mode":"catmullrom"}}},"bone":{"rotation":{"0.0":{"post":[0,0,5],"lerp_mode":"catmullrom"},"0.5":{"post":[4.99527,0.21782,-2.4905],"lerp_mode":"catmullrom"},"1.0":{"post":[0,0,5],"lerp_mode":"catmullrom"}}},"Rightleg":{"rotation":{"0.0":{"post":[17.5,0,0],"lerp_mode":"catmullrom"},"0.5":{"post":[-22.5,0,0],"lerp_mode":"catmullrom"},"1.0":{"post":[17.5,0,0],"lerp_mode":"catmullrom"}},"position":{"0.0":{"post":[0,0,1],"lerp_mode":"catmullrom"},"0.25":{"post":[0,2,0],"lerp_mode":"catmullrom"},"0.5":{"post":[0,0,-1],"lerp_mode":"catmullrom"},"0.75":{"post":[0,0,0],"lerp_mode":"catmullrom"},"1.0":{"post":[0,0,1],"lerp_mode":"catmullrom"}}},"Root":{"position":{"0.0":{"post":[0,-1,0],"lerp_mode":"catmullrom"},"0.25":{"post":[0,0,0],"lerp_mode":"catmullrom"},"0.5":{"post":[0,-1,0],"lerp_mode":"catmullrom"},"0.75":{"post":[0,0,0],"lerp_mode":"catmullrom"},"1.0":{"post":[0,-1,0],"lerp_mode":"catmullrom"}}},"Leftarm":{"rotation":{"0.0":{"post":[16.73634,5.188,-16.73634],"lerp_mode":"catmullrom"},"0.5":{"post":[-22.32648,-2.86313,-6.93488],"lerp_mode":"catmullrom"},"1.0":{"post":[16.73634,5.188,-16.73634],"lerp_mode":"catmullrom"}},"position":{"0.0":{"post":[0,0,1],"lerp_mode":"catmullrom"},"0.25":{"post":[0,2,0],"lerp_mode":"catmullrom"},"0.5":{"post":[0,0,-1],"lerp_mode":"catmullrom"},"0.75":{"post":[0,0,0],"lerp_mode":"catmullrom"},"1.0":{"post":[0,0,1],"lerp_mode":"catmullrom"}}},"Leftleg":{"rotation":{"0.0":{"post":[-22.5,0,0],"lerp_mode":"catmullrom"},"0.5":{"post":[17.5,0,0],"lerp_mode":"catmullrom"},"1.0":{"post":[-22.5,0,0],"lerp_mode":"catmullrom"}},"position":{"0.0":{"post":[0,0,-1],"lerp_mode":"catmullrom"},"0.25":{"post":[0,0,0],"lerp_mode":"catmullrom"},"0.5":{"post":[0,0,1],"lerp_mode":"catmullrom"},"0.75":{"post":[0,2,0],"lerp_mode":"catmullrom"},"1.0":{"post":[0,0,-1],"lerp_mode":"catmullrom"}}}}},"animation.yg_jumbo_josh.attack":{"animation_length":1,"bones":{"Head":{"rotation":{"0.0":{"post":[0,0,0],"lerp_mode":"catmullrom"},"0.1667":{"post":[-30,0,0],"lerp_mode":"catmullrom"},"0.3333":{"post":[-55,0,0],"lerp_mode":"catmullrom"},"0.6667":{"post":[-55,0,0],"lerp_mode":"catmullrom"},"1.0":{"post":[0,0,0],"lerp_mode":"catmullrom"}}},"Body":{"rotation":{"0.0":{"post":[0,0,0],"lerp_mode":"catmullrom"},"0.1667":{"post":[-40,0,0],"lerp_mode":"catmullrom"},"0.3333":{"post":[15,0,0],"lerp_mode":"catmullrom"},"0.6667":{"post":[15,0,0],"lerp_mode":"catmullrom"},"1.0":{"post":[0,0,0],"lerp_mode":"catmullrom"}}},"Rightarm":{"rotation":{"0.0":{"post":[0,0,0],"lerp_mode":"catmullrom"},"0.1667":{"post":[-167.21128,17.67415,-14.15251],"lerp_mode":"catmullrom"},"0.3333":{"post":[-115.82944,-0.25879,-5.15462],"lerp_mode":"catmullrom"},"0.6667":{"post":[-115.83,-0.26,-5.15],"lerp_mode":"catmullrom"},"1.0":{"post":[0,0,0],"lerp_mode":"catmullrom"}}},"bone":{"rotation":{"0.0":{"post":[0,0,0],"lerp_mode":"catmullrom"},"0.1667":{"post":[37.5,0,0],"lerp_mode":"catmullrom"},"0.3333":{"post":[55,0,0],"lerp_mode":"catmullrom"},"0.6667":{"post":[55,0,0],"lerp_mode":"catmullrom"},"1.0":{"post":[0,0,0],"lerp_mode":"catmullrom"}}},"Leftarm":{"rotation":{"0.0":{"post":[0,0,0],"lerp_mode":"catmullrom"},"0.1667":{"post":[-162.75298,-19.58991,15.84766],"lerp_mode":"catmullrom"},"0.3333":{"post":[-116.02258,0.53254,5.58225],"lerp_mode":"catmullrom"},"0.6667":{"post":[-116.02,0.53,5.58],"lerp_mode":"catmullrom"},"1.0":{"post":[0,0,0],"lerp_mode":"catmullrom"}}}}},"animation.yg_jumbo_josh.jumpscare":{"animation_length":2,"bones":{"Head":{"rotation":{"0.0":{"post":[0,0,0],"lerp_mode":"catmullrom"},"0.1667":{"post":[12.5,0,0],"lerp_mode":"catmullrom"},"0.3333":{"post":[7.5,0,0],"lerp_mode":"catmullrom"},"1.0":{"post":[7.47178,-0.65182,4.95744],"lerp_mode":"catmullrom"},"1.5":{"post":[7.43656,0.9762,-7.43656],"lerp_mode":"catmullrom"},"1.75":{"post":[7.44,0.98,-7.44],"lerp_mode":"catmullrom"},"2.0":{"post":[0,0,0],"lerp_mode":"catmullrom"}}},"Rightarm":{"rotation":{"0.0":{"post":[0,0,0],"lerp_mode":"catmullrom"},"0.1667":{"post":[-22.5,0,0],"lerp_mode":"catmullrom"},"0.3333":{"post":[-82.38565,9.91358,1.31845],"lerp_mode":"catmullrom"},"1.75":{"post":[-82.38565,9.91358,1.31845],"lerp_mode":"catmullrom"},"2.0":{"post":[0,0,0],"lerp_mode":"catmullrom"}}},"bone":{"rotation":{"0.0":{"post":[0,0,0],"lerp_mode":"catmullrom"},"0.1667":{"post":[12.5,0,0],"lerp_mode":"catmullrom"},"0.3333":{"post":[-10,0,0],"lerp_mode":"catmullrom"},"1.75":{"post":[-10,0,0],"lerp_mode":"catmullrom"},"2.0":{"post":[0,0,0],"lerp_mode":"catmullrom"}}},"Leftarm":{"rotation":{"0.0":{"post":[0,0,0],"lerp_mode":"catmullrom"},"0.1667":{"post":[-22.5,0,0],"lerp_mode":"catmullrom"},"0.3333":{"post":[-82.47168,-4.95712,-0.65426],"lerp_mode":"catmullrom"},"1.75":{"post":[-82.47168,-4.95712,-0.65426],"lerp_mode":"catmullrom"},"2.0":{"post":[0,0,0],"lerp_mode":"catmullrom"}}}}},"animation.yg_jumbo_josh.dead":{"loop":true,"bones":{"Root":{"position":[0,-6,0]},"Body":{"rotation":[37.5,0,0]},"Head":{"rotation":[60.50101,-12.39531,1.43726]},"Rightarm":{"rotation":[-127.1336,12.28752,-27.80098]},"Leftarm":{"rotation":[-124.94186,-17.94973,30.56393]},"Rightleg":{"rotation":[92.80104,-8.60693,5.88172]},"Leftleg":{"rotation":[87.5,0,0]}}}}}