{
  "format_version": "1.17.30",
  "animation_controllers": {
    "controller.animation.moving": {
      "initial_state": "default",
      "states": {
        "default": {
          "variables": {
            "walk": {
              "input": "query.modified_move_speed",
              "remap_curve": {
                "0.0": 0.0,
                "0.27": 1.0
              }
            },
            "idle": {
              "input": "query.modified_move_speed",
              "remap_curve": {
                "0.27": 0.0,
                "0.0": 1.0
              }
            }
          },
          "animations": [
            {
              "idle": "variable.idle"
            },
            {
              "walk.arms": "variable.walk"
            },
            {
              "chase.arms": "variable.walk"
            },
            {
              "chase": "query.has_target \u0026\u0026 !query.has_rider"
            },
            {
              "walk.legs": "variable.walk"
            },
            "stand",
            "look_at_target",
            {
              "walk": "query.modified_move_speed"
            }
          ],
          "transitions": [
            {
              "attack": "variable.attack_time \u003e 0 \u0026\u0026 query.is_stunned"
            },
            {
              "wiggle": "query.is_interested"
            },
            {
              "jumpscare": "query.has_rider \u0026\u0026 !query.is_stunned"
            },
            {
              "daisy_doll": "query.is_laying_down"
            }
          ],
          "blend_transition": 0.2,
          "blend_via_shortest_path": true
        },
        "wiggle": {
          "variables": {
            "walk": {
              "input": "query.modified_move_speed",
              "remap_curve": {
                "0.0": 0.0,
                "0.27": 1.0
              }
            },
            "idle": {
              "input": "query.modified_move_speed",
              "remap_curve": {
                "0.27": 0.0,
                "0.0": 1.0
              }
            }
          },
          "animations": [
            "wait",
            "wait1",
            {
              "idle": "variable.idle"
            }
          ],
          "transitions": [
            {
              "default": "!query.is_interested"
            },
            {
              "attack": "variable.attack_time \u003e 0 \u0026\u0026 query.is_stunned"
            },
            {
              "jumpscare": "query.has_rider \u0026\u0026 !query.is_stunned"
            }
          ],
          "blend_transition": 0.2
        },
        "attack": {
          "variables": {
            "walk": {
              "input": "query.modified_move_speed",
              "remap_curve": {
                "0.0": 0.0,
                "0.27": 1.0
              }
            },
            "idle": {
              "input": "query.modified_move_speed",
              "remap_curve": {
                "0.27": 0.0,
                "0.0": 1.0
              }
            }
          },
          "on_entry": [
            "variable.random \u003d math.random_integer(0,1);"
          ],
          "animations": [
            {
              "walk.legs": "variable.walk"
            },
            {
              "walk.arms": "variable.walk"
            },
            {
              "chase.arms": "variable.walk"
            },
            {
              "attack1": "variable.random \u003d\u003d 0"
            },
            {
              "attack2": "variable.random \u003d\u003d 1"
            },
            {
              "idle": "variable.idle"
            }
          ],
          "transitions": [
            {
              "default": "variable.attack_time \u003c\u003d 0"
            }
          ],
          "blend_transition": 0.2
        },
        "jumpscare": {
          "variables": {
            "idle": {
              "input": "query.modified_move_speed",
              "remap_curve": {
                "0.27": 0.0,
                "0.0": 1.0
              }
            }
          },
          "animations": [
            "jumpscare",
            {
              "idle": "variable.idle"
            }
          ],
          "transitions": [
            {
              "default": "!query.has_rider"
            },
            {
              "wiggle": "query.is_interested"
            }
          ],
          "blend_transition": 0.2
        }
      }
    }
  }
}