{"format_version":"1.14.0","sound_definitions":{"custom.cat.chew":{"__use_legacy_max_distance":"true","category":"neutral","sounds":["sounds/custom/cateat"]},"custom.cat.move":{"__use_legacy_max_distance":"true","category":"neutral","sounds":["sounds/custom/catmove"]},"custom.flea.waltz":{"__use_legacy_max_distance":"true","category":"neutral","sounds":["sounds/custom/fleawaltz"]},"custom.floor.open":{"__use_legacy_max_distance":"true","category":"neutral","sounds":["sounds/custom/openfloor"]},"custom.shutdown":{"__use_legacy_max_distance":"true","category":"neutral","sounds":["sounds/custom/shutdown"]},"custom.steam":{"__use_legacy_max_distance":"true","category":"neutral","sounds":["sounds/custom/steam"]}}}