{
  "format_version": "1.8.0",
  "animations": {
    "animation.mr_banban.move": {
      "loop": true,
      "animation_length": 1,
      "bones": {
        "Body": {
          "rotation": {
            "0.0": [
              -2.5,
              2.5,
              0
            ],
            "0.25": [
              4.99697,
              0.17428,
              -1.9924
            ],
            "0.5": [
              -2.49994,
              -2.43476,
              0.02041
            ],
            "0.75": [
              4.86288,
              -0.23587,
              1.97942
            ],
            "1.0": [
              -2.5,
              2.5,
              0
            ]
          },
          "position": {
            "0.0": [
              0,
              -1,
              0
            ],
            "0.25": [
              0,
              0,
              0
            ],
            "0.5": [
              0,
              -1,
              0
            ],
            "0.75": [
              0,
              0,
              0
            ],
            "1.0": [
              0,
              -1,
              0
            ]
          }
        },
        "Head": {
          "rotation": {
            "0.0": [
              5.51561,
              -2.22263,
              -2.67168
            ],
            "0.25": [
              0,
              0,
              0
            ],
            "0.5": [
              5.10827,
              2.2701,
              2.71045
            ],
            "0.75": [
              0,
              0,
              0
            ],
            "1.0": [
              5.10827,
              -2.2701,
              -2.71045
            ]
          }
        },
        "bone7": {
          "rotation": {
            "0.0": [
              0,
              0,
              0
            ],
            "0.25": [
              1.19861,
              0.49916,
              4.8338
            ],
            "0.5": [
              0,
              0,
              0
            ],
            "0.75": [
              -1.19408,
              -0.50448,
              -4.8239
            ],
            "1.0": [
              0,
              0,
              0
            ]
          }
        },
        "RightArm": {
          "rotation": {
            "0.0": [
              7.5,
              0,
              0
            ],
            "0.5": [
              -7.5,
              0,
              0
            ],
            "1.0": [
              7.5,
              0,
              0
            ]
          }
        },
        "bone5": {
          "rotation": {
            "0.0": [
              0,
              0,
              0
            ],
            "0.5": [
              -5,
              0,
              0
            ],
            "1.0": [
              0,
              0,
              0
            ]
          }
        },
        "LeftArm": {
          "rotation": {
            "0.0": [
              -7.5,
              0,
              0
            ],
            "0.5": [
              7.5,
              0,
              0
            ],
            "1.0": [
              -7.5,
              0,
              0
            ]
          }
        },
        "LeftLeg": {
          "rotation": {
            "0.0": [
              12.5,
              0,
              0
            ],
            "0.25": [
              0,
              0,
              0
            ],
            "0.5": [
              -7.38473,
              -0.32387,
              -2.48161
            ],
            "0.75": [
              0,
              0,
              0
            ],
            "1.0": [
              12.5,
              0,
              0
            ]
          },
          "position": {
            "0.0": [
              0,
              0,
              1
            ],
            "0.25": [
              0,
              1,
              0
            ],
            "0.5": [
              0,
              0,
              -1
            ],
            "0.75": [
              0,
              0,
              0
            ],
            "1.0": [
              0,
              0,
              1
            ]
          }
        },
        "bone3": {
          "rotation": {
            "0.0": [
              0,
              0,
              0
            ],
            "0.5": [
              5,
              0,
              0
            ],
            "1.0": [
              0,
              0,
              0
            ]
          }
        },
        "RightLeg": {
          "rotation": {
            "0.0": [
              -7.38473,
              0.32387,
              2.48161
            ],
            "0.25": [
              0,
              0,
              0
            ],
            "0.5": [
              12.5,
              0,
              0
            ],
            "0.75": [
              0,
              0,
              0
            ],
            "1.0": [
              -7.38473,
              0.32387,
              2.48161
            ]
          },
          "position": {
            "0.0": [
              0,
              0,
              -1
            ],
            "0.25": [
              0,
              0,
              0
            ],
            "0.5": [
              0,
              0,
              1
            ],
            "0.75": [
              0,
              1,
              0
            ],
            "1.0": [
              0,
              0,
              -1
            ]
          }
        },
        "bone": {
          "rotation": {
            "0.0": [
              5,
              0,
              0
            ],
            "0.5": [
              0,
              0,
              0
            ],
            "1.0": [
              5,
              0,
              0
            ]
          }
        },
        "bone8": {
          "rotation": {
            "0.0": [
              -5,
              0,
              0
            ],
            "0.5": [
              0,
              0,
              0
            ],
            "1.0": [
              -5,
              0,
              0
            ]
          }
        }
      }
    }
  }
}