{
  "format_version": "1.8.0",
  "animations": {
    "animation.mr_captain_head.gens": {
      "loop": true,
      "animation_length": 5,
      "bones": {
        "bone": {
          "rotation": {
            "1.25": [
              0,
              0,
              0
            ],
            "3.75": [
              0,
              0,
              0
            ]
          },
          "position": {
            "0.0": [
              0,
              0,
              0
            ],
            "1.25": [
              -0.5,
              -0.4,
              0
            ],
            "2.625": [
              -0.3,
              0.5,
              0
            ],
            "3.75": [
              0.24,
              0.26,
              0
            ],
            "5.0": [
              0,
              0,
              0
            ]
          }
        }
      }
    }
  }
}