{
  "format_version": "1.8.0",
  "animations": {
    "animation.look_at": {
      "loop": true,
      "bones": {
        "head": {
          "rotation": [
            "query.target_x_rotation - this",
            "query.target_y_rotation - this",
            0
          ]
        },
        "eyeball": {
          "rotation": [
            0,
            "math.clamp(query.target_y_rotation, -25, 25)",
            0
          ]
        },
        "eyeball2": {
          "rotation": [
            -2.5,
            "math.clamp(query.target_y_rotation, -25, 25)",
            0
          ]
        },
        "neck": {
          "rotation": [
            -2.5,
            "math.clamp(query.target_y_rotation, -25, 25)",
            0
          ]
        }
      }
    }
  }
}