{
  "format_version": "1.8.0",
  "animations": {
    "animation.os_daisy.walk": {
      "loop": true,
      "animation_length": 1,
      "bones": {
        "body": {
          "rotation": {
            "0.0": [
              25,
              0,
              0
            ],
            "0.25": [
              18.03051,
              -11.31255,
              -5.35254
            ],
            "0.5": [
              25,
              0,
              0
            ],
            "0.75": [
              15.76926,
              13.56626,
              6.46066
            ],
            "1.0": [
              25,
              0,
              0
            ]
          }
        },
        "head": {
          "rotation": [
            -7.5,
            0,
            0
          ]
        },
        "rightArm": {
          "rotation": {
            "0.0": [
              -35,
              0,
              27.5
            ],
            "0.25": [
              -12.5,
              0,
              27.5
            ],
            "0.5": [
              5,
              0,
              27.5
            ],
            "0.75": [
              -27.5,
              0,
              27.5
            ],
            "1.0": [
              -35,
              0,
              27.5
            ]
          }
        },
        "rightArm2": {
          "rotation": {
            "0.0": [
              -35,
              0,
              0
            ],
            "0.25": [
              -42.5,
              0,
              0
            ],
            "0.5": [
              -62.5,
              0,
              0
            ],
            "0.75": [
              -75,
              0,
              0
            ],
            "1.0": [
              -35,
              0,
              0
            ]
          }
        },
        "rightArm3": {
          "rotation": {
            "0.0": [
              38.53872,
              29.97006,
              -5.30178
            ],
            "0.25": [
              -3.96128,
              29.97006,
              -5.30178
            ],
            "0.5": [
              -26.46128,
              29.97006,
              -5.30178
            ],
            "0.75": [
              51.03872,
              29.97006,
              -5.30178
            ],
            "1.0": [
              38.53872,
              29.97006,
              -5.30178
            ]
          }
        },
        "leftArm3": {
          "rotation": {
            "0.0": [
              -19.24769,
              -6.27967,
              -13.64973
            ],
            "0.25": [
              -51.74769,
              -6.27967,
              -13.64973
            ],
            "0.5": [
              -64.24769,
              -6.27967,
              -13.64973
            ],
            "0.75": [
              -13.15559,
              -22.23758,
              -13.62627
            ],
            "1.0": [
              -19.24769,
              -6.27967,
              -13.64973
            ]
          }
        },
        "leftArm": {
          "rotation": {
            "0.0": [
              -57.5,
              0,
              0
            ],
            "0.25": [
              -42.5,
              0,
              0
            ],
            "0.5": [
              -67.5,
              0,
              0
            ],
            "0.75": [
              -77.5,
              0,
              0
            ],
            "1.0": [
              -57.5,
              0,
              0
            ]
          }
        },
        "leftArm2": {
          "rotation": {
            "0.0": [
              66.65182,
              -14.85675,
              0.07147
            ],
            "0.25": [
              94.15182,
              -14.85675,
              0.07147
            ],
            "0.5": [
              79.15182,
              -14.85675,
              0.07147
            ],
            "0.75": [
              26.65182,
              -14.85675,
              0.07147
            ],
            "1.0": [
              66.65182,
              -14.85675,
              0.07147
            ]
          }
        },
        "rightLeg": {
          "rotation": {
            "0.0": [
              35,
              0,
              0
            ],
            "0.25": [
              -22.5,
              0,
              0
            ],
            "0.5": [
              -35,
              0,
              0
            ],
            "0.75": [
              -22.5,
              0,
              0
            ],
            "1.0": [
              35,
              0,
              0
            ]
          },
          "position": {
            "0.0": [
              0,
              0,
              0
            ],
            "0.25": [
              0,
              4,
              -3
            ],
            "0.5": [
              0,
              4,
              -4
            ],
            "0.75": [
              0,
              -1,
              -4
            ],
            "1.0": [
              0,
              0,
              0
            ]
          }
        },
        "rightLeg2": {
          "rotation": {
            "0.0": [
              20,
              0,
              0
            ],
            "0.25": [
              77.5,
              0,
              0
            ],
            "0.5": [
              40,
              0,
              0
            ],
            "0.75": [
              17.5,
              0,
              0
            ],
            "1.0": [
              20,
              0,
              0
            ]
          }
        },
        "rightLeg3": {
          "rotation": {
            "0.0": [
              -12.5,
              0,
              0
            ],
            "0.25": [
              45,
              0,
              0
            ],
            "0.5": [
              -10,
              0,
              0
            ],
            "0.75": [
              5,
              0,
              0
            ],
            "1.0": [
              -12.5,
              0,
              0
            ]
          }
        },
        "leftLeg": {
          "rotation": {
            "0.0": [
              -55,
              0,
              0
            ],
            "0.25": [
              -7.53981,
              1.2889,
              -0.37897
            ],
            "0.5": [
              12.46019,
              1.2889,
              -0.37897
            ],
            "0.75": [
              -17.53981,
              1.2889,
              -0.37897
            ],
            "1.0": [
              -55,
              0,
              0
            ]
          },
          "position": {
            "0.0": [
              0,
              0,
              0
            ],
            "0.25": [
              0,
              0,
              -2
            ],
            "0.5": [
              0,
              0,
              2
            ],
            "0.75": [
              0,
              2,
              -3
            ],
            "1.0": [
              0,
              0,
              0
            ]
          }
        },
        "leftLeg2": {
          "rotation": {
            "0.0": [
              52.5,
              0,
              0
            ],
            "0.25": [
              0.04345,
              -2.03724,
              0.59743
            ],
            "0.5": [
              20.04345,
              -2.03724,
              0.59743
            ],
            "0.75": [
              80.04345,
              -2.03724,
              0.59743
            ],
            "1.0": [
              52.5,
              0,
              0
            ]
          }
        },
        "leftLeg3": {
          "rotation": {
            "0.0": [
              7.5,
              0,
              0
            ],
            "0.25": [
              15,
              0,
              0
            ],
            "0.5": [
              -17.5,
              0,
              0
            ],
            "0.75": [
              63.48661,
              4.019,
              -4.40086
            ],
            "1.0": [
              7.5,
              0,
              0
            ]
          }
        }
      }
    },
    "animation.os_daisy.bob": {
      "loop": true,
      "animation_length": 4,
      "bones": {
        "body": {
          "rotation": {
            "0.0": [
              -5,
              0,
              0
            ],
            "2.0": [
              7.5,
              0,
              0
            ],
            "4.0": [
              -5,
              0,
              0
            ]
          }
        },
        "body2": {
          "rotation": {
            "0.0": [
              10,
              0,
              0
            ],
            "2.0": [
              -2.5,
              0,
              0
            ],
            "4.0": [
              10,
              0,
              0
            ]
          }
        },
        "body3": {
          "rotation": {
            "0.0": [
              17.5,
              0,
              0
            ],
            "2.0": [
              5,
              0,
              0
            ],
            "4.0": [
              17.5,
              0,
              0
            ]
          }
        },
        "rightArm": {
          "rotation": {
            "0.0": [
              -23.86525,
              2.84957,
              18.97754
            ],
            "2.0": [
              -1.48831,
              2.78731,
              16.47529
            ],
            "4.0": [
              -23.86525,
              2.84957,
              18.97754
            ]
          }
        },
        "rightArm2": {
          "rotation": {
            "0.0": [
              0,
              0,
              -10
            ],
            "4.0": [
              0,
              0,
              -10
            ]
          }
        },
        "rightArm3": {
          "rotation": {
            "0.0": [
              3.16017,
              13.90325,
              10.13425
            ],
            "4.0": [
              3.16017,
              13.90325,
              10.13425
            ]
          }
        },
        "leftArm3": {
          "rotation": {
            "0.0": [
              -15,
              0,
              -22.5
            ],
            "2.0": [
              -2.47864,
              0.32621,
              -15.00706
            ],
            "4.0": [
              -15,
              0,
              -22.5
            ]
          }
        },
        "leftArm": {
          "rotation": {
            "0.0": [
              -17.5,
              0,
              10
            ],
            "4.0": [
              -17.5,
              0,
              10
            ]
          }
        },
        "leftArm2": {
          "rotation": {
            "0.0": [
              16.93839,
              4.46375,
              -14.33501
            ],
            "4.0": [
              16.93839,
              4.46375,
              -14.33501
            ]
          }
        },
        "rightLeg": {
          "rotation": [
            0,
            0,
            7.5
          ]
        },
        "rightLeg2": {
          "rotation": [
            0,
            0,
            -2.5
          ]
        },
        "rightLeg3": {
          "rotation": [
            0.75903,
            0.82576,
            -7.76021
          ]
        },
        "leftLeg": {
          "rotation": [
            0,
            0,
            -7.5
          ]
        },
        "leftLeg2": {
          "rotation": [
            0,
            0,
            5
          ]
        },
        "leftLeg3": {
          "rotation": [
            0,
            0,
            5
          ]
        }
      }
    },
    "animation.os_daisy.jumpscare": {
      "loop": "hold_on_last_frame",
      "animation_length": 1,
      "bones": {
        "body": {
          "rotation": {
            "0.0": [
              12.5,
              0,
              0
            ],
            "0.25": [
              -10,
              0,
              0
            ],
            "0.2917": [
              7.5,
              0,
              0
            ]
          }
        },
        "body2": {
          "rotation": {
            "0.0": [
              0,
              0,
              0
            ],
            "0.25": [
              25,
              0,
              0
            ]
          }
        },
        "head": {
          "rotation": {
            "0.0": [
              -32.69331,
              0,
              -12.64694
            ],
            "0.125": [
              -25.619,
              0,
              4.27381
            ],
            "0.2917": [
              -60,
              0,
              12.5
            ],
            "0.625": [
              -45.5854,
              5.22355,
              7.19444
            ],
            "0.875": [
              -47.5,
              0,
              12.5
            ]
          },
          "position": {
            "0.3333": [
              -2,
              0,
              0
            ],
            "0.4167": [
              0,
              0,
              0
            ],
            "0.5": [
              -2,
              0,
              0
            ],
            "0.5833": [
              0,
              0,
              0
            ],
            "0.6667": [
              -2,
              0,
              0
            ],
            "0.75": [
              0,
              0,
              0
            ],
            "0.8333": [
              -3,
              0,
              0
            ],
            "0.9167": [
              0,
              0,
              0
            ],
            "1.0": [
              -2,
              0,
              0
            ]
          }
        },
        "rightArm": {
          "rotation": [
            -35,
            0,
            30
          ]
        },
        "rightArm2": {
          "rotation": [
            -54.15996,
            17.26588,
            21.741
          ]
        },
        "rightArm3": {
          "rotation": [
            -15,
            -60,
            0
          ]
        },
        "leftArm3": {
          "rotation": [
            -32.5,
            0,
            -27.5
          ]
        },
        "leftArm": {
          "rotation": [
            -49.06242,
            -26.05573,
            -18.45555
          ]
        },
        "leftArm2": {
          "rotation": [
            -20,
            55,
            0
          ]
        }
      }
    }
  }
}