{
	"format_version": "1.8.0",
	"animations": {
		"animation.win": {
			"loop": "hold_on_last_frame",
			"animation_length": 1.45833,
			"bones": {
				"Main": {
					"rotation": {
						"0.0": [0, 0, 0],
						"0.1667": [-3.64654, 0.1591, 2.49494],
						"0.4167": [-7.99937, -0.58714, -3.24124],
						"0.5833": [-9.15459, 0.14501, 0.45847],
						"0.75": [-9.767, 0.51445, 2.75374],
						"0.9583": [-17.5, 0, 0],
						"1.0833": [-26.56817, 1.11872, 2.23587],
						"1.25": [-33.10064, -2.43434, -3.10386],
						"1.4167": [-42.5, 0, 0],
						"1.4583": [-42.5, 0, 0]
					},
					"position": {
						"0.0": [0, 0, 0],
						"0.5833": [0, -1, 0],
						"0.9583": [0, 0, 0],
						"1.4167": [0, 4, 5],
						"1.4583": [0, -32, 5]
					},
					"scale": {
						"0.0": [1, 1, 1],
						"1.4167": [1, 1, 1],
						"1.4583": [0, 0, 1]
					}
				}
			}
		}
	}
}