{
	"format_version": "1.8.0",
	"animations": {
		"animation.player.splat": {
			"loop": "hold_on_last_frame",
			"animation_length": 0.25,
			"bones": {
				"body": {
					"position": {
						"0.0": [0, 0, 0],
						"0.1667": [0, -22, 0]
					},
					"scale": {
						"0.0": [1, 1, 1],
						"0.1667": [1, 0.1, 1]
					}
				},
				"head": {
					"position": {
						"0.0": [0, 0, 0],
						"0.1667": [0, -22, 0]
					},
					"scale": {
						"0.0": [1, 1, 1],
						"0.1667": [1, 0.1, 1]
					}
				},
				"rightLeg": {
					"position": {
						"0.0": [0, 0, 0],
						"0.1667": [0, -11, 0]
					},
					"scale": {
						"0.0": [1, 1, 1],
						"0.1667": [1, 0.1, 1]
					}
				},
				"leftLeg": {
					"position": {
						"0.0": [0, 0, 0],
						"0.1667": [0, -11, 0]
					},
					"scale": {
						"0.0": [1, 1, 1],
						"0.1667": [1, 0.1, 1]
					}
				}
			}
		}
	}
}