{"animations":{"animation.player.fall1":{"animation_length":1.29167,"bones":{"body":{"position":{"0.0":[0,0,0],"0.25":[0,0,-3],"0.5":[0,-1,-5.6],"0.75":[0,-3,-11.95],"0.875":[0,-7,-16.3],"1.0833":[0,-14.89,-21.02],"1.25":[0,-22,-23]},"rotation":{"0.0":[0,0,0],"0.25":[12.5,0,0],"0.5":[22.38,0,0],"0.75":[37.25,0,0],"1.25":[90,0,0]}},"head":{"position":{"0.0":[0,-1,0],"0.5":[0,-2,-1],"0.8333":[0,-3,-0.11],"1.25":[0,-1,0]},"rotation":{"0.0":[0,0,0],"1.25":[0,0,0]},"scale":[0.1,0.1,0.1]},"leftArm":{"position":{"0.0":[0,0,0],"1.25":[0,0,0]},"rotation":{"0.0":[0,0,0],"0.25":[12.5,10,-1.67],"0.5":[21,8,-8.34],"0.75":[31.38,11,-13.75],"0.9167":[30.09,4,-16.67],"1.0833":[11.3,2,-17.08],"1.25":[0,-2.5,-17.5]}},"leftLeg":{"position":{"0.0":[0,0,0],"1.25":[0,0,0]},"rotation":{"0.0":[0,0,0],"0.25":[-7.5,0,-1.5],"0.5":[-13.12,0,-3],"1.25":[0,0,-7.5]}},"rightArm":{"position":{"0.0":[0,0,0],"1.25":[0,0,0]},"rotation":{"0.0":[0,0,0],"0.25":[5,-2.5,3.75],"0.5":[12.5,-7.5,10],"0.75":[25.63,-8.12,15.63],"0.9167":[25.42,-8.75,18.75],"1.0833":[7.71,-4.37,20.63],"1.25":[0,7.5,20]}},"rightLeg":{"position":{"0.0":[0,0,0],"1.25":[0,0,0]},"rotation":{"0.0":[0,0,0],"0.25":[-10,-3.5,2],"0.5":[-15,-7,4],"1.25":[0,-17.5,10]}}},"loop":"hold_on_last_frame"}},"format_version":"1.8.0"}