{
	"format_version": "1.8.0",
	"animations": {
		"animation.player.reset": {
			"animation_length": 0.04167,
			"bones": {
				"body": {
					"rotation": [0, 0, 0],
					"position": [0, 0, 0]
				},
				"head": {
					"rotation": [0, 0, 0],
					"position": [0, 0, 0]
				},
				"rightArm": {
					"rotation": [0, 0, 0],
					"position": [0, 0, 0]
				},
				"leftArm": {
					"rotation": [0, 0, 0],
					"position": [0, 0, 0]
				},
				"rightLeg": {
					"rotation": [0, 0, 0],
					"position": [0, 0, 0]
				},
				"leftLeg": {
					"rotation": [0, 0, 0],
					"position": [0, 0, 0]
				}
			}
		}
	}
}