{"animations":{"animation.shirokuma.turn":{"animation_length":4.41667,"bones":{"Head":{"position":[0,0,0],"rotation":{"0.2083":[7.5,0,0],"0.4583":[2.5,0,0],"1.7917":[2.5,0,0],"2.0":[2.49762,-0.10901,2.49762],"2.2083":[5.00242,-8.8E-4,0.00238],"2.4167":[4.99527,0.21782,-2.4905],"2.6667":[7.50482,0.00197,4.8E-4],"3.0":[12.5,0,0],"3.25":[15,0,0],"4.0":[15,0,0],"4.3333":[7.5,0,0]}},"Jaw":{"position":{"0.2083":[0,2,0],"0.4583":[0,0,0],"1.7917":[0,0,0],"3.0":[0,2,0]}},"Leyebrow":{"rotation":{"0.2083":[0,0,-20],"0.4583":[0,0,-27.5],"4.0":[0,0,-27.5],"4.3333":[0,0,-20]}},"Reyebrow":{"rotation":{"0.2083":[0,0,20],"0.4583":[0,0,27.5],"4.0":[0,0,27.5],"4.3333":[0,0,20]}}},"loop":"hold_on_last_frame"}},"format_version":"1.8.0"}.5],
						"4.3333": [0, 0, -20]
					}
				},
				"Jaw": {
					"position": {
						"0.2083": [0, 2, 0],
						"0.4583": [0, 0, 0],
						"1.7917": [0, 0, 0],
						"3.0": [0, 2, 0]
					}
				},
				"Reyebrow": {
					"rotation": {
						"0.2083": [0, 0, 20],
						"0.4583": [0, 0, 27.5],
						"4.0": [0, 0, 27.5],
						"4.3333": [0, 0, 20]
					}
				}
			},
			"sound_effects": {
				"0.0": {
					"effect": "whiteangry"
				}
			},
			"timeline": {
				"4.2917": "structure load shirokumablack ~~~",
				"4.3333": "playanimation @e [type=pa:shirokumablack] animation.black.cry f 9999",
				"4.375": "kill @e [type=pa:shirokuma]"
			}
		}
	}
}