{
	"format_version": "1.8.0",
	"animations": {
		"animation.shirokuma.happy": {
			"loop": "hold_on_last_frame",
			"animation_length": 0.75,
			"bones": {
				"Head": {
					"rotation": {
						"0.0": [7.5, 0, 0],
						"0.5": [0, 0, 0]
					},
					"position": [0, 0, 0]
				},
				"Leyebrow": {
					"rotation": {
						"0.0": [0, 0, -20],
						"0.5": [0, 0, 0]
					}
				},
				"Jaw": {
					"position": {
						"0.0": [0, 2, 0],
						"0.5": [0, 0, 0]
					}
				},
				"Reyebrow": {
					"rotation": {
						"0.0": [0, 0, 20],
						"0.5": [0, 0, 0]
					}
				}
			}
		}
	}
}