{
	"format_version": "1.8.0",
	"animations": {
		"animation.polarbear.reverse": {
			"loop": "hold_on_last_frame",
			"animation_length": 3,
			"bones": {
				"Head": {
					"rotation": {
						"0.0": [7.5, 0, 0],
						"0.4167": [0, 0, 0]
					}
				},
				"Leyebrow": {
					"rotation": {
						"0.0": [0, 0, -20],
						"0.4167": [0, 0, 0]
					}
				},
				"Reyebrow": {
					"rotation": {
						"0.0": [0, 0, 15],
						"0.4167": [0, 0, 0]
					}
				},
				"Jaw": {
					"position": {
						"0.0": [0, 2, 0],
						"0.4167": [0, 0, 0]
					}
				},
				"Rfeet": {
					"rotation": {
						"0.5": [41.04879, -14.14739, 3.1647],
						"0.75": [-2.5, 0, 0]
					},
					"position": {
						"0.5": [0, 0, -1],
						"0.75": [0, 0, 0]
					},
					"scale": {
						"0.5": [1, 1, 1],
						"0.75": [1, 1, 1]
					}
				},
				"Rightarm": {
					"rotation": {
						"0.5": [-40.83558, -12.69843, -15.55556],
						"0.75": [-42.07723, -6.06809, -7.96341],
						"1.0": [-37.5, 0, 0],
						"1.375": [0, 0, 0]
					},
					"scale": {
						"0.5": [1, 1.3, 1],
						"0.75": [1, 1.2, 1],
						"1.0": [1, 1, 1],
						"1.375": [1, 1, 1]
					}
				},
				"BRfeet": {
					"rotation": {
						"0.5": [-5.04256, -0.65182, -12.52822],
						"0.75": [0, 0, -20],
						"1.0": [0, 0, -20],
						"1.375": [0, 0, 0]
					},
					"position": [0, -1, 0],
					"scale": {
						"0.5": [1, 1.2, 0.9],
						"0.75": [1, 1, 1],
						"1.0": [1, 1, 1],
						"1.375": [1, 1, 1]
					}
				}
			}
		}
	}
}