{"animations":{"animation.shirokumablack.sad":{"animation_length":17.29167,"bones":{"BRfeet":{"position":{"2.0":[0,0,0],"2.5":[0,0,0],"3.4167":[0,0,0],"4.0":[0,0,0]},"rotation":{"2.0":[0,0,0],"2.5":[-7.5,0,-22.5],"3.4167":[-7.5,0,-22.5],"4.0":[0,0,0]},"scale":{"2.0":[1,1,1],"2.5":[1,1.1,1],"3.4167":[1,1.1,1],"4.0":[1,1,1]}},"Head":{"position":{"0.1667":[0,0,0],"4.0":[0,0,0]},"rotation":{"0.1667":[7.5,0,0],"0.9167":[7.5,0,0],"1.5":[0,0,0],"1.6667":[0,0,0],"14.6667":[10,0,0],"15.0":[-2.5,0,0],"2.5":[13.33112,22.14221,2.78119],"4.0":[13.33,22.14,2.78],"4.375":[0,0,0],"7.5":[0,0,0],"8.75":[10,0,0]}},"Jaw":{"position":{"0.1667":[0,2,0],"0.8333":[0,2,0],"1.0833":[0,0,0],"1.4583":[0,1.5,0],"10.125":[0,0.85,0],"10.4167":[0,1.85,0],"10.75":[0,0,0],"11.1667":[0,1.85,0],"11.8333":[0,1.85,0],"12.0833":[0,0.85,0],"12.375":[0,1.85,0],"12.75":[0,0,0],"13.25":[0,1.85,0],"14.6667":[0,1.85,0],"15.0":[0,-0.15,0],"15.5":[0,1.85,0],"4.375":[0,1.5,0],"4.75":[0,-0.5,0],"5.0":[0,1.5,0],"5.5833":[0,-0.5,0],"5.7917":[0,-0.15,0],"6.0417":[0,-0.5,0],"6.75":[0,1.85,0],"9.8333":[0,1.85,0]}},"Leyebrow":{"rotation":{"0.9167":[0,0,-20],"1.4583":[0,0,17.5],"14.6667":[0,0,25],"4.375":[0,0,17.5],"4.8333":[0,0,25]}},"Reyebrow":{"rotation":{"0.9167":[0,0,20],"1.4583":[0,0,-17.5],"14.6667":[0,0,-25],"4.375":[0,0,-17.5],"4.8333":[0,0,-25]}},"Rfeet":{"position":{"0.0":[0,0,0],"2.0":[0,0,0],"2.5":[0,-0.5,0],"3.4167":[0,-0.5,0],"4.0":[0,0,0]},"rotation":{"2.0":[0,0,0],"2.5":[-10,0,0],"3.4167":[-10,0,0],"4.0":[0,0,0]},"scale":1},"Rightarm":{"position":[0,0,0],"rotation":{"2.0":[0,0,0],"2.5":[-40,0,0],"3.4167":[-40,0,0],"4.0":[0,0,0]},"scale":{"2.0":[1,1,1],"2.5":[1,1.1,1],"3.4167":[1,1.1,1],"4.0":[1,1,1]}},"Storage":{"position":{"8.5":[0,0,0],"9.0":[0,0,-3]}},"Tear":{"position":{"10.0":[1,-4,-5],"10.2917":[1,-10,-5],"10.75":[1,-39,-5],"11.4583":[1,-39,-5],"11.5":[1,-3,-2],"11.5417":[1,-3,-5],"11.9167":[1,-4,-5],"12.3333":[1,-10,-5],"13.0417":[1,-39,-5],"6.3333":[1,-3,2],"8.5833":[1,-3,-2],"9.5":[1,-3,-2],"9.5417":[1,-3,-5]}}},"loop":"hold_on_last_frame"}},"format_version":"1.8.0"}ion": {
						"2.0": [0, 0, 0],
						"2.5": [-7.5, 0, -22.5],
						"3.4167": [-7.5, 0, -22.5],
						"4.0": [0, 0, 0]
					},
					"position": {
						"2.0": [0, 0, 0],
						"2.5": [0, 0, 0],
						"3.4167": [0, 0, 0],
						"4.0": [0, 0, 0]
					},
					"scale": {
						"2.0": [1, 1, 1],
						"2.5": [1, 1.1, 1],
						"3.4167": [1, 1.1, 1],
						"4.0": [1, 1, 1]
					}
				},
				"Rfeet": {
					"rotation": {
						"2.0": [0, 0, 0],
						"2.5": [-10, 0, 0],
						"3.4167": [-10, 0, 0],
						"4.0": [0, 0, 0]
					},
					"position": {
						"0.0": [0, 0, 0],
						"2.0": [0, 0, 0],
						"2.5": [0, -0.5, 0],
						"3.4167": [0, -0.5, 0],
						"4.0": [0, 0, 0]
					},
					"scale": 1
				},
				"Tear": {
					"position": {
						"6.3333": [1, -3, 2],
						"8.5833": [1, -3, -2],
						"9.5": [1, -3, -2],
						"9.5417": [1, -3, -5],
						"10.0": [1, -4, -5],
						"10.2917": [1, -10, -5],
						"10.75": [1, -39, -5],
						"11.4583": [1, -39, -5],
						"11.5": [1, -3, -2],
						"11.5417": [1, -3, -5],
						"11.9167": [1, -4, -5],
						"12.3333": [1, -10, -5],
						"13.0417": [1, -39, -5]
					}
				},
				"Storage": {
					"position": {
						"8.5": [0, 0, 0],
						"9.0": [0, 0, -3]
					}
				}
			},
			"sound_effects": {
				"0.0": {
					"effect": "blacksad"
				}
			}
		}
	}
}