{
	"format_version": "1.8.0",
	"animations": {
		"animation.shirokuma.kill": {
			"loop": "hold_on_last_frame",
			"animation_length": 3,
			"bones": {
				"Head": {
					"rotation": {
						"0.0": [7.5, 0, 0],
						"0.3333": [15, 0, 0],
						"2.75": [15, 0, 0],
						"3.0": [7.5, 0, 0]
					}
				},
				"Leyebrow": {
					"rotation": [0, 0, -20]
				},
				"Reyebrow": {
					"rotation": [0, 0, 20]
				},
				"Jaw": {
					"position": [0, 2, 0]
				},
				"Rfeet": {
					"rotation": {
						"1.125": [-2.5, 0, 0],
						"1.375": [41.04879, -14.14739, 3.1647]
					},
					"position": {
						"1.125": [0, 0, 0],
						"1.375": [0, 0, -1]
					},
					"scale": {
						"1.125": [1, 1, 1],
						"1.375": [1, 1, 1]
					}
				},
				"Rightarm": {
					"rotation": {
						"0.5": [0, 0, 0],
						"0.875": [-37.5, 0, 0],
						"1.125": [-42.07723, -6.06809, -7.96341],
						"1.375": [-40.83558, -12.69843, -15.55556]
					},
					"scale": {
						"0.5": [1, 1, 1],
						"0.875": [1, 1, 1],
						"1.125": [1, 1.2, 1],
						"1.375": [1, 1.3, 1]
					}
				},
				"BRfeet": {
					"rotation": {
						"0.5": [0, 0, 0],
						"0.875": [0, 0, -20],
						"1.125": [0, 0, -20],
						"1.375": [-5.04256, -0.65182, -12.52822]
					},
					"position": [0, -1, 0],
					"scale": {
						"0.5": [1, 1, 1],
						"0.875": [1, 1, 1],
						"1.125": [1, 1, 1],
						"1.375": [1, 1.2, 0.9]
					}
				}
			}
		}
	}
}