{
  "resource_pack_name": "vanilla",
  "texture_name": "atlas.items",
  "texture_data": {
    "egg_camel": {
      "textures": "textures/items/egg_camel"
    },
    "egg_lion": {
      "textures": "textures/items/egg_lion"
    },
    "egg_penguin": {
      "textures": "textures/items/egg_penguin"
    },
    "egg_tiger": {
      "textures": "textures/items/egg_tiger"
    },
    "egg_elephant": {
      "textures": "textures/items/egg_elephant"
    },
    "egg_deer": {
      "textures": "textures/items/egg_deer"
    },
    "egg_panther": {
      "textures": "textures/items/egg_panther"
    },
    "egg_frog": {
      "textures": "textures/items/egg_frog"
    },
    "egg_crocodile": {
      "textures": "textures/items/egg_crocodile"
    },
    "egg_mouse": {
      "textures": "textures/items/egg_mouse"
    },
    "gallardo": {
      "textures": "textures/items/gallardo"
    },
    "bench": {
      "textures": "textures/items/bench"
    },
    "christmas_tree": {
      "textures": "textures/items/christmas_tree"
    },
    "tivi": {
      "textures": "textures/items/tivi"
    },
    "closet": {
      "textures": "textures/items/closet"
    },
    "laptop": {
      "textures": "textures/items/laptop"
    },
    "piano": {
      "textures": "textures/items/piano"
    },
    "armchairs": {
      "textures": "textures/items/armchairs"
    },
    "chair": {
      "textures": "textures/items/chair"
    },
    "big_table": {
      "textures": "textures/items/big_table"
    },
    "small_table": {
      "textures": "textures/items/small_table"
    },
    "drone": {
      "textures": "textures/items/drone"
    },
    "colorful_gifts": {
      "textures": "textures/items/colorful_gifts"
    },
    "blue_slime:blue": {
      "textures": "textures/items/pamobile/blue_slime_blue"
    },
    "blue_slime:green": {
      "textures": "textures/items/pamobile/blue_slime_green"
    },
    "blue_slime:purple": {
      "textures": "textures/items/pamobile/blue_slime_purple"
    },
    "blue_slime:pink": {
      "textures": "textures/items/pamobile/blue_slime_pink"
    },
    "blue_slime:yellow": {
      "textures": "textures/items/pamobile/blue_slime_yellow"
    },
    "blue_slime:orange": {
      "textures": "textures/items/pamobile/blue_slime_orange"
    },
    "blue_slime:black": {
      "textures": "textures/items/pamobile/blue_slime_black"
    },
    "blue_slime:teal": {
      "textures": "textures/items/pamobile/blue_slime_teal"
    },
    "blue_slime:red": {
      "textures": "textures/items/pamobile/blue_slime_red"
    },
    "blue_slime:indigo": {
      "textures": "textures/items/pamobile/blue_slime_indigo"
    },
    "blue_slime:white": {
      "textures": "textures/items/pamobile/blue_slime_white"
    },
    "blue_slime:yellow_spider": {
      "textures": "textures/items/pamobile/blue_slime_yellow_spider"
    },
    "blue_slime:nightmare_blue": {
      "textures": "textures/items/pamobile/blue_slime_nightmare_blue"
    },
    "blue_slime:monochrome": {
      "textures": "textures/items/pamobile/blue_slime_monochrome"
    },
    "blue_slime:lime": {
      "textures": "textures/items/pamobile/blue_slime_lime"
    },
    "blue_slime:lime_concept": {
      "textures": "textures/items/pamobile/blue_slime_lime_concept"
    }
  }
}