{"entity_sounds":{"entities":{"yg:banbaleena":{"events":{"attack":{"pitch":1,"sound":"mob.jumpscare2.attack","volume":50},"ambient":"mob.yg_banbaleena.ambient","death":"mob.yg_banbaleena.death"},"pitch":[1],"volume":50},"yg:the_jester":{"events":{"attack":{"pitch":1,"sound":"mob.jumpscare1.attack","volume":50},"ambient":"mob.yg_the_jester.ambient","death":"mob.yg_the_jester.death"},"pitch":[1],"volume":50},"yg:smiley_miley":{"events":{"attack":{"pitch":1,"sound":"mob.jumpscare1.attack","volume":50},"ambient":"mob.yg_smiley_miley.ambient","death":"mob.yg_smiley_miley.death"},"pitch":[1],"volume":50},"yg:banban":{"events":{"attack":{"pitch":1,"sound":"mob.jumpscare1.attack","volume":50},"ambient":"mob.yg_banban.ambient"},"pitch":[1],"volume":50},"yg:doom_doom":{"events":{"attack":{"pitch":1,"sound":"mob.jumpscare1.attack","volume":50},"ambient":"mob.yg_doom_doom.ambient"},"pitch":[1],"volume":50},"yg:hijacked_banban":{"events":{"attack":{"pitch":1,"sound":"mob.jumpscare5.attack","volume":50},"ambient":"mob.yg_hijacked_banban.ambient"},"pitch":[1],"volume":50},"yg:captain_fiddels":{"events":{"attack":{"pitch":1,"sound":"mob.jumpscare1.attack","volume":50}},"pitch":[1],"volume":50},"yg:chef_pigster":{"events":{"attack":{"pitch":1,"sound":"mob.jumpscare1.attack","volume":50}},"pitch":[1],"volume":50},"yg:coach_pickles":{"events":{"attack":{"pitch":1,"sound":"mob.jumpscare1.attack","volume":50}},"pitch":[1],"volume":50},"yg:hunter_tim":{"events":{"attack":{"pitch":1,"sound":"mob.jumpscare1.attack","volume":50}},"pitch":[1],"volume":50},"yg:queen_bouncelia":{"events":{"attack":{"pitch":1,"sound":"mob.jumpscare1.attack","volume":50}},"pitch":[1],"volume":50},"yg:silent_steve":{"events":{"attack":{"pitch":1,"sound":"mob.jumpscare1.attack","volume":50}},"pitch":[1],"volume":50},"yg:stinky_joel":{"events":{"attack":{"pitch":1,"sound":"mob.jumpscare1.attack","volume":50}},"pitch":[1],"volume":50},"yg:jumbo_josh":{"events":{"attack":{"pitch":1,"sound":"mob.jumpscare1.attack","volume":50},"ambient":"mob.yg_josh.ambient"},"pitch":[1],"volume":50},"yg:opila_bird":{"events":{"attack":{"pitch":1,"sound":"mob.jumpscare1.attack","volume":50},"death":"mob.yg_opila_bird.death"},"pitch":[1],"volume":50},"yg:tarta_bird":{"events":{"attack":{"pitch":1,"sound":"mob.jumpscare1.attack","volume":50},"death":"mob.yg_opila_bird.death"},"pitch":[1],"volume":50},"yg:stinger_flynn":{"events":{"attack":{"pitch":1,"sound":"mob.jumpscare1.attack","volume":50},"ambient":"mob.yg_stinger_flynn.ambient"},"pitch":[1],"volume":50},"yg:slow_seline":{"events":{"ambient":"mob.yg_slow_seline.ambient","attack":{"pitch":1,"sound":"mob.jumpscare4.attack","volume":50},"step":{"pitch":1,"sound":"mob.yg_slow_seline.step","volume":10}},"pitch":[1],"volume":50},"yg:tamataki_chamataki":{"events":{"attack":{"pitch":1,"sound":"mob.jumpscare4.attack","volume":50}},"pitch":[1],"volume":50},"yg:sherif_toadster":{"events":{"attack":{"pitch":1,"sound":"mob.jumpscare1.attack","volume":50}},"pitch":[1],"volume":50},"yg:patched_willy":{"events":{"attack":{"pitch":1,"sound":"mob.jumpscare1.attack","volume":50}},"pitch":[1],"volume":50},"yg:nabnab":{"events":{"attack":{"pitch":1,"sound":"mob.jumpscare3.attack","volume":50},"step":{"pitch":1,"sound":"mob.yg_nab_nab.step","volume":10}},"pitch":[1],"volume":50},"yg:nabnaleena":{"events":{"attack":{"pitch":1,"sound":"mob.jumpscare3.attack","volume":50},"step":{"pitch":1,"sound":"mob.yg_nab_nab.step","volume":10}},"pitch":[1],"volume":50},"yg:miniopila":{"events":{"ambient":"mob.yg_miniopila.ambient","hurt":"mob.yg_miniopila.hurt"},"pitch":[1],"volume":50},"yg:ms_luna":{"events":{"attack":{"pitch":1,"sound":"mob.jumpscare1.attack","volume":50}},"pitch":[1],"volume":50},"yg:nibbler":{"events":{"attack":{"pitch":1,"sound":"mob.jumpscare1.attack","volume":50}},"pitch":[1],"volume":50},"yg:noodle_ninja":{"events":{"attack":{"pitch":1,"sound":"mob.jumpscare1.attack","volume":50}},"pitch":[1],"volume":50},"yg:shark_clee":{"events":{"attack":{"pitch":1,"sound":"mob.jumpscare1.attack","volume":50}},"pitch":[1],"volume":50},"yg:mr_grimm":{"events":{"attack":{"pitch":1,"sound":"mob.jumpscare1.attack","volume":50}},"pitch":[1],"volume":50},"yg:dr_fluffyphants":{"events":{"attack":{"pitch":1,"sound":"mob.jumpscare1.attack","volume":50}},"pitch":[1],"volume":50},"yg:toxic_gazer":{"events":{"attack":{"pitch":1,"sound":"mob.jumpscare1.attack","volume":50}},"pitch":[1],"volume":50},"yg:hungry_tamy":{"events":{"attack":{"pitch":1,"sound":"mob.jumpscare1.attack","volume":50}},"pitch":[1],"volume":50},"yg:hunky_jake":{"events":{"attack":{"pitch":1,"sound":"mob.jumpscare1.attack","volume":50}},"pitch":[1],"volume":50},"yg:slinky_andrew":{"events":{"attack":{"pitch":1,"sound":"mob.jumpscare1.attack","volume":50}},"pitch":[1],"volume":50},"yg:cicklopus":{"events":{"attack":{"pitch":1,"sound":"mob.jumpscare1.attack","volume":50}},"pitch":[1],"volume":50}}}}