{
  "format_version": "1.8.0",
  "minecraft:entity": {
    "description": {
      "identifier": "rftrdy:lavender",
      "is_spawnable": true,
      "is_summonable": true,
      "is_experimental": false
    },
    "component_groups": {
      "minecraft:raid_configuration": {
        "minecraft:dweller": {
          "dwelling_type": "village",
          "dweller_role": "hostile",
          "update_interval_base": 60,
          "update_interval_variant": 40,
          "can_find_poi": false,
          "can_migrate": false,
          "first_founding_reward": 0
        },
        "minecraft:behavior.move_to_village": {
          "priority": 3,
          "speed_multiplier": 1.2
        },
        "minecraft:ambient_sound_interval": {
          "value": 2,
          "range": 4,
          "event_name": "ambient.in.raid"
        }
      },
      "minecraft:pig_transform": {
        "minecraft:transformation": {
          "into": "pa:lavenderoff"
        }
      }
    },
    "components": {
      "minecraft:breathable": {
        "totalSupply": 15,
        "suffocateTime": 0
      },
      "minecraft:nameable": {
        "alwaysShow": false,
        "allowNameTagRenaming": true
      },
      "minecraft:health": {
        "value": 24000,
        "max": 24000
      },
      "minecraft:movement": {
        "value": 0.24
      },
      "minecraft:navigation.walk": {
        "can_path_over_water": true,
        "avoid_water": false
      },
      "minecraft:movement.basic": {},
      "minecraft:jump.static": {},
      "minecraft:can_climb": {},
      "minecraft:behavior.float": {
        "priority": 1
      },
      "minecraft:behavior.random_stroll": {
        "priority": 4,
        "speed_multiplier": 1
      },
      "minecraft:behavior.look_at_player": {
        "priority": 5,
        "look_distance": 8
      },
      "minecraft:behavior.random_look_around": {
        "priority": 5,
        "look_distance": 8
      },
      "minecraft:behavior.hurt_by_target": {
        "priority": 3
      },
      "minecraft:behavior.nearest_attackable_target": {
        "priority": 2,
        "entity_types": [
          {
            "filters": {
              "any_of": [
                {
                  "test": "is_family",
                  "subject": "other",
                  "value": "player"
                },
                {
                  "test": "is_family",
                  "subject": "other",
                  "value": "snowgolem"
                },
                {
                  "test": "is_family",
                  "subject": "other",
                  "value": "irongolem"
                },
                {
                  "test": "is_family",
                  "subject": "other",
                  "value": "ladybug"
                },
                {
                  "test": "is_family",
                  "subject": "other",
                  "value": "villager"
                }
              ]
            },
            "max_dist": 10.0,
            "must_see": true
          }
        ],
        "must_reach": true,
        "within_radius": 0.1,
        "must_see": true
      },
      "minecraft:type_family": {
        "family": [
          "monster",
          "rainbow_friends"
        ]
      },
      "minecraft:physics": {},
      "minecraft:follow_range": {
        "value": 64
      },
      "minecraft:annotation.open_door": {},
      "minecraft:behavior.open_door": {
        "on_death": "query.last_hit_by_player ? 10 : 0",
        "close_door_after": true
      },
      "minecraft:experience_reward": {
        "on_death": "query.last_hit_by_player ? 0 : 0"
      },
      "minecraft:underwater_movement": {
        "value": 0.24
      },
      "minecraft:scale": {
        "value": 1.8
      },
      "minecraft:attack": {
        "damage": 999,
        "effect_name": "blindness",
        "effect_duration": 30
      },
      "minecraft:behavior.melee_attack": {
        "priority": 2,
        "speed_multiplier": 1.5,
        "target_dist": 0,
        "max_dist": 3,
        "random_stop_interval": 100,
        "track_target": true,
        "reach_multiplier": 1.4
      },
      "minecraft:behavior.owner_hurt_by_target": {
        "priority": 1
      },
      "minecraft:behavior.owner_hurt_target": {
        "priority": 2
      },
      "minecraft:tameable": {
        "probability": 0.33,
        "tameItems": [
          "trdy:foodylavender"
        ],
        "tame_event": {
          "event": "minecraft:on_tame",
          "target": "self"
        }
      },
      "minecraft:behavior.follow_owner": {
        "start_distance": 10,
        "speed_multiplier": 1,
        "stop_distance": 2,
        "priority": 6
      },
      "minecraft:on_death": {
        "event": "on:death",
        "target": "self"
      },
      "minecraft:on_hurt": {
        "event": "on:hurt",
        "target": "self"
      },
      "minecraft:on_hurt_by_player": {
        "event": "on:hurt_by_player",
        "target": "self"
      },
      "minecraft:on_ignite": {
        "event": "on:ignite",
        "target": "self"
      },
      "minecraft:on_target_acquired": {
        "event": "on:target_acquired",
        "target": "self"
      },
      "minecraft:on_target_escape": {
        "event": "on:target_escape",
        "target": "self"
      },
      "minecraft:on_wake_with_owner": {
        "event": "on:wake_with_owner",
        "target": "self"
      },
      "minecraft:rail_movement": {
        "max_speed": 1.0
      },
      "minecraft:rail_sensor": {
        "check_block_types": true,
        "eject_on_activate": true,
        "eject_on_deactivate": true,
        "tick_command_block_on_activate": true,
        "tick_command_block_on_deactivate": true
      },
      "minecraft:lookat": {
        "allow_invulnerable": true,
        "filters": {
          "test": "has_target"
        },
        "look_cooldown": [
          0,
          0
        ],
        "search_radius": 10.0,
        "set_target": true
      },
      "minecraft:equip_item": {},
      "minecraft:behavior.leap_at_target": {
        "priority": 4,
        "yd": 0.9,
        "must_be_on_ground": false,
        "target_dist": 0.4,
        "speed_multiplier": 1
      },
      "minecraft:breedable": {
        "requireTame": false,
        "breedsWith": [
          {
            "mateType": "rftrdy:lavender",
            "babyType": "rftrdy:cyan",
            "breed_event": {
              "event": "minecraft:entity_born",
              "target": "baby"
            }
          }
        ],
        "breedItems": [
          "carrot",
          "trdy:foodycyan"
        ]
      },
      "minecraft:behavior.breed": {
        "priority": 3,
        "speed_multiplier": 1.0
      },
      "minecraft:transformed": {
        "minecraft:transformation": {
          "into": "pa:lavenderoff"
        }
      },
      "minecraft:damage_sensor": [
        {
          "on_damage": {
            "filters": {
              "test": "is_family",
              "subject": "other",
              "value": "red"
            },
            "event": "become_zombie"
          },
          "deals_damage": true
        }
      ],
      "minecraft:behavior.avoid_mob_type": {
        "priority": 3,
        "entity_types": [
          {
            "filters": {
              "other_with_families": [
                "red"
              ]
            },
            "max_dist": 6,
            "walk_speed_multiplier": 1,
            "sprint_speed_multiplier": 1.2
          }
        ],
        "max_dist": 6,
        "walk_speed_multiplier": 1,
        "sprint_speed_multiplier": 1.2,
        "sneak_speed_multiplier": 1
      },
      "minecraft:loot": {
        "table": "loot_tables/entities/rftrdy_lavender.json"
      }
    },
    "events": {
      "minecraft:spawn_for_raid": {
        "add": {
          "component_groups": [
            "minecraft:raid_configuration"
          ]
        }
      },
      "on:death": {
        "randomize": []
      },
      "on:hurt": {
        "randomize": []
      },
      "on:hurt_by_player": {
        "randomize": []
      },
      "on:ignite": {
        "randomize": []
      },
      "on:target_acquired": {
        "randomize": []
      },
      "on:target_escape": {
        "randomize": []
      },
      "on:wake_with_owner": {
        "randomize": []
      },
      "become_zombie": {
        "remove": {},
        "add": {
          "component_groups": [
            "minecraft:pig_transform"
          ]
        }
      }
    }
  }
}