{
  "format_version": "1.10.0",
  "minecraft:entity": {
    "description": {
      "identifier": "rftrdy:lookie",
      "is_spawnable": true,
      "is_summonable": true,
      "is_experimental": false
    },
    "component_groups": {
      "minecraft:chicken_baby": {
        "minecraft:is_baby": {},
        "minecraft:scale": {
          "value": 0.5
        },
        "minecraft:ageable": {
          "duration": 1200,
          "feedItems": [
            "wheat_seeds",
            "beetroot_seeds",
            "melon_seeds",
            "pumpkin_seeds"
          ],
          "grow_up": {
            "event": "minecraft:ageable_grow_up",
            "target": "self"
          }
        },
        "minecraft:behavior.follow_parent": {
          "priority": 5,
          "speed_multiplier": 1.1
        }
      },
      "minecraft:chicken_adult": {
        "minecraft:breedable": {
          "requireTame": false,
          "breedsWith": {
            "mateType": "minecraft:chicken",
            "babyType": "minecraft:chicken",
            "breed_event": {
              "event": "minecraft:entity_born",
              "target": "baby"
            }
          },
          "breedItems": [
            "wheat_seeds",
            "beetroot_seeds",
            "melon_seeds",
            "pumpkin_seeds"
          ]
        },
        "minecraft:behavior.breed": {
          "priority": 3,
          "speed_multiplier": 1
        },
        "minecraft:rideable": {
          "seat_count": 1,
          "family_types": [
            "zombie"
          ],
          "seats": {
            "position": [
              0,
              0.4,
              0
            ]
          }
        },
        "minecraft:spawn_entity": {
          "min_wait_time": 300,
          "max_wait_time": 600,
          "spawn_sound": "plop",
          "spawn_item": "egg"
        }
      }
    },
    "components": {
      "minecraft:type_family": {
        "family": [
          "chicken"
        ]
      },
      "minecraft:breathable": {
        "totalSupply": 15,
        "suffocateTime": 0
      },
      "minecraft:collision_box": {
        "height": 0.8,
        "width": 0.6
      },
      "minecraft:nameable": {
        "alwaysShow": false,
        "allowNameTagRenaming": false
      },
      "minecraft:health": {
        "value": 4,
        "max": 4
      },
      "minecraft:movement": {
        "value": 0.25
      },
      "minecraft:fall_damage": {
        "value": 0
      },
      "minecraft:leashable": {
        "soft_distance": 4,
        "hard_distance": 6,
        "max_distance": 10
      },
      "minecraft:balloonable": {
        "mass": 0.6
      },
      "minecraft:navigation.walk": {
        "can_path_over_water": true,
        "avoid_damage_blocks": true
      },
      "minecraft:movement.basic": {},
      "minecraft:jump.static": {},
      "minecraft:can_climb": {},
      "minecraft:behavior.float": {
        "priority": 0
      },
      "minecraft:behavior.panic": {
        "priority": 1,
        "speed_multiplier": 1.5
      },
      "minecraft:behavior.mount_pathing": {
        "priority": 2,
        "speed_multiplier": 1.5,
        "target_dist": 0,
        "track_target": true
      },
      "minecraft:behavior.tempt": {
        "priority": 4,
        "speed_multiplier": 1,
        "items": [
          "wheat_seeds",
          "beetroot_seeds",
          "melon_seeds",
          "pumpkin_seeds"
        ]
      },
      "minecraft:behavior.random_stroll": {
        "priority": 6,
        "speed_multiplier": 1
      },
      "minecraft:behavior.look_at_player": {
        "priority": 7,
        "look_distance": 6,
        "probability": 0.02
      },
      "minecraft:behavior.random_look_around": {
        "priority": 8
      },
      "minecraft:physics": {},
      "minecraft:experience_reward": {
        "on_death": "query.last_hit_by_player ? 10 : 0"
      },
      "minecraft:underwater_movement": {
        "value": 0.02
      },
      "minecraft:scale": {
        "value": 1
      },
      "minecraft:loot": {
        "table": "loot_tables/entities/rftrdy_lookie.json"
      }
    },
    "events": {
      "from_egg": {
        "add": {
          "component_groups": [
            "minecraft:chicken_baby"
          ]
        }
      },
      "minecraft:entity_spawned": {
        "randomize": [
          {
            "weight": 95,
            "remove": {},
            "add": {
              "component_groups": [
                "minecraft:chicken_adult"
              ]
            }
          },
          {
            "weight": 5,
            "remove": {},
            "add": {
              "component_groups": [
                "minecraft:chicken_baby"
              ]
            }
          }
        ]
      },
      "minecraft:entity_born": {
        "remove": {},
        "add": {
          "component_groups": [
            "minecraft:chicken_baby"
          ]
        }
      },
      "minecraft:ageable_grow_up": {
        "remove": {
          "component_groups": [
            "minecraft:chicken_baby"
          ]
        },
        "add": {
          "component_groups": [
            "minecraft:chicken_adult"
          ]
        }
      },
      "on:death": {
        "run_command": {
          "command": []
        }
      },
      "on:hurt": {
        "run_command": {
          "command": []
        }
      },
      "on:hurt_by_player": {
        "run_command": {
          "command": []
        }
      },
      "on:ignite": {
        "run_command": {
          "command": []
        }
      },
      "on:target_acquired": {
        "run_command": {
          "command": []
        }
      },
      "on:target_escape": {
        "run_command": {
          "command": []
        }
      },
      "on:wake_with_owner": {
        "run_command": {
          "command": []
        }
      }
    }
  }
}