{
  "resource_pack_name": "vanilla",
  "texture_name": "atlas.items",
  "texture_data": {
    "egg_camel": {
      "textures": "textures/items/egg_camel"
    },
    "egg_lion": {
      "textures": "textures/items/egg_lion"
    },
    "egg_penguin": {
      "textures": "textures/items/egg_penguin"
    },
    "egg_tiger": {
      "textures": "textures/items/egg_tiger"
    },
    "egg_elephant": {
      "textures": "textures/items/egg_elephant"
    },
    "egg_deer": {
      "textures": "textures/items/egg_deer"
    },
    "egg_panther": {
      "textures": "textures/items/egg_panther"
    },
    "egg_frog": {
      "textures": "textures/items/egg_frog"
    },
    "egg_crocodile": {
      "textures": "textures/items/egg_crocodile"
    },
    "egg_mouse": {
      "textures": "textures/items/egg_mouse"
    },
    "gallardo": {
      "textures": "textures/items/gallardo"
    },
    "bench": {
      "textures": "textures/items/bench"
    },
    "christmas_tree": {
      "textures": "textures/items/christmas_tree"
    },
    "tivi": {
      "textures": "textures/items/tivi"
    },
    "closet": {
      "textures": "textures/items/closet"
    },
    "laptop": {
      "textures": "textures/items/laptop"
    },
    "piano": {
      "textures": "textures/items/piano"
    },
    "armchairs": {
      "textures": "textures/items/armchairs"
    },
    "chair": {
      "textures": "textures/items/chair"
    },
    "big_table": {
      "textures": "textures/items/big_table"
    },
    "small_table": {
      "textures": "textures/items/small_table"
    },
    "drone": {
      "textures": "textures/items/drone"
    },
    "colorful_gifts": {
      "textures": "textures/items/colorful_gifts"
    },
    "max:opila_chick": {
      "textures": "textures/items/pamobile/max_opila_chick"
    },
    "max:opila_bird": {
      "textures": "textures/items/pamobile/max_opila_bird"
    },
    "max:hijacked_tarta_bird": {
      "textures": "textures/items/pamobile/max_hijacked_tarta_bird"
    },
    "max:jumbo_josh": {
      "textures": "textures/items/pamobile/max_jumbo_josh"
    },
    "max:jester": {
      "textures": "textures/items/pamobile/max_jester"
    },
    "max:stinger_flynn": {
      "textures": "textures/items/pamobile/max_stinger_flynn"
    },
    "max:sheriff_toadster": {
      "textures": "textures/items/pamobile/max_sheriff_toadster"
    },
    "max:seline": {
      "textures": "textures/items/pamobile/max_seline"
    },
    "max_remote": {
      "textures": "textures/items/pamobile/max_remote"
    },
    "max:queen_bouncelia": {
      "textures": "textures/items/pamobile/max_queen_bouncelia"
    },
    "max:mr_cabob_man": {
      "textures": "textures/items/pamobile/max_mr_cabob_man"
    },
    "max:irritant": {
      "textures": "textures/items/pamobile/max_irritant"
    }
  }
}