{
  "entity_sounds": {
    "entities": {
      "sbgoji:camera_man3": {
        "volume": 1.0,
        "pitch": [
          0.8,
          1.2
        ],
        "events": {
          "ambient": "mob.sbgoji_camera_man3.say",
          "hurt": "mob.sbgoji_camera_man3.hurt",
          "death": "mob.sbgoji_camera_man3.death",
          "step": "mob.sbgoji_camera_man3.step"
        }
      },
      "sbgoji:big_speaker_man3": {
        "volume": 1.0,
        "pitch": [
          0.8,
          1.2
        ],
        "events": {
          "ambient": "mob.sbgoji_speaker_man3.say",
          "hurt": "mob.sbgoji_speaker_man3.hurt",
          "death": "mob.sbgoji_speaker_man3.death",
          "step": "mob.sbgoji_speaker_man3.step"
        }
      },
      "sbgoji:big_camera_man3": {
        "volume": 1.0,
        "pitch": [
          0.8,
          1.2
        ],
        "events": {
          "ambient": "mob.sbgoji_camera_man3.say",
          "hurt": "mob.sbgoji_camera_man3.hurt",
          "death": "mob.sbgoji_camera_man3.death",
          "step": "mob.sbgoji_camera_man3.step"
        }
      },
      "sbgoji:speaker_man3": {
        "volume": 1.0,
        "pitch": [
          0.8,
          1.2
        ],
        "events": {
          "ambient": "mob.sbgoji_speaker_man3.say",
          "hurt": "mob.sbgoji_speaker_man3.hurt",
          "death": "mob.sbgoji_speaker_man3.death",
          "step": "mob.sbgoji_speaker_man3.step"
        }
      },
      "sbgoji:tv_man3": {
        "volume": 1.0,
        "pitch": [
          0.8,
          1.2
        ],
        "events": {
          "ambient": "mob.sbgoji_tv_man3.say",
          "hurt": "mob.sbgoji_tv_man3.hurt",
          "death": "mob.sbgoji_tv_man3.death",
          "step": "mob.sbgoji_tv_man3.step"
        }
      },
      "sbgoji:skibibi_toilet3": {
        "volume": 1.0,
        "pitch": [
          0.8,
          1.2
        ],
        "events": {
          "ambient": "mob.sbgoji_skibibi_toilet3.say",
          "hurt": "mob.sbgoji_skibibi_toilet3.hurt",
          "death": "mob.sbgoji_skibibi_toilet3.death",
          "step": "mob.sbgoji_skibibi_toilet3.step"
        }
      },
      "sbgoji:skibibi_toiletdie3": {
        "volume": 1.0,
        "pitch": [
          0.8,
          1.2
        ],
        "events": {
          "ambient": "mob.sbgoji_skibibi_toiletdie3.say",
          "hurt": "mob.sbgoji_skibibi_toilet3.hurt",
          "death": "mob.sbgoji_skibibi_toiletdie3.death",
          "step": "mob.sbgoji_skibibi_toilet3.step"
        }
      }
    }
  }
}