{"resource_pack_name":"bridgeRP","texture_data":{"aircon":{"textures":["textures/items/aircon"]},"blackboard":{"textures":["textures/items/blackboard"]},"booksstacks":{"textures":["textures/items/booksstacks"]},"ceilingprojector":{"textures":["textures/items/ceilingprojector"]},"laptop":{"textures":["textures/items/laptop"]},"laptop2":{"textures":["textures/items/laptop"]},"locker":{"textures":["textures/items/locker"]},"mergestudentstable":{"textures":["textures/items/mergestudentstable"]},"mergeteacherstable":{"textures":["textures/items/mergeteacherstable"]},"pa:daruma":{"textures":["textures/items/pamobile/pa_daruma"]},"pa:floor":{"textures":["textures/items/pamobile/pa_floor"]},"pa:hoop":{"textures":["textures/items/pamobile/pa_hoop"]},"pa:luckycat":{"textures":["textures/items/pamobile/pa_luckycat"]},"pa:player":{"textures":["textures/items/pamobile/pa_player"]},"pa_bell":{"textures":["textures/items/pamobile/pa_bell"]},"pa_costu":{"textures":["textures/items/pamobile/pa_costu"]},"pa_suit":{"textures":["textures/items/pamobile/pa_suit"]},"roomcabinet":{"textures":["textures/items/roomcabinet"]},"rotate":{"textures":["textures/items/rotate"]},"studentschair":{"textures":["textures/items/studentschair"]},"studentstable":{"textures":["textures/items/studentstable"]},"studytable":{"textures":["textures/items/studytable"]},"studytable2":{"textures":["textures/items/studytable"]},"studytableset":{"textures":["textures/items/studytableset"]},"swivelchair":{"textures":["textures/items/swivelchair"]},"tablelamp":{"textures":["textures/items/tablelamp"]},"tablelamp_1":{"textures":["textures/items/tablelamp"]},"tablelamp_2":{"textures":["textures/items/tablelamp"]},"teacherschair":{"textures":["textures/items/teacherschair"]},"teacherstable":{"textures":["textures/items/teacherstable"]}},"texture_name":"atlas.items"}