{"format_version":"1.8.0","animations":{"animation.yg_captain_fiddels.general":{"loop":true,"animation_length":2,"bones":{"Body":{"rotation":{"0.0":{"post":[0,0,0],"lerp_mode":"catmullrom"},"1.0":{"post":[2.5,0,0],"lerp_mode":"catmullrom"},"1.5":{"post":[2.5,0,0],"lerp_mode":"catmullrom"},"2.0":{"post":[0,0,0],"lerp_mode":"catmullrom"}}},"Rightarm":{"rotation":{"0.0":{"post":[0,0,2.5],"lerp_mode":"catmullrom"},"1.0":{"post":[-4.99527,-0.21782,0.0095],"lerp_mode":"catmullrom"},"1.5":{"post":[-4.99527,-0.21782,0.0095],"lerp_mode":"catmullrom"},"2.0":{"post":[0,0,2.5],"lerp_mode":"catmullrom"}}},"Leftarm":{"rotation":{"0.0":{"post":[0,0,-2.5],"lerp_mode":"catmullrom"},"1.0":{"post":[-5,0,0],"lerp_mode":"catmullrom"},"1.5":{"post":[-5,0,0],"lerp_mode":"catmullrom"},"2.0":{"post":[0,0,-2.5],"lerp_mode":"catmullrom"}}}}},"animation.yg_captain_fiddels.move":{"loop":true,"animation_length":1,"anim_time_update":"query.modified_distance_moved * 0.1","bones":{"Body":{"rotation":{"0.0":{"post":[0,0,2.5],"lerp_mode":"catmullrom"},"0.5":{"post":[0,0,-2.5],"lerp_mode":"catmullrom"},"1.0":{"post":[0,0,2.5],"lerp_mode":"catmullrom"}}},"Rightarm":{"rotation":{"0.0":{"post":[10,0,0],"lerp_mode":"catmullrom"},"0.5":{"post":[-10,0,0],"lerp_mode":"catmullrom"},"1.0":{"post":[10,0,0],"lerp_mode":"catmullrom"}}},"Rightleg":{"rotation":{"0.0":{"post":[-25,0,0],"lerp_mode":"catmullrom"},"0.5":{"post":[20,0,0],"lerp_mode":"catmullrom"},"1.0":{"post":[-25,0,0],"lerp_mode":"catmullrom"}},"position":{"0.0":{"post":[0,0,-1],"lerp_mode":"catmullrom"},"0.25":{"post":[0,0,0],"lerp_mode":"catmullrom"},"0.5":{"post":[0,0,1],"lerp_mode":"catmullrom"},"0.75":{"post":[0,2,0],"lerp_mode":"catmullrom"},"1.0":{"post":[0,0,-1],"lerp_mode":"catmullrom"}}},"Root":{"position":{"0.0":{"post":[0,-1,0],"lerp_mode":"catmullrom"},"0.25":{"post":[0,0,0],"lerp_mode":"catmullrom"},"0.5":{"post":[0,-1,0],"lerp_mode":"catmullrom"},"0.75":{"post":[0,0,0],"lerp_mode":"catmullrom"},"1.0":{"post":[0,-1,0],"lerp_mode":"catmullrom"}}},"Leftarm":{"rotation":{"0.0":{"post":[-10,0,0],"lerp_mode":"catmullrom"},"0.5":{"post":[10,0,0],"lerp_mode":"catmullrom"},"1.0":{"post":[-10,0,0],"lerp_mode":"catmullrom"}}},"Leftleg":{"rotation":{"0.0":{"post":[20,0,0],"lerp_mode":"catmullrom"},"0.5":{"post":[-25,0,0],"lerp_mode":"catmullrom"},"1.0":{"post":[20,0,0],"lerp_mode":"catmullrom"}},"position":{"0.0":{"post":[0,0,1],"lerp_mode":"catmullrom"},"0.25":{"post":[0,2,0],"lerp_mode":"catmullrom"},"0.5":{"post":[0,0,-1],"lerp_mode":"catmullrom"},"0.75":{"post":[0,0,0],"lerp_mode":"catmullrom"},"1.0":{"post":[0,0,1],"lerp_mode":"catmullrom"}}}}},"animation.yg_captain_fiddels.attack":{"animation_length":0.83333,"bones":{"Body":{"rotation":{"0.0":{"post":[0,0,0],"lerp_mode":"catmullrom"},"0.1667":{"post":[-15.50409,14.47751,-3.96713],"lerp_mode":"catmullrom"},"0.3333":{"post":[14.00171,-26.77201,-5.22672],"lerp_mode":"catmullrom"},"0.6667":{"post":[14.00171,-26.77201,-5.22672],"lerp_mode":"catmullrom"},"0.8333":{"post":[0,0,0],"lerp_mode":"catmullrom"}}},"Rightarm":{"rotation":{"0.0":{"post":[0,0,0],"lerp_mode":"catmullrom"},"0.1667":{"post":[0,0,62.5],"lerp_mode":"catmullrom"},"0.3333":{"post":[-71.23521,-30.89218,-22.40559],"lerp_mode":"catmullrom"},"0.6667":{"post":[-71.23521,-30.89218,-22.40559],"lerp_mode":"catmullrom"},"0.8333":{"post":[0,0,0],"lerp_mode":"catmullrom"}}},"Leftarm":{"rotation":{"0.0":{"post":[0,0,0],"lerp_mode":"catmullrom"},"0.1667":{"post":[0,0,-20],"lerp_mode":"catmullrom"},"0.3333":{"post":[17.43745,1.50179,-24.76968],"lerp_mode":"catmullrom"},"0.6667":{"post":[17.43745,1.50179,-24.76968],"lerp_mode":"catmullrom"},"0.8333":{"post":[0,0,0],"lerp_mode":"catmullrom"}}}}},"animation.yg_captain_fiddels.jumpscare":{"animation_length":2,"bones":{"Body":{"rotation":{"0.0":{"post":[0,0,0],"lerp_mode":"catmullrom"},"0.1667":{"post":[17.5,0,0],"lerp_mode":"catmullrom"},"0.3333":{"post":[-5,0,0],"lerp_mode":"catmullrom"},"1.0":{"post":[-5.27647,0.03386,-2.48452],"lerp_mode":"catmullrom"},"1.5":{"post":[-0.26639,0.08135,7.51537],"lerp_mode":"catmullrom"},"1.8333":{"post":[-0.26639,0.08135,7.51537],"lerp_mode":"catmullrom"},"2.0":{"post":[0,0,0],"lerp_mode":"catmullrom"}}},"Rightarm":{"rotation":{"0.0":{"post":[0,0,0],"lerp_mode":"catmullrom"},"0.1667":{"post":[15,0,0],"lerp_mode":"catmullrom"},"0.3333":{"post":[-74.9453,4.82922,1.29717],"lerp_mode":"catmullrom"},"1.8333":{"post":[-74.9453,4.82922,1.29717],"lerp_mode":"catmullrom"},"2.0":{"post":[0,0,0],"lerp_mode":"catmullrom"}}},"Rightleg":{"rotation":{"0.0":{"post":[0,0,0],"lerp_mode":"catmullrom"},"0.1667":{"post":[7.5,0,0],"lerp_mode":"catmullrom"},"0.3333":{"post":[-49.75742,5.73853,4.83711],"lerp_mode":"catmullrom"},"1.8333":{"post":[-49.75742,5.73853,4.83711],"lerp_mode":"catmullrom"},"2.0":{"post":[0,0,0],"lerp_mode":"catmullrom"}}},"Root":{"rotation":{"0.0":{"post":[0,0,0],"lerp_mode":"catmullrom"},"2.0":{"post":[0,0,0],"lerp_mode":"catmullrom"}},"position":{"0.0":{"post":[0,0,0],"lerp_mode":"catmullrom"},"0.1667":{"post":[0,0,0],"lerp_mode":"catmullrom"},"0.3333":{"post":[0,8,0],"lerp_mode":"catmullrom"},"1.8333":{"post":[0,8,0],"lerp_mode":"catmullrom"},"2.0":{"post":[0,0,0],"lerp_mode":"catmullrom"}}},"Leftarm":{"rotation":{"0.0":{"post":[0,0,0],"lerp_mode":"catmullrom"},"0.1667":{"post":[22.5,0,0],"lerp_mode":"catmullrom"},"0.3333":{"post":[-74.87647,-7.24305,-1.95155],"lerp_mode":"catmullrom"},"1.8333":{"post":[-74.87647,-7.24305,-1.95155],"lerp_mode":"catmullrom"},"2.0":{"post":[0,0,0],"lerp_mode":"catmullrom"}}},"Leftleg":{"rotation":{"0.0":{"post":[0,0,0],"lerp_mode":"catmullrom"},"0.1667":{"post":[-15,0,0],"lerp_mode":"catmullrom"},"0.3333":{"post":[-46.81472,-9.18229,-8.51814],"lerp_mode":"catmullrom"},"1.8333":{"post":[-46.81472,-9.18229,-8.51814],"lerp_mode":"catmullrom"},"2.0":{"post":[0,0,0],"lerp_mode":"catmullrom"}}}}},"animation.yg_captain_fiddels.dead":{"loop":"hold_on_last_frame","animation_length":0.75,"bones":{"Root":{"rotation":{"0.0":[0,0,0],"0.25":[7.5,0,0],"0.5":[-90,0,0]},"position":{"0.0":[0,0,0],"0.5":[0,2,0]}},"Body":{"rotation":{"0.0":{"post":[0,0,0],"lerp_mode":"catmullrom"},"0.25":{"post":[10,0,0],"lerp_mode":"catmullrom"},"0.5":{"post":[43.125,0,0],"lerp_mode":"catmullrom"},"0.75":{"post":[0,0,0],"lerp_mode":"catmullrom"}}},"Rightarm":{"rotation":{"0.0":{"post":[0,0,0],"lerp_mode":"catmullrom"},"0.25":{"post":[-25,0,0],"lerp_mode":"catmullrom"},"0.5":{"post":[-67.95411,-2.99318,17.25002],"lerp_mode":"catmullrom"},"0.75":{"post":[0,0,12.5],"lerp_mode":"catmullrom"}}},"Leftarm":{"rotation":{"0.0":{"post":[0,0,0],"lerp_mode":"catmullrom"},"0.25":{"post":[-27.5,0,0],"lerp_mode":"catmullrom"},"0.5":{"post":[-58.16499,4.46375,-16.93839],"lerp_mode":"catmullrom"},"0.75":{"post":[-0.41829,0.5894,-17.39542],"lerp_mode":"catmullrom"}}},"Rightleg":{"rotation":{"0.0":{"post":[0,0,0],"lerp_mode":"catmullrom"}}},"Leftleg":{"rotation":{"0.0":{"post":[0,0,0],"lerp_mode":"catmullrom"}}}}}}}