{"format_version":"1.8.0","minecraft:entity":{"component_groups":{},"components":{"minecraft:collision_box":{"height":0,"width":0},"minecraft:health":{"max":9999,"value":9999},"minecraft:knockback_resistance":{"max":1,"value":1},"minecraft:physics":{},"minecraft:pushable":{"is_pushable":false,"is_pushable_by_piston":false},"minecraft:scale":{"value":1.7},"minecraft:type_family":{"family":["Laundry Set"]}},"description":{"identifier":"se:blackboard","is_experimental":false,"is_spawnable":true,"is_summonable":true},"events":{}}}