{"format_version":"1.13.0","minecraft:entity":{"component_groups":{"minecraft:shulker_black":{"minecraft:variant":{"value":0}},"minecraft:shulker_blue":{"minecraft:variant":{"value":4}},"minecraft:shulker_brown":{"minecraft:variant":{"value":3}},"minecraft:shulker_cyan":{"minecraft:variant":{"value":6}},"minecraft:shulker_gray":{"minecraft:variant":{"value":8}},"minecraft:shulker_green":{"minecraft:variant":{"value":2}},"minecraft:shulker_light_blue":{"minecraft:variant":{"value":12}},"minecraft:shulker_lime":{"minecraft:variant":{"value":10}},"minecraft:shulker_magenta":{"minecraft:variant":{"value":13}},"minecraft:shulker_orange":{"minecraft:variant":{"value":14}},"minecraft:shulker_pink":{"minecraft:variant":{"value":9}},"minecraft:shulker_purple":{"minecraft:variant":{"value":5}},"minecraft:shulker_red":{"minecraft:variant":{"value":1}},"minecraft:shulker_silver":{"minecraft:variant":{"value":7}},"minecraft:shulker_undyed":{"minecraft:variant":{"value":16}},"minecraft:shulker_white":{"minecraft:variant":{"value":15}},"minecraft:shulker_yellow":{"minecraft:variant":{"value":11}}},"components":{"minecraft:behavior.controlled_by_player":{"priority":0},"minecraft:collision_box":{"height":0,"width":0},"minecraft:fall_damage":{"value":0},"minecraft:health":{"max":9999,"value":9999},"minecraft:item_controllable":{"control_items":"se:rotate"},"minecraft:knockback_resistance":{"max":1,"value":1},"minecraft:movement":{"value":0},"minecraft:movement.basic":{},"minecraft:navigation.walk":{},"minecraft:physics":{},"minecraft:push_through":{"value":1},"minecraft:rideable":{"family_types":["player"],"seat_count":1,"seats":{"position":[0,0.55,0]}},"minecraft:scale":{"value":0.8},"minecraft:type_family":{"family":["schoolequipments"]}},"description":{"identifier":"se:swivelchair","is_experimental":false,"is_spawnable":true,"is_summonable":true},"events":{"minecraft:entity_spawned":{"randomize":[{"add":{"component_groups":["minecraft:shulker_undyed"]},"weight":6},{"add":{"component_groups":["minecraft:shulker_purple"]},"weight":6},{"add":{"component_groups":["minecraft:shulker_black"]},"weight":6},{"add":{"component_groups":["minecraft:shulker_blue"]},"weight":6},{"add":{"component_groups":["minecraft:shulker_brown"]},"weight":6},{"add":{"component_groups":["minecraft:shulker_cyan"]},"weight":6},{"add":{"component_groups":["minecraft:shulker_gray"]},"weight":6},{"add":{"component_groups":["minecraft:shulker_green"]},"weight":6},{"add":{"component_groups":["minecraft:shulker_light_blue"]},"weight":6},{"add":{"component_groups":["minecraft:shulker_lime"]},"weight":6},{"add":{"component_groups":["minecraft:shulker_magenta"]},"weight":6},{"add":{"component_groups":["minecraft:shulker_orange"]},"weight":6},{"add":{"component_groups":["minecraft:shulker_pink"]},"weight":6},{"add":{"component_groups":["minecraft:shulker_red"]},"weight":6},{"add":{"component_groups":["minecraft:shulker_silver"]},"weight":6},{"add":{"component_groups":["minecraft:shulker_white"]},"weight":6},{"add":{"component_groups":["minecraft:shulker_yellow"]},"weight":6}]},"minecraft:turn_black":{"add":{"component_groups":["minecraft:shulker_black"]}},"minecraft:turn_blue":{"add":{"component_groups":["minecraft:shulker_blue"]}},"minecraft:turn_brown":{"add":{"component_groups":["minecraft:shulker_brown"]}},"minecraft:turn_cyan":{"add":{"component_groups":["minecraft:shulker_cyan"]}},"minecraft:turn_gray":{"add":{"component_groups":["minecraft:shulker_gray"]}},"minecraft:turn_green":{"add":{"component_groups":["minecraft:shulker_green"]}},"minecraft:turn_light_blue":{"add":{"component_groups":["minecraft:shulker_light_blue"]}},"minecraft:turn_lime":{"add":{"component_groups":["minecraft:shulker_lime"]}},"minecraft:turn_magenta":{"add":{"component_groups":["minecraft:shulker_magenta"]}},"minecraft:turn_orange":{"add":{"component_groups":["minecraft:shulker_orange"]}},"minecraft:turn_pink":{"add":{"component_groups":["minecraft:shulker_pink"]}},"minecraft:turn_purple":{"add":{"component_groups":["minecraft:shulker_purple"]}},"minecraft:turn_red":{"add":{"component_groups":["minecraft:shulker_red"]}},"minecraft:turn_silver":{"add":{"component_groups":["minecraft:shulker_silver"]}},"minecraft:turn_white":{"add":{"component_groups":["minecraft:shulker_white"]}},"minecraft:turn_yellow":{"add":{"component_groups":["minecraft:shulker_yellow"]}}}}}