{
  "format_version": "1.8.0",
  "animations": {
    "animation.sbgoji_speaker_mandie.attack": {
      "loop": true,
      "bones": {
        "Leftarm": {
          "rotation": [
            "-90 - ((math.sin(variable.attack_time * 180.0) * 57.3) * 1.2 - (math.sin((1.0 - (1.0 - variable.attack_time) * (1.0 - variable.attack_time)) * 180.0) * 57.3) * 0.4) - (math.sin(query.life_time * 76.776372) * 2.865) - this",
            "5.73 - ((math.sin(variable.attack_time * 180.0) * 57.3) * 0.6) - this",
            "math.cos(query.life_time * 103.13244) * -2.865 - 2.865 - this"
          ]
        },
        "Rightarm": {
          "rotation": [
            "-90 - ((math.sin(variable.attack_time * 180.0) * 57.3) * 1.2 - (math.sin((1.0 - (1.0 - variable.attack_time) * (1.0 - variable.attack_time)) * 180.0) * 57.3) * 0.4) + (math.sin(query.life_time * 76.776372) * 2.865) - this",
            "(math.sin(variable.attack_time * 180.0) * 57.3) * 0.6 - 5.73 - this",
            "math.cos(query.life_time * 103.13244) * 2.865 + 2.865 - this"
          ]
        }
      }
    },
    "animation.sbgoji_speaker_mandie.bat": {
      "animation_length": 0.75,
      "bones": {
        "Body": {
          "rotation": {
            "0.0": [
              5,
              0,
              0
            ],
            "0.125": [
              -7.5,
              0,
              0
            ],
            "0.25": [
              0,
              0,
              0
            ]
          },
          "position": {
            "0.0": [
              0,
              12,
              0
            ],
            "0.25": [
              0,
              0,
              0
            ]
          },
          "scale": [
            1,
            1,
            1
          ]
        },
        "Body2": {
          "rotation": {
            "0.0": [
              -7.5,
              0,
              0
            ],
            "0.1667": [
              -30.83,
              0,
              0
            ],
            "0.3333": [
              0,
              0,
              0
            ]
          },
          "position": [
            0,
            0,
            0
          ],
          "scale": [
            1,
            1,
            1
          ]
        },
        "Rightarm": {
          "rotation": {
            "0.0": [
              92.5,
              0,
              0
            ],
            "0.2083": [
              81.81,
              0,
              0
            ],
            "0.4167": [
              0,
              0,
              0
            ]
          },
          "position": {
            "0.0": [
              6,
              16,
              -4
            ],
            "0.2083": [
              4.33,
              14.56,
              -2.89
            ],
            "0.4583": [
              0,
              0,
              0
            ]
          },
          "scale": [
            1,
            1,
            1
          ]
        },
        "bone": {
          "rotation": {
            "0.0": [
              -4.99527,
              -0.21782,
              27.5095
            ],
            "0.2083": [
              -55.57401,
              -0.13404,
              16.92892
            ],
            "0.5417": [
              0,
              0,
              0
            ]
          },
          "position": [
            0,
            0,
            0
          ],
          "scale": [
            1,
            1,
            1
          ]
        },
        "Leftarm": {
          "rotation": {
            "0.0": [
              -85,
              0,
              0
            ],
            "0.0833": [
              -26.11,
              0,
              0
            ],
            "0.125": [
              -18.01,
              0,
              0
            ],
            "0.1667": [
              -3.19,
              0,
              0
            ],
            "0.3333": [
              0,
              0,
              0
            ]
          },
          "position": {
            "0.0": [
              0,
              15,
              0
            ],
            "0.3333": [
              0,
              0,
              0
            ]
          },
          "scale": [
            1,
            1,
            1
          ]
        },
        "bone4": {
          "rotation": {
            "0.0": [
              -7.5,
              0,
              0
            ],
            "0.0833": [
              -18.54,
              0,
              0
            ],
            "0.3333": [
              18.33,
              0,
              0
            ],
            "0.4167": [
              0,
              0,
              0
            ]
          },
          "position": [
            0,
            0,
            0
          ],
          "scale": [
            1,
            1,
            1
          ]
        },
        "Head": {
          "rotation": {
            "0.0": [
              -37.5,
              0,
              0
            ],
            "0.1667": [
              -66.67,
              0,
              0
            ],
            "0.3333": [
              0,
              0,
              0
            ],
            "0.4167": [
              -5,
              0,
              0
            ],
            "0.5833": [
              0,
              0,
              0
            ]
          },
          "position": [
            0,
            0,
            0
          ],
          "scale": [
            1,
            1,
            1
          ]
        },
        "RightLeg": {
          "rotation": {
            "0.0": [
              87.5,
              0,
              0
            ],
            "0.25": [
              0,
              0,
              0
            ]
          },
          "position": {
            "0.0": [
              0,
              13,
              0
            ],
            "0.25": [
              0,
              0,
              0
            ]
          },
          "scale": [
            1,
            1,
            1
          ]
        },
        "bone3": {
          "rotation": {
            "0.0": [
              0,
              0,
              -12.5
            ],
            "0.25": [
              0,
              0,
              0
            ]
          },
          "position": [
            0,
            0,
            0
          ],
          "scale": [
            1,
            1,
            1
          ]
        },
        "LeftLeg": {
          "rotation": {
            "0.0": [
              87.5,
              0,
              0
            ],
            "0.125": [
              -12.5,
              0,
              0
            ],
            "0.25": [
              0,
              0,
              0
            ]
          },
          "position": {
            "0.0": [
              0,
              13,
              0
            ],
            "0.25": [
              0,
              0,
              0
            ]
          },
          "scale": [
            1,
            1,
            1
          ]
        },
        "bone2": {
          "rotation": {
            "0.0": [
              -5,
              0,
              0
            ],
            "0.2083": [
              0,
              0,
              0
            ]
          },
          "position": [
            0,
            0,
            0
          ],
          "scale": [
            1,
            1,
            1
          ]
        }
      }
    }
  }
}