{"entity_sounds":{"entities":{"yg:banbaleena":{"events":{"attack":{"pitch":1,"sound":"mob.jumpscare2.attack","volume":50},"ambient":"mob.yg_banbaleena.ambient","death":"mob.yg_banbaleena.death"},"pitch":[1],"volume":50},"yg:banban":{"events":{"attack":{"pitch":1,"sound":"mob.jumpscare1.attack","volume":50},"ambient":"mob.yg_banban.ambient"},"pitch":[1],"volume":50},"yg:captain_fiddels":{"events":{"attack":{"pitch":1,"sound":"mob.jumpscare1.attack","volume":50}},"pitch":[1],"volume":50},"yg:jumbo_josh":{"events":{"attack":{"pitch":1,"sound":"mob.jumpscare1.attack","volume":50},"ambient":"mob.yg_josh.ambient"},"pitch":[1],"volume":50},"yg:opila_bird":{"events":{"attack":{"pitch":1,"sound":"mob.jumpscare1.attack","volume":50},"death":"mob.yg_opila_bird.death"},"pitch":[1],"volume":50},"yg:stinger_flynn":{"events":{"attack":{"pitch":1,"sound":"mob.jumpscare1.attack","volume":50}},"pitch":[1],"volume":50},"yg:slow_seline":{"events":{"ambient":"mob.yg_slow_seline.ambient","attack":{"pitch":1,"sound":"mob.jumpscare4.attack","volume":50},"step":{"pitch":1,"sound":"mob.yg_slow_seline.step","volume":10}},"pitch":[1],"volume":50},"yg:sherif_toadster":{"events":{"attack":{"pitch":1,"sound":"mob.jumpscare1.attack","volume":50}},"pitch":[1],"volume":50},"yg:nab_nab":{"events":{"attack":{"pitch":1,"sound":"mob.jumpscare3.attack","volume":50},"step":{"pitch":1,"sound":"mob.yg_nab_nab.step","volume":10}},"pitch":[1],"volume":50},"yg:miniopila":{"events":{"ambient":"mob.yg_miniopila.ambient","hurt":"mob.yg_miniopila.hurt"},"pitch":[1],"volume":50}}}}