{
  "format_version": "1.12.0",
  "minecraft:geometry": [
    {
      "description": {
        "identifier": "geometry.gm_banbaleena",
        "texture_width": 64,
        "texture_height": 64,
        "visible_bounds_width": 3,
        "visible_bounds_height": 3.5,
        "visible_bounds_offset": [
          0,
          1.25,
          0
        ]
      },
      "bones": [
        {
          "name": "Boby",
          "pivot": [
            0,
            12,
            0
          ],
          "cubes": [
            {
              "origin": [
                -4,
                12,
                -2
              ],
              "size": [
                8,
                12,
                5
              ],
              "uv": [
                0,
                0
              ]
            }
          ]
        },
        {
          "name": "Head",
          "parent": "Boby",
          "pivot": [
            0,
            24,
            0
          ],
          "cubes": [
            {
              "origin": [
                -4,
                24,
                -2
              ],
              "size": [
                8,
                9,
                5
              ],
              "uv": [
                0,
                17
              ]
            },
            {
              "origin": [
                -3.8,
                33,
                -1
              ],
              "size": [
                3,
                5,
                3
              ],
              "uv": [
                41,
                14
              ]
            },
            {
              "origin": [
                0.8,
                33,
                -1
              ],
              "size": [
                3,
                5,
                3
              ],
              "uv": [
                41,
                14
              ]
            },
            {
              "origin": [
                -0.6,
                34.7,
                -1.5
              ],
              "size": [
                2,
                1,
                1
              ],
              "pivot": [
                1.3,
                24,
                1.5
              ],
              "rotation": [
                0,
                0,
                5
              ],
              "uv": [
                9,
                55
              ]
            },
            {
              "origin": [
                3.4,
                34.4,
                -1.5
              ],
              "size": [
                2,
                1,
                1
              ],
              "pivot": [
                -0.6,
                23.4,
                1.5
              ],
              "rotation": [
                0,
                0,
                -5
              ],
              "uv": [
                9,
                55
              ]
            },
            {
              "origin": [
                1.3,
                34,
                -1.5
              ],
              "size": [
                2,
                1,
                1
              ],
              "pivot": [
                1.3,
                24,
                1.5
              ],
              "rotation": [
                0,
                0,
                -5
              ],
              "uv": [
                9,
                55
              ]
            },
            {
              "origin": [
                1.4,
                34.4,
                -1.5
              ],
              "size": [
                2,
                1,
                1
              ],
              "pivot": [
                -0.6,
                23.4,
                1.5
              ],
              "rotation": [
                0,
                0,
                5
              ],
              "uv": [
                9,
                55
              ]
            }
          ]
        },
        {
          "name": "Arm",
          "parent": "Boby",
          "pivot": [
            -4,
            24,
            0
          ],
          "cubes": [
            {
              "origin": [
                -8,
                12,
                -2
              ],
              "size": [
                4,
                12,
                5
              ],
              "uv": [
                26,
                0
              ]
            }
          ]
        },
        {
          "name": "Arm2",
          "parent": "Boby",
          "pivot": [
            4,
            24,
            0
          ],
          "cubes": [
            {
              "origin": [
                4,
                12,
                -2
              ],
              "size": [
                4,
                12,
                5
              ],
              "uv": [
                26,
                0
              ]
            }
          ]
        },
        {
          "name": "Leg",
          "pivot": [
            -2,
            12,
            0
          ],
          "cubes": [
            {
              "origin": [
                -4,
                0,
                -2
              ],
              "size": [
                4,
                12,
                5
              ],
              "uv": [
                0,
                31
              ]
            }
          ]
        },
        {
          "name": "Leg2",
          "pivot": [
            2,
            12,
            0
          ],
          "cubes": [
            {
              "origin": [
                0,
                0,
                -2
              ],
              "size": [
                4,
                12,
                5
              ],
              "uv": [
                0,
                31
              ]
            }
          ]
        }
      ]
    }
  ]
}