{
  "format_version": "1.12.0",
  "minecraft:geometry": [
    {
      "description": {
        "identifier": "geometry.gm_evil_tarta",
        "texture_width": 128,
        "texture_height": 128,
        "visible_bounds_width": 3,
        "visible_bounds_height": 4.5,
        "visible_bounds_offset": [
          0,
          1.75,
          0
        ]
      },
      "bones": [
        {
          "name": "Boby",
          "pivot": [
            0,
            16,
            0
          ],
          "cubes": [
            {
              "origin": [
                -5,
                16,
                -7
              ],
              "size": [
                10,
                10,
                15
              ],
              "uv": [
                0,
                0
              ]
            },
            {
              "origin": [
                -4,
                17,
                -8
              ],
              "size": [
                8,
                8,
                1
              ],
              "uv": [
                59,
                29
              ]
            },
            {
              "origin": [
                -4,
                15,
                -5
              ],
              "size": [
                8,
                12,
                11
              ],
              "uv": [
                0,
                25
              ]
            },
            {
              "origin": [
                -4,
                16,
                7
              ],
              "size": [
                8,
                8,
                3
              ],
              "pivot": [
                0,
                18,
                0
              ],
              "rotation": [
                10,
                0,
                0
              ],
              "uv": [
                30,
                50
              ]
            },
            {
              "origin": [
                -3,
                15,
                9
              ],
              "size": [
                6,
                6,
                3
              ],
              "pivot": [
                0,
                18,
                0
              ],
              "rotation": [
                22.5,
                0,
                0
              ],
              "uv": [
                16,
                61
              ]
            },
            {
              "origin": [
                -3,
                15,
                11
              ],
              "size": [
                6,
                0,
                4
              ],
              "pivot": [
                0,
                18,
                0
              ],
              "rotation": [
                37.5,
                0,
                0
              ],
              "uv": [
                46,
                21
              ]
            }
          ]
        },
        {
          "name": "bone",
          "parent": "Boby",
          "pivot": [
            -5,
            24,
            -6
          ],
          "cubes": [
            {
              "origin": [
                -5.1,
                20,
                -6
              ],
              "size": [
                0,
                8,
                15
              ],
              "uv": [
                0,
                33
              ]
            }
          ]
        },
        {
          "name": "bone3",
          "parent": "Boby",
          "pivot": [
            0,
            17,
            -7
          ],
          "cubes": [
            {
              "origin": [
                -2.6,
                17,
                -10
              ],
              "size": [
                5,
                16,
                5
              ],
              "uv": [
                50,
                0
              ]
            }
          ]
        },
        {
          "name": "Head",
          "parent": "bone3",
          "pivot": [
            0.4,
            32,
            -7
          ],
          "cubes": [
            {
              "origin": [
                -3.6,
                32,
                -11
              ],
              "size": [
                7,
                10,
                7
              ],
              "uv": [
                38,
                33
              ]
            },
            {
              "origin": [
                -2.6,
                42,
                -8
              ],
              "size": [
                5,
                5,
                0
              ],
              "uv": [
                0,
                25
              ]
            },
            {
              "origin": [
                -4.6,
                37,
                -12
              ],
              "size": [
                3,
                3,
                3
              ],
              "pivot": [
                0.4,
                33,
                -9
              ],
              "rotation": [
                1.6575,
                12.39135,
                7.67995
              ],
              "uv": [
                64,
                47
              ]
            },
            {
              "origin": [
                1.4,
                37,
                -12
              ],
              "size": [
                3,
                3,
                3
              ],
              "pivot": [
                0.4,
                33,
                -9
              ],
              "rotation": [
                1.6575,
                -12.39135,
                -7.67995
              ],
              "uv": [
                62,
                63
              ]
            }
          ]
        },
        {
          "name": "bone4",
          "parent": "Head",
          "pivot": [
            0.4,
            36,
            -11
          ],
          "rotation": [
            12.5,
            0,
            0
          ],
          "cubes": [
            {
              "origin": [
                -1.6,
                35.26385,
                -19.40918
              ],
              "size": [
                3,
                2,
                5
              ],
              "pivot": [
                0.4,
                34.26385,
                -12.40918
              ],
              "rotation": [
                20,
                0,
                0
              ],
              "uv": [
                46,
                63
              ]
            },
            {
              "origin": [
                -2.6,
                34.26385,
                -15.40918
              ],
              "size": [
                5,
                3,
                5
              ],
              "pivot": [
                0.4,
                34.26385,
                -12.40918
              ],
              "rotation": [
                5,
                0,
                0
              ],
              "uv": [
                57,
                21
              ]
            }
          ]
        },
        {
          "name": "bone5",
          "parent": "Head",
          "pivot": [
            0.4,
            33,
            -11
          ],
          "rotation": [
            2.5,
            0,
            0
          ],
          "cubes": [
            {
              "origin": [
                -1.6,
                33,
                -14
              ],
              "size": [
                3,
                1,
                4
              ],
              "uv": [
                16,
                56
              ]
            }
          ]
        },
        {
          "name": "bone2",
          "parent": "Boby",
          "pivot": [
            5,
            22,
            -6
          ],
          "cubes": [
            {
              "origin": [
                5.1,
                19,
                -6
              ],
              "size": [
                0,
                8,
                15
              ],
              "uv": [
                0,
                33
              ]
            }
          ]
        },
        {
          "name": "Leg",
          "pivot": [
            -4,
            19,
            0
          ],
          "cubes": [
            {
              "origin": [
                -6,
                0,
                -1
              ],
              "size": [
                3,
                9,
                3
              ],
              "uv": [
                34,
                61
              ]
            },
            {
              "origin": [
                -6.5,
                9,
                -1.4
              ],
              "size": [
                4,
                9,
                4
              ],
              "uv": [
                0,
                56
              ]
            },
            {
              "origin": [
                -8,
                0,
                -5
              ],
              "size": [
                7,
                0,
                6
              ],
              "uv": [
                29,
                6
              ]
            }
          ]
        },
        {
          "name": "Leg2",
          "pivot": [
            4,
            18,
            0
          ],
          "cubes": [
            {
              "origin": [
                3,
                0,
                -1
              ],
              "size": [
                3,
                9,
                3
              ],
              "uv": [
                34,
                61
              ]
            },
            {
              "origin": [
                2.5,
                9,
                -1.4
              ],
              "size": [
                4,
                9,
                4
              ],
              "uv": [
                0,
                56
              ]
            },
            {
              "origin": [
                1,
                0,
                -5
              ],
              "size": [
                7,
                0,
                6
              ],
              "uv": [
                29,
                0
              ]
            }
          ]
        }
      ]
    }
  ]
}