{
  "format_version": "1.12.0",
  "minecraft:geometry": [
    {
      "description": {
        "identifier": "geometry.gm_jester",
        "texture_width": 64,
        "texture_height": 64,
        "visible_bounds_width": 2,
        "visible_bounds_height": 3.5,
        "visible_bounds_offset": [
          0,
          1.25,
          0
        ]
      },
      "bones": [
        {
          "name": "Boby",
          "pivot": [
            0,
            13,
            0
          ],
          "cubes": [
            {
              "origin": [
                -4,
                13,
                -3
              ],
              "size": [
                8,
                12,
                5
              ],
              "uv": [
                0,
                15
              ]
            }
          ]
        },
        {
          "name": "Head",
          "parent": "Boby",
          "pivot": [
            0,
            25,
            -1
          ],
          "cubes": [
            {
              "origin": [
                -4,
                25,
                -4
              ],
              "size": [
                8,
                8,
                7
              ],
              "uv": [
                0,
                0
              ]
            },
            {
              "origin": [
                2,
                27,
                -3
              ],
              "size": [
                5,
                5,
                5
              ],
              "pivot": [
                0,
                25,
                0
              ],
              "rotation": [
                0,
                0,
                7.5
              ],
              "uv": [
                42,
                10
              ]
            },
            {
              "origin": [
                7,
                27,
                -2
              ],
              "size": [
                5,
                3,
                3
              ],
              "pivot": [
                0,
                25,
                0
              ],
              "rotation": [
                0,
                0,
                -2.5
              ],
              "uv": [
                47,
                0
              ]
            },
            {
              "origin": [
                12,
                23.8,
                -1.4
              ],
              "size": [
                4,
                2,
                2
              ],
              "pivot": [
                0,
                25,
                0
              ],
              "rotation": [
                0,
                0,
                -20.5
              ],
              "uv": [
                23,
                0
              ]
            }
          ]
        },
        {
          "name": "Arm",
          "parent": "Boby",
          "pivot": [
            -4,
            25,
            0.4
          ],
          "cubes": [
            {
              "origin": [
                -8,
                10,
                -2.6
              ],
              "size": [
                4,
                15,
                4
              ],
              "uv": [
                22,
                30
              ]
            }
          ]
        },
        {
          "name": "Arm2",
          "parent": "Boby",
          "pivot": [
            4,
            25,
            0.4
          ],
          "cubes": [
            {
              "origin": [
                4,
                10,
                -2.6
              ],
              "size": [
                4,
                15,
                4
              ],
              "uv": [
                26,
                11
              ]
            }
          ]
        },
        {
          "name": "Leg",
          "pivot": [
            -2,
            13,
            -0.6
          ],
          "cubes": [
            {
              "origin": [
                -4,
                0,
                -2.6
              ],
              "size": [
                4,
                13,
                4
              ],
              "uv": [
                38,
                33
              ]
            },
            {
              "origin": [
                -4.5,
                0,
                -5.2
              ],
              "size": [
                5,
                3,
                7
              ],
              "uv": [
                35,
                23
              ]
            }
          ]
        },
        {
          "name": "Leg2",
          "pivot": [
            2,
            13,
            -0.6
          ],
          "cubes": [
            {
              "origin": [
                0,
                0,
                -2.6
              ],
              "size": [
                4,
                13,
                4
              ],
              "uv": [
                0,
                32
              ]
            },
            {
              "origin": [
                -0.5,
                0,
                -5.2
              ],
              "size": [
                5,
                3,
                7
              ],
              "uv": [
                30,
                0
              ]
            }
          ]
        }
      ]
    }
  ]
}