{
  "format_version": "1.12.0",
  "minecraft:geometry": [
    {
      "description": {
        "identifier": "geometry.gm_jumbo_josh",
        "texture_width": 128,
        "texture_height": 128,
        "visible_bounds_width": 3,
        "visible_bounds_height": 3.5,
        "visible_bounds_offset": [
          0,
          1.25,
          0
        ]
      },
      "bones": [
        {
          "name": "Boby",
          "pivot": [
            0,
            7,
            8
          ],
          "rotation": [
            7.5,
            0,
            0
          ],
          "cubes": [
            {
              "origin": [
                -5,
                14.01543,
                -7.25709
              ],
              "size": [
                11,
                12,
                8
              ],
              "uv": [
                0,
                20
              ]
            },
            {
              "origin": [
                -3,
                2.01543,
                -11.25709
              ],
              "size": [
                7,
                9,
                7
              ],
              "pivot": [
                0,
                16.01543,
                -3.25709
              ],
              "rotation": [
                75,
                0,
                0
              ],
              "uv": [
                0,
                40
              ]
            },
            {
              "origin": [
                -4,
                8.01543,
                -7.25709
              ],
              "size": [
                9,
                9,
                7
              ],
              "pivot": [
                0,
                16.01543,
                -3.25709
              ],
              "rotation": [
                42.5,
                0,
                0
              ],
              "uv": [
                31,
                33
              ]
            }
          ]
        },
        {
          "name": "Head",
          "parent": "Boby",
          "pivot": [
            1,
            24.01543,
            -3.25709
          ],
          "rotation": [
            -7.5,
            0,
            0
          ],
          "cubes": [
            {
              "origin": [
                -6,
                25.98976,
                -8.64867
              ],
              "size": [
                13,
                10,
                10
              ],
              "uv": [
                0,
                0
              ]
            },
            {
              "origin": [
                -7,
                27.98976,
                -7.64867
              ],
              "size": [
                1,
                6,
                8
              ],
              "uv": [
                54,
                64
              ]
            },
            {
              "origin": [
                7,
                27.98976,
                -7.64867
              ],
              "size": [
                1,
                6,
                8
              ],
              "uv": [
                36,
                64
              ]
            },
            {
              "origin": [
                -5,
                35.98976,
                -7.64867
              ],
              "size": [
                11,
                1,
                8
              ],
              "uv": [
                36,
                0
              ]
            },
            {
              "origin": [
                -5,
                24.98976,
                -7.64867
              ],
              "size": [
                11,
                1,
                7
              ],
              "uv": [
                30,
                20
              ]
            }
          ]
        },
        {
          "name": "Arm",
          "pivot": [
            6,
            23,
            -4
          ],
          "cubes": [
            {
              "origin": [
                6,
                11,
                -7
              ],
              "size": [
                4,
                12,
                4
              ],
              "uv": [
                59,
                9
              ]
            },
            {
              "origin": [
                5,
                5,
                -8
              ],
              "size": [
                6,
                9,
                6
              ],
              "uv": [
                28,
                49
              ]
            },
            {
              "origin": [
                4,
                0,
                -7
              ],
              "size": [
                6,
                6,
                6
              ],
              "uv": [
                56,
                28
              ]
            }
          ]
        },
        {
          "name": "Arm2",
          "pivot": [
            -5,
            23,
            -4
          ],
          "cubes": [
            {
              "origin": [
                -9,
                11,
                -7
              ],
              "size": [
                4,
                12,
                4
              ],
              "uv": [
                59,
                9
              ]
            },
            {
              "origin": [
                -10,
                5,
                -8
              ],
              "size": [
                6,
                9,
                6
              ],
              "uv": [
                28,
                49
              ]
            },
            {
              "origin": [
                -9,
                0,
                -7
              ],
              "size": [
                6,
                6,
                6
              ],
              "uv": [
                0,
                56
              ]
            }
          ]
        },
        {
          "name": "Leg",
          "pivot": [
            -2,
            8,
            8
          ],
          "cubes": [
            {
              "origin": [
                -4,
                0,
                5
              ],
              "size": [
                4,
                8,
                5
              ],
              "uv": [
                70,
                40
              ]
            }
          ]
        },
        {
          "name": "Leg2",
          "pivot": [
            3,
            8,
            8
          ],
          "cubes": [
            {
              "origin": [
                1,
                0,
                5
              ],
              "size": [
                4,
                8,
                5
              ],
              "uv": [
                70,
                40
              ]
            }
          ]
        }
      ]
    }
  ]
}