{
  "format_version": "1.12.0",
  "minecraft:geometry": [
    {
      "description": {
        "identifier": "geometry.gm_opila_bird",
        "texture_width": 128,
        "texture_height": 128,
        "visible_bounds_width": 3,
        "visible_bounds_height": 3.5,
        "visible_bounds_offset": [
          0,
          1.25,
          0
        ]
      },
      "bones": [
        {
          "name": "Boby",
          "pivot": [
            0,
            9,
            0
          ],
          "cubes": [
            {
              "origin": [
                -5,
                10,
                -7
              ],
              "size": [
                9,
                9,
                13
              ],
              "uv": [
                0,
                0
              ]
            },
            {
              "origin": [
                -4,
                19,
                -5
              ],
              "size": [
                7,
                1,
                9
              ],
              "uv": [
                31,
                0
              ]
            },
            {
              "origin": [
                -4,
                9,
                -5
              ],
              "size": [
                7,
                1,
                9
              ],
              "uv": [
                28,
                22
              ]
            },
            {
              "origin": [
                -4,
                11,
                -8
              ],
              "size": [
                7,
                7,
                1
              ],
              "uv": [
                0,
                48
              ]
            },
            {
              "origin": [
                -4,
                9.5,
                5.1
              ],
              "size": [
                7,
                7,
                3
              ],
              "pivot": [
                0,
                13,
                0
              ],
              "rotation": [
                14.77863,
                0.45612,
                0.09377
              ],
              "uv": [
                0,
                38
              ]
            },
            {
              "origin": [
                -3,
                9.2,
                5.6
              ],
              "size": [
                5,
                5,
                4
              ],
              "pivot": [
                0,
                13,
                0
              ],
              "rotation": [
                24.77863,
                0.45612,
                0.09377
              ],
              "uv": [
                44,
                10
              ]
            },
            {
              "origin": [
                -3,
                11,
                9
              ],
              "size": [
                5,
                0,
                5
              ],
              "pivot": [
                0,
                13,
                0
              ],
              "rotation": [
                30,
                0,
                0
              ],
              "uv": [
                43,
                37
              ]
            }
          ]
        },
        {
          "name": "Bob",
          "parent": "Boby",
          "pivot": [
            0,
            13,
            -8
          ],
          "rotation": [
            20,
            0,
            0
          ],
          "cubes": [
            {
              "origin": [
                -3,
                12.34202,
                -9.93969
              ],
              "size": [
                5,
                12,
                5
              ],
              "uv": [
                28,
                32
              ]
            }
          ]
        },
        {
          "name": "Head",
          "parent": "Bob",
          "pivot": [
            0,
            23.34202,
            -6.93969
          ],
          "rotation": [
            -17.5,
            0,
            0
          ],
          "cubes": [
            {
              "origin": [
                -4,
                22.69433,
                -11.14783
              ],
              "size": [
                7,
                9,
                7
              ],
              "uv": [
                0,
                22
              ]
            },
            {
              "origin": [
                -3,
                31.69433,
                -9.14783
              ],
              "size": [
                5,
                3,
                0
              ],
              "pivot": [
                0,
                23.69433,
                -9.14783
              ],
              "rotation": [
                -10,
                0,
                0
              ],
              "uv": [
                31,
                10
              ]
            }
          ]
        },
        {
          "name": "bone",
          "parent": "Head",
          "pivot": [
            -0.4,
            25.69433,
            -11.14783
          ],
          "cubes": [
            {
              "origin": [
                -2.4,
                24.69433,
                -14.44783
              ],
              "size": [
                4,
                2.5,
                4
              ],
              "pivot": [
                0.6,
                24.69433,
                -11.44783
              ],
              "rotation": [
                8,
                0,
                0
              ],
              "uv": [
                50,
                42
              ]
            },
            {
              "origin": [
                -1.9,
                25.69433,
                -17.34783
              ],
              "size": [
                3,
                2,
                4
              ],
              "pivot": [
                0.6,
                24.69433,
                -11.44783
              ],
              "rotation": [
                26,
                0,
                0
              ],
              "uv": [
                54,
                0
              ]
            }
          ]
        },
        {
          "name": "bone2",
          "parent": "Head",
          "pivot": [
            0,
            24.69433,
            -11.14783
          ],
          "rotation": [
            10,
            0,
            0
          ],
          "cubes": [
            {
              "origin": [
                -2,
                23.72471,
                -13.49513
              ],
              "size": [
                3,
                1,
                3
              ],
              "uv": [
                53,
                32
              ]
            }
          ]
        },
        {
          "name": "bone3",
          "parent": "Boby",
          "pivot": [
            -5,
            18,
            -3
          ],
          "cubes": [
            {
              "origin": [
                -6,
                12,
                -5
              ],
              "size": [
                1,
                6,
                5
              ],
              "uv": [
                29,
                49
              ]
            },
            {
              "origin": [
                -6,
                13,
                0
              ],
              "size": [
                1,
                4,
                5
              ],
              "uv": [
                51,
                19
              ]
            }
          ]
        },
        {
          "name": "bone4",
          "parent": "Boby",
          "pivot": [
            4,
            18,
            -2
          ],
          "cubes": [
            {
              "origin": [
                4,
                12,
                -5
              ],
              "size": [
                1,
                6,
                5
              ],
              "uv": [
                29,
                49
              ]
            },
            {
              "origin": [
                4,
                13,
                0
              ],
              "size": [
                1,
                4,
                5
              ],
              "uv": [
                51,
                19
              ]
            }
          ]
        },
        {
          "name": "Leg",
          "pivot": [
            3,
            10,
            0
          ],
          "cubes": [
            {
              "origin": [
                1,
                0,
                -2
              ],
              "size": [
                3,
                10,
                3
              ],
              "uv": [
                17,
                46
              ]
            },
            {
              "origin": [
                0,
                0,
                -5
              ],
              "size": [
                5,
                0,
                5
              ],
              "uv": [
                38,
                32
              ]
            }
          ]
        },
        {
          "name": "Leg2",
          "pivot": [
            -4,
            10,
            0
          ],
          "cubes": [
            {
              "origin": [
                -5,
                0,
                -2
              ],
              "size": [
                3,
                10,
                3
              ],
              "uv": [
                0,
                0
              ]
            },
            {
              "origin": [
                -6,
                0,
                -5
              ],
              "size": [
                5,
                0,
                5
              ],
              "uv": [
                16,
                22
              ]
            }
          ]
        }
      ]
    }
  ]
}