{
  "format_version": "1.12.0",
  "minecraft:geometry": [
    {
      "description": {
        "identifier": "geometry.gm_queen_bounselia",
        "texture_width": 64,
        "texture_height": 64,
        "visible_bounds_width": 4,
        "visible_bounds_height": 3.5,
        "visible_bounds_offset": [
          0,
          1.25,
          0
        ]
      },
      "bones": [
        {
          "name": "Boby",
          "pivot": [
            0,
            7,
            5
          ],
          "rotation": [
            42.5,
            0,
            0
          ],
          "cubes": [
            {
              "origin": [
                -4,
                7,
                1
              ],
              "size": [
                8,
                5,
                8
              ],
              "pivot": [
                0,
                7,
                5
              ],
              "rotation": [
                15,
                0,
                0
              ],
              "uv": [
                0,
                16
              ]
            },
            {
              "origin": [
                -4,
                10.9,
                -0.2
              ],
              "size": [
                8,
                8,
                8
              ],
              "uv": [
                0,
                0
              ]
            }
          ]
        },
        {
          "name": "bone",
          "parent": "Boby",
          "pivot": [
            -0.6,
            7,
            5
          ],
          "rotation": [
            20,
            0,
            0
          ],
          "cubes": [
            {
              "origin": [
                -2.6,
                1.92987,
                2.57112
              ],
              "size": [
                5,
                6,
                5
              ],
              "uv": [
                35,
                35
              ]
            }
          ]
        },
        {
          "name": "bone2",
          "parent": "bone",
          "pivot": [
            -0.6,
            1.72061,
            5.11596
          ],
          "rotation": [
            25,
            0,
            0
          ],
          "cubes": [
            {
              "origin": [
                -1.6,
                -5.4664,
                3.84398
              ],
              "size": [
                3,
                8,
                3
              ],
              "uv": [
                34,
                46
              ]
            }
          ]
        },
        {
          "name": "bone3",
          "parent": "Boby",
          "pivot": [
            0,
            18,
            3
          ],
          "cubes": [
            {
              "origin": [
                -2,
                17.1,
                2
              ],
              "size": [
                4,
                8,
                4
              ],
              "pivot": [
                0,
                20,
                4
              ],
              "rotation": [
                -22.5,
                0,
                0
              ],
              "uv": [
                0,
                41
              ]
            }
          ]
        },
        {
          "name": "Head",
          "parent": "bone3",
          "pivot": [
            0,
            24,
            6
          ],
          "rotation": [
            -39.99586,
            0.10697,
            -0.09863
          ],
          "cubes": [
            {
              "origin": [
                -2.99828,
                23.76609,
                2.35727
              ],
              "size": [
                6,
                7,
                6
              ],
              "uv": [
                26,
                10
              ]
            },
            {
              "origin": [
                -2.99828,
                30.76609,
                4.35727
              ],
              "size": [
                2,
                4,
                1
              ],
              "pivot": [
                0.00172,
                24.76609,
                5.35727
              ],
              "rotation": [
                0,
                7.5,
                -5
              ],
              "uv": [
                0,
                29
              ]
            },
            {
              "origin": [
                1.00172,
                30.76609,
                4.35727
              ],
              "size": [
                2,
                4,
                1
              ],
              "pivot": [
                0.00172,
                24.76609,
                5.35727
              ],
              "rotation": [
                0,
                -7.5,
                5
              ],
              "uv": [
                24,
                0
              ]
            },
            {
              "origin": [
                -1.99828,
                30.76609,
                3.35727
              ],
              "size": [
                4,
                3,
                4
              ],
              "uv": [
                44,
                9
              ]
            }
          ]
        },
        {
          "name": "bone4",
          "parent": "Head",
          "pivot": [
            0.00172,
            25.76609,
            2.35727
          ],
          "cubes": [
            {
              "origin": [
                -1.99828,
                24.76609,
                -1.64273
              ],
              "size": [
                4,
                2,
                4
              ],
              "uv": [
                46,
                25
              ]
            }
          ]
        },
        {
          "name": "bone5",
          "parent": "Head",
          "pivot": [
            0.00172,
            23.76609,
            2.35727
          ],
          "cubes": [
            {
              "origin": [
                -1.99828,
                23.76609,
                -0.64273
              ],
              "size": [
                4,
                1,
                4
              ],
              "uv": [
                46,
                46
              ]
            }
          ]
        },
        {
          "name": "Arm",
          "parent": "Boby",
          "pivot": [
            -4,
            16,
            3
          ],
          "cubes": [
            {
              "origin": [
                -5,
                15,
                -4
              ],
              "size": [
                2,
                2,
                7
              ],
              "uv": [
                43,
                16
              ]
            },
            {
              "origin": [
                -4,
                16,
                -6
              ],
              "size": [
                0,
                8,
                7
              ],
              "uv": [
                0,
                49
              ]
            }
          ]
        },
        {
          "name": "Arm2",
          "parent": "Boby",
          "pivot": [
            4,
            16,
            3
          ],
          "cubes": [
            {
              "origin": [
                3,
                15,
                -4
              ],
              "size": [
                2,
                2,
                7
              ],
              "uv": [
                43,
                16
              ]
            }
          ]
        },
        {
          "name": "Leg",
          "pivot": [
            -4,
            12,
            1
          ],
          "cubes": [
            {
              "origin": [
                -6,
                6,
                -2
              ],
              "size": [
                4,
                6,
                6
              ],
              "uv": [
                0,
                29
              ]
            },
            {
              "origin": [
                -5,
                2,
                0
              ],
              "size": [
                2,
                4,
                2
              ],
              "uv": [
                0,
                16
              ]
            },
            {
              "origin": [
                -6,
                0,
                -4
              ],
              "size": [
                4,
                2,
                7
              ],
              "uv": [
                13,
                35
              ]
            }
          ]
        },
        {
          "name": "Leg2",
          "pivot": [
            4,
            12,
            1
          ],
          "cubes": [
            {
              "origin": [
                2,
                6,
                -2
              ],
              "size": [
                4,
                6,
                6
              ],
              "uv": [
                0,
                29
              ]
            },
            {
              "origin": [
                3,
                2,
                0
              ],
              "size": [
                2,
                4,
                2
              ],
              "uv": [
                0,
                16
              ]
            },
            {
              "origin": [
                2,
                0,
                -4
              ],
              "size": [
                4,
                2,
                7
              ],
              "uv": [
                13,
                35
              ]
            }
          ]
        }
      ]
    }
  ]
}