{
  "format_version": "1.12.0",
  "minecraft:geometry": [
    {
      "description": {
        "identifier": "geometry.gm_stinger_flynn",
        "texture_width": 128,
        "texture_height": 128,
        "visible_bounds_width": 6,
        "visible_bounds_height": 3.5,
        "visible_bounds_offset": [
          0,
          1.25,
          0
        ]
      },
      "bones": [
        {
          "name": "bone",
          "pivot": [
            0,
            0,
            0
          ],
          "cubes": [
            {
              "origin": [
                -8,
                0,
                -8
              ],
              "size": [
                16,
                4,
                16
              ],
              "uv": [
                0,
                34
              ]
            },
            {
              "origin": [
                -7,
                4,
                -7
              ],
              "size": [
                14,
                20,
                14
              ],
              "uv": [
                0,
                0
              ]
            },
            {
              "origin": [
                -6,
                24,
                -6
              ],
              "size": [
                12,
                1,
                12
              ],
              "uv": [
                42,
                0
              ]
            }
          ]
        },
        {
          "name": "bone2",
          "parent": "bone",
          "pivot": [
            0,
            0,
            0
          ],
          "rotation": [
            0,
            17.5,
            0
          ],
          "cubes": [
            {
              "origin": [
                -16.6,
                0,
                -28.7
              ],
              "size": [
                3,
                3,
                9
              ],
              "pivot": [
                0,
                0,
                0
              ],
              "rotation": [
                0,
                -17.5,
                0
              ],
              "uv": [
                48,
                25
              ]
            },
            {
              "origin": [
                -9,
                0,
                -24
              ],
              "size": [
                3,
                3,
                9
              ],
              "pivot": [
                0,
                0,
                0
              ],
              "rotation": [
                0,
                2.5,
                0
              ],
              "uv": [
                48,
                37
              ]
            },
            {
              "origin": [
                -2,
                0,
                -17
              ],
              "size": [
                3,
                3,
                9
              ],
              "pivot": [
                0,
                0,
                0
              ],
              "rotation": [
                0,
                27.5,
                0
              ],
              "uv": [
                0,
                54
              ]
            }
          ]
        },
        {
          "name": "bone3",
          "parent": "bone",
          "pivot": [
            0,
            0,
            1
          ],
          "rotation": [
            0,
            -62.5,
            0
          ],
          "cubes": [
            {
              "origin": [
                10.9,
                0,
                -29.3
              ],
              "size": [
                3,
                3,
                9
              ],
              "pivot": [
                0,
                0,
                0.9
              ],
              "rotation": [
                0,
                67.5,
                0
              ],
              "uv": [
                48,
                25
              ]
            },
            {
              "origin": [
                5,
                0,
                -23.1
              ],
              "size": [
                3,
                3,
                9
              ],
              "pivot": [
                0,
                0,
                0.9
              ],
              "rotation": [
                0,
                52.5,
                0
              ],
              "uv": [
                48,
                37
              ]
            },
            {
              "origin": [
                -2,
                0,
                -16
              ],
              "size": [
                3,
                3,
                9
              ],
              "pivot": [
                0,
                0,
                1
              ],
              "rotation": [
                0,
                27.5,
                0
              ],
              "uv": [
                0,
                54
              ]
            }
          ]
        },
        {
          "name": "bone4",
          "parent": "bone",
          "pivot": [
            0,
            0,
            0
          ],
          "rotation": [
            0,
            -127.5,
            0
          ],
          "cubes": [
            {
              "origin": [
                -1.3,
                0,
                -36.4
              ],
              "size": [
                3,
                3,
                9
              ],
              "pivot": [
                4.4,
                0,
                -3.2
              ],
              "rotation": [
                0,
                45.5,
                0
              ],
              "uv": [
                48,
                25
              ]
            },
            {
              "origin": [
                9.4,
                0,
                -27.2
              ],
              "size": [
                3,
                3,
                9
              ],
              "pivot": [
                4.4,
                0,
                -3.2
              ],
              "rotation": [
                0,
                70.5,
                0
              ],
              "uv": [
                48,
                37
              ]
            },
            {
              "origin": [
                -2,
                0,
                -17
              ],
              "size": [
                3,
                3,
                9
              ],
              "pivot": [
                0,
                0,
                0
              ],
              "rotation": [
                0,
                27.5,
                0
              ],
              "uv": [
                0,
                54
              ]
            }
          ]
        },
        {
          "name": "bone5",
          "parent": "bone",
          "pivot": [
            -40,
            0,
            2
          ],
          "rotation": [
            0,
            -127.5,
            0
          ],
          "cubes": [
            {
              "origin": [
                -41.3,
                0,
                -34.4
              ],
              "size": [
                3,
                3,
                9
              ],
              "pivot": [
                -35.6,
                0,
                -1.2
              ],
              "rotation": [
                0,
                45.5,
                0
              ],
              "uv": [
                48,
                25
              ]
            },
            {
              "origin": [
                -30.6,
                0,
                -25.2
              ],
              "size": [
                3,
                3,
                9
              ],
              "pivot": [
                -35.6,
                0,
                -1.2
              ],
              "rotation": [
                0,
                70.5,
                0
              ],
              "uv": [
                48,
                37
              ]
            },
            {
              "origin": [
                -42,
                0,
                -15
              ],
              "size": [
                3,
                3,
                9
              ],
              "pivot": [
                -40,
                0,
                2
              ],
              "rotation": [
                0,
                27.5,
                0
              ],
              "uv": [
                0,
                54
              ]
            }
          ]
        },
        {
          "name": "bone6",
          "parent": "bone",
          "pivot": [
            -2,
            0,
            1
          ],
          "rotation": [
            0,
            -170,
            0
          ],
          "cubes": [
            {
              "origin": [
                -9.2,
                0,
                -30.2
              ],
              "size": [
                3,
                3,
                9
              ],
              "pivot": [
                -20.1,
                0,
                0
              ],
              "rotation": [
                0,
                1.5,
                0
              ],
              "uv": [
                48,
                25
              ]
            },
            {
              "origin": [
                -15.1,
                0,
                -24
              ],
              "size": [
                3,
                3,
                9
              ],
              "pivot": [
                -20.1,
                0,
                0
              ],
              "rotation": [
                0,
                -13.5,
                0
              ],
              "uv": [
                48,
                37
              ]
            },
            {
              "origin": [
                -4,
                0,
                -16
              ],
              "size": [
                3,
                3,
                9
              ],
              "pivot": [
                -2,
                0,
                1
              ],
              "rotation": [
                0,
                27.5,
                0
              ],
              "uv": [
                0,
                54
              ]
            }
          ]
        },
        {
          "name": "bone7",
          "parent": "bone",
          "pivot": [
            1,
            0,
            -3
          ],
          "rotation": [
            0,
            122.5,
            0
          ],
          "cubes": [
            {
              "origin": [
                -6.2,
                0,
                -34.2
              ],
              "size": [
                3,
                3,
                9
              ],
              "pivot": [
                -17.1,
                0,
                -4
              ],
              "rotation": [
                0,
                1.5,
                0
              ],
              "uv": [
                48,
                25
              ]
            },
            {
              "origin": [
                -12.1,
                0,
                -28
              ],
              "size": [
                3,
                3,
                9
              ],
              "pivot": [
                -17.1,
                0,
                -4
              ],
              "rotation": [
                0,
                -13.5,
                0
              ],
              "uv": [
                48,
                37
              ]
            },
            {
              "origin": [
                -1,
                0,
                -20
              ],
              "size": [
                3,
                3,
                9
              ],
              "pivot": [
                1,
                0,
                -3
              ],
              "rotation": [
                0,
                27.5,
                0
              ],
              "uv": [
                0,
                54
              ]
            }
          ]
        }
      ]
    }
  ]
}