{
  "format_version": "1.12.0",
  "minecraft:geometry": [
    {
      "description": {
        "identifier": "geometry.gm_sherif_todster",
        "texture_width": 64,
        "texture_height": 64,
        "visible_bounds_width": 3,
        "visible_bounds_height": 3.5,
        "visible_bounds_offset": [
          0,
          1.25,
          0
        ]
      },
      "bones": [
        {
          "name": "Boby",
          "pivot": [
            0,
            8,
            0
          ],
          "cubes": [
            {
              "origin": [
                -4,
                9,
                -4
              ],
              "size": [
                9,
                14,
                8
              ],
              "uv": [
                0,
                0
              ]
            }
          ]
        },
        {
          "name": "Head",
          "parent": "Boby",
          "pivot": [
            0,
            23,
            0
          ],
          "cubes": [
            {
              "origin": [
                -2,
                23,
                -3
              ],
              "size": [
                5,
                5,
                6
              ],
              "uv": [
                34,
                0
              ]
            },
            {
              "origin": [
                -3,
                26,
                -2
              ],
              "size": [
                7,
                6,
                4
              ],
              "uv": [
                28,
                38
              ]
            },
            {
              "origin": [
                -1,
                32,
                0
              ],
              "size": [
                3,
                3,
                0
              ],
              "pivot": [
                0,
                23,
                0
              ],
              "rotation": [
                0,
                0,
                17.5
              ],
              "uv": [
                0,
                0
              ]
            },
            {
              "origin": [
                -7,
                22.5,
                -3
              ],
              "size": [
                5,
                5,
                6
              ],
              "pivot": [
                0,
                23,
                0
              ],
              "rotation": [
                0,
                0,
                15
              ],
              "uv": [
                32,
                27
              ]
            },
            {
              "origin": [
                3,
                22.4,
                -3
              ],
              "size": [
                5,
                5,
                6
              ],
              "pivot": [
                0,
                23,
                0
              ],
              "rotation": [
                0,
                0,
                -12.5
              ],
              "uv": [
                32,
                16
              ]
            }
          ]
        },
        {
          "name": "Arm",
          "parent": "Boby",
          "pivot": [
            -4,
            23,
            0
          ],
          "cubes": [
            {
              "origin": [
                -8,
                9,
                -2
              ],
              "size": [
                4,
                14,
                4
              ],
              "uv": [
                0,
                22
              ]
            }
          ]
        },
        {
          "name": "Arm2",
          "parent": "Boby",
          "pivot": [
            5,
            23,
            0
          ],
          "cubes": [
            {
              "origin": [
                5,
                9,
                -2
              ],
              "size": [
                4,
                14,
                4
              ],
              "uv": [
                0,
                22
              ]
            }
          ]
        },
        {
          "name": "Leg",
          "pivot": [
            -2,
            9,
            0
          ],
          "cubes": [
            {
              "origin": [
                -4,
                0,
                -2
              ],
              "size": [
                4,
                9,
                4
              ],
              "uv": [
                0,
                40
              ]
            }
          ]
        },
        {
          "name": "Leg2",
          "pivot": [
            3,
            9,
            0
          ],
          "cubes": [
            {
              "origin": [
                1,
                0,
                -2
              ],
              "size": [
                4,
                9,
                4
              ],
              "uv": [
                0,
                40
              ]
            }
          ]
        }
      ]
    }
  ]
}