{
  "format_version": "1.12.0",
  "minecraft:geometry": [
    {
      "description": {
        "identifier": "geometry.gm_slow_seline",
        "texture_width": 128,
        "texture_height": 128,
        "visible_bounds_width": 4,
        "visible_bounds_height": 4.5,
        "visible_bounds_offset": [
          0,
          1.75,
          0
        ]
      },
      "bones": [
        {
          "name": "bone",
          "pivot": [
            0,
            0,
            1
          ],
          "cubes": [
            {
              "origin": [
                -5,
                0,
                -9
              ],
              "size": [
                9,
                7,
                18
              ],
              "uv": [
                0,
                45
              ]
            },
            {
              "origin": [
                -6,
                0,
                -7
              ],
              "size": [
                11,
                5,
                14
              ],
              "uv": [
                48,
                0
              ]
            },
            {
              "origin": [
                -4,
                0,
                -12
              ],
              "size": [
                7,
                6,
                3
              ],
              "uv": [
                73,
                60
              ]
            },
            {
              "origin": [
                -7,
                5,
                -9
              ],
              "size": [
                13,
                23,
                22
              ],
              "pivot": [
                0,
                0,
                1
              ],
              "rotation": [
                -10,
                0,
                0
              ],
              "uv": [
                0,
                0
              ]
            }
          ]
        },
        {
          "name": "bone2",
          "parent": "bone",
          "pivot": [
            0,
            3,
            9
          ],
          "cubes": [
            {
              "origin": [
                -4,
                0,
                9
              ],
              "size": [
                7,
                6,
                6
              ],
              "uv": [
                69,
                39
              ]
            }
          ]
        },
        {
          "name": "bone3",
          "parent": "bone2",
          "pivot": [
            0,
            2,
            15
          ],
          "cubes": [
            {
              "origin": [
                -2.6,
                0,
                15
              ],
              "size": [
                4,
                4,
                5
              ],
              "uv": [
                28,
                70
              ]
            }
          ]
        },
        {
          "name": "bone4",
          "parent": "bone",
          "pivot": [
            0,
            3,
            -11
          ],
          "cubes": [
            {
              "origin": [
                -4,
                3,
                -14
              ],
              "size": [
                7,
                11,
                7
              ],
              "uv": [
                47,
                63
              ]
            }
          ]
        },
        {
          "name": "bone5",
          "parent": "bone4",
          "pivot": [
            0,
            14,
            -11
          ],
          "cubes": [
            {
              "origin": [
                -3,
                14,
                -13
              ],
              "size": [
                5,
                9,
                5
              ],
              "uv": [
                0,
                0
              ]
            }
          ]
        },
        {
          "name": "Head",
          "parent": "bone5",
          "pivot": [
            0,
            23,
            -11
          ],
          "cubes": [
            {
              "origin": [
                -7,
                23,
                -14
              ],
              "size": [
                13,
                2,
                7
              ],
              "uv": [
                36,
                54
              ]
            },
            {
              "origin": [
                -7,
                30,
                -14
              ],
              "size": [
                13,
                2,
                7
              ],
              "uv": [
                36,
                45
              ]
            },
            {
              "origin": [
                -3,
                29,
                -14
              ],
              "size": [
                5,
                1,
                7
              ],
              "uv": [
                69,
                51
              ]
            },
            {
              "origin": [
                -6,
                25,
                -14
              ],
              "size": [
                2,
                1,
                7
              ],
              "uv": [
                68,
                74
              ]
            },
            {
              "origin": [
                3,
                25,
                -14
              ],
              "size": [
                2,
                1,
                7
              ],
              "uv": [
                70,
                31
              ]
            },
            {
              "origin": [
                -8,
                25,
                -14
              ],
              "size": [
                2,
                5,
                7
              ],
              "uv": [
                70,
                19
              ]
            },
            {
              "origin": [
                5,
                25,
                -14
              ],
              "size": [
                2,
                5,
                7
              ],
              "uv": [
                0,
                45
              ]
            },
            {
              "origin": [
                -7,
                24,
                -7
              ],
              "size": [
                13,
                7,
                1
              ],
              "uv": [
                0,
                70
              ]
            },
            {
              "origin": [
                -6,
                25,
                -13
              ],
              "size": [
                11,
                5,
                0
              ],
              "uv": [
                0,
                14
              ]
            }
          ]
        },
        {
          "name": "bone6",
          "parent": "Head",
          "pivot": [
            -4,
            32,
            -11
          ],
          "cubes": [
            {
              "origin": [
                -4.4,
                32,
                -12
              ],
              "size": [
                2,
                9,
                2
              ],
              "uv": [
                32,
                79
              ]
            },
            {
              "origin": [
                -5.4,
                41,
                -13
              ],
              "size": [
                4,
                4,
                4
              ],
              "uv": [
                16,
                78
              ]
            }
          ]
        },
        {
          "name": "bone7",
          "parent": "Head",
          "pivot": [
            2,
            32,
            -11
          ],
          "cubes": [
            {
              "origin": [
                1.6,
                32,
                -12
              ],
              "size": [
                2,
                9,
                2
              ],
              "uv": [
                48,
                0
              ]
            },
            {
              "origin": [
                0.6,
                41,
                -13
              ],
              "size": [
                4,
                4,
                4
              ],
              "uv": [
                0,
                78
              ]
            }
          ]
        }
      ]
    }
  ]
}