{
  "format_version": "1.12.0",
  "minecraft:geometry": [
    {
      "description": {
        "identifier": "geometry.gm_tamataki_chamataki",
        "texture_width": 128,
        "texture_height": 128,
        "visible_bounds_width": 4,
        "visible_bounds_height": 2.5,
        "visible_bounds_offset": [
          0,
          0.75,
          0
        ]
      },
      "bones": [
        {
          "name": "Boby",
          "pivot": [
            0,
            5,
            0
          ],
          "cubes": [
            {
              "origin": [
                -7,
                6,
                -10
              ],
              "size": [
                15,
                12,
                19
              ],
              "uv": [
                0,
                0
              ]
            }
          ]
        },
        {
          "name": "bone",
          "parent": "Boby",
          "pivot": [
            0,
            9,
            9
          ],
          "rotation": [
            -10,
            0,
            0
          ],
          "cubes": [
            {
              "origin": [
                0,
                6.84154,
                9.18884
              ],
              "size": [
                0,
                6,
                14
              ],
              "pivot": [
                -1,
                7.84154,
                8.18884
              ],
              "rotation": [
                22.4231,
                -0.06879,
                1.37796
              ],
              "uv": [
                0,
                108
              ]
            }
          ]
        },
        {
          "name": "Hed",
          "parent": "Boby",
          "pivot": [
            -3,
            10,
            -10
          ],
          "cubes": [
            {
              "origin": [
                -5,
                9,
                -14
              ],
              "size": [
                3,
                3,
                4
              ],
              "uv": [
                0,
                0
              ]
            }
          ]
        },
        {
          "name": "bone4",
          "parent": "Hed",
          "pivot": [
            -3,
            10,
            -13
          ],
          "cubes": [
            {
              "origin": [
                -7,
                6,
                -20
              ],
              "size": [
                7,
                9,
                7
              ],
              "uv": [
                30,
                46
              ]
            }
          ]
        },
        {
          "name": "Hed2",
          "parent": "Boby",
          "pivot": [
            5,
            10,
            -10
          ],
          "cubes": [
            {
              "origin": [
                3,
                9,
                -14
              ],
              "size": [
                3,
                3,
                4
              ],
              "uv": [
                0,
                0
              ]
            }
          ]
        },
        {
          "name": "bone5",
          "parent": "Hed2",
          "pivot": [
            5,
            11,
            -14
          ],
          "cubes": [
            {
              "origin": [
                2,
                7,
                -22
              ],
              "size": [
                5,
                2,
                8
              ],
              "uv": [
                50,
                31
              ]
            }
          ]
        },
        {
          "name": "bone6",
          "parent": "bone5",
          "pivot": [
            5,
            9,
            -15
          ],
          "cubes": [
            {
              "origin": [
                1,
                9,
                -22
              ],
              "size": [
                7,
                6,
                8
              ],
              "uv": [
                0,
                46
              ]
            },
            {
              "origin": [
                0,
                10,
                -18
              ],
              "size": [
                9,
                3,
                3
              ],
              "uv": [
                58,
                51
              ]
            },
            {
              "origin": [
                2,
                12,
                -18
              ],
              "size": [
                5,
                4,
                6
              ],
              "pivot": [
                5,
                11,
                -15
              ],
              "rotation": [
                10,
                0,
                0
              ],
              "uv": [
                54,
                41
              ]
            },
            {
              "origin": [
                2.4,
                12.5,
                -12
              ],
              "size": [
                4,
                3,
                2
              ],
              "pivot": [
                5,
                11,
                -15
              ],
              "rotation": [
                10,
                0,
                0
              ],
              "uv": [
                0,
                14
              ]
            }
          ]
        },
        {
          "name": "Leg",
          "pivot": [
            -4,
            6,
            6
          ],
          "cubes": [
            {
              "origin": [
                -6,
                0,
                3
              ],
              "size": [
                5,
                6,
                5
              ],
              "uv": [
                20,
                62
              ]
            }
          ]
        },
        {
          "name": "Leg2",
          "pivot": [
            -3,
            6,
            -7
          ],
          "cubes": [
            {
              "origin": [
                -6,
                0,
                -9
              ],
              "size": [
                5,
                6,
                5
              ],
              "uv": [
                20,
                62
              ]
            }
          ]
        },
        {
          "name": "Leg3",
          "pivot": [
            5,
            6,
            -7
          ],
          "cubes": [
            {
              "origin": [
                2,
                0,
                -9
              ],
              "size": [
                5,
                6,
                5
              ],
              "uv": [
                20,
                62
              ]
            }
          ]
        },
        {
          "name": "Leg4",
          "pivot": [
            5,
            6,
            5
          ],
          "cubes": [
            {
              "origin": [
                2,
                0,
                3
              ],
              "size": [
                5,
                6,
                5
              ],
              "uv": [
                20,
                62
              ]
            }
          ]
        }
      ]
    }
  ]
}