{
  "format_version": "1.8.0",
  "animations": {
    "animation.mr_zophius.general": {
      "loop": true,
      "animation_length": 2,
      "bones": {
        "bone": {
          "rotation": {
            "0.0": [
              0,
              0,
              0
            ],
            "0.9583": [
              2.3912,
              0.21329,
              -2.49089
            ],
            "2.0": [
              0,
              0,
              0
            ]
          }
        },
        "bone2": {
          "rotation": {
            "0.0": [
              0,
              0,
              0
            ],
            "1.0": [
              0,
              0,
              2.5
            ],
            "2.0": [
              0,
              0,
              0
            ]
          }
        },
        "bone4": {
          "rotation": {
            "0.0": [
              0,
              0,
              0
            ],
            "1.0": [
              -0.03651,
              1.79317,
              1.74111
            ],
            "2.0": [
              0,
              0,
              0
            ]
          }
        }
      }
    }
  }
}