{"format_version":"1.10.0","animation_controllers":{"controller.animation.gazo_jumpscare":{"states":{"default":{"transitions":[{"target":"query.has_target ? (query.target -> q.has_any_family('player'))"}]},"target":{"transitions":[{"default":"!query.has_target"}],"on_entry":["@s minecraft:attack_unactive"]}}},"controller.animation.wooly_bully":{"states":{"default":{"transitions":[{"chase":"query.has_target ? (query.target -> q.has_any_family('player'))"}]},"chase":{"transitions":[{"default":"!query.has_target"}],"on_entry":["@s minecraft:attack_unactive","/playsound mob.yg_wooly_bully.chase @a"]}}}}}