{"format_version":"1.12.0","minecraft:geometry":[{"description":{"identifier":"geometry.yg_captain_fiddels","texture_width":64,"texture_height":64,"visible_bounds_width":3,"visible_bounds_height":2.5,"visible_bounds_offset":[0,0.75,0]},"bones":[{"name":"Root","pivot":[0,0,0]},{"name":"Body","parent":"Root","pivot":[0,10,0],"cubes":[{"origin":[-6,12,-4],"size":[12,11,8],"uv":[0,0]},{"origin":[2.5,18.5,-4.1],"size":[2,2,0],"uv":[4,6]},{"origin":[-4.5,18.5,-4.1],"size":[2,2,0],"uv":[0,6]},{"origin":[-4,13.19547,-5.42417],"size":[2,4,2],"pivot":[-4,15.19547,-4.42417],"rotation":[37.5,0,0],"uv":[0,0]},{"origin":[2,13.19547,-5.42417],"size":[2,4,2],"pivot":[4,15.19547,-4.42417],"rotation":[37.5,0,0],"uv":[0,0],"mirror":true},{"origin":[-5,9,-3.5],"size":[10,3,7],"uv":[0,19]}]},{"name":"Rightarm","parent":"Body","pivot":[-6,18,0],"cubes":[{"origin":[-9,12,-2],"size":[3,8,4],"uv":[16,29]},{"origin":[-9.24,4.6,-2.24],"size":[3.48,7.8,4.48],"uv":[30,25]}]},{"name":"Leftarm","parent":"Body","pivot":[6,18,0],"cubes":[{"origin":[6,12,-2],"size":[3,8,4],"uv":[16,29],"mirror":true},{"origin":[5.76,4.6,-2.24],"size":[3.48,7.8,4.48],"uv":[30,25],"mirror":true}]},{"name":"Rightleg","parent":"Root","pivot":[-4,10,0],"cubes":[{"origin":[-6,6,-2],"size":[4,4,4],"uv":[32,0]},{"origin":[-6.2,-0.25,-2.2],"size":[4.4,6.5,4.4],"uv":[0,29]}]},{"name":"Leftleg","parent":"Root","pivot":[4,10,0],"cubes":[{"origin":[2,6,-2],"size":[4,4,4],"uv":[32,0],"mirror":true},{"origin":[1.8,-0.25,-2.2],"size":[4.4,6.5,4.4],"uv":[0,29],"mirror":true}]}]}]}