{
  "format_version": "1.12.0",
  "minecraft:geometry": [
    {
      "description": {
        "identifier": "geometry.yg_cicklopus",
        "texture_width": 64,
        "texture_height": 64,
        "visible_bounds_width": 3,
        "visible_bounds_height": 3.5,
        "visible_bounds_offset": [
          0,
          1.25,
          0
        ]
      },
      "bones": [
        {
          "name": "Root",
          "pivot": [
            0,
            9,
            0
          ]
        },
        {
          "name": "Body",
          "pivot": [
            0,
            9,
            0
          ],
          "cubes": [
            {
              "origin": [
                -6.0,
                9.0,
                -6.0
              ],
              "size": [
                12.0,
                13.0,
                12.0
              ],
              "uv": [
                0,
                0
              ],
              "inflate": 0
            },
            {
              "origin": [
                -2.0,
                9.97608,
                -6.89208
              ],
              "size": [
                4.0,
                4.0,
                1.0
              ],
              "pivot": [
                0.0,
                11.97608,
                -6.39208
              ],
              "rotation": [
                -25.0,
                0.0,
                0.0
              ],
              "uv": [
                0,
                25
              ],
              "inflate": 0
            },
            {
              "origin": [
                -2.5,
                3.37818,
                -8.94502
              ],
              "size": [
                5.0,
                2.0,
                1.0
              ],
              "pivot": [
                0.0,
                4.37818,
                -8.44502
              ],
              "rotation": [
                -25.0,
                0.0,
                0.0
              ],
              "uv": [
                0,
                6
              ],
              "inflate": 0
            },
            {
              "origin": [
                -2.7,
                5.12593,
                -8.17219
              ],
              "size": [
                5.4,
                5.4,
                1.08
              ],
              "pivot": [
                0.0,
                7.82593,
                -7.63219
              ],
              "rotation": [
                -10.0,
                0.0,
                0.0
              ],
              "uv": [
                0,
                0
              ],
              "inflate": 0
            },
            {
              "origin": [
                -5.0,
                12.08846,
                -7.79896
              ],
              "size": [
                2.0,
                4.0,
                2.0
              ],
              "pivot": [
                -4.0,
                14.08846,
                -6.79896
              ],
              "rotation": [
                47.5,
                0.0,
                0.0
              ],
              "uv": [
                36,
                6
              ],
              "inflate": 0
            },
            {
              "origin": [
                3.0,
                12.08846,
                -7.79896
              ],
              "size": [
                2.0,
                4.0,
                2.0
              ],
              "pivot": [
                4.0,
                14.08846,
                -6.79896
              ],
              "rotation": [
                47.5,
                0.0,
                0.0
              ],
              "uv": [
                36,
                6
              ],
              "inflate": 0,
              "mirror": true
            },
            {
              "origin": [
                -5.0,
                22.0,
                -5.0
              ],
              "size": [
                10.0,
                8.0,
                10.0
              ],
              "uv": [
                0,
                25
              ],
              "inflate": 0
            },
            {
              "origin": [
                -3.0,
                24.0,
                -7.0
              ],
              "size": [
                6.0,
                4.0,
                2.0
              ],
              "uv": [
                36,
                0
              ],
              "inflate": 0
            },
            {
              "origin": [
                -1.0,
                25.0,
                -7.2
              ],
              "size": [
                2.0,
                2.0,
                1.0
              ],
              "uv": [
                0,
                9
              ],
              "inflate": 0
            }
          ],
          "parent": "Root"
        },
        {
          "name": "Rightarm",
          "pivot": [
            -5.5,
            22,
            0
          ],
          "cubes": [
            {
              "origin": [
                -10.0,
                8.0,
                -2.5
              ],
              "size": [
                5.0,
                15.0,
                5.0
              ],
              "uv": [
                35,
                38
              ],
              "inflate": 0
            },
            {
              "origin": [
                -10.3,
                10.76,
                -2.8
              ],
              "size": [
                5.6,
                3.48,
                5.6
              ],
              "uv": [
                30,
                25
              ],
              "inflate": 0
            }
          ],
          "parent": "Body"
        },
        {
          "name": "Leftarm",
          "pivot": [
            5.5,
            22,
            0
          ],
          "cubes": [
            {
              "origin": [
                5.0,
                8.0,
                -1.5
              ],
              "size": [
                3.0,
                15.0,
                3.0
              ],
              "uv": [
                16,
                43
              ],
              "inflate": 0
            }
          ],
          "parent": "Body"
        },
        {
          "name": "Rightleg",
          "pivot": [
            -5,
            9,
            0
          ],
          "cubes": [
            {
              "origin": [
                -7.0,
                0.0,
                -2.0
              ],
              "size": [
                4.0,
                10.0,
                4.0
              ],
              "uv": [
                0,
                43
              ],
              "inflate": 0
            }
          ],
          "parent": "Root"
        },
        {
          "name": "Leftleg",
          "pivot": [
            0,
            9,
            0
          ],
          "cubes": [
            {
              "origin": [
                3.0,
                0.0,
                -2.0
              ],
              "size": [
                4.0,
                10.0,
                4.0
              ],
              "uv": [
                0,
                43
              ],
              "inflate": 0,
              "mirror": true
            }
          ],
          "parent": "Root"
        }
      ]
    }
  ]
}