{
  "format_version": "1.12.0",
  "minecraft:geometry": [
    {
      "description": {
        "identifier": "geometry.yg_doom_doom",
        "texture_width": 128,
        "texture_height": 128,
        "visible_bounds_width": 8,
        "visible_bounds_height": 3.5,
        "visible_bounds_offset": [
          0,
          1.25,
          0
        ]
      },
      "bones": [
        {
          "name": "Root"
        },
        {
          "name": "Body",
          "pivot": [
            0,
            17,
            12
          ],
          "cubes": [
            {
              "origin": [
                -2.0,
                18.0,
                -15.0
              ],
              "size": [
                4.0,
                4.0,
                4.0
              ],
              "pivot": [
                0.0,
                20.0,
                -14.5
              ],
              "rotation": [
                15.0,
                0.0,
                0.0
              ],
              "uv": [
                83,
                24
              ],
              "inflate": 0
            },
            {
              "origin": [
                -8.0,
                14.92283,
                -13.42921
              ],
              "size": [
                16.0,
                13.0,
                12.0
              ],
              "pivot": [
                0.0,
                20.92283,
                -9.92921
              ],
              "rotation": [
                -5.0,
                0.0,
                0.0
              ],
              "uv": [
                0,
                0
              ],
              "inflate": 0
            },
            {
              "origin": [
                -6.0,
                14.56375,
                -2.44951
              ],
              "size": [
                12.0,
                11.0,
                10.0
              ],
              "pivot": [
                0.0,
                19.56375,
                1.05049
              ],
              "rotation": [
                -12.5,
                0.0,
                0.0
              ],
              "uv": [
                0,
                25
              ],
              "inflate": 0
            },
            {
              "origin": [
                -5.0,
                14.46695,
                6.5366
              ],
              "size": [
                10.0,
                9.0,
                8.0
              ],
              "pivot": [
                0.0,
                18.46695,
                2.0366
              ],
              "rotation": [
                -2.5,
                0.0,
                0.0
              ],
              "uv": [
                32,
                56
              ],
              "inflate": 0
            },
            {
              "origin": [
                -1.5,
                19.91837,
                13.67166
              ],
              "size": [
                3.0,
                3.0,
                10.0
              ],
              "pivot": [
                0.0,
                21.28751,
                14.67451
              ],
              "rotation": [
                -30.0,
                0.0,
                0.0
              ],
              "uv": [
                66,
                51
              ],
              "inflate": 0
            },
            {
              "origin": [
                -1.0,
                15.7,
                22.10189
              ],
              "size": [
                2.0,
                2.0,
                10.0
              ],
              "pivot": [
                -0.5,
                16.66616,
                23.10474
              ],
              "rotation": [
                -15.0,
                0.0,
                0.0
              ],
              "uv": [
                0,
                78
              ],
              "inflate": 0
            },
            {
              "origin": [
                -0.58,
                13.94792,
                30.78584
              ],
              "size": [
                1.16,
                1.16,
                11.6
              ],
              "pivot": [
                -1.16,
                14.32584,
                31.94915
              ],
              "rotation": [
                -2.5,
                0.0,
                0.0
              ],
              "uv": [
                77,
                5
              ],
              "inflate": 0
            },
            {
              "origin": [
                0.0,
                10.94792,
                41.7858
              ],
              "size": [
                0.0,
                7.0,
                8.0
              ],
              "pivot": [
                -1.74,
                14.32584,
                31.94915
              ],
              "rotation": [
                -2.5,
                0.0,
                0.0
              ],
              "uv": [
                74,
                9
              ],
              "inflate": 0
            }
          ],
          "parent": "Root"
        },
        {
          "name": "Head",
          "pivot": [
            0,
            20,
            -14
          ],
          "cubes": [
            {
              "origin": [
                -4.0,
                17.0,
                -22.0
              ],
              "size": [
                8.0,
                8.0,
                8.0
              ],
              "uv": [
                56,
                0
              ],
              "inflate": 0
            },
            {
              "origin": [
                1.33,
                22.0,
                -22.1
              ],
              "size": [
                1.34,
                1.34,
                0.0
              ],
              "uv": [
                8,
                7
              ],
              "inflate": 0
            },
            {
              "origin": [
                -2.67,
                22.0,
                -22.1
              ],
              "size": [
                1.34,
                1.34,
                0.0
              ],
              "uv": [
                8,
                6
              ],
              "inflate": 0
            },
            {
              "origin": [
                -1.12,
                22.45688,
                -21.87733
              ],
              "size": [
                2.24,
                4.12,
                8.32
              ],
              "pivot": [
                0.0,
                25.01688,
                -17.71733
              ],
              "rotation": [
                20.0,
                0.0,
                0.0
              ],
              "uv": [
                81,
                75
              ],
              "inflate": 0
            },
            {
              "origin": [
                -7.0,
                18.0,
                -20.0
              ],
              "size": [
                4.0,
                2.0,
                1.0
              ],
              "pivot": [
                -5.5,
                19.0,
                -19.5
              ],
              "rotation": [
                0.0,
                0.0,
                -25.0
              ],
              "uv": [
                0,
                3
              ],
              "inflate": 0
            },
            {
              "origin": [
                3.0,
                18.0,
                -20.0
              ],
              "size": [
                4.0,
                2.0,
                1.0
              ],
              "pivot": [
                5.5,
                19.0,
                -19.5
              ],
              "rotation": [
                0.0,
                0.0,
                25.0
              ],
              "uv": [
                0,
                3
              ],
              "inflate": 0,
              "mirror": true
            },
            {
              "origin": [
                -9.4994,
                21.19756,
                -20.0
              ],
              "size": [
                6.0,
                4.0,
                4.0
              ],
              "pivot": [
                -2.9994,
                23.19756,
                -20.0
              ],
              "rotation": [
                0.0,
                0.0,
                -15.0
              ],
              "uv": [
                44,
                0
              ],
              "inflate": 0
            },
            {
              "origin": [
                3.4994,
                21.19756,
                -20.0
              ],
              "size": [
                6.0,
                4.0,
                4.0
              ],
              "pivot": [
                2.9994,
                23.19756,
                -20.0
              ],
              "rotation": [
                0.0,
                0.0,
                15.0
              ],
              "uv": [
                44,
                0
              ],
              "inflate": 0,
              "mirror": true
            },
            {
              "origin": [
                -15.84799,
                20.0,
                -19.5
              ],
              "size": [
                7.0,
                3.0,
                3.0
              ],
              "pivot": [
                -8.34799,
                21.60329,
                -20.5
              ],
              "rotation": [
                0.0,
                0.0,
                -2.5
              ],
              "uv": [
                82,
                51
              ],
              "inflate": 0
            },
            {
              "origin": [
                8.84799,
                20.0,
                -19.5
              ],
              "size": [
                7.0,
                3.0,
                3.0
              ],
              "pivot": [
                8.34799,
                21.60329,
                -20.5
              ],
              "rotation": [
                0.0,
                0.0,
                2.5
              ],
              "uv": [
                82,
                51
              ],
              "inflate": 0,
              "mirror": true
            },
            {
              "origin": [
                -20.70812,
                19.9,
                -19.0
              ],
              "size": [
                5.0,
                2.0,
                2.0
              ],
              "pivot": [
                -8.20812,
                20.949,
                -21.0
              ],
              "rotation": [
                0.0,
                0.0,
                2.5
              ],
              "uv": [
                60,
                56
              ],
              "inflate": 0
            },
            {
              "origin": [
                15.70812,
                19.9,
                -19.0
              ],
              "size": [
                5.0,
                2.0,
                2.0
              ],
              "pivot": [
                8.20812,
                20.949,
                -21.0
              ],
              "rotation": [
                0.0,
                0.0,
                -2.5
              ],
              "uv": [
                60,
                56
              ],
              "inflate": 0,
              "mirror": true
            },
            {
              "origin": [
                -26.10503,
                16.8646,
                -18.5
              ],
              "size": [
                5.0,
                2.0,
                1.0
              ],
              "pivot": [
                -13.60503,
                17.9136,
                -21.5
              ],
              "rotation": [
                0.0,
                0.0,
                27.5
              ],
              "uv": [
                0,
                0
              ],
              "inflate": 0
            },
            {
              "origin": [
                21.10503,
                16.8646,
                -18.5
              ],
              "size": [
                5.0,
                2.0,
                1.0
              ],
              "pivot": [
                13.60503,
                17.9136,
                -21.5
              ],
              "rotation": [
                0.0,
                0.0,
                -27.5
              ],
              "uv": [
                0,
                0
              ],
              "inflate": 0,
              "mirror": true
            },
            {
              "origin": [
                -3.0,
                18.0,
                -25.0
              ],
              "size": [
                6.0,
                4.0,
                3.0
              ],
              "uv": [
                82,
                64
              ],
              "inflate": 0
            },
            {
              "origin": [
                -2.0,
                17.21636,
                -27.46026
              ],
              "size": [
                4.0,
                3.0,
                0.0
              ],
              "pivot": [
                0.2712,
                18.71636,
                -27.46026
              ],
              "rotation": [
                -12.5,
                0.0,
                0.0
              ],
              "uv": [
                0,
                6
              ],
              "inflate": 0
            },
            {
              "origin": [
                -2.0,
                17.0,
                -25.0
              ],
              "size": [
                4.0,
                1.0,
                3.0
              ],
              "uv": [
                34,
                31
              ],
              "inflate": 0
            },
            {
              "origin": [
                -3.2712,
                17.8192,
                -27.1356
              ],
              "size": [
                6.5424,
                4.3616,
                2.2712
              ],
              "uv": [
                66,
                34
              ],
              "inflate": 0
            }
          ],
          "parent": "Body"
        },
        {
          "name": "Rightarm",
          "pivot": [
            -7,
            24,
            -7.5
          ],
          "cubes": [
            {
              "origin": [
                -17.6,
                19.46,
                -12.54
              ],
              "size": [
                11.2,
                10.08,
                10.08
              ],
              "pivot": [
                -12.0,
                24.5,
                -7.5
              ],
              "rotation": [
                0.0,
                0.0,
                7.5
              ],
              "uv": [
                34,
                36
              ],
              "inflate": 0
            },
            {
              "origin": [
                -26.54949,
                21.28175,
                -11.5
              ],
              "size": [
                12.0,
                8.0,
                8.0
              ],
              "pivot": [
                -16.55425,
                25.49984,
                -7.5
              ],
              "rotation": [
                0.0,
                0.0,
                -20.0
              ],
              "uv": [
                0,
                48
              ],
              "inflate": 0
            },
            {
              "origin": [
                -29.0,
                16.0,
                -12.0
              ],
              "size": [
                9.0,
                9.0,
                9.0
              ],
              "uv": [
                47,
                16
              ],
              "inflate": 0
            },
            {
              "origin": [
                -28.35,
                5.6,
                -11.35
              ],
              "size": [
                7.7,
                10.8,
                7.7
              ],
              "uv": [
                61,
                66
              ],
              "inflate": 0
            },
            {
              "origin": [
                -29.0,
                0.0,
                -11.0
              ],
              "size": [
                9.0,
                7.0,
                7.0
              ],
              "pivot": [
                -24.5,
                7.5,
                -7.5
              ],
              "rotation": [
                9.59531,
                0.0,
                0.0
              ],
              "uv": [
                0,
                64
              ],
              "inflate": 0
            }
          ],
          "parent": "Body"
        },
        {
          "name": "Leftarm",
          "pivot": [
            7,
            24,
            -7.5
          ],
          "cubes": [
            {
              "origin": [
                6.4,
                19.46,
                -12.54
              ],
              "size": [
                11.2,
                10.08,
                10.08
              ],
              "pivot": [
                12.0,
                24.5,
                -7.5
              ],
              "rotation": [
                0.0,
                0.0,
                -7.5
              ],
              "uv": [
                34,
                36
              ],
              "inflate": 0,
              "mirror": true
            },
            {
              "origin": [
                14.54949,
                21.28175,
                -11.5
              ],
              "size": [
                12.0,
                8.0,
                8.0
              ],
              "pivot": [
                16.55425,
                25.49984,
                -7.5
              ],
              "rotation": [
                0.0,
                0.0,
                20.0
              ],
              "uv": [
                0,
                48
              ],
              "inflate": 0,
              "mirror": true
            },
            {
              "origin": [
                20.0,
                16.0,
                -12.0
              ],
              "size": [
                9.0,
                9.0,
                9.0
              ],
              "uv": [
                47,
                16
              ],
              "inflate": 0,
              "mirror": true
            },
            {
              "origin": [
                20.65,
                5.6,
                -11.35
              ],
              "size": [
                7.7,
                10.8,
                7.7
              ],
              "uv": [
                61,
                66
              ],
              "inflate": 0,
              "mirror": true
            },
            {
              "origin": [
                20.0,
                0.0,
                -11.0
              ],
              "size": [
                9.0,
                7.0,
                7.0
              ],
              "pivot": [
                24.5,
                7.5,
                -7.5
              ],
              "rotation": [
                9.59531,
                0.0,
                0.0
              ],
              "uv": [
                0,
                64
              ],
              "inflate": 0,
              "mirror": true
            }
          ],
          "parent": "Body"
        },
        {
          "name": "Rightleg",
          "pivot": [
            -4,
            16,
            11.5
          ],
          "cubes": [
            {
              "origin": [
                -8.0,
                7.0,
                9.0
              ],
              "size": [
                6.0,
                11.0,
                6.0
              ],
              "pivot": [
                -5.0,
                17.5,
                12.0
              ],
              "rotation": [
                -15.0,
                0.0,
                0.0
              ],
              "uv": [
                76,
                34
              ],
              "inflate": 0
            },
            {
              "origin": [
                -8.42,
                0.23,
                10.58
              ],
              "size": [
                6.84,
                11.54,
                6.84
              ],
              "uv": [
                26,
                73
              ],
              "inflate": 0
            }
          ],
          "parent": "Root"
        },
        {
          "name": "Leftleg",
          "pivot": [
            4,
            16,
            11.5
          ],
          "cubes": [
            {
              "origin": [
                2.0,
                7.0,
                9.0
              ],
              "size": [
                6.0,
                11.0,
                6.0
              ],
              "pivot": [
                5.0,
                17.5,
                12.0
              ],
              "rotation": [
                -15.0,
                0.0,
                0.0
              ],
              "uv": [
                76,
                34
              ],
              "inflate": 0,
              "mirror": true
            },
            {
              "origin": [
                1.58,
                0.23,
                10.58
              ],
              "size": [
                6.84,
                11.54,
                6.84
              ],
              "uv": [
                26,
                73
              ],
              "inflate": 0,
              "mirror": true
            }
          ],
          "parent": "Root"
        }
      ]
    }
  ]
}