{
  "format_version": "1.12.0",
  "minecraft:geometry": [
    {
      "description": {
        "identifier": "geometry.yg_mr_grimm",
        "texture_width": 64,
        "texture_height": 64,
        "visible_bounds_width": 4,
        "visible_bounds_height": 5.5,
        "visible_bounds_offset": [
          0,
          2.25,
          0
        ]
      },
      "bones": [
        {
          "name": "Root"
        },
        {
          "name": "Body",
          "pivot": [
            0,
            18,
            0
          ],
          "cubes": [
            {
              "origin": [
                -4.5,
                31.0,
                -2.5
              ],
              "size": [
                9.0,
                12.0,
                5.0
              ],
              "uv": [
                27,
                29
              ],
              "inflate": 0
            },
            {
              "origin": [
                -5.04,
                17.52,
                -2.8
              ],
              "size": [
                10.08,
                13.96,
                5.6
              ],
              "uv": [
                0,
                0
              ],
              "inflate": 0
            }
          ],
          "parent": "Root"
        },
        {
          "name": "Head",
          "pivot": [
            0,
            43,
            0
          ],
          "cubes": [
            {
              "origin": [
                -5.0,
                43.0,
                -3.0
              ],
              "size": [
                10.0,
                10.0,
                6.0
              ],
              "uv": [
                0,
                18
              ],
              "inflate": 0
            },
            {
              "origin": [
                -5.0,
                51.98858,
                -1.73853
              ],
              "size": [
                4.0,
                5.0,
                4.0
              ],
              "pivot": [
                -3.0,
                54.48858,
                0.26147
              ],
              "rotation": [
                -5.0,
                0.0,
                0.0
              ],
              "uv": [
                48,
                8
              ],
              "inflate": 0
            },
            {
              "origin": [
                1.0,
                51.98858,
                -1.73853
              ],
              "size": [
                4.0,
                5.0,
                4.0
              ],
              "pivot": [
                3.0,
                54.48858,
                0.26147
              ],
              "rotation": [
                -5.0,
                0.0,
                0.0
              ],
              "uv": [
                48,
                8
              ],
              "inflate": 0,
              "mirror": true
            },
            {
              "origin": [
                -4.5,
                56.58189,
                -0.68272
              ],
              "size": [
                3.0,
                3.0,
                3.0
              ],
              "pivot": [
                -3.0,
                58.08189,
                0.81728
              ],
              "rotation": [
                -15.0,
                0.0,
                0.0
              ],
              "uv": [
                45,
                23
              ],
              "inflate": 0
            },
            {
              "origin": [
                1.5,
                56.58189,
                -0.68272
              ],
              "size": [
                3.0,
                3.0,
                3.0
              ],
              "pivot": [
                3.0,
                58.08189,
                0.81728
              ],
              "rotation": [
                -15.0,
                0.0,
                0.0
              ],
              "uv": [
                45,
                23
              ],
              "inflate": 0,
              "mirror": true
            },
            {
              "origin": [
                -10.51749,
                45.63836,
                -2.5
              ],
              "size": [
                6.0,
                7.0,
                5.0
              ],
              "pivot": [
                -7.51749,
                49.13836,
                0.0
              ],
              "rotation": [
                0.0,
                0.0,
                -7.5
              ],
              "uv": [
                30,
                0
              ],
              "inflate": 0
            },
            {
              "origin": [
                4.51749,
                45.63836,
                -2.5
              ],
              "size": [
                6.0,
                7.0,
                5.0
              ],
              "pivot": [
                7.51749,
                49.13836,
                0.0
              ],
              "rotation": [
                0.0,
                0.0,
                7.5
              ],
              "uv": [
                30,
                0
              ],
              "inflate": 0,
              "mirror": true
            },
            {
              "origin": [
                -16.12002,
                45.65049,
                -2.0
              ],
              "size": [
                6.0,
                5.0,
                4.0
              ],
              "pivot": [
                -13.12002,
                48.15049,
                0.0
              ],
              "rotation": [
                0.0,
                0.0,
                -12.5
              ],
              "uv": [
                12,
                46
              ],
              "inflate": 0
            },
            {
              "origin": [
                10.12002,
                45.65049,
                -2.0
              ],
              "size": [
                6.0,
                5.0,
                4.0
              ],
              "pivot": [
                13.12002,
                48.15049,
                0.0
              ],
              "rotation": [
                0.0,
                0.0,
                12.5
              ],
              "uv": [
                12,
                46
              ],
              "inflate": 0,
              "mirror": true
            }
          ],
          "parent": "Body"
        },
        {
          "name": "Rightarm",
          "pivot": [
            -5.5,
            29.5,
            0
          ],
          "cubes": [
            {
              "origin": [
                -8.0,
                21.0,
                -1.5
              ],
              "size": [
                3.0,
                10.0,
                3.0
              ],
              "uv": [
                44,
                46
              ],
              "inflate": 0
            },
            {
              "origin": [
                -8.36,
                8.8,
                -1.86
              ],
              "size": [
                3.72,
                12.4,
                3.72
              ],
              "uv": [
                32,
                46
              ],
              "inflate": 0
            }
          ],
          "parent": "Body"
        },
        {
          "name": "Leftarm",
          "pivot": [
            5.5,
            29.5,
            0
          ],
          "cubes": [
            {
              "origin": [
                5.0,
                21.0,
                -1.5
              ],
              "size": [
                3.0,
                10.0,
                3.0
              ],
              "uv": [
                44,
                46
              ],
              "inflate": 0,
              "mirror": true
            },
            {
              "origin": [
                4.64,
                8.8,
                -1.86
              ],
              "size": [
                3.72,
                12.4,
                3.72
              ],
              "uv": [
                32,
                46
              ],
              "inflate": 0,
              "mirror": true
            }
          ],
          "parent": "Body"
        },
        {
          "name": "Rightleg",
          "pivot": [
            -3,
            17.5,
            0
          ],
          "cubes": [
            {
              "origin": [
                -5.0,
                9.0,
                -2.0
              ],
              "size": [
                4.0,
                9.0,
                4.0
              ],
              "uv": [
                0,
                34
              ],
              "inflate": 0
            },
            {
              "origin": [
                -5.28,
                -0.63,
                -2.28
              ],
              "size": [
                4.56,
                10.26,
                4.56
              ],
              "uv": [
                32,
                12
              ],
              "inflate": 0
            }
          ],
          "parent": "Root"
        },
        {
          "name": "Leftleg",
          "pivot": [
            3,
            17.5,
            0
          ],
          "cubes": [
            {
              "origin": [
                1.0,
                9.0,
                -2.0
              ],
              "size": [
                4.0,
                9.0,
                4.0
              ],
              "uv": [
                0,
                34
              ],
              "inflate": 0,
              "mirror": true
            },
            {
              "origin": [
                0.72,
                -0.63,
                -2.28
              ],
              "size": [
                4.56,
                10.26,
                4.56
              ],
              "uv": [
                32,
                12
              ],
              "inflate": 0,
              "mirror": true
            }
          ],
          "parent": "Root"
        }
      ]
    }
  ]
}