{
  "format_version": "1.12.0",
  "minecraft:geometry": [
    {
      "description": {
        "identifier": "geometry.yg_patched_willy",
        "texture_width": 128,
        "texture_height": 128,
        "visible_bounds_width": 16,
        "visible_bounds_height": 7,
        "visible_bounds_offset": [
          0,
          0.5,
          0
        ]
      },
      "bones": [
        {
          "name": "Root"
        },
        {
          "name": "Body",
          "pivot": [
            0,
            5,
            -30
          ],
          "cubes": [
            {
              "origin": [
                -5.6,
                -0.6,
                -29.78
              ],
              "size": [
                11.2,
                11.2,
                14.56
              ],
              "uv": [
                0,
                0
              ],
              "inflate": 0
            },
            {
              "origin": [
                -0.5,
                7.0,
                -26.0
              ],
              "size": [
                1.0,
                6.0,
                6.0
              ],
              "pivot": [
                0.0,
                10.0,
                -23.0
              ],
              "rotation": [
                -45.0,
                0.0,
                0.0
              ],
              "uv": [
                0,
                0
              ],
              "inflate": 0
            },
            {
              "origin": [
                -9.0,
                3.0,
                -25.0
              ],
              "size": [
                4.0,
                5.0,
                5.0
              ],
              "uv": [
                66,
                31
              ],
              "inflate": 0
            },
            {
              "origin": [
                5.0,
                3.0,
                -25.0
              ],
              "size": [
                4.0,
                5.0,
                5.0
              ],
              "uv": [
                66,
                31
              ],
              "inflate": 0,
              "mirror": true
            },
            {
              "origin": [
                -9.4,
                4.0,
                -24.0
              ],
              "size": [
                1.0,
                3.0,
                3.0
              ],
              "uv": [
                0,
                25
              ],
              "inflate": 0
            },
            {
              "origin": [
                8.4,
                4.0,
                -24.0
              ],
              "size": [
                1.0,
                3.0,
                3.0
              ],
              "uv": [
                0,
                25
              ],
              "inflate": 0,
              "mirror": true
            }
          ],
          "parent": "Root"
        },
        {
          "name": "Body2",
          "pivot": [
            0,
            5,
            -15
          ],
          "cubes": [
            {
              "origin": [
                -5.0,
                0.0,
                -16.0
              ],
              "size": [
                10.0,
                10.0,
                13.0
              ],
              "uv": [
                0,
                25
              ],
              "inflate": 0
            },
            {
              "origin": [
                -0.5,
                7.0,
                -13.0
              ],
              "size": [
                1.0,
                6.0,
                6.0
              ],
              "pivot": [
                0.0,
                10.0,
                -10.0
              ],
              "rotation": [
                -45.0,
                0.0,
                0.0
              ],
              "uv": [
                0,
                0
              ],
              "inflate": 0
            },
            {
              "origin": [
                -9.0,
                3.0,
                -12.0
              ],
              "size": [
                4.0,
                5.0,
                5.0
              ],
              "uv": [
                66,
                31
              ],
              "inflate": 0
            },
            {
              "origin": [
                5.0,
                3.0,
                -12.0
              ],
              "size": [
                4.0,
                5.0,
                5.0
              ],
              "uv": [
                66,
                31
              ],
              "inflate": 0,
              "mirror": true
            },
            {
              "origin": [
                -9.4,
                4.0,
                -11.0
              ],
              "size": [
                1.0,
                3.0,
                3.0
              ],
              "uv": [
                0,
                25
              ],
              "inflate": 0
            },
            {
              "origin": [
                8.4,
                4.0,
                -11.0
              ],
              "size": [
                1.0,
                3.0,
                3.0
              ],
              "uv": [
                0,
                25
              ],
              "inflate": 0,
              "mirror": true
            }
          ],
          "parent": "Body"
        },
        {
          "name": "Body3",
          "pivot": [
            0,
            5,
            -4
          ],
          "cubes": [
            {
              "origin": [
                -5.6,
                -0.6,
                -3.78
              ],
              "size": [
                11.2,
                11.2,
                14.56
              ],
              "uv": [
                0,
                0
              ],
              "inflate": 0
            },
            {
              "origin": [
                -0.5,
                7.0,
                0.0
              ],
              "size": [
                1.0,
                6.0,
                6.0
              ],
              "pivot": [
                0.0,
                10.0,
                3.0
              ],
              "rotation": [
                -45.0,
                0.0,
                0.0
              ],
              "uv": [
                0,
                0
              ],
              "inflate": 0
            },
            {
              "origin": [
                -9.0,
                3.0,
                1.0
              ],
              "size": [
                4.0,
                5.0,
                5.0
              ],
              "uv": [
                66,
                31
              ],
              "inflate": 0
            },
            {
              "origin": [
                5.0,
                3.0,
                1.0
              ],
              "size": [
                4.0,
                5.0,
                5.0
              ],
              "uv": [
                66,
                31
              ],
              "inflate": 0,
              "mirror": true
            },
            {
              "origin": [
                -9.4,
                4.0,
                2.0
              ],
              "size": [
                1.0,
                3.0,
                3.0
              ],
              "uv": [
                0,
                25
              ],
              "inflate": 0
            },
            {
              "origin": [
                8.4,
                4.0,
                2.0
              ],
              "size": [
                1.0,
                3.0,
                3.0
              ],
              "uv": [
                0,
                25
              ],
              "inflate": 0,
              "mirror": true
            }
          ],
          "parent": "Body2"
        },
        {
          "name": "Body4",
          "pivot": [
            0,
            5,
            11
          ],
          "cubes": [
            {
              "origin": [
                -5.0,
                0.0,
                10.0
              ],
              "size": [
                10.0,
                10.0,
                13.0
              ],
              "uv": [
                0,
                25
              ],
              "inflate": 0
            },
            {
              "origin": [
                -0.5,
                7.0,
                13.0
              ],
              "size": [
                1.0,
                6.0,
                6.0
              ],
              "pivot": [
                0.0,
                10.0,
                16.0
              ],
              "rotation": [
                -45.0,
                0.0,
                0.0
              ],
              "uv": [
                0,
                0
              ],
              "inflate": 0
            },
            {
              "origin": [
                -9.0,
                3.0,
                14.0
              ],
              "size": [
                4.0,
                5.0,
                5.0
              ],
              "uv": [
                66,
                31
              ],
              "inflate": 0
            },
            {
              "origin": [
                5.0,
                3.0,
                14.0
              ],
              "size": [
                4.0,
                5.0,
                5.0
              ],
              "uv": [
                66,
                31
              ],
              "inflate": 0,
              "mirror": true
            },
            {
              "origin": [
                -9.4,
                4.0,
                15.0
              ],
              "size": [
                1.0,
                3.0,
                3.0
              ],
              "uv": [
                0,
                25
              ],
              "inflate": 0
            },
            {
              "origin": [
                8.4,
                4.0,
                15.0
              ],
              "size": [
                1.0,
                3.0,
                3.0
              ],
              "uv": [
                0,
                25
              ],
              "inflate": 0,
              "mirror": true
            }
          ],
          "parent": "Body3"
        },
        {
          "name": "Body5",
          "pivot": [
            0,
            5,
            22
          ],
          "cubes": [
            {
              "origin": [
                -5.6,
                -0.6,
                22.22
              ],
              "size": [
                11.2,
                11.2,
                14.56
              ],
              "uv": [
                0,
                0
              ],
              "inflate": 0
            },
            {
              "origin": [
                -0.5,
                7.0,
                26.0
              ],
              "size": [
                1.0,
                6.0,
                6.0
              ],
              "pivot": [
                0.0,
                10.0,
                29.0
              ],
              "rotation": [
                -45.0,
                0.0,
                0.0
              ],
              "uv": [
                0,
                0
              ],
              "inflate": 0
            }
          ],
          "parent": "Body4"
        },
        {
          "name": "Body6",
          "pivot": [
            0,
            5,
            37
          ],
          "cubes": [
            {
              "origin": [
                -5.0,
                0.0,
                36.0
              ],
              "size": [
                10.0,
                10.0,
                13.0
              ],
              "uv": [
                0,
                25
              ],
              "inflate": 0
            },
            {
              "origin": [
                -0.5,
                7.0,
                39.0
              ],
              "size": [
                1.0,
                6.0,
                6.0
              ],
              "pivot": [
                0.0,
                10.0,
                42.0
              ],
              "rotation": [
                -45.0,
                0.0,
                0.0
              ],
              "uv": [
                0,
                0
              ],
              "inflate": 0
            }
          ],
          "parent": "Body5"
        },
        {
          "name": "Body7",
          "pivot": [
            0,
            5,
            49
          ],
          "cubes": [
            {
              "origin": [
                -5.6,
                -0.6,
                48.22
              ],
              "size": [
                11.2,
                11.2,
                14.56
              ],
              "uv": [
                0,
                0
              ],
              "inflate": 0
            },
            {
              "origin": [
                -0.5,
                7.0,
                52.0
              ],
              "size": [
                1.0,
                6.0,
                6.0
              ],
              "pivot": [
                0.0,
                10.0,
                55.0
              ],
              "rotation": [
                -45.0,
                0.0,
                0.0
              ],
              "uv": [
                0,
                0
              ],
              "inflate": 0
            }
          ],
          "parent": "Body6"
        },
        {
          "name": "Body8",
          "pivot": [
            0,
            5,
            63
          ],
          "cubes": [
            {
              "origin": [
                -5.0,
                0.0,
                62.0
              ],
              "size": [
                10.0,
                10.0,
                13.0
              ],
              "uv": [
                0,
                25
              ],
              "inflate": 0
            },
            {
              "origin": [
                -0.5,
                7.0,
                65.0
              ],
              "size": [
                1.0,
                6.0,
                6.0
              ],
              "pivot": [
                0.0,
                10.0,
                68.0
              ],
              "rotation": [
                -45.0,
                0.0,
                0.0
              ],
              "uv": [
                0,
                0
              ],
              "inflate": 0
            }
          ],
          "parent": "Body7"
        },
        {
          "name": "Body9",
          "pivot": [
            0,
            5,
            74
          ],
          "cubes": [
            {
              "origin": [
                -5.6,
                -0.6,
                74.22
              ],
              "size": [
                11.2,
                11.2,
                14.56
              ],
              "uv": [
                0,
                0
              ],
              "inflate": 0
            },
            {
              "origin": [
                -0.5,
                7.0,
                78.0
              ],
              "size": [
                1.0,
                6.0,
                6.0
              ],
              "pivot": [
                0.0,
                10.0,
                81.0
              ],
              "rotation": [
                -45.0,
                0.0,
                0.0
              ],
              "uv": [
                0,
                0
              ],
              "inflate": 0
            }
          ],
          "parent": "Body8"
        },
        {
          "name": "Body10",
          "pivot": [
            0,
            5,
            89
          ],
          "cubes": [
            {
              "origin": [
                -5.0,
                0.0,
                88.0
              ],
              "size": [
                10.0,
                10.0,
                8.0
              ],
              "uv": [
                28,
                58
              ],
              "inflate": 0
            },
            {
              "origin": [
                -4.0,
                1.0,
                96.0
              ],
              "size": [
                8.0,
                8.0,
                10.0
              ],
              "uv": [
                0,
                48
              ],
              "inflate": 0
            },
            {
              "origin": [
                -3.0,
                2.0,
                106.0
              ],
              "size": [
                6.0,
                6.0,
                10.0
              ],
              "uv": [
                64,
                58
              ],
              "inflate": 0
            }
          ],
          "parent": "Body9"
        },
        {
          "name": "Head",
          "pivot": [
            0,
            5,
            -30
          ],
          "cubes": [
            {
              "origin": [
                -5.0,
                0.0,
                -39.0
              ],
              "size": [
                10.0,
                10.0,
                10.0
              ],
              "uv": [
                36,
                38
              ],
              "inflate": 0
            },
            {
              "origin": [
                -0.5,
                7.0,
                -37.0
              ],
              "size": [
                1.0,
                6.0,
                6.0
              ],
              "pivot": [
                0.0,
                10.0,
                -34.0
              ],
              "rotation": [
                -45.0,
                0.0,
                0.0
              ],
              "uv": [
                0,
                0
              ],
              "inflate": 0
            },
            {
              "origin": [
                -8.41421,
                5.0,
                -35.55051
              ],
              "size": [
                4.0,
                4.0,
                4.0
              ],
              "pivot": [
                -6.41421,
                7.0,
                -33.55051
              ],
              "rotation": [
                0.0,
                15.0,
                0.0
              ],
              "uv": [
                56,
                58
              ],
              "inflate": 0
            },
            {
              "origin": [
                4.41421,
                5.0,
                -35.55051
              ],
              "size": [
                4.0,
                4.0,
                4.0
              ],
              "pivot": [
                6.41421,
                7.0,
                -33.55051
              ],
              "rotation": [
                0.0,
                -15.0,
                0.0
              ],
              "uv": [
                56,
                58
              ],
              "inflate": 0,
              "mirror": true
            },
            {
              "origin": [
                -8.57929,
                5.5,
                -36.20115
              ],
              "size": [
                3.0,
                3.0,
                1.0
              ],
              "pivot": [
                -7.07929,
                7.0,
                -35.70115
              ],
              "rotation": [
                0.0,
                15.0,
                0.0
              ],
              "uv": [
                0,
                31
              ],
              "inflate": 0
            },
            {
              "origin": [
                5.57929,
                5.5,
                -36.20115
              ],
              "size": [
                3.0,
                3.0,
                1.0
              ],
              "pivot": [
                7.07929,
                7.0,
                -35.70115
              ],
              "rotation": [
                0.0,
                -15.0,
                0.0
              ],
              "uv": [
                0,
                31
              ],
              "inflate": 0,
              "mirror": true
            },
            {
              "origin": [
                -5.7,
                3.58,
                -48.63
              ],
              "size": [
                11.4,
                6.84,
                10.26
              ],
              "uv": [
                40,
                15
              ],
              "inflate": 0
            }
          ],
          "parent": "Body"
        },
        {
          "name": "Jaw",
          "pivot": [
            0,
            3.40873,
            -38.11494
          ],
          "cubes": [
            {
              "origin": [
                -5.3,
                -0.12,
                -48.27
              ],
              "size": [
                10.6,
                4.24,
                9.54
              ],
              "uv": [
                36,
                0
              ],
              "inflate": 0
            },
            {
              "origin": [
                -2.0,
                4.0,
                -49.0
              ],
              "size": [
                4.0,
                1.0,
                9.0
              ],
              "uv": [
                0,
                66
              ],
              "inflate": 0
            },
            {
              "origin": [
                -2.0,
                3.22618,
                -57.84481
              ],
              "size": [
                4.0,
                1.0,
                9.0
              ],
              "pivot": [
                0.0,
                3.72618,
                -53.34481
              ],
              "rotation": [
                10.0,
                0.0,
                0.0
              ],
              "uv": [
                65,
                4
              ],
              "inflate": 0
            }
          ],
          "parent": "Head"
        }
      ]
    }
  ]
}