{
  "format_version": "1.12.0",
  "minecraft:geometry": [
    {
      "description": {
        "identifier": "geometry.yg_smiley_miley",
        "texture_width": 64,
        "texture_height": 64,
        "visible_bounds_width": 4,
        "visible_bounds_height": 3.5,
        "visible_bounds_offset": [
          0,
          1.25,
          0
        ]
      },
      "bones": [
        {
          "name": "Root"
        },
        {
          "name": "Body",
          "pivot": [
            0,
            11,
            0
          ],
          "cubes": [
            {
              "origin": [
                -2.0,
                28.0,
                -2.0
              ],
              "size": [
                4.0,
                3.0,
                4.0
              ],
              "uv": [
                25,
                0
              ],
              "inflate": 0
            },
            {
              "origin": [
                -3.0,
                22.0,
                -3.0
              ],
              "size": [
                6.0,
                7.0,
                6.0
              ],
              "uv": [
                28,
                10
              ],
              "inflate": 0
            },
            {
              "origin": [
                -3.5,
                19.0,
                -3.5
              ],
              "size": [
                7.0,
                3.0,
                7.0
              ],
              "uv": [
                21,
                24
              ],
              "inflate": 0
            },
            {
              "origin": [
                -3.99,
                10.72,
                -3.99
              ],
              "size": [
                7.98,
                8.56,
                7.98
              ],
              "uv": [
                0,
                16
              ],
              "inflate": 0
            },
            {
              "origin": [
                -2.0,
                10.24824,
                2.88429
              ],
              "size": [
                4.0,
                4.0,
                6.0
              ],
              "pivot": [
                0.0,
                12.24824,
                5.88429
              ],
              "rotation": [
                -17.5,
                0.0,
                0.0
              ],
              "uv": [
                26,
                34
              ],
              "inflate": 0
            },
            {
              "origin": [
                -1.5,
                9.7075,
                8.22459
              ],
              "size": [
                3.0,
                3.0,
                7.0
              ],
              "pivot": [
                0.0,
                11.2075,
                11.72459
              ],
              "rotation": [
                -2.5,
                0.0,
                0.0
              ],
              "uv": [
                34,
                0
              ],
              "inflate": 0
            },
            {
              "origin": [
                -1.0,
                10.4756,
                14.93335
              ],
              "size": [
                2.0,
                2.0,
                7.0
              ],
              "pivot": [
                0.0,
                11.4756,
                18.43335
              ],
              "rotation": [
                7.5,
                0.0,
                0.0
              ],
              "uv": [
                42,
                30
              ],
              "inflate": 0
            }
          ],
          "parent": "Root"
        },
        {
          "name": "Head",
          "pivot": [
            0,
            30,
            0
          ],
          "cubes": [
            {
              "origin": [
                -4.0,
                30.0,
                -5.0
              ],
              "size": [
                8.0,
                7.0,
                9.0
              ],
              "pivot": [
                0.0,
                33.5,
                0.0
              ],
              "rotation": [
                5.0,
                0.0,
                0.0
              ],
              "uv": [
                0,
                0
              ],
              "inflate": 0
            },
            {
              "origin": [
                -4.17365,
                33.0,
                -5.98481
              ],
              "size": [
                3.0,
                3.0,
                2.0
              ],
              "pivot": [
                -2.67365,
                34.5,
                -4.98481
              ],
              "rotation": [
                0.0,
                10.0,
                0.0
              ],
              "uv": [
                47,
                0
              ],
              "inflate": 0
            },
            {
              "origin": [
                1.17365,
                33.0,
                -5.98481
              ],
              "size": [
                3.0,
                3.0,
                2.0
              ],
              "pivot": [
                2.67365,
                34.5,
                -4.98481
              ],
              "rotation": [
                0.0,
                -10.0,
                0.0
              ],
              "uv": [
                47,
                0
              ],
              "inflate": 0,
              "mirror": true
            },
            {
              "origin": [
                -3.77784,
                33.5,
                -6.07569
              ],
              "size": [
                2.0,
                2.0,
                1.0
              ],
              "pivot": [
                -2.77784,
                34.5,
                -5.57569
              ],
              "rotation": [
                0.0,
                10.0,
                0.0
              ],
              "uv": [
                0,
                5
              ],
              "inflate": 0
            },
            {
              "origin": [
                1.77784,
                33.5,
                -6.07569
              ],
              "size": [
                2.0,
                2.0,
                1.0
              ],
              "pivot": [
                2.77784,
                34.5,
                -5.57569
              ],
              "rotation": [
                0.0,
                -10.0,
                0.0
              ],
              "uv": [
                0,
                5
              ],
              "inflate": 0,
              "mirror": true
            },
            {
              "origin": [
                -3.0,
                35.71951,
                -2.42436
              ],
              "size": [
                1.0,
                3.0,
                2.0
              ],
              "pivot": [
                -2.5,
                37.21951,
                -1.42436
              ],
              "rotation": [
                -37.5,
                0.0,
                0.0
              ],
              "uv": [
                0,
                0
              ],
              "inflate": 0
            },
            {
              "origin": [
                2.0,
                35.71951,
                -2.42436
              ],
              "size": [
                1.0,
                3.0,
                2.0
              ],
              "pivot": [
                2.5,
                37.21951,
                -1.42436
              ],
              "rotation": [
                -37.5,
                0.0,
                0.0
              ],
              "uv": [
                0,
                0
              ],
              "inflate": 0
            },
            {
              "origin": [
                1.88,
                35.35951,
                1.33564
              ],
              "size": [
                1.24,
                3.72,
                2.48
              ],
              "pivot": [
                2.5,
                37.21951,
                2.57564
              ],
              "rotation": [
                -37.5,
                0.0,
                0.0
              ],
              "uv": [
                0,
                0
              ],
              "inflate": 0
            },
            {
              "origin": [
                -3.12,
                35.35951,
                1.33564
              ],
              "size": [
                1.24,
                3.72,
                2.48
              ],
              "pivot": [
                -2.5,
                37.21951,
                2.57564
              ],
              "rotation": [
                -37.5,
                0.0,
                0.0
              ],
              "uv": [
                0,
                0
              ],
              "inflate": 0
            },
            {
              "origin": [
                -0.62,
                35.35951,
                0.33564
              ],
              "size": [
                1.24,
                3.72,
                2.48
              ],
              "pivot": [
                0.0,
                37.21951,
                1.57564
              ],
              "rotation": [
                -37.5,
                0.0,
                0.0
              ],
              "uv": [
                0,
                0
              ],
              "inflate": 0
            },
            {
              "origin": [
                -0.5,
                35.71951,
                -3.42436
              ],
              "size": [
                1.0,
                3.0,
                2.0
              ],
              "pivot": [
                0.0,
                37.21951,
                -2.42436
              ],
              "rotation": [
                -37.5,
                0.0,
                0.0
              ],
              "uv": [
                0,
                0
              ],
              "inflate": 0
            },
            {
              "origin": [
                -8.41675,
                33.0,
                -3.21068
              ],
              "size": [
                6.0,
                3.0,
                7.0
              ],
              "pivot": [
                -5.41675,
                34.5,
                0.28932
              ],
              "rotation": [
                0.0,
                17.5,
                0.0
              ],
              "uv": [
                0,
                31
              ],
              "inflate": 0
            },
            {
              "origin": [
                2.41675,
                33.0,
                -3.21068
              ],
              "size": [
                6.0,
                3.0,
                7.0
              ],
              "pivot": [
                5.41675,
                34.5,
                0.28932
              ],
              "rotation": [
                0.0,
                -17.5,
                0.0
              ],
              "uv": [
                0,
                31
              ],
              "inflate": 0,
              "mirror": true
            },
            {
              "origin": [
                -11.87072,
                33.5,
                -0.3456
              ],
              "size": [
                5.0,
                2.0,
                5.0
              ],
              "pivot": [
                -9.37072,
                34.5,
                2.1544
              ],
              "rotation": [
                0.0,
                35.0,
                0.0
              ],
              "uv": [
                42,
                23
              ],
              "inflate": 0
            },
            {
              "origin": [
                6.87072,
                33.5,
                -0.3456
              ],
              "size": [
                5.0,
                2.0,
                5.0
              ],
              "pivot": [
                9.37072,
                34.5,
                2.1544
              ],
              "rotation": [
                0.0,
                -35.0,
                0.0
              ],
              "uv": [
                42,
                23
              ],
              "inflate": 0,
              "mirror": true
            }
          ],
          "parent": "Body"
        },
        {
          "name": "Rightarm",
          "pivot": [
            -3,
            27,
            0
          ],
          "cubes": [
            {
              "origin": [
                -5.0,
                21.0,
                -2.0
              ],
              "size": [
                2.0,
                7.0,
                4.0
              ],
              "uv": [
                30,
                44
              ],
              "inflate": 0
            },
            {
              "origin": [
                -5.2,
                15.5,
                -2.4
              ],
              "size": [
                2.4,
                6.0,
                4.8
              ],
              "uv": [
                50,
                6
              ],
              "inflate": 0
            },
            {
              "origin": [
                -5.392,
                8.02,
                -2.784
              ],
              "size": [
                2.784,
                7.96,
                5.568
              ],
              "uv": [
                16,
                41
              ],
              "inflate": 0
            }
          ],
          "parent": "Body"
        },
        {
          "name": "Leftarm",
          "pivot": [
            3,
            27,
            0
          ],
          "cubes": [
            {
              "origin": [
                3.0,
                21.0,
                -2.0
              ],
              "size": [
                2.0,
                7.0,
                4.0
              ],
              "uv": [
                30,
                44
              ],
              "inflate": 0,
              "mirror": true
            },
            {
              "origin": [
                2.8,
                15.5,
                -2.4
              ],
              "size": [
                2.4,
                6.0,
                4.8
              ],
              "uv": [
                50,
                6
              ],
              "inflate": 0,
              "mirror": true
            },
            {
              "origin": [
                2.608,
                8.02,
                -2.784
              ],
              "size": [
                2.784,
                7.96,
                5.568
              ],
              "uv": [
                16,
                41
              ],
              "inflate": 0,
              "mirror": true
            }
          ],
          "parent": "Body"
        },
        {
          "name": "Rightleg",
          "pivot": [
            -3,
            11,
            0
          ],
          "cubes": [
            {
              "origin": [
                -5.0,
                6.10222,
                -2.77646
              ],
              "size": [
                4.0,
                7.0,
                4.0
              ],
              "pivot": [
                -3.0,
                9.60222,
                -0.77646
              ],
              "rotation": [
                -15.0,
                0.0,
                0.0
              ],
              "uv": [
                42,
                40
              ],
              "inflate": 0
            },
            {
              "origin": [
                -5.4,
                0.3,
                -2.4
              ],
              "size": [
                4.8,
                8.4,
                4.8
              ],
              "uv": [
                0,
                41
              ],
              "inflate": 0
            }
          ],
          "parent": "Root"
        },
        {
          "name": "Leftleg",
          "pivot": [
            3,
            11,
            0
          ],
          "cubes": [
            {
              "origin": [
                1.0,
                6.10222,
                -2.77646
              ],
              "size": [
                4.0,
                7.0,
                4.0
              ],
              "pivot": [
                3.0,
                9.60222,
                -0.77646
              ],
              "rotation": [
                -15.0,
                0.0,
                0.0
              ],
              "uv": [
                42,
                40
              ],
              "inflate": 0,
              "mirror": true
            },
            {
              "origin": [
                0.6,
                0.3,
                -2.4
              ],
              "size": [
                4.8,
                8.4,
                4.8
              ],
              "uv": [
                0,
                41
              ],
              "inflate": 0,
              "mirror": true
            }
          ],
          "parent": "Root"
        }
      ]
    }
  ]
}