{
  "format_version": "1.12.0",
  "minecraft:geometry": [
    {
      "description": {
        "identifier": "geometry.yg_silent_steve",
        "texture_width": 128,
        "texture_height": 128,
        "visible_bounds_width": 8,
        "visible_bounds_height": 3.5,
        "visible_bounds_offset": [
          0,
          1.25,
          0
        ]
      },
      "bones": [
        {
          "name": "Root"
        },
        {
          "name": "Body",
          "pivot": [
            0,
            11.59069,
            -4.84352
          ],
          "cubes": [
            {
              "origin": [
                -3.0,
                13.46891,
                -9.25
              ],
              "size": [
                6.0,
                12.0,
                6.0
              ],
              "pivot": [
                0.0,
                19.46891,
                -6.25
              ],
              "rotation": [
                30.0,
                0.0,
                0.0
              ],
              "uv": [
                34,
                60
              ],
              "inflate": 0
            },
            {
              "origin": [
                -3.234,
                4.94826,
                -7.79541
              ],
              "size": [
                6.468,
                11.858,
                6.468
              ],
              "pivot": [
                0.0,
                10.87726,
                -4.56141
              ],
              "rotation": [
                -10.0,
                0.0,
                0.0
              ],
              "uv": [
                58,
                62
              ],
              "inflate": 0
            },
            {
              "origin": [
                -3.42,
                -0.13412,
                -7.13914
              ],
              "size": [
                6.84,
                9.12,
                6.84
              ],
              "pivot": [
                0.0,
                4.42588,
                -3.71914
              ],
              "rotation": [
                35.0,
                0.0,
                0.0
              ],
              "uv": [
                0,
                71
              ],
              "inflate": 0
            }
          ],
          "parent": "Root"
        },
        {
          "name": "Head",
          "pivot": [
            0,
            25,
            -8
          ],
          "cubes": [
            {
              "origin": [
                -4.24,
                24.6319,
                -16.26524
              ],
              "size": [
                8.48,
                5.3,
                9.54
              ],
              "pivot": [
                0.0,
                27.2819,
                -11.49524
              ],
              "rotation": [
                2.5,
                0.0,
                0.0
              ],
              "uv": [
                54,
                37
              ],
              "inflate": 0
            },
            {
              "origin": [
                -5.15755,
                30.56467,
                -9.94065
              ],
              "size": [
                2.0,
                0.0,
                11.0
              ],
              "pivot": [
                -4.15755,
                30.56467,
                -4.44065
              ],
              "rotation": [
                5.87855,
                -12.06577,
                0.83408
              ],
              "uv": [
                35,
                0
              ],
              "inflate": 0
            },
            {
              "origin": [
                3.15755,
                30.56467,
                -9.94065
              ],
              "size": [
                2.0,
                0.0,
                11.0
              ],
              "pivot": [
                4.15755,
                30.56467,
                -4.44065
              ],
              "rotation": [
                5.87855,
                12.06577,
                -0.83408
              ],
              "uv": [
                31,
                19
              ],
              "inflate": 0
            },
            {
              "origin": [
                -1.0,
                31.18944,
                -9.13016
              ],
              "size": [
                2.0,
                0.0,
                11.0
              ],
              "pivot": [
                0.0,
                31.18944,
                -3.63016
              ],
              "rotation": [
                12.5,
                0.0,
                0.0
              ],
              "uv": [
                31,
                0
              ],
              "inflate": 0
            },
            {
              "origin": [
                -6.0,
                27.973,
                -14.10645
              ],
              "size": [
                3.0,
                3.0,
                3.0
              ],
              "pivot": [
                -4.5,
                29.473,
                -12.60645
              ],
              "rotation": [
                0.0,
                20.0,
                0.0
              ],
              "uv": [
                0,
                54
              ],
              "inflate": 0
            },
            {
              "origin": [
                3.0,
                27.973,
                -14.10645
              ],
              "size": [
                3.0,
                3.0,
                3.0
              ],
              "pivot": [
                4.5,
                29.473,
                -12.60645
              ],
              "rotation": [
                0.0,
                -20.0,
                0.0
              ],
              "uv": [
                0,
                54
              ],
              "inflate": 0,
              "mirror": true
            },
            {
              "origin": [
                -5.97174,
                28.42,
                -14.22275
              ],
              "size": [
                2.16,
                2.16,
                1.08
              ],
              "pivot": [
                -4.89174,
                29.5,
                -13.68275
              ],
              "rotation": [
                0.0,
                20.0,
                0.0
              ],
              "uv": [
                45,
                29
              ],
              "inflate": 0
            },
            {
              "origin": [
                3.81174,
                28.42,
                -14.22275
              ],
              "size": [
                2.16,
                2.16,
                1.08
              ],
              "pivot": [
                4.89174,
                29.5,
                -13.68275
              ],
              "rotation": [
                0.0,
                -20.0,
                0.0
              ],
              "uv": [
                45,
                29
              ],
              "inflate": 0,
              "mirror": true
            },
            {
              "origin": [
                1.87011,
                7.81591,
                -12.0067
              ],
              "size": [
                21.0,
                27.0,
                0.0
              ],
              "pivot": [
                12.37011,
                21.31591,
                -12.0067
              ],
              "rotation": [
                19.56838,
                26.12797,
                8.89674
              ],
              "uv": [
                0,
                27
              ],
              "inflate": 0
            },
            {
              "origin": [
                -22.87011,
                7.81591,
                -12.0067
              ],
              "size": [
                21.0,
                27.0,
                0.0
              ],
              "pivot": [
                -12.37011,
                21.31591,
                -12.0067
              ],
              "rotation": [
                19.56838,
                -26.12797,
                -8.89674
              ],
              "uv": [
                0,
                0
              ],
              "inflate": 0
            },
            {
              "origin": [
                -3.5,
                24.0,
                -16.0
              ],
              "size": [
                7.0,
                1.0,
                8.0
              ],
              "uv": [
                65,
                19
              ],
              "inflate": 0
            }
          ],
          "parent": "Body"
        },
        {
          "name": "Jaw",
          "pivot": [
            0,
            25,
            -7
          ],
          "cubes": [
            {
              "origin": [
                -4.0,
                23.0,
                -16.0
              ],
              "size": [
                8.0,
                2.0,
                9.0
              ],
              "uv": [
                58,
                51
              ],
              "inflate": 0
            },
            {
              "origin": [
                -1.0,
                25.3,
                -18.0
              ],
              "size": [
                2.0,
                0.0,
                9.0
              ],
              "pivot": [
                0.0,
                25.3,
                -12.0
              ],
              "rotation": [
                2.5,
                0.0,
                0.0
              ],
              "uv": [
                37,
                19
              ],
              "inflate": 0
            },
            {
              "origin": [
                -1.0,
                24.71365,
                -20.95856
              ],
              "size": [
                2.0,
                0.0,
                3.0
              ],
              "pivot": [
                0.0,
                24.71365,
                -19.45856
              ],
              "rotation": [
                12.5,
                0.0,
                0.0
              ],
              "uv": [
                39,
                37
              ],
              "inflate": 0
            },
            {
              "origin": [
                -3.5,
                25.0,
                -16.0
              ],
              "size": [
                7.0,
                1.0,
                8.0
              ],
              "uv": [
                67,
                0
              ],
              "inflate": 0
            }
          ],
          "parent": "Head"
        },
        {
          "name": "bone",
          "pivot": [
            0,
            2.42855,
            -3.38229
          ],
          "cubes": [
            {
              "origin": [
                -3.18,
                -0.75145,
                -4.27229
              ],
              "size": [
                6.36,
                6.36,
                13.78
              ],
              "uv": [
                42,
                0
              ],
              "inflate": 0
            }
          ],
          "parent": "Body"
        },
        {
          "name": "bone2",
          "pivot": [
            0,
            2.42855,
            9.61771
          ],
          "cubes": [
            {
              "origin": [
                -3.0,
                -0.57145,
                9.11771
              ],
              "size": [
                6.0,
                6.0,
                13.0
              ],
              "uv": [
                29,
                41
              ],
              "inflate": 0
            }
          ],
          "parent": "bone"
        },
        {
          "name": "bone3",
          "pivot": [
            0,
            2.5,
            22.61771
          ],
          "cubes": [
            {
              "origin": [
                -2.5,
                0.0,
                22.11771
              ],
              "size": [
                5.0,
                5.0,
                13.0
              ],
              "uv": [
                42,
                19
              ],
              "inflate": 0
            }
          ],
          "parent": "bone2"
        },
        {
          "name": "bone4",
          "pivot": [
            0,
            2.5,
            35.61771
          ],
          "cubes": [
            {
              "origin": [
                -2.0,
                0.5,
                35.11771
              ],
              "size": [
                4.0,
                4.0,
                13.0
              ],
              "uv": [
                0,
                54
              ],
              "inflate": 0
            }
          ],
          "parent": "bone3"
        }
      ]
    }
  ]
}