{
  "format_version": "1.12.0",
  "minecraft:geometry": [
    {
      "description": {
        "identifier": "geometry.yg_slinky_andrew",
        "texture_width": 64,
        "texture_height": 64,
        "visible_bounds_width": 5,
        "visible_bounds_height": 3.5,
        "visible_bounds_offset": [
          0,
          1.25,
          0
        ]
      },
      "bones": [
        {
          "name": "Root"
        },
        {
          "name": "Body",
          "pivot": [
            0,
            18,
            0
          ],
          "cubes": [
            {
              "origin": [
                -6.0,
                19.0,
                -6.0
              ],
              "size": [
                12.0,
                13.0,
                12.0
              ],
              "uv": [
                0,
                0
              ],
              "inflate": 0
            },
            {
              "origin": [
                -6.6144,
                20.8464,
                -6.6144
              ],
              "size": [
                13.2288,
                3.3072,
                13.2288
              ],
              "uv": [
                0,
                25
              ],
              "inflate": 0
            },
            {
              "origin": [
                -5.0,
                30.0,
                -8.0
              ],
              "size": [
                4.0,
                4.0,
                4.0
              ],
              "uv": [
                36,
                0
              ],
              "inflate": 0
            },
            {
              "origin": [
                1.0,
                30.0,
                -8.0
              ],
              "size": [
                4.0,
                4.0,
                4.0
              ],
              "uv": [
                36,
                0
              ],
              "inflate": 0,
              "mirror": true
            },
            {
              "origin": [
                -4.5,
                30.5,
                -8.2
              ],
              "size": [
                3.0,
                3.0,
                1.0
              ],
              "uv": [
                0,
                7
              ],
              "inflate": 0
            },
            {
              "origin": [
                1.5,
                30.5,
                -8.2
              ],
              "size": [
                3.0,
                3.0,
                1.0
              ],
              "uv": [
                0,
                7
              ],
              "inflate": 0,
              "mirror": true
            }
          ],
          "parent": "Root"
        },
        {
          "name": "Rightarm",
          "pivot": [
            -6,
            27,
            0
          ],
          "cubes": [
            {
              "origin": [
                -11.35,
                25.86,
                -1.14
              ],
              "size": [
                5.7,
                2.28,
                2.28
              ],
              "uv": [
                39,
                34
              ],
              "inflate": 0
            }
          ],
          "parent": "Body"
        },
        {
          "name": "bone",
          "pivot": [
            -11,
            27,
            0
          ],
          "cubes": [
            {
              "origin": [
                -16.15,
                25.94,
                -1.06
              ],
              "size": [
                5.3,
                2.12,
                2.12
              ],
              "uv": [
                39,
                30
              ],
              "inflate": 0
            }
          ],
          "parent": "Rightarm"
        },
        {
          "name": "bone2",
          "pivot": [
            -16,
            27,
            0
          ],
          "cubes": [
            {
              "origin": [
                -21.0,
                26.0,
                -1.0
              ],
              "size": [
                5.0,
                2.0,
                2.0
              ],
              "uv": [
                36,
                8
              ],
              "inflate": 0
            }
          ],
          "parent": "bone"
        },
        {
          "name": "bone3",
          "pivot": [
            -21,
            27,
            0
          ],
          "cubes": [
            {
              "origin": [
                -25.12,
                25.94,
                -1.59
              ],
              "size": [
                4.24,
                2.12,
                3.18
              ],
              "uv": [
                39,
                25
              ],
              "inflate": 0
            }
          ],
          "parent": "bone2"
        },
        {
          "name": "Leftarm",
          "pivot": [
            6,
            27,
            0
          ],
          "cubes": [
            {
              "origin": [
                5.65,
                25.86,
                -1.14
              ],
              "size": [
                5.7,
                2.28,
                2.28
              ],
              "uv": [
                39,
                34
              ],
              "inflate": 0,
              "mirror": true
            }
          ],
          "parent": "Body"
        },
        {
          "name": "bone16",
          "pivot": [
            11,
            27,
            0
          ],
          "cubes": [
            {
              "origin": [
                10.85,
                25.94,
                -1.06
              ],
              "size": [
                5.3,
                2.12,
                2.12
              ],
              "uv": [
                39,
                30
              ],
              "inflate": 0,
              "mirror": true
            }
          ],
          "parent": "Leftarm"
        },
        {
          "name": "bone17",
          "pivot": [
            16,
            27,
            0
          ],
          "cubes": [
            {
              "origin": [
                16.0,
                26.0,
                -1.0
              ],
              "size": [
                5.0,
                2.0,
                2.0
              ],
              "uv": [
                36,
                8
              ],
              "inflate": 0,
              "mirror": true
            }
          ],
          "parent": "bone16"
        },
        {
          "name": "bone18",
          "pivot": [
            21,
            27,
            0
          ],
          "cubes": [
            {
              "origin": [
                20.88,
                25.94,
                -1.59
              ],
              "size": [
                4.24,
                2.12,
                3.18
              ],
              "uv": [
                39,
                25
              ],
              "inflate": 0,
              "mirror": true
            }
          ],
          "parent": "bone17"
        },
        {
          "name": "Tentacle",
          "pivot": [
            -4,
            19,
            -3
          ],
          "cubes": [
            {
              "origin": [
                -5.14,
                13.65,
                -4.14
              ],
              "size": [
                2.28,
                5.7,
                2.28
              ],
              "uv": [
                0,
                0
              ],
              "inflate": 0
            }
          ],
          "parent": "Root"
        },
        {
          "name": "bone4",
          "pivot": [
            -4,
            13.5,
            -3
          ],
          "cubes": [
            {
              "origin": [
                -5.06,
                8.85,
                -4.06
              ],
              "size": [
                2.12,
                5.3,
                2.12
              ],
              "uv": [
                0,
                0
              ],
              "inflate": 0
            }
          ],
          "parent": "Tentacle"
        },
        {
          "name": "bone5",
          "pivot": [
            -4,
            8.5,
            -3
          ],
          "cubes": [
            {
              "origin": [
                -5.0,
                4.0,
                -4.0
              ],
              "size": [
                2.0,
                5.0,
                2.0
              ],
              "uv": [
                0,
                0
              ],
              "inflate": 0
            }
          ],
          "parent": "bone4"
        },
        {
          "name": "Tentacle2",
          "pivot": [
            0,
            19,
            -3
          ],
          "cubes": [
            {
              "origin": [
                -1.14,
                13.65,
                -4.14
              ],
              "size": [
                2.28,
                5.7,
                2.28
              ],
              "uv": [
                0,
                25
              ],
              "inflate": 0
            }
          ],
          "parent": "Root"
        },
        {
          "name": "bone6",
          "pivot": [
            0,
            13.5,
            -3
          ],
          "cubes": [
            {
              "origin": [
                -1.06,
                8.85,
                -4.06
              ],
              "size": [
                2.12,
                5.3,
                2.12
              ],
              "uv": [
                0,
                25
              ],
              "inflate": 0
            }
          ],
          "parent": "Tentacle2"
        },
        {
          "name": "bone7",
          "pivot": [
            0,
            8.5,
            -3
          ],
          "cubes": [
            {
              "origin": [
                -1.0,
                4.0,
                -4.0
              ],
              "size": [
                2.0,
                5.0,
                2.0
              ],
              "uv": [
                0,
                25
              ],
              "inflate": 0
            }
          ],
          "parent": "bone6"
        },
        {
          "name": "Tentacle3",
          "pivot": [
            4,
            19,
            -3
          ],
          "cubes": [
            {
              "origin": [
                2.86,
                13.65,
                -4.14
              ],
              "size": [
                2.28,
                5.7,
                2.28
              ],
              "uv": [
                0,
                41
              ],
              "inflate": 0
            }
          ],
          "parent": "Root"
        },
        {
          "name": "bone8",
          "pivot": [
            4,
            13.5,
            -3
          ],
          "cubes": [
            {
              "origin": [
                2.94,
                8.85,
                -4.06
              ],
              "size": [
                2.12,
                5.3,
                2.12
              ],
              "uv": [
                0,
                41
              ],
              "inflate": 0
            }
          ],
          "parent": "Tentacle3"
        },
        {
          "name": "bone9",
          "pivot": [
            4,
            8.5,
            -3
          ],
          "cubes": [
            {
              "origin": [
                3.0,
                4.0,
                -4.0
              ],
              "size": [
                2.0,
                5.0,
                2.0
              ],
              "uv": [
                0,
                41
              ],
              "inflate": 0
            }
          ],
          "parent": "bone8"
        },
        {
          "name": "Tentacle4",
          "pivot": [
            4,
            19,
            3
          ],
          "cubes": [
            {
              "origin": [
                2.86,
                13.65,
                1.86
              ],
              "size": [
                2.28,
                5.7,
                2.28
              ],
              "uv": [
                0,
                41
              ],
              "inflate": 0
            }
          ],
          "parent": "Root"
        },
        {
          "name": "bone10",
          "pivot": [
            4,
            13.5,
            3
          ],
          "cubes": [
            {
              "origin": [
                2.94,
                8.85,
                1.94
              ],
              "size": [
                2.12,
                5.3,
                2.12
              ],
              "uv": [
                0,
                41
              ],
              "inflate": 0
            }
          ],
          "parent": "Tentacle4"
        },
        {
          "name": "bone11",
          "pivot": [
            4,
            8.5,
            3
          ],
          "cubes": [
            {
              "origin": [
                3.0,
                4.0,
                2.0
              ],
              "size": [
                2.0,
                5.0,
                2.0
              ],
              "uv": [
                0,
                41
              ],
              "inflate": 0
            }
          ],
          "parent": "bone10"
        },
        {
          "name": "Tentacle5",
          "pivot": [
            0,
            19,
            3
          ],
          "cubes": [
            {
              "origin": [
                -1.14,
                13.65,
                1.86
              ],
              "size": [
                2.28,
                5.7,
                2.28
              ],
              "uv": [
                0,
                25
              ],
              "inflate": 0
            }
          ],
          "parent": "Root"
        },
        {
          "name": "bone12",
          "pivot": [
            0,
            13.5,
            3
          ],
          "cubes": [
            {
              "origin": [
                -1.06,
                8.85,
                1.94
              ],
              "size": [
                2.12,
                5.3,
                2.12
              ],
              "uv": [
                0,
                25
              ],
              "inflate": 0
            }
          ],
          "parent": "Tentacle5"
        },
        {
          "name": "bone13",
          "pivot": [
            0,
            8.5,
            3
          ],
          "cubes": [
            {
              "origin": [
                -1.0,
                4.0,
                2.0
              ],
              "size": [
                2.0,
                5.0,
                2.0
              ],
              "uv": [
                0,
                25
              ],
              "inflate": 0
            }
          ],
          "parent": "bone12"
        },
        {
          "name": "Tentacle6",
          "pivot": [
            -4,
            19,
            3
          ],
          "cubes": [
            {
              "origin": [
                -5.14,
                13.65,
                1.86
              ],
              "size": [
                2.28,
                5.7,
                2.28
              ],
              "uv": [
                0,
                0
              ],
              "inflate": 0
            }
          ],
          "parent": "Root"
        },
        {
          "name": "bone14",
          "pivot": [
            -4,
            13.5,
            3
          ],
          "cubes": [
            {
              "origin": [
                -5.06,
                8.85,
                1.94
              ],
              "size": [
                2.12,
                5.3,
                2.12
              ],
              "uv": [
                0,
                0
              ],
              "inflate": 0
            }
          ],
          "parent": "Tentacle6"
        },
        {
          "name": "bone15",
          "pivot": [
            -4,
            8.5,
            3
          ],
          "cubes": [
            {
              "origin": [
                -5.0,
                4.0,
                2.0
              ],
              "size": [
                2.0,
                5.0,
                2.0
              ],
              "uv": [
                0,
                0
              ],
              "inflate": 0
            }
          ],
          "parent": "bone14"
        }
      ]
    }
  ]
}