{"format_version":"1.12.0","minecraft:geometry":[{"bones":[{"cubes":[{"origin":[4,27,-2],"size":[2,1,2],"uv":[84,66]},{"origin":[3,26,-2],"size":[4,1,2],"uv":[0,52]},{"origin":[-6,27,-2],"size":[2,1,2],"uv":[13,77]},{"origin":[-6,17,-5],"size":[12,5,3],"uv":[62,49]},{"origin":[-5,22,-6],"size":[10,1,4],"uv":[87,23]},{"origin":[-4,23,-6],"size":[8,1,4],"uv":[94,0]},{"origin":[-7,14,2],"size":[14,4,2],"uv":[52,63]},{"origin":[-7,14,-5],"size":[14,3,3],"uv":[48,43]},{"origin":[-6,14,4],"size":[12,4,1],"uv":[90,28]},{"origin":[-6,14,-6],"size":[12,8,1],"uv":[79,35]},{"origin":[-5,14,5],"size":[10,4,1],"uv":[95,16]},{"origin":[-4,14,6],"size":[8,4,1],"uv":[43,107]},{"origin":[-2,18,6],"size":[4,2,1],"uv":[39,67]},{"origin":[-3,20,5],"size":[6,1,1],"uv":[44,26]},{"origin":[-4,22,3],"size":[8,1,1],"uv":[62,96]},{"origin":[-4,18,5],"size":[8,2,1],"uv":[105,57]},{"origin":[-4,20,4],"size":[8,2,1],"uv":[104,9]},{"origin":[-6,21,2],"size":[12,2,1],"uv":[34,92]},{"origin":[-2,21,5],"size":[4,1,1],"uv":[50,82]},{"origin":[-2,23,3],"size":[4,1,1],"uv":[80,12]},{"origin":[-5,23,2],"size":[10,1,1],"uv":[88,78]},{"origin":[-5,18,4],"size":[10,2,1],"uv":[96,52]},{"origin":[-2,22,4],"size":[4,1,1],"uv":[37,82]},{"origin":[-6,18,2],"size":[12,3,2],"uv":[84,61]},{"origin":[-5,21,3],"size":[10,1,1],"uv":[90,33]},{"origin":[-6,13,-5],"size":[12,1,3],"uv":[82,44]},{"origin":[-5,13,-6],"size":[10,1,1],"uv":[96,55]},{"origin":[-6,13,2],"size":[12,1,2],"uv":[83,92]},{"origin":[-5,13,4],"size":[10,1,1],"uv":[99,66]},{"origin":[-4,13,5],"size":[8,1,1],"uv":[105,21]},{"origin":[-2,13,6],"size":[4,1,1],"uv":[24,83]},{"origin":[-2,14,7],"size":[4,4,1],"uv":[39,62]},{"origin":[-7,26,-2],"size":[4,1,2],"uv":[55,14]},{"origin":[-7,25,-2],"size":[5,1,2],"uv":[21,9]},{"origin":[2,25,-2],"size":[5,1,2],"uv":[21,12]},{"origin":[1,24,-2],"size":[6,1,2],"uv":[73,0]},{"origin":[-7,24,0],"size":[5,1,1],"uv":[24,65]},{"origin":[-7,25,0],"size":[4,1,1],"uv":[52,72]},{"origin":[4,25,1],"size":[2,1,1],"uv":[72,9]},{"origin":[3,24,1],"size":[3,1,1],"uv":[14,65]},{"origin":[-6,24,1],"size":[3,1,1],"uv":[65,81]},{"origin":[-6,25,1],"size":[2,1,1],"uv":[4,73]},{"origin":[-6,26,0],"size":[2,1,1],"uv":[29,74]},{"origin":[4,26,0],"size":[2,1,1],"uv":[29,76]},{"origin":[3,25,0],"size":[4,1,1],"uv":[23,79]},{"origin":[2,24,0],"size":[5,1,1],"uv":[74,61]},{"origin":[-7,24,-2],"size":[6,1,2],"uv":[109,42]},{"origin":[-7,21,-2],"size":[14,3,4],"uv":[40,7]},{"origin":[-7,18,-1],"size":[14,1,3],"uv":[56,31]},{"origin":[-7,17,-4],"size":[14,2,3],"uv":[56,26]},{"origin":[-7,19,-3],"size":[14,2,5],"uv":[40,0]},{"origin":[-8,17,-1],"size":[16,1,3],"uv":[44,17]},{"origin":[-8,14,-2],"size":[16,3,4],"uv":[30,36]},{"origin":[-7,13,-2],"size":[14,1,4],"uv":[44,21]}],"name":"Head","pivot":[0,0,0]},{"cubes":[{"origin":[-4,13,-7],"size":[8,1,1],"uv":[100,87]}],"name":"Chin","parent":"Head","pivot":[0,13,-6]},{"cubes":[{"origin":[-4,15,-8],"size":[8,2,1],"uv":[100,100]},{"origin":[-3,14,-8],"size":[6,1,4],"uv":[18,24]},{"origin":[-5,14,-7],"size":[2,3,3],"uv":[32,43]},{"origin":[3,14,-7],"size":[2,3,3],"uv":[24,59]}],"name":"Bottomlip","parent":"Head","pivot":[0,15,-6]},{"cubes":[{"origin":[-1,20,-7],"size":[2,1,3],"uv":[50,78]},{"origin":[-3,18,-8],"size":[6,1,3],"uv":[62,57]},{"origin":[-4,18,-7],"size":[8,1,3],"uv":[96,48]},{"origin":[-5,17,-7],"size":[2,1,3],"uv":[32,49]},{"origin":[-4,17,-8],"size":[8,1,1],"uv":[39,59]},{"origin":[-1,19,-8],"size":[2,1,4],"uv":[48,49]},{"origin":[3,17,-7],"size":[2,1,3],"uv":[79,18]}],"name":"Toplip","parent":"Head","pivot":[0,18,-6]},{"cubes":[{"origin":[-1,0,-8],"size":[2,7,17],"uv":[0,0]},{"origin":[-4,0,-5],"size":[3,7,12],"uv":[26,17]},{"origin":[-4,1,-6],"size":[3,6,1],"uv":[18,29]},{"origin":[1,1,-6],"size":[3,6,1],"uv":[9,0]},{"origin":[1,0,-6],"size":[2,1,1],"uv":[72,7]},{"origin":[-3,0,-6],"size":[2,1,1],"uv":[30,3]},{"origin":[1,0,-5],"size":[3,7,12],"uv":[0,24]},{"origin":[1,0,-8],"size":[2,7,2],"uv":[18,43]},{"origin":[3,1,-8],"size":[1,4,2],"uv":[65,75]},{"origin":[4,0,-6],"size":[1,2,12],"uv":[0,59]},{"origin":[-5,0,-6],"size":[1,2,12],"uv":[48,49]},{"origin":[-5,2,-5],"size":[1,4,11],"uv":[39,63]},{"origin":[4,2,-5],"size":[1,4,11],"uv":[26,59]},{"origin":[-6,0,-6],"size":[1,2,11],"uv":[52,75]},{"origin":[-6,2,-5],"size":[1,4,10],"uv":[38,78]},{"origin":[5,2,-5],"size":[1,4,10],"uv":[76,75]},{"origin":[5,0,-6],"size":[1,2,11],"uv":[24,74]},{"origin":[-8,0,-6],"size":[2,2,10],"uv":[80,0]},{"origin":[-8,2,-5],"size":[2,4,9],"uv":[0,87]},{"origin":[-8,6,-7],"size":[2,1,10],"uv":[81,12]},{"origin":[-8,7,-7],"size":[1,3,8],"uv":[14,59]},{"origin":[-7,6,-8],"size":[3,2,4],"uv":[0,11]},{"origin":[-7,8,-8],"size":[4,2,5],"uv":[17,99]},{"origin":[-9,6,-5],"size":[1,4,5],"uv":[23,108]},{"origin":[-8,10,-3],"size":[1,1,4],"uv":[23,74]},{"origin":[-7,8,-3],"size":[2,4,5],"uv":[21,0]},{"origin":[-6,11,-2],"size":[12,2,4],"uv":[63,69]},{"origin":[-5,11,2],"size":[10,2,2],"uv":[95,12]},{"origin":[-5,11,-4],"size":[10,2,2],"uv":[94,5]},{"origin":[-4,11,4],"size":[8,2,1],"uv":[108,75]},{"origin":[-4,11,-5],"size":[8,2,1],"uv":[61,108]},{"origin":[-2,11,5],"size":[4,2,1],"uv":[80,23]},{"origin":[-2,11,-6],"size":[4,2,1],"uv":[80,7]},{"origin":[-7,7,0],"size":[1,1,1],"uv":[0,24]},{"origin":[6,2,-5],"size":[2,4,9],"uv":[83,48]},{"origin":[6,6,-4],"size":[2,1,7],"uv":[62,88]},{"origin":[6,8,-2],"size":[3,1,3],"uv":[66,35]},{"origin":[6,8,1],"size":[2,5,1],"uv":[14,59]},{"origin":[8,9,1],"size":[1,4,1],"uv":[21,0]},{"origin":[9,10,1],"size":[1,3,1],"uv":[0,11]},{"origin":[6,9,-3],"size":[3,4,4],"uv":[81,107]},{"origin":[7,13,-3],"size":[2,5,4],"uv":[0,43]},{"origin":[7,18,-4],"size":[5,4,4],"uv":[13,87]},{"origin":[7,18,0],"size":[4,3,1],"uv":[37,78]},{"origin":[7,18,-4],"size":[4,3,1],"uv":[80,3]},{"origin":[7,19,-5],"size":[5,2,1],"uv":[52,69]},{"origin":[9,9,-2],"size":[1,1,3],"uv":[13,73]},{"origin":[10,10,-2],"size":[1,1,3],"uv":[70,39]},{"origin":[9,10,-3],"size":[1,8,4],"uv":[0,24]},{"origin":[10,11,-3],"size":[1,7,4],"uv":[0,59]},{"origin":[5,6,-4],"size":[1,3,9],"uv":[89,80]},{"origin":[-6,6,-4],"size":[1,3,9],"uv":[88,66]},{"origin":[4,6,-5],"size":[1,3,11],"uv":[0,73]},{"origin":[-5,6,-5],"size":[1,3,11],"uv":[67,3]},{"origin":[-1,7,-8],"size":[2,2,15],"uv":[21,0]},{"origin":[-2,9,6],"size":[4,2,1],"uv":[75,80]},{"origin":[-1,5,9],"size":[2,5,1],"uv":[0,0]},{"origin":[-1,7,8],"size":[2,2,1],"uv":[30,0]},{"origin":[-1,7,10],"size":[2,3,1],"uv":[10,11]},{"origin":[-1,8,11],"size":[2,2,1],"uv":[6,24]},{"origin":[4,9,-5],"size":[1,2,10],"uv":[50,88]},{"origin":[5,9,-3],"size":[1,2,7],"uv":[28,99]},{"origin":[-6,9,-2],"size":[1,2,6],"uv":[0,107]},{"origin":[-5,9,-5],"size":[1,2,10],"uv":[22,87]},{"origin":[1,7,-6],"size":[3,4,12],"uv":[30,43]},{"origin":[-4,7,-6],"size":[3,4,12],"uv":[0,43]},{"origin":[1,7,6],"size":[2,2,1],"uv":[31,59]},{"origin":[-3,7,6],"size":[2,2,1],"uv":[6,59]},{"origin":[1,7,-8],"size":[1,1,1],"uv":[18,24]},{"origin":[-2,7,-7],"size":[4,4,1],"uv":[75,75]},{"origin":[-2,1,-8],"size":[1,8,2],"uv":[0,73]},{"origin":[-3,2,-8],"size":[1,7,2],"uv":[0,87]},{"origin":[-4,4,-8],"size":[1,4,2],"uv":[62,88]},{"origin":[6,0,-6],"size":[2,2,10],"uv":[18,43]},{"origin":[8,0,-5],"size":[1,2,8],"uv":[65,75]},{"origin":[-9,0,-5],"size":[1,2,8],"uv":[13,73]},{"origin":[-9,2,-4],"size":[1,4,7],"uv":[37,95]},{"origin":[8,2,-4],"size":[1,4,7],"uv":[0,0]}],"name":"Body","pivot":[0,0,0]},{"name":"Spring","pivot":[0,11,0]},{"cubes":[{"origin":[-2,11,-2],"size":[4,3,4],"uv":[12,106]}],"name":"bone","parent":"Spring","pivot":[0,11,0]},{"cubes":[{"origin":[-2,11,-2],"size":[4,3,4],"uv":[105,35]}],"name":"bone2","parent":"bone","pivot":[0,0,0]},{"cubes":[{"origin":[-2,11,-2],"size":[4,3,4],"uv":[100,103]}],"name":"bone3","parent":"bone2","pivot":[0,0,0]},{"cubes":[{"origin":[-2,11,-2],"size":[4,3,4],"uv":[69,101]}],"name":"bone4","parent":"bone3","pivot":[0,0,0]},{"cubes":[{"origin":[-2,11,-2],"size":[4,3,4],"uv":[88,100]}],"name":"bone5","parent":"bone4","pivot":[0,0,0]},{"cubes":[{"origin":[-2,11,-2],"size":[4,3,4],"uv":[100,80]}],"name":"bone6","parent":"bone5","pivot":[0,0,0]},{"cubes":[{"origin":[-2,11,-2],"size":[4,3,4],"uv":[53,100]}],"name":"bone7","parent":"bone6","pivot":[0,0,0]},{"cubes":[{"origin":[-2,11,-2],"size":[4,3,4],"uv":[0,100]}],"name":"bone8","parent":"bone7","pivot":[0,0,0]},{"cubes":[{"origin":[-2,11,-2],"size":[4,3,4],"uv":[99,68]}],"name":"bone9","parent":"bone8","pivot":[0,11,0]}],"description":{"identifier":"geometry.pa_luckycat","texture_height":128,"texture_width":128,"visible_bounds_height":3.5,"visible_bounds_offset":[0,1.25,0],"visible_bounds_width":3}}]}-5], "size": [1, 3, 11], "uv": [0, 73]},
						{"origin": [-5, 6, -5], "size": [1, 3, 11], "uv": [67, 3]},
						{"origin": [-1, 7, -8], "size": [2, 2, 15], "uv": [21, 0]},
						{"origin": [-2, 9, 6], "size": [4, 2, 1], "uv": [75, 80]},
						{"origin": [-1, 5, 9], "size": [2, 5, 1], "uv": [0, 0]},
						{"origin": [-1, 7, 8], "size": [2, 2, 1], "uv": [30, 0]},
						{"origin": [-1, 7, 10], "size": [2, 3, 1], "uv": [10, 11]},
						{"origin": [-1, 8, 11], "size": [2, 2, 1], "uv": [6, 24]},
						{"origin": [4, 9, -5], "size": [1, 2, 10], "uv": [50, 88]},
						{"origin": [5, 9, -3], "size": [1, 2, 7], "uv": [28, 99]},
						{"origin": [-6, 9, -2], "size": [1, 2, 6], "uv": [0, 107]},
						{"origin": [-5, 9, -5], "size": [1, 2, 10], "uv": [22, 87]},
						{"origin": [1, 7, -6], "size": [3, 4, 12], "uv": [30, 43]},
						{"origin": [-4, 7, -6], "size": [3, 4, 12], "uv": [0, 43]},
						{"origin": [1, 7, 6], "size": [2, 2, 1], "uv": [31, 59]},
						{"origin": [-3, 7, 6], "size": [2, 2, 1], "uv": [6, 59]},
						{"origin": [1, 7, -8], "size": [1, 1, 1], "uv": [18, 24]},
						{"origin": [-2, 7, -7], "size": [4, 4, 1], "uv": [75, 75]},
						{"origin": [-2, 1, -8], "size": [1, 8, 2], "uv": [0, 73]},
						{"origin": [-3, 2, -8], "size": [1, 7, 2], "uv": [0, 87]},
						{"origin": [-4, 4, -8], "size": [1, 4, 2], "uv": [62, 88]},
						{"origin": [6, 0, -6], "size": [2, 2, 10], "uv": [18, 43]},
						{"origin": [8, 0, -5], "size": [1, 2, 8], "uv": [65, 75]},
						{"origin": [-9, 0, -5], "size": [1, 2, 8], "uv": [13, 73]},
						{"origin": [-9, 2, -4], "size": [1, 4, 7], "uv": [37, 95]},
						{"origin": [8, 2, -4], "size": [1, 4, 7], "uv": [0, 0]}
					]
				},
				{
					"name": "Spring",
					"pivot": [0, 11, 0]
				},
				{
					"name": "bone",
					"parent": "Spring",
					"pivot": [0, 11, 0],
					"cubes": [
						{"origin": [-2, 11, -2], "size": [4, 3, 4], "uv": [12, 106]}
					]
				},
				{
					"name": "bone2",
					"parent": "bone",
					"pivot": [0, 0, 0],
					"cubes": [
						{"origin": [-2, 11, -2], "size": [4, 3, 4], "uv": [105, 35]}
					]
				},
				{
					"name": "bone3",
					"parent": "bone2",
					"pivot": [0, 0, 0],
					"cubes": [
						{"origin": [-2, 11, -2], "size": [4, 3, 4], "uv": [100, 103]}
					]
				},
				{
					"name": "bone4",
					"parent": "bone3",
					"pivot": [0, 0, 0],
					"cubes": [
						{"origin": [-2, 11, -2], "size": [4, 3, 4], "uv": [69, 101]}
					]
				},
				{
					"name": "bone5",
					"parent": "bone4",
					"pivot": [0, 0, 0],
					"cubes": [
						{"origin": [-2, 11, -2], "size": [4, 3, 4], "uv": [88, 100]}
					]
				},
				{
					"name": "bone6",
					"parent": "bone5",
					"pivot": [0, 0, 0],
					"cubes": [
						{"origin": [-2, 11, -2], "size": [4, 3, 4], "uv": [100, 80]}
					]
				},
				{
					"name": "bone7",
					"parent": "bone6",
					"pivot": [0, 0, 0],
					"cubes": [
						{"origin": [-2, 11, -2], "size": [4, 3, 4], "uv": [53, 100]}
					]
				},
				{
					"name": "bone8",
					"parent": "bone7",
					"pivot": [0, 0, 0],
					"cubes": [
						{"origin": [-2, 11, -2], "size": [4, 3, 4], "uv": [0, 100]}
					]
				},
				{
					"name": "bone9",
					"parent": "bone8",
					"pivot": [0, 11, 0],
					"cubes": [
						{"origin": [-2, 11, -2], "size": [4, 3, 4], "uv": [99, 68]}
					]
				}
			]
		}
	]
}