{
	"format_version": "1.12.0",
	"minecraft:geometry": [
		{
			"description": {
				"identifier": "geometry.studytableset",
				"texture_width": 512,
				"texture_height": 512,
				"visible_bounds_width": 8,
				"visible_bounds_height": 7.5,
				"visible_bounds_offset": [0, 3.25, 0]
			},
			"bones": [
				{
					"name": "table",
					"pivot": [0, 7, 0]
				},
				{
					"name": "top",
					"parent": "table",
					"pivot": [0, 7, 0],
					"cubes": [
						{"origin": [-47, 26, -27], "size": [94, 2, 54], "uv": [0, 0]}
					]
				},
				{
					"name": "stand2",
					"parent": "table",
					"pivot": [13, 7, 0],
					"cubes": [
						{"origin": [-45.5, 20.5, -24.4], "size": [4, 2, 49], "inflate": -0.01, "uv": [0, 60]}
					]
				},
				{
					"name": "stand",
					"parent": "table",
					"pivot": [-13, 7, 0],
					"cubes": [
						{"origin": [41.5, 0, -25.4], "size": [4, 27, 4], "uv": [0, 132]},
						{"origin": [41.5, 0, 21.6], "size": [4, 27, 4], "uv": [120, 131]},
						{"origin": [-45.5, 0, 21.6], "size": [4, 27, 4], "uv": [104, 131]},
						{"origin": [-45.5, 0, -25.4], "size": [4, 27, 4], "uv": [88, 131]},
						{"origin": [41.5, 20.5, -24.4], "size": [4, 2, 48], "inflate": -0.01, "uv": [58, 63]},
						{"origin": [-42.5, 20.5, 23.6], "size": [87, 2, 2], "inflate": -0.01, "uv": [0, 56]}
					]
				},
				{
					"name": "lamp5",
					"pivot": [-19, 0, 32],
					"rotation": [0, -60, 0]
				},
				{
					"name": "lamp",
					"parent": "lamp5",
					"pivot": [-42.69808, 36.37692, 44.925],
					"rotation": [7.5, 0, 0],
					"cubes": [
						{"origin": [-43.325, 33.8, 44.5], "size": [1, 5, 1.05], "pivot": [-41.25, 45.3, 44.75], "rotation": [-90, 0, -180], "uv": [23, 83]},
						{"origin": [-43.325, 33.8, 44.5], "size": [1, 5, 1.05], "pivot": [-41.25, 45.3, 44.75], "rotation": [-90, 0, -60], "uv": [19, 83]},
						{"origin": [-43.325, 33.8, 44.5], "size": [1, 5, 1.05], "pivot": [-41.25, 45.3, 44.75], "rotation": [-90, 0, -90], "uv": [44, 66]},
						{"origin": [-42.525, 34.8, 42.2], "size": [2.7, 5, 3.05], "pivot": [-40.25, 46.3, 44.75], "rotation": [-90, 0, -90], "uv": [0, 32]},
						{"origin": [-42.525, 27.8, 42.2], "size": [2.7, 7, 3.05], "inflate": -1, "pivot": [-40.25, 46.3, 44.75], "rotation": [-90, 0, -90], "uv": [0, 0]},
						{"origin": [-42.425, 28.8, 42.2], "size": [2.7, 3, 3.05], "inflate": 0.01, "pivot": [-40.25, 46.3, 44.75], "rotation": [-90, 0, -90], "uv": [44, 40]},
						{"origin": [-42.525, 29.8, 42.2], "size": [2.7, 5, 3.05], "inflate": -1, "pivot": [-40.25, 46.3, 44.75], "rotation": [-90, 0, -90], "uv": [0, 16]},
						{"origin": [-43.325, 33.8, 44.5], "size": [1, 5, 1.05], "pivot": [-41.25, 45.3, 44.75], "rotation": [-90, 0, -120], "uv": [8, 66]},
						{"origin": [-43.325, 33.8, 44.5], "size": [1, 5, 1.05], "pivot": [-41.25, 45.3, 44.75], "rotation": [-90, 0, -150], "uv": [44, 60]},
						{"origin": [-43.325, 33.8, 44.5], "size": [1, 5, 1.05], "pivot": [-41.25, 45.3, 44.75], "rotation": [-90, 0, -30], "uv": [8, 60]},
						{"origin": [-43.325, 33.8, 44.5], "size": [1, 5, 1.05], "pivot": [-41.25, 45.3, 44.75], "rotation": [-90, 0, 0], "uv": [10, 38]},
						{"origin": [-43.325, 33.8, 44.5], "size": [1, 5, 1.05], "pivot": [-41.25, 45.3, 44.75], "rotation": [-90, 0, 60], "uv": [10, 32]},
						{"origin": [-43.325, 33.8, 44.5], "size": [1, 5, 1.05], "pivot": [-41.25, 45.3, 44.75], "rotation": [-90, 0, 30], "uv": [10, 22]},
						{"origin": [-43.325, 33.8, 44.5], "size": [1, 5, 1.05], "pivot": [-41.25, 45.3, 44.75], "rotation": [-90, 0, 90], "uv": [10, 16]},
						{"origin": [-43.325, 33.8, 44.5], "size": [1, 5, 1.05], "pivot": [-41.25, 45.3, 44.75], "rotation": [-90, 0, 120], "uv": [10, 0]},
						{"origin": [-43.325, 33.8, 44.5], "size": [1, 5, 1.05], "pivot": [-41.25, 45.3, 44.75], "rotation": [-90, 0, 150], "uv": [9, 9]}
					]
				},
				{
					"name": "stand3",
					"parent": "lamp5",
					"pivot": [-41, 28, 38],
					"cubes": [
						{"origin": [-47.3, 28, 32], "size": [12.3, 1.2, 12], "uv": [0, 60]},
						{"origin": [-45.3, 29.48296, 32.87059], "size": [8.3, 2, 10], "pivot": [-41.15, 29.98296, 38.37059], "rotation": [15, 0, 0], "uv": [57, 80]},
						{"origin": [-42.3, 28, 37], "size": [2.3, 5.7, 2], "pivot": [-41, 31.5, 38], "rotation": [-32.5, 0, 0], "uv": [0, 60]},
						{"origin": [-42.3, 32.538, 38], "size": [2.3, 3.9, 2], "pivot": [-41, 34.988, 38.58503], "rotation": [2.5, 0, 0], "uv": [8, 83]},
						{"origin": [-42.3, 35.429, 38], "size": [2.3, 4.9, 2], "pivot": [-41, 35.97898, 38.35656], "rotation": [37.5, 0, 0], "uv": [36, 60]},
						{"origin": [-42.3, 39, 35], "size": [2.3, 2, 2], "inflate": 0.05, "uv": [0, 50]},
						{"origin": [-42.3, 40.5, 34.3], "size": [2.3, 3, 2], "inflate": 0.1, "pivot": [-41.15, 41.9, 36], "rotation": [37.5, 0, 0], "uv": [0, 83]}
					]
				},
				{
					"name": "lamp3",
					"parent": "lamp5",
					"pivot": [-38.92292, 21.52292, 59.375],
					"rotation": [7.5, 0, 0],
					"cubes": [
						{"origin": [-38.825, 16.3, 60.5], "size": [2.5, 3, 2.7], "pivot": [-41.25, 47.3, 61.75], "rotation": [-90, 0, -180], "uv": [40, 81]},
						{"origin": [-38.825, 16.3, 60.5], "size": [2.5, 3, 2.7], "pivot": [-41.25, 47.3, 61.75], "rotation": [-90, 0, -60], "uv": [57, 80]},
						{"origin": [-43, 48.975, 32], "size": [2.5, 3, 2.7], "pivot": [-41.25, 51.475, 33.25], "rotation": [-90, 0, -90], "uv": [27, 78]},
						{"origin": [-38.825, 16.3, 60.5], "size": [2.5, 3, 2.7], "pivot": [-41.25, 47.3, 61.75], "rotation": [-90, 0, -120], "uv": [19, 78]},
						{"origin": [-38.825, 16.3, 60.5], "size": [2.5, 3, 2.7], "pivot": [-41.25, 47.3, 61.75], "rotation": [-90, 0, -150], "uv": [8, 78]},
						{"origin": [-38.825, 16.3, 60.5], "size": [2.5, 3, 2.7], "pivot": [-41.25, 47.3, 61.75], "rotation": [-90, 0, -30], "uv": [0, 78]},
						{"origin": [-38.825, 16.3, 60.5], "size": [2.5, 3, 2.7], "pivot": [-41.25, 47.3, 61.75], "rotation": [-90, 0, 0], "uv": [76, 72]},
						{"origin": [-38.825, 16.3, 60.5], "size": [2.5, 3, 2.7], "pivot": [-41.25, 47.3, 61.75], "rotation": [-90, 0, 60], "uv": [76, 67]},
						{"origin": [-38.825, 16.3, 60.5], "size": [2.5, 3, 2.7], "pivot": [-41.25, 47.3, 61.75], "rotation": [-90, 0, 30], "uv": [76, 62]},
						{"origin": [-38.825, 16.3, 60.5], "size": [2.5, 3, 2.7], "pivot": [-41.25, 47.3, 61.75], "rotation": [-90, 0, 90], "uv": [41, 76]},
						{"origin": [-38.825, 16.3, 60.5], "size": [2.5, 3, 2.7], "pivot": [-41.25, 47.3, 61.75], "rotation": [-90, 0, 120], "uv": [57, 73]},
						{"origin": [-38.825, 16.3, 60.5], "size": [2.5, 3, 2.7], "pivot": [-41.25, 47.3, 61.75], "rotation": [-90, 0, 150], "uv": [35, 73]}
					]
				},
				{
					"name": "lamp4",
					"parent": "lamp5",
					"pivot": [-38.92292, 21.52292, 59.375],
					"rotation": [7.5, 0, 0],
					"cubes": [
						{"origin": [-37.825, 14.3, 60.5], "size": [2.5, 3, 3.2], "pivot": [-41.25, 47.3, 61.75], "rotation": [-90, 0, -180], "uv": [44, 32]},
						{"origin": [-37.825, 14.3, 60.5], "size": [2.5, 3, 3.2], "pivot": [-41.25, 47.3, 61.75], "rotation": [-90, 0, -60], "uv": [44, 25]},
						{"origin": [-42, 46.975, 32], "size": [2.5, 3, 3.2], "pivot": [-41.25, 51.475, 33.25], "rotation": [-90, 0, -90], "uv": [44, 19]},
						{"origin": [-37.825, 14.3, 60.5], "size": [2.5, 3, 3.2], "pivot": [-41.25, 47.3, 61.75], "rotation": [-90, 0, -120], "uv": [44, 9]},
						{"origin": [-37.825, 14.3, 60.5], "size": [2.5, 3, 3.2], "pivot": [-41.25, 47.3, 61.75], "rotation": [-90, 0, -150], "uv": [44, 3]},
						{"origin": [-37.825, 14.3, 60.5], "size": [2.5, 3, 3.2], "pivot": [-41.25, 47.3, 61.75], "rotation": [-90, 0, -30], "uv": [0, 40]},
						{"origin": [-37.825, 14.3, 60.5], "size": [2.5, 3, 3.2], "pivot": [-41.25, 47.3, 61.75], "rotation": [-90, 0, 0], "uv": [37, 22]},
						{"origin": [-37.825, 14.3, 60.5], "size": [2.5, 3, 3.2], "pivot": [-41.25, 47.3, 61.75], "rotation": [-90, 0, 60], "uv": [37, 16]},
						{"origin": [-37.825, 14.3, 60.5], "size": [2.5, 3, 3.2], "pivot": [-41.25, 47.3, 61.75], "rotation": [-90, 0, 30], "uv": [37, 6]},
						{"origin": [-37.825, 14.3, 60.5], "size": [2.5, 3, 3.2], "pivot": [-41.25, 47.3, 61.75], "rotation": [-90, 0, 90], "uv": [37, 0]},
						{"origin": [-37.825, 14.3, 60.5], "size": [2.5, 3, 3.2], "pivot": [-41.25, 47.3, 61.75], "rotation": [-90, 0, 120], "uv": [37, 37]},
						{"origin": [-37.825, 14.3, 60.5], "size": [2.5, 3, 3.2], "pivot": [-41.25, 47.3, 61.75], "rotation": [-90, 0, 150], "uv": [0, 24]}
					]
				},
				{
					"name": "lamp2",
					"parent": "lamp5",
					"pivot": [-38.92292, 21.52292, 59.375],
					"rotation": [7.5, 0, 0],
					"cubes": [
						{"origin": [-39.825, 18.3, 60.5], "size": [2.5, 3, 2.5], "pivot": [-41.25, 47.3, 61.75], "rotation": [-90, 0, -180], "uv": [27, 73]},
						{"origin": [-39.825, 18.3, 60.5], "size": [2.5, 3, 2.5], "pivot": [-41.25, 47.3, 61.75], "rotation": [-90, 0, -60], "uv": [19, 73]},
						{"origin": [-44, 50.975, 32], "size": [2.5, 3, 2.5], "pivot": [-41.25, 51.475, 33.25], "rotation": [-90, 0, -90], "uv": [8, 73]},
						{"origin": [-39.825, 18.3, 60.5], "size": [2.5, 3, 2.5], "pivot": [-41.25, 47.3, 61.75], "rotation": [-90, 0, -120], "uv": [0, 73]},
						{"origin": [-39.825, 18.3, 60.5], "size": [2.5, 3, 2.5], "pivot": [-41.25, 47.3, 61.75], "rotation": [-90, 0, -150], "uv": [65, 70]},
						{"origin": [-39.825, 18.3, 60.5], "size": [2.5, 3, 2.5], "pivot": [-41.25, 47.3, 61.75], "rotation": [-90, 0, -30], "uv": [57, 68]},
						{"origin": [-39.825, 18.3, 60.5], "size": [2.5, 3, 2.5], "pivot": [-41.25, 47.3, 61.75], "rotation": [-90, 0, 0], "uv": [0, 67]},
						{"origin": [-39.825, 18.3, 60.5], "size": [2.5, 3, 2.5], "pivot": [-41.25, 47.3, 61.75], "rotation": [-90, 0, 60], "uv": [36, 66]},
						{"origin": [-39.825, 18.3, 60.5], "size": [2.5, 3, 2.5], "pivot": [-41.25, 47.3, 61.75], "rotation": [-90, 0, 30], "uv": [63, 65]},
						{"origin": [-39.825, 18.3, 60.5], "size": [2.5, 3, 2.5], "pivot": [-41.25, 47.3, 61.75], "rotation": [-90, 0, 120], "uv": [57, 62]},
						{"origin": [-39.825, 18.3, 60.5], "size": [2.5, 3, 2.5], "pivot": [-41.25, 47.3, 61.75], "rotation": [-90, 0, 150], "uv": [0, 10]}
					]
				},
				{
					"name": "stackbooks",
					"pivot": [38, 50, -18],
					"rotation": [-90, 0, 90]
				},
				{
					"name": "books",
					"parent": "stackbooks",
					"pivot": [54, 58, -4],
					"rotation": [12.5, 0, 0],
					"cubes": [
						{"origin": [56.32, 70.07287, -0.68355], "size": [3, 13.7, 9], "inflate": -0.5, "pivot": [58, 73.15, 2.5], "rotation": [7, 12, 0], "uv": [40, 132]},
						{"origin": [58.3, 72.20518, -6.13424], "size": [2.2, 14.9, 9], "inflate": -0.5, "uv": [27, 82]}
					]
				},
				{
					"name": "books2",
					"parent": "books",
					"pivot": [48, 58, -11]
				},
				{
					"name": "books3",
					"parent": "stackbooks",
					"pivot": [54, 65, -18],
					"cubes": [
						{"origin": [54.5, 74.3, -21], "size": [3, 14, 9], "inflate": -0.5, "uv": [114, 60]},
						{"origin": [52.5, 75.2, -20], "size": [3, 13.3, 9], "inflate": -0.5, "uv": [16, 132]},
						{"origin": [56.5, 75.3, -22], "size": [3, 13.7, 9], "inflate": -0.5, "uv": [114, 83]},
						{"origin": [58.5, 75.3, -21], "size": [2, 13.9, 9], "inflate": -0.5, "uv": [84, 84]}
					]
				},
				{
					"name": "books4",
					"parent": "books3",
					"pivot": [48, 65, -20]
				},
				{
					"name": "papers",
					"pivot": [-25.86026, 28.3, -12.35171],
					"rotation": [0, -12, 0],
					"cubes": [
						{"origin": [-31.36026, 28, -20.05171], "size": [11, 1, 15], "inflate": -0.6, "uv": [0, 32]},
						{"origin": [-31.16026, 27.8, -19.75171], "size": [11, 1, 15], "inflate": -0.6, "uv": [0, 16]},
						{"origin": [-31.56026, 27.6, -19.75171], "size": [11, 1, 15], "inflate": -0.6, "uv": [0, 0]}
					]
				},
				{
					"name": "laptop",
					"pivot": [0, 0, -2],
					"cubes": [
						{"origin": [-14, 28, -19], "size": [28, 1.3, 18], "uv": [0, 113]},
						{"origin": [-14, 29, -19], "size": [28, 1, 17], "inflate": -0.01, "pivot": [-2, 29, -2], "rotation": [-120, 0, 0], "uv": [74, 113]},
						{"origin": [-13.5, 28.81, -19], "size": [27, 1, 1], "inflate": -0.02, "pivot": [-2, 29, -2], "rotation": [-120, 0, 0], "uv": [57, 60]},
						{"origin": [-13, 28.8, -3], "size": [26, 1, 1], "inflate": -0.01, "pivot": [-2, 29, -2], "rotation": [-120, 0, 0], "uv": [0, 48]},
						{"origin": [13.009, 28.8, -19], "size": [1, 1, 17], "inflate": -0.02, "pivot": [-2, 29, -2], "rotation": [-120, 0, 0], "uv": [0, 73]},
						{"origin": [-13.991, 28.8, -19], "size": [1, 1, 17], "inflate": -0.02, "pivot": [-29, 29, -2], "rotation": [-120, 0, 0], "uv": [57, 62]},
						{"origin": [-13.7, 28.78, -3], "size": [2, 1, 1], "inflate": -0.4, "uv": [9, 29]}
					]
				}
			]
		}
	]
}