{
  "format_version": "1.12.0",
  "minecraft:geometry": [
    {
      "description": {
        "identifier": "geometry.pa_hoop",
        "texture_width": 32,
        "texture_height": 32,
        "visible_bounds_width": 3,
        "visible_bounds_height": 1.5,
        "visible_bounds_offset": [
          0,
          0.25,
          0
        ]
      },
      "bones": [
        {
          "name": "Main",
          "pivot": [
            0,
            0,
            2
          ],
          "cubes": [
            {
              "origin": [
                -3.0,
                4.0,
                -8.0
              ],
              "size": [
                6.0,
                2.0,
                2.0
              ],
              "uv": [
                0,
                18
              ],
              "inflate": 0
            },
            {
              "origin": [
                -3.0,
                4.0,
                6.0
              ],
              "size": [
                6.0,
                2.0,
                2.0
              ],
              "uv": [
                16,
                17
              ],
              "inflate": 0
            },
            {
              "origin": [
                3.0,
                4.0,
                -7.0
              ],
              "size": [
                2.0,
                2.0,
                2.0
              ],
              "uv": [
                22,
                25
              ],
              "inflate": 0
            },
            {
              "origin": [
                -5.0,
                4.0,
                -7.0
              ],
              "size": [
                2.0,
                2.0,
                2.0
              ],
              "uv": [
                0,
                13
              ],
              "inflate": 0
            },
            {
              "origin": [
                3.0,
                4.0,
                5.0
              ],
              "size": [
                2.0,
                2.0,
                2.0
              ],
              "uv": [
                0,
                22
              ],
              "inflate": 0
            },
            {
              "origin": [
                -5.0,
                4.0,
                5.0
              ],
              "size": [
                2.0,
                2.0,
                2.0
              ],
              "uv": [
                0,
                9
              ],
              "inflate": 0
            },
            {
              "origin": [
                5.0,
                4.0,
                -5.0
              ],
              "size": [
                2.0,
                2.0,
                2.0
              ],
              "uv": [
                6,
                24
              ],
              "inflate": 0
            },
            {
              "origin": [
                -7.0,
                4.0,
                -5.0
              ],
              "size": [
                2.0,
                2.0,
                2.0
              ],
              "uv": [
                0,
                4
              ],
              "inflate": 0
            },
            {
              "origin": [
                5.0,
                4.0,
                3.0
              ],
              "size": [
                2.0,
                2.0,
                2.0
              ],
              "uv": [
                22,
                21
              ],
              "inflate": 0
            },
            {
              "origin": [
                -7.0,
                4.0,
                3.0
              ],
              "size": [
                2.0,
                2.0,
                2.0
              ],
              "uv": [
                0,
                0
              ],
              "inflate": 0
            },
            {
              "origin": [
                4.0,
                4.0,
                -5.0
              ],
              "size": [
                1.0,
                2.0,
                1.0
              ],
              "uv": [
                27,
                7
              ],
              "inflate": 0
            },
            {
              "origin": [
                5.0,
                4.0,
                -6.0
              ],
              "size": [
                1.0,
                2.0,
                1.0
              ],
              "uv": [
                10,
                0
              ],
              "inflate": 0
            },
            {
              "origin": [
                -5.0,
                4.0,
                -5.0
              ],
              "size": [
                1.0,
                2.0,
                1.0
              ],
              "uv": [
                10,
                9
              ],
              "inflate": 0
            },
            {
              "origin": [
                5.0,
                4.0,
                5.0
              ],
              "size": [
                1.0,
                2.0,
                1.0
              ],
              "uv": [
                27,
                0
              ],
              "inflate": 0
            },
            {
              "origin": [
                -6.0,
                4.0,
                -6.0
              ],
              "size": [
                1.0,
                2.0,
                1.0
              ],
              "uv": [
                10,
                12
              ],
              "inflate": 0
            },
            {
              "origin": [
                4.0,
                4.0,
                4.0
              ],
              "size": [
                1.0,
                2.0,
                1.0
              ],
              "uv": [
                26,
                4
              ],
              "inflate": 0
            },
            {
              "origin": [
                -5.0,
                4.0,
                4.0
              ],
              "size": [
                1.0,
                2.0,
                1.0
              ],
              "uv": [
                0,
                26
              ],
              "inflate": 0
            },
            {
              "origin": [
                -6.0,
                4.0,
                5.0
              ],
              "size": [
                1.0,
                2.0,
                1.0
              ],
              "uv": [
                10,
                3
              ],
              "inflate": 0
            },
            {
              "origin": [
                6.0,
                4.0,
                -3.0
              ],
              "size": [
                2.0,
                2.0,
                6.0
              ],
              "uv": [
                10,
                9
              ],
              "inflate": 0
            },
            {
              "origin": [
                -8.0,
                4.0,
                -3.0
              ],
              "size": [
                2.0,
                2.0,
                6.0
              ],
              "uv": [
                10,
                0
              ],
              "inflate": 0
            },
            {
              "origin": [
                -1.0,
                0.0,
                10.0
              ],
              "size": [
                2.0,
                8.0,
                2.0
              ],
              "uv": [
                14,
                21
              ],
              "inflate": 0
            },
            {
              "origin": [
                -5.0,
                6.0,
                -1.0
              ],
              "size": [
                1.0,
                1.0,
                8.0
              ],
              "pivot": [
                0.0,
                0.0,
                2.0
              ],
              "rotation": [
                -41.36515,
                29.31791,
                -24.49405
              ],
              "uv": [
                0,
                9
              ],
              "inflate": 0
            },
            {
              "origin": [
                4.25,
                6.0,
                -1.0
              ],
              "size": [
                1.0,
                1.0,
                8.0
              ],
              "pivot": [
                0.0,
                0.0,
                2.0
              ],
              "rotation": [
                -41.89378,
                -30.35492,
                23.21593
              ],
              "uv": [
                0,
                0
              ],
              "inflate": 0
            },
            {
              "origin": [
                -1.0,
                5.0,
                8.0
              ],
              "size": [
                2.0,
                1.0,
                2.0
              ],
              "uv": [
                20,
                12
              ],
              "inflate": 0
            },
            {
              "origin": [
                -1.0,
                4.0,
                12.0
              ],
              "size": [
                2.0,
                1.0,
                3.0
              ],
              "uv": [
                20,
                8
              ],
              "inflate": 0
            },
            {
              "origin": [
                -1.0,
                1.0,
                12.0
              ],
              "size": [
                2.0,
                1.0,
                3.0
              ],
              "uv": [
                20,
                0
              ],
              "inflate": 0
            }
          ]
        }
      ]
    }
  ]
}