{
	"format_version": "1.12.0",
	"minecraft:geometry": [
		{
			"description": {
				"identifier": "geometry.studytable",
				"texture_width": 128,
				"texture_height": 128,
				"visible_bounds_width": 4,
				"visible_bounds_height": 2.5,
				"visible_bounds_offset": [0, 0.75, 0]
			},
			"bones": [
				{
					"name": "stand",
					"pivot": [-13, 0, 0],
					"cubes": [
						{"origin": [12.5, 0, -10.4], "size": [4, 19, 2], "uv": [0, 44]},
						{"origin": [12.5, 0, 6.6], "size": [4, 19, 2], "uv": [0, 0]},
						{"origin": [12.5, 15.5, -10.4], "size": [4, 1, 19], "inflate": -0.01, "uv": [0, 24]},
						{"origin": [-13.5, 15.5, 6.6], "size": [27, 1, 2], "inflate": -0.01, "uv": [27, 24]}
					]
				},
				{
					"name": "stand2",
					"pivot": [13, 0, 0],
					"cubes": [
						{"origin": [-17, 0, -10.4], "size": [4, 19, 2], "uv": [24, 47]},
						{"origin": [-17, 0, 6.6], "size": [4, 19, 2], "uv": [12, 44]},
						{"origin": [-17, 15.5, -10.4], "size": [4, 1, 19], "inflate": -0.01, "uv": [27, 27]}
					]
				},
				{
					"name": "top",
					"pivot": [0, 0, 0],
					"cubes": [
						{"origin": [-20, 19, -12], "size": [39, 2, 22], "uv": [0, 0]}
					]
				}
			]
		}
	]
}