{
  "format_version": "1.12.0",
  "minecraft:geometry": [
    {
      "description": {
        "identifier": "geometry.yg_dr_fluffyphants",
        "texture_width": 64,
        "texture_height": 64,
        "visible_bounds_width": 3,
        "visible_bounds_height": 3.5,
        "visible_bounds_offset": [
          0,
          1.25,
          0
        ]
      },
      "bones": [
        {
          "name": "Root"
        },
        {
          "name": "Body",
          "pivot": [
            0,
            10,
            0
          ],
          "cubes": [
            {
              "origin": [
                -4.0,
                23.0,
                -3.0
              ],
              "size": [
                8.0,
                1.0,
                6.0
              ],
              "uv": [
                0,
                36
              ],
              "inflate": 0
            },
            {
              "origin": [
                -4.5,
                21.0,
                -3.5
              ],
              "size": [
                9.0,
                2.0,
                7.0
              ],
              "uv": [
                29,
                12
              ],
              "inflate": 0
            },
            {
              "origin": [
                -5.0,
                10.0,
                -4.0
              ],
              "size": [
                10.0,
                11.0,
                8.0
              ],
              "uv": [
                0,
                0
              ],
              "inflate": 0
            },
            {
              "origin": [
                -4.5,
                9.0,
                -3.5
              ],
              "size": [
                9.0,
                1.0,
                7.0
              ],
              "uv": [
                28,
                0
              ],
              "inflate": 0
            }
          ],
          "parent": "Root"
        },
        {
          "name": "Head",
          "pivot": [
            0,
            24,
            0
          ],
          "cubes": [
            {
              "origin": [
                -5.0,
                24.0,
                -4.0
              ],
              "size": [
                10.0,
                9.0,
                8.0
              ],
              "uv": [
                0,
                19
              ],
              "inflate": 0
            },
            {
              "origin": [
                -3.5,
                27.5,
                -4.1
              ],
              "size": [
                2.0,
                2.0,
                0.0
              ],
              "uv": [
                4,
                6
              ],
              "inflate": 0
            },
            {
              "origin": [
                1.5,
                27.5,
                -4.1
              ],
              "size": [
                2.0,
                2.0,
                0.0
              ],
              "uv": [
                0,
                6
              ],
              "inflate": 0
            },
            {
              "origin": [
                1.5,
                31.5,
                -4.1
              ],
              "size": [
                1.0,
                1.0,
                0.0
              ],
              "uv": [
                6,
                19
              ],
              "inflate": 0
            },
            {
              "origin": [
                -2.5,
                31.5,
                -4.1
              ],
              "size": [
                1.0,
                1.0,
                0.0
              ],
              "uv": [
                0,
                19
              ],
              "inflate": 0
            },
            {
              "origin": [
                -2.0,
                25.06526,
                -5.50428
              ],
              "size": [
                4.0,
                3.0,
                2.0
              ],
              "pivot": [
                0.0,
                26.56526,
                -4.50428
              ],
              "rotation": [
                7.5,
                0.0,
                0.0
              ],
              "uv": [
                16,
                43
              ],
              "inflate": 0
            },
            {
              "origin": [
                -2.21644,
                23.5237,
                -4.29993
              ],
              "size": [
                1.0,
                2.0,
                0.0
              ],
              "pivot": [
                -1.71644,
                24.5237,
                -4.29993
              ],
              "rotation": [
                0.0,
                0.0,
                12.5
              ],
              "uv": [
                6,
                0
              ],
              "inflate": 0
            },
            {
              "origin": [
                1.21644,
                23.5237,
                -4.29993
              ],
              "size": [
                1.0,
                2.0,
                0.0
              ],
              "pivot": [
                1.71644,
                24.5237,
                -4.29993
              ],
              "rotation": [
                0.0,
                0.0,
                -12.5
              ],
              "uv": [
                0,
                0
              ],
              "inflate": 0
            },
            {
              "origin": [
                -1.0,
                24.0,
                -4.29993
              ],
              "size": [
                2.0,
                2.0,
                0.0
              ],
              "uv": [
                0,
                25
              ],
              "inflate": 0
            },
            {
              "origin": [
                -6.9513,
                31.02036,
                -1.18
              ],
              "size": [
                2.36,
                4.72,
                2.36
              ],
              "pivot": [
                -5.7713,
                33.38036,
                0.0
              ],
              "rotation": [
                0.0,
                0.0,
                -55.0
              ],
              "uv": [
                0,
                19
              ],
              "inflate": 0
            },
            {
              "origin": [
                4.5913,
                31.02036,
                -1.18
              ],
              "size": [
                2.36,
                4.72,
                2.36
              ],
              "pivot": [
                5.7713,
                33.38036,
                0.0
              ],
              "rotation": [
                0.0,
                0.0,
                55.0
              ],
              "uv": [
                0,
                19
              ],
              "inflate": 0,
              "mirror": true
            },
            {
              "origin": [
                -9.11715,
                33.94041,
                -1.0
              ],
              "size": [
                2.0,
                4.0,
                2.0
              ],
              "pivot": [
                -8.11715,
                35.94041,
                0.0
              ],
              "rotation": [
                0.0,
                0.0,
                -30.0
              ],
              "uv": [
                0,
                0
              ],
              "inflate": 0
            },
            {
              "origin": [
                7.11715,
                33.94041,
                -1.0
              ],
              "size": [
                2.0,
                4.0,
                2.0
              ],
              "pivot": [
                8.11715,
                35.94041,
                0.0
              ],
              "rotation": [
                0.0,
                0.0,
                30.0
              ],
              "uv": [
                0,
                0
              ],
              "inflate": 0,
              "mirror": true
            },
            {
              "origin": [
                -7.08682,
                26.0076,
                -2.0
              ],
              "size": [
                2.0,
                6.0,
                4.0
              ],
              "pivot": [
                -6.08682,
                29.0076,
                0.0
              ],
              "rotation": [
                0.0,
                0.0,
                10.0
              ],
              "uv": [
                36,
                21
              ],
              "inflate": 0
            },
            {
              "origin": [
                5.08682,
                26.0076,
                -2.0
              ],
              "size": [
                2.0,
                6.0,
                4.0
              ],
              "pivot": [
                6.08682,
                29.0076,
                0.0
              ],
              "rotation": [
                0.0,
                0.0,
                -10.0
              ],
              "uv": [
                36,
                21
              ],
              "inflate": 0,
              "mirror": true
            }
          ],
          "parent": "Body"
        },
        {
          "name": "Rightarm",
          "pivot": [
            -5,
            21,
            0
          ],
          "cubes": [
            {
              "origin": [
                -8.0,
                8.0,
                -2.0
              ],
              "size": [
                4.0,
                14.0,
                4.0
              ],
              "uv": [
                0,
                43
              ],
              "inflate": 0
            }
          ],
          "parent": "Body"
        },
        {
          "name": "Leftarm",
          "pivot": [
            5,
            21,
            0
          ],
          "cubes": [
            {
              "origin": [
                4.0,
                8.0,
                -2.0
              ],
              "size": [
                4.0,
                14.0,
                4.0
              ],
              "uv": [
                0,
                43
              ],
              "inflate": 0,
              "mirror": true
            }
          ],
          "parent": "Body"
        },
        {
          "name": "Rightleg",
          "pivot": [
            -3.5,
            10,
            0
          ],
          "cubes": [
            {
              "origin": [
                -6.0,
                0.0,
                -2.5
              ],
              "size": [
                5.0,
                10.0,
                5.0
              ],
              "uv": [
                31,
                31
              ],
              "inflate": 0
            }
          ],
          "parent": "Root"
        },
        {
          "name": "Leftleg",
          "pivot": [
            3.5,
            10,
            0
          ],
          "cubes": [
            {
              "origin": [
                1.0,
                0.0,
                -2.5
              ],
              "size": [
                5.0,
                10.0,
                5.0
              ],
              "uv": [
                31,
                31
              ],
              "inflate": 0,
              "mirror": true
            }
          ],
          "parent": "Root"
        }
      ]
    }
  ]
}