{
  "format_version": "1.12.0",
  "minecraft:geometry": [
    {
      "description": {
        "identifier": "geometry.yg_hunky_jake",
        "texture_width": 128,
        "texture_height": 128,
        "visible_bounds_width": 3,
        "visible_bounds_height": 4.5,
        "visible_bounds_offset": [
          0,
          1.75,
          0
        ]
      },
      "bones": [
        {
          "name": "Root",
          "pivot": [
            0,
            0,
            -0.041
          ]
        },
        {
          "name": "Body",
          "pivot": [
            0,
            16,
            3.5
          ],
          "cubes": [
            {
              "origin": [
                -7.0,
                15.0,
                -2.0
              ],
              "size": [
                14.0,
                18.0,
                11.0
              ],
              "uv": [
                0,
                0
              ],
              "inflate": 0
            }
          ],
          "parent": "Root"
        },
        {
          "name": "Head",
          "pivot": [
            0,
            33,
            2
          ],
          "cubes": [
            {
              "origin": [
                -4.0,
                39.0,
                -4.0
              ],
              "size": [
                8.0,
                7.0,
                8.0
              ],
              "uv": [
                0,
                47
              ],
              "inflate": 0
            },
            {
              "origin": [
                -3.5,
                41.5,
                -4.1
              ],
              "size": [
                2.0,
                2.0,
                0.0
              ],
              "uv": [
                0,
                3
              ],
              "inflate": 0
            },
            {
              "origin": [
                1.5,
                41.5,
                -4.1
              ],
              "size": [
                2.0,
                2.0,
                0.0
              ],
              "uv": [
                0,
                3
              ],
              "inflate": 0
            },
            {
              "origin": [
                -5.57474,
                41.0,
                -0.541
              ],
              "size": [
                2.0,
                2.0,
                1.0
              ],
              "pivot": [
                -4.57474,
                42.0,
                -0.041
              ],
              "rotation": [
                0.0,
                32.5,
                0.0
              ],
              "uv": [
                0,
                0
              ],
              "inflate": 0
            },
            {
              "origin": [
                3.57474,
                41.0,
                -0.541
              ],
              "size": [
                2.0,
                2.0,
                1.0
              ],
              "pivot": [
                4.57474,
                42.0,
                -0.041
              ],
              "rotation": [
                0.0,
                -32.5,
                0.0
              ],
              "uv": [
                0,
                0
              ],
              "inflate": 0,
              "mirror": true
            },
            {
              "origin": [
                -6.0,
                31.0,
                -5.0
              ],
              "size": [
                12.0,
                8.0,
                10.0
              ],
              "uv": [
                0,
                29
              ],
              "inflate": 0
            }
          ],
          "parent": "Body"
        },
        {
          "name": "Rightarm",
          "pivot": [
            -7,
            31,
            3.5
          ],
          "cubes": [
            {
              "origin": [
                -12.0,
                23.0,
                1.0
              ],
              "size": [
                5.0,
                9.0,
                5.0
              ],
              "uv": [
                58,
                51
              ],
              "inflate": 0
            },
            {
              "origin": [
                -12.5,
                13.0,
                0.0
              ],
              "size": [
                6.0,
                10.0,
                7.0
              ],
              "uv": [
                32,
                51
              ],
              "inflate": 0
            },
            {
              "origin": [
                -12.3979,
                6.61422,
                -0.49
              ],
              "size": [
                6.84,
                6.84,
                7.98
              ],
              "pivot": [
                -8.9779,
                10.03422,
                3.5
              ],
              "rotation": [
                0.0,
                0.0,
                -7.5
              ],
              "uv": [
                43,
                22
              ],
              "inflate": 0
            }
          ],
          "parent": "Body"
        },
        {
          "name": "Leftarm",
          "pivot": [
            7,
            31,
            3.5
          ],
          "cubes": [
            {
              "origin": [
                7.0,
                23.0,
                1.0
              ],
              "size": [
                5.0,
                9.0,
                5.0
              ],
              "uv": [
                58,
                51
              ],
              "inflate": 0,
              "mirror": true
            },
            {
              "origin": [
                6.5,
                13.0,
                0.0
              ],
              "size": [
                6.0,
                10.0,
                7.0
              ],
              "uv": [
                32,
                51
              ],
              "inflate": 0,
              "mirror": true
            },
            {
              "origin": [
                5.5579,
                6.61422,
                -0.49
              ],
              "size": [
                6.84,
                6.84,
                7.98
              ],
              "pivot": [
                8.9779,
                10.03422,
                3.5
              ],
              "rotation": [
                0.0,
                0.0,
                7.5
              ],
              "uv": [
                43,
                22
              ],
              "inflate": 0,
              "mirror": true
            }
          ],
          "parent": "Body"
        },
        {
          "name": "Rightleg",
          "pivot": [
            -5,
            16,
            3
          ],
          "cubes": [
            {
              "origin": [
                -8.0,
                4.0,
                0.0
              ],
              "size": [
                6.0,
                13.0,
                6.0
              ],
              "uv": [
                50,
                0
              ],
              "inflate": 0
            },
            {
              "origin": [
                -8.5,
                0.0,
                -6.0
              ],
              "size": [
                7.0,
                4.0,
                12.0
              ],
              "uv": [
                32,
                35
              ],
              "inflate": 0
            }
          ],
          "parent": "Root"
        },
        {
          "name": "Leftleg",
          "pivot": [
            5,
            16,
            3
          ],
          "cubes": [
            {
              "origin": [
                2.0,
                4.0,
                0.0
              ],
              "size": [
                6.0,
                13.0,
                6.0
              ],
              "uv": [
                50,
                0
              ],
              "inflate": 0,
              "mirror": true
            },
            {
              "origin": [
                1.5,
                0.0,
                -6.0
              ],
              "size": [
                7.0,
                4.0,
                12.0
              ],
              "uv": [
                32,
                35
              ],
              "inflate": 0,
              "mirror": true
            }
          ],
          "parent": "Root"
        }
      ]
    }
  ]
}