{
  "format_version": "1.12.0",
  "minecraft:geometry": [
    {
      "description": {
        "identifier": "geometry.yg_hungry_tamy",
        "texture_width": 64,
        "texture_height": 64,
        "visible_bounds_width": 3,
        "visible_bounds_height": 4.5,
        "visible_bounds_offset": [
          0,
          1.75,
          0
        ]
      },
      "bones": [
        {
          "name": "Root",
          "pivot": [
            0,
            -2,
            0
          ]
        },
        {
          "name": "Body",
          "pivot": [
            0,
            26,
            0.5
          ],
          "cubes": [
            {
              "origin": [
                -4.24,
                36.7783,
                -2.75258
              ],
              "size": [
                8.48,
                8.48,
                6.36
              ],
              "pivot": [
                0.0,
                41.0183,
                0.42742
              ],
              "rotation": [
                4.90387,
                0.0,
                0.0
              ],
              "uv": [
                28,
                16
              ],
              "inflate": 0
            },
            {
              "origin": [
                -4.0,
                25.4228,
                -2.49479
              ],
              "size": [
                8.0,
                12.0,
                6.0
              ],
              "pivot": [
                0.0,
                31.4228,
                0.50521
              ],
              "rotation": [
                -2.44437,
                0.0,
                0.0
              ],
              "uv": [
                0,
                16
              ],
              "inflate": 0
            },
            {
              "origin": [
                -3.0,
                33.61245,
                -4.38407
              ],
              "size": [
                3.0,
                3.0,
                3.0
              ],
              "pivot": [
                -1.5,
                35.11245,
                -2.88407
              ],
              "rotation": [
                -2.60103,
                19.98103,
                -0.88934
              ],
              "uv": [
                8,
                44
              ],
              "inflate": 0
            },
            {
              "origin": [
                0.0,
                32.61245,
                -4.38407
              ],
              "size": [
                3.0,
                3.0,
                3.0
              ],
              "pivot": [
                1.5,
                34.11245,
                -2.88407
              ],
              "rotation": [
                -2.60103,
                -19.98103,
                0.88934
              ],
              "uv": [
                40,
                30
              ],
              "inflate": 0
            },
            {
              "origin": [
                0.0,
                29.61245,
                -4.38407
              ],
              "size": [
                3.0,
                3.0,
                3.0
              ],
              "pivot": [
                1.5,
                31.11245,
                -2.88407
              ],
              "rotation": [
                -2.46544,
                7.49314,
                -0.32171
              ],
              "uv": [
                22,
                16
              ],
              "inflate": 0
            },
            {
              "origin": [
                -2.06099,
                31.63036,
                -4.29281
              ],
              "size": [
                2.0,
                2.0,
                2.0
              ],
              "pivot": [
                -1.06099,
                32.63036,
                -3.29281
              ],
              "rotation": [
                -2.46544,
                7.49314,
                -0.32171
              ],
              "uv": [
                0,
                0
              ],
              "inflate": 0
            }
          ],
          "parent": "Root"
        },
        {
          "name": "Head",
          "pivot": [
            0,
            45,
            0
          ],
          "cubes": [
            {
              "origin": [
                -5.0,
                45.0,
                -4.0
              ],
              "size": [
                10.0,
                8.0,
                8.0
              ],
              "uv": [
                0,
                0
              ],
              "inflate": 0
            }
          ],
          "parent": "Body"
        },
        {
          "name": "Dila",
          "pivot": [
            0,
            48,
            -3
          ],
          "cubes": [
            {
              "origin": [
                -1.0,
                47.0,
                -9.0
              ],
              "size": [
                2.0,
                2.0,
                6.0
              ],
              "uv": [
                28,
                0
              ],
              "inflate": 0
            }
          ],
          "parent": "Head"
        },
        {
          "name": "bone2",
          "pivot": [
            0,
            48,
            -9
          ],
          "cubes": [
            {
              "origin": [
                -0.73,
                47.27,
                -15.38
              ],
              "size": [
                1.46,
                1.46,
                6.76
              ],
              "uv": [
                18,
                38
              ],
              "inflate": 0
            }
          ],
          "parent": "Dila"
        },
        {
          "name": "bone3",
          "pivot": [
            0,
            48,
            -15
          ],
          "cubes": [
            {
              "origin": [
                -0.5,
                47.5,
                -21.0
              ],
              "size": [
                1.0,
                1.0,
                6.0
              ],
              "uv": [
                36,
                8
              ],
              "inflate": 0
            }
          ],
          "parent": "bone2"
        },
        {
          "name": "Rightarm",
          "pivot": [
            -4.5,
            44,
            0.5
          ],
          "cubes": [
            {
              "origin": [
                -7.12,
                37.72,
                -1.12
              ],
              "size": [
                3.24,
                7.56,
                3.24
              ],
              "uv": [
                37,
                37
              ],
              "inflate": 0
            }
          ],
          "parent": "Body"
        },
        {
          "name": "bone",
          "pivot": [
            -5.5,
            38,
            0.5
          ],
          "cubes": [
            {
              "origin": [
                -7.0,
                31.0,
                -1.0
              ],
              "size": [
                3.0,
                7.0,
                3.0
              ],
              "uv": [
                12,
                34
              ],
              "inflate": 0
            }
          ],
          "parent": "Rightarm"
        },
        {
          "name": "bone5",
          "pivot": [
            -5.5,
            31,
            0.5
          ],
          "cubes": [
            {
              "origin": [
                -6.72,
                23.23,
                -0.72
              ],
              "size": [
                2.44,
                8.54,
                2.44
              ],
              "uv": [
                44,
                0
              ],
              "inflate": 0
            }
          ],
          "parent": "bone"
        },
        {
          "name": "bone4",
          "pivot": [
            -5.5,
            23.5,
            0.5
          ],
          "cubes": [
            {
              "origin": [
                -6.5,
                17.0,
                -0.5
              ],
              "size": [
                2.0,
                7.0,
                2.0
              ],
              "uv": [
                28,
                45
              ],
              "inflate": 0
            }
          ],
          "parent": "bone5"
        },
        {
          "name": "Leftarm",
          "pivot": [
            4.5,
            44,
            0.5
          ],
          "cubes": [
            {
              "origin": [
                3.88,
                37.72,
                -1.12
              ],
              "size": [
                3.24,
                7.56,
                3.24
              ],
              "uv": [
                37,
                37
              ],
              "inflate": 0,
              "mirror": true
            }
          ],
          "parent": "Body"
        },
        {
          "name": "bone9",
          "pivot": [
            5.5,
            38,
            0.5
          ],
          "cubes": [
            {
              "origin": [
                4.0,
                31.0,
                -1.0
              ],
              "size": [
                3.0,
                7.0,
                3.0
              ],
              "uv": [
                12,
                34
              ],
              "inflate": 0,
              "mirror": true
            }
          ],
          "parent": "Leftarm"
        },
        {
          "name": "bone10",
          "pivot": [
            5.5,
            31,
            0.5
          ],
          "cubes": [
            {
              "origin": [
                4.28,
                23.23,
                -0.72
              ],
              "size": [
                2.44,
                8.54,
                2.44
              ],
              "uv": [
                44,
                0
              ],
              "inflate": 0,
              "mirror": true
            }
          ],
          "parent": "bone9"
        },
        {
          "name": "bone11",
          "pivot": [
            5.5,
            23.5,
            0.5
          ],
          "cubes": [
            {
              "origin": [
                4.5,
                17.0,
                -0.5
              ],
              "size": [
                2.0,
                7.0,
                2.0
              ],
              "uv": [
                28,
                45
              ],
              "inflate": 0,
              "mirror": true
            }
          ],
          "parent": "bone10"
        },
        {
          "name": "Rightleg",
          "pivot": [
            -2.5,
            26,
            0.5
          ],
          "cubes": [
            {
              "origin": [
                -4.12,
                18.72,
                -1.12
              ],
              "size": [
                3.24,
                7.56,
                3.24
              ],
              "uv": [
                0,
                34
              ],
              "inflate": 0
            }
          ],
          "parent": "Root",
          "rotation": [
            0.75929,
            -0.53499,
            12.40948
          ]
        },
        {
          "name": "bone6",
          "pivot": [
            -2.5,
            19,
            0.5
          ],
          "cubes": [
            {
              "origin": [
                -4.0,
                12.0,
                -1.0
              ],
              "size": [
                3.0,
                7.0,
                3.0
              ],
              "uv": [
                28,
                30
              ],
              "inflate": 0
            }
          ],
          "parent": "Rightleg",
          "rotation": [
            0,
            0,
            17.5
          ]
        },
        {
          "name": "bone7",
          "pivot": [
            -2.5,
            12,
            0.5
          ],
          "cubes": [
            {
              "origin": [
                -3.72,
                4.23,
                -0.72
              ],
              "size": [
                2.44,
                8.54,
                2.44
              ],
              "uv": [
                0,
                44
              ],
              "inflate": 0
            }
          ],
          "parent": "bone6",
          "rotation": [
            0,
            0,
            -17.5
          ]
        },
        {
          "name": "bone8",
          "pivot": [
            -2.5,
            4.5,
            0.5
          ],
          "cubes": [
            {
              "origin": [
                -3.5,
                -2.0,
                -0.5
              ],
              "size": [
                2.0,
                7.0,
                2.0
              ],
              "uv": [
                20,
                45
              ],
              "inflate": 0
            }
          ],
          "parent": "bone7",
          "rotation": [
            0,
            0,
            -17.5
          ]
        },
        {
          "name": "Leftleg",
          "pivot": [
            2.5,
            26,
            0.5
          ],
          "cubes": [
            {
              "origin": [
                0.88,
                18.72,
                -1.12
              ],
              "size": [
                3.24,
                7.56,
                3.24
              ],
              "uv": [
                0,
                34
              ],
              "inflate": 0,
              "mirror": true
            }
          ],
          "parent": "Root",
          "rotation": [
            0.75929,
            0.53499,
            -12.40948
          ]
        },
        {
          "name": "bone12",
          "pivot": [
            2.5,
            19,
            0.5
          ],
          "cubes": [
            {
              "origin": [
                1.0,
                12.0,
                -1.0
              ],
              "size": [
                3.0,
                7.0,
                3.0
              ],
              "uv": [
                28,
                30
              ],
              "inflate": 0,
              "mirror": true
            }
          ],
          "parent": "Leftleg",
          "rotation": [
            0,
            0,
            -17.5
          ]
        },
        {
          "name": "bone13",
          "pivot": [
            2.5,
            12,
            0.5
          ],
          "cubes": [
            {
              "origin": [
                1.28,
                4.23,
                -0.72
              ],
              "size": [
                2.44,
                8.54,
                2.44
              ],
              "uv": [
                0,
                44
              ],
              "inflate": 0,
              "mirror": true
            }
          ],
          "parent": "bone12",
          "rotation": [
            0,
            0,
            17.5
          ]
        },
        {
          "name": "bone14",
          "pivot": [
            2.5,
            4.5,
            0.5
          ],
          "cubes": [
            {
              "origin": [
                1.5,
                -2.0,
                -0.5
              ],
              "size": [
                2.0,
                7.0,
                2.0
              ],
              "uv": [
                20,
                45
              ],
              "inflate": 0,
              "mirror": true
            }
          ],
          "parent": "bone13",
          "rotation": [
            0,
            0,
            17.5
          ]
        }
      ]
    }
  ]
}