{
  "format_version": "1.12.0",
  "minecraft:geometry": [
    {
      "description": {
        "identifier": "geometry.yg_hunter_tim",
        "texture_width": 128,
        "texture_height": 128,
        "visible_bounds_width": 4,
        "visible_bounds_height": 4.5,
        "visible_bounds_offset": [
          0,
          1.75,
          0
        ]
      },
      "bones": [
        {
          "name": "Root"
        },
        {
          "name": "Body",
          "pivot": [
            0,
            21,
            0
          ],
          "cubes": [
            {
              "origin": [
                -8.0,
                21.0,
                -7.0
              ],
              "size": [
                16.0,
                21.0,
                14.0
              ],
              "uv": [
                0,
                0
              ],
              "inflate": 0
            },
            {
              "origin": [
                2.17365,
                34.0,
                -8.98481
              ],
              "size": [
                5.0,
                5.0,
                3.0
              ],
              "pivot": [
                4.67365,
                36.5,
                -7.48481
              ],
              "rotation": [
                0.0,
                -10.0,
                0.0
              ],
              "uv": [
                52,
                52
              ],
              "inflate": 0
            },
            {
              "origin": [
                -7.17365,
                34.0,
                -8.98481
              ],
              "size": [
                5.0,
                5.0,
                3.0
              ],
              "pivot": [
                -4.67365,
                36.5,
                -7.48481
              ],
              "rotation": [
                0.0,
                10.0,
                0.0
              ],
              "uv": [
                52,
                52
              ],
              "inflate": 0,
              "mirror": true
            },
            {
              "origin": [
                2.0,
                34.0,
                -9.0
              ],
              "size": [
                5.0,
                5.0,
                3.0
              ],
              "pivot": [
                4.5,
                35.5,
                -6.5
              ],
              "rotation": [
                0.0,
                -10.0,
                0.0
              ],
              "uv": [
                52,
                52
              ],
              "inflate": 0
            },
            {
              "origin": [
                2.89939,
                34.5,
                -9.26506
              ],
              "size": [
                4.0,
                4.0,
                1.0
              ],
              "pivot": [
                4.89939,
                36.5,
                -8.76506
              ],
              "rotation": [
                0.0,
                -10.0,
                0.0
              ],
              "uv": [
                46,
                35
              ],
              "inflate": 0
            },
            {
              "origin": [
                -6.89939,
                34.5,
                -9.26506
              ],
              "size": [
                4.0,
                4.0,
                1.0
              ],
              "pivot": [
                -4.89939,
                36.5,
                -8.76506
              ],
              "rotation": [
                0.0,
                10.0,
                0.0
              ],
              "uv": [
                46,
                35
              ],
              "inflate": 0,
              "mirror": true
            },
            {
              "origin": [
                -9.0,
                26.0,
                -7.0
              ],
              "size": [
                0.0,
                16.0,
                14.0
              ],
              "pivot": [
                -9.0,
                34.0,
                0.0
              ],
              "rotation": [
                0.0,
                -7.5,
                0.0
              ],
              "uv": [
                0,
                35
              ],
              "inflate": 0
            },
            {
              "origin": [
                9.0,
                26.0,
                -7.0
              ],
              "size": [
                0.0,
                16.0,
                14.0
              ],
              "pivot": [
                9.0,
                34.0,
                0.0
              ],
              "rotation": [
                0.0,
                7.5,
                0.0
              ],
              "uv": [
                0,
                35
              ],
              "inflate": 0,
              "mirror": true
            },
            {
              "origin": [
                9.0,
                25.0,
                -4.0
              ],
              "size": [
                0.0,
                16.0,
                14.0
              ],
              "pivot": [
                9.0,
                33.0,
                3.0
              ],
              "rotation": [
                0.0,
                7.5,
                0.0
              ],
              "uv": [
                0,
                35
              ],
              "inflate": 0,
              "mirror": true
            },
            {
              "origin": [
                9.0,
                26.0,
                -1.0
              ],
              "size": [
                0.0,
                16.0,
                14.0
              ],
              "pivot": [
                9.0,
                34.0,
                6.0
              ],
              "rotation": [
                0.0,
                7.5,
                0.0
              ],
              "uv": [
                0,
                35
              ],
              "inflate": 0,
              "mirror": true
            },
            {
              "origin": [
                9.0,
                25.0,
                2.0
              ],
              "size": [
                0.0,
                16.0,
                14.0
              ],
              "pivot": [
                9.0,
                33.0,
                9.0
              ],
              "rotation": [
                0.0,
                7.5,
                0.0
              ],
              "uv": [
                0,
                35
              ],
              "inflate": 0,
              "mirror": true
            },
            {
              "origin": [
                -9.0,
                25.0,
                -4.0
              ],
              "size": [
                0.0,
                16.0,
                14.0
              ],
              "pivot": [
                -9.0,
                33.0,
                3.0
              ],
              "rotation": [
                0.0,
                -7.5,
                0.0
              ],
              "uv": [
                0,
                35
              ],
              "inflate": 0
            },
            {
              "origin": [
                -9.0,
                26.0,
                -1.0
              ],
              "size": [
                0.0,
                16.0,
                14.0
              ],
              "pivot": [
                -9.0,
                34.0,
                6.0
              ],
              "rotation": [
                0.0,
                -7.5,
                0.0
              ],
              "uv": [
                0,
                35
              ],
              "inflate": 0
            },
            {
              "origin": [
                -9.0,
                25.0,
                2.0
              ],
              "size": [
                0.0,
                16.0,
                14.0
              ],
              "pivot": [
                -9.0,
                33.0,
                9.0
              ],
              "rotation": [
                0.0,
                -7.5,
                0.0
              ],
              "uv": [
                0,
                35
              ],
              "inflate": 0
            },
            {
              "origin": [
                -8.0,
                43.81077,
                -5.23826
              ],
              "size": [
                16.0,
                0.0,
                14.0
              ],
              "pivot": [
                0.0,
                43.81077,
                1.76174
              ],
              "rotation": [
                15.0,
                0.0,
                0.0
              ],
              "uv": [
                32,
                0
              ],
              "inflate": 0
            },
            {
              "origin": [
                -8.0,
                43.81077,
                -1.23826
              ],
              "size": [
                16.0,
                0.0,
                14.0
              ],
              "pivot": [
                0.0,
                43.81077,
                5.76174
              ],
              "rotation": [
                15.0,
                0.0,
                0.0
              ],
              "uv": [
                32,
                0
              ],
              "inflate": 0
            },
            {
              "origin": [
                -8.0,
                43.81077,
                2.76174
              ],
              "size": [
                16.0,
                0.0,
                14.0
              ],
              "pivot": [
                0.0,
                43.81077,
                9.76174
              ],
              "rotation": [
                15.0,
                0.0,
                0.0
              ],
              "uv": [
                32,
                0
              ],
              "inflate": 0
            },
            {
              "origin": [
                -8.0,
                35.79046,
                3.23135
              ],
              "size": [
                16.0,
                0.0,
                14.0
              ],
              "pivot": [
                0.0,
                35.79046,
                10.23135
              ],
              "rotation": [
                -62.5,
                0.0,
                0.0
              ],
              "uv": [
                32,
                0
              ],
              "inflate": 0
            },
            {
              "origin": [
                -8.0,
                32.79046,
                3.23135
              ],
              "size": [
                16.0,
                0.0,
                14.0
              ],
              "pivot": [
                0.0,
                32.79046,
                10.23135
              ],
              "rotation": [
                -62.5,
                0.0,
                0.0
              ],
              "uv": [
                32,
                0
              ],
              "inflate": 0
            },
            {
              "origin": [
                -8.0,
                29.79046,
                3.23135
              ],
              "size": [
                16.0,
                0.0,
                14.0
              ],
              "pivot": [
                0.0,
                29.79046,
                10.23135
              ],
              "rotation": [
                -62.5,
                0.0,
                0.0
              ],
              "uv": [
                32,
                0
              ],
              "inflate": 0
            },
            {
              "origin": [
                -8.0,
                26.79046,
                3.23135
              ],
              "size": [
                16.0,
                0.0,
                14.0
              ],
              "pivot": [
                0.0,
                26.79046,
                10.23135
              ],
              "rotation": [
                -62.5,
                0.0,
                0.0
              ],
              "uv": [
                32,
                0
              ],
              "inflate": 0
            },
            {
              "origin": [
                -8.0,
                24.79046,
                3.23135
              ],
              "size": [
                16.0,
                0.0,
                14.0
              ],
              "pivot": [
                0.0,
                24.79046,
                10.23135
              ],
              "rotation": [
                -62.5,
                0.0,
                0.0
              ],
              "uv": [
                32,
                0
              ],
              "inflate": 0
            },
            {
              "origin": [
                -8.0,
                44.67786,
                -7.53246
              ],
              "size": [
                16.0,
                0.0,
                14.0
              ],
              "pivot": [
                0.0,
                44.67786,
                -0.53246
              ],
              "rotation": [
                22.5,
                0.0,
                0.0
              ],
              "uv": [
                0,
                35
              ],
              "inflate": 0
            }
          ],
          "parent": "Root"
        },
        {
          "name": "Rightarm",
          "pivot": [
            -9.21059,
            31.52532,
            0
          ],
          "cubes": [
            {
              "origin": [
                -11.0,
                25.0,
                -1.5
              ],
              "size": [
                3.0,
                9.0,
                3.0
              ],
              "uv": [
                60,
                14
              ],
              "inflate": 0
            },
            {
              "origin": [
                -11.24,
                15.28,
                -1.74
              ],
              "size": [
                3.48,
                10.44,
                3.48
              ],
              "uv": [
                0,
                35
              ],
              "inflate": 0
            },
            {
              "origin": [
                -11.13176,
                7.07596,
                -3.5
              ],
              "size": [
                5.0,
                9.0,
                7.0
              ],
              "pivot": [
                -8.63176,
                11.57596,
                0.0
              ],
              "rotation": [
                0.0,
                0.0,
                -10.0
              ],
              "uv": [
                28,
                52
              ],
              "inflate": 0
            }
          ],
          "parent": "Body"
        },
        {
          "name": "Leftarm",
          "pivot": [
            8.21059,
            31.52532,
            0
          ],
          "cubes": [
            {
              "origin": [
                8.0,
                25.0,
                -1.5
              ],
              "size": [
                3.0,
                9.0,
                3.0
              ],
              "uv": [
                60,
                14
              ],
              "inflate": 0,
              "mirror": true
            },
            {
              "origin": [
                7.76,
                15.28,
                -1.74
              ],
              "size": [
                3.48,
                10.44,
                3.48
              ],
              "uv": [
                0,
                35
              ],
              "inflate": 0,
              "mirror": true
            },
            {
              "origin": [
                6.13176,
                7.07596,
                -3.5
              ],
              "size": [
                5.0,
                9.0,
                7.0
              ],
              "pivot": [
                8.63176,
                11.57596,
                0.0
              ],
              "rotation": [
                0.0,
                0.0,
                10.0
              ],
              "uv": [
                28,
                52
              ],
              "inflate": 0,
              "mirror": true
            }
          ],
          "parent": "Body"
        },
        {
          "name": "Rightleg",
          "pivot": [
            -4.5,
            21.5,
            -0.66667
          ],
          "cubes": [
            {
              "origin": [
                -6.0,
                12.0,
                -1.5
              ],
              "size": [
                3.0,
                9.0,
                3.0
              ],
              "uv": [
                56,
                35
              ],
              "inflate": 0
            },
            {
              "origin": [
                -6.24,
                2.28,
                -1.74
              ],
              "size": [
                3.48,
                10.44,
                3.48
              ],
              "uv": [
                0,
                0
              ],
              "inflate": 0
            },
            {
              "origin": [
                -7.0,
                0.0,
                -6.5
              ],
              "size": [
                5.0,
                3.0,
                9.0
              ],
              "uv": [
                37,
                40
              ],
              "inflate": 0
            }
          ],
          "parent": "Root"
        },
        {
          "name": "Leftleg",
          "pivot": [
            4.5,
            21.5,
            -0.66667
          ],
          "cubes": [
            {
              "origin": [
                3.0,
                12.0,
                -1.5
              ],
              "size": [
                3.0,
                9.0,
                3.0
              ],
              "uv": [
                56,
                35
              ],
              "inflate": 0,
              "mirror": true
            },
            {
              "origin": [
                2.76,
                2.28,
                -1.74
              ],
              "size": [
                3.48,
                10.44,
                3.48
              ],
              "uv": [
                0,
                0
              ],
              "inflate": 0,
              "mirror": true
            },
            {
              "origin": [
                2.0,
                0.0,
                -6.5
              ],
              "size": [
                5.0,
                3.0,
                9.0
              ],
              "uv": [
                37,
                40
              ],
              "inflate": 0,
              "mirror": true
            }
          ],
          "parent": "Root"
        }
      ]
    }
  ]
}