{
  "format_version": "1.12.0",
  "minecraft:geometry": [
    {
      "description": {
        "identifier": "geometry.yg_ms_luna",
        "texture_width": 128,
        "texture_height": 128,
        "visible_bounds_width": 3,
        "visible_bounds_height": 4.5,
        "visible_bounds_offset": [
          0,
          1.75,
          0
        ]
      },
      "bones": [
        {
          "name": "Root"
        },
        {
          "name": "Body",
          "pivot": [
            0,
            20,
            0
          ],
          "cubes": [
            {
              "origin": [
                -3.0,
                26.0,
                -2.0
              ],
              "size": [
                6.0,
                9.0,
                6.0
              ],
              "uv": [
                36,
                52
              ],
              "inflate": 0
            },
            {
              "origin": [
                -12.90374,
                34.7611,
                4.1
              ],
              "size": [
                14.0,
                4.0,
                0.0
              ],
              "pivot": [
                -5.90374,
                36.7611,
                4.1
              ],
              "rotation": [
                0.0,
                0.0,
                32.5
              ],
              "uv": [
                48,
                4
              ],
              "inflate": 0
            },
            {
              "origin": [
                -1.09626,
                34.7611,
                4.1
              ],
              "size": [
                14.0,
                4.0,
                0.0
              ],
              "pivot": [
                5.90374,
                36.7611,
                4.1
              ],
              "rotation": [
                0.0,
                0.0,
                -32.5
              ],
              "uv": [
                48,
                0
              ],
              "inflate": 0
            },
            {
              "origin": [
                -0.78304,
                26.3135,
                4.1
              ],
              "size": [
                10.0,
                4.0,
                0.0
              ],
              "pivot": [
                4.21696,
                28.3135,
                4.1
              ],
              "rotation": [
                0.0,
                0.0,
                32.5
              ],
              "uv": [
                24,
                4
              ],
              "inflate": 0
            },
            {
              "origin": [
                -9.21696,
                26.3135,
                4.1
              ],
              "size": [
                10.0,
                4.0,
                0.0
              ],
              "pivot": [
                -4.21696,
                28.3135,
                4.1
              ],
              "rotation": [
                0.0,
                0.0,
                -32.5
              ],
              "uv": [
                24,
                0
              ],
              "inflate": 0
            },
            {
              "origin": [
                -2.0,
                21.0,
                -1.0
              ],
              "size": [
                4.0,
                5.0,
                4.0
              ],
              "uv": [
                0,
                53
              ],
              "inflate": 0
            },
            {
              "origin": [
                -2.48,
                18.76,
                -1.48
              ],
              "size": [
                4.96,
                2.48,
                4.96
              ],
              "uv": [
                52,
                18
              ],
              "inflate": 0
            },
            {
              "origin": [
                -1.5,
                35.0,
                -0.5
              ],
              "size": [
                3.0,
                2.0,
                3.0
              ],
              "uv": [
                36,
                20
              ],
              "inflate": 0
            },
            {
              "origin": [
                -0.5,
                20.0,
                -5.0
              ],
              "size": [
                1.0,
                1.0,
                12.0
              ],
              "uv": [
                16,
                41
              ],
              "inflate": 0
            },
            {
              "origin": [
                0.26868,
                19.68813,
                -5.0
              ],
              "size": [
                2.0,
                1.0,
                12.0
              ],
              "pivot": [
                1.26868,
                20.18813,
                1.0
              ],
              "rotation": [
                0.0,
                0.0,
                20.0
              ],
              "uv": [
                0,
                40
              ],
              "inflate": 0
            },
            {
              "origin": [
                -2.26868,
                19.68813,
                -5.0
              ],
              "size": [
                2.0,
                1.0,
                12.0
              ],
              "pivot": [
                -1.26868,
                20.18813,
                1.0
              ],
              "rotation": [
                0.0,
                0.0,
                -20.0
              ],
              "uv": [
                32,
                0
              ],
              "inflate": 0
            },
            {
              "origin": [
                -6.0,
                20.0,
                0.5
              ],
              "size": [
                12.0,
                1.0,
                1.0
              ],
              "uv": [
                52,
                16
              ],
              "inflate": 0
            },
            {
              "origin": [
                -6.0,
                19.56699,
                1.11603
              ],
              "size": [
                12.0,
                1.0,
                2.0
              ],
              "pivot": [
                0.0,
                20.06699,
                2.11603
              ],
              "rotation": [
                -30.0,
                0.0,
                0.0
              ],
              "uv": [
                52,
                13
              ],
              "inflate": 0
            },
            {
              "origin": [
                -6.0,
                19.56699,
                -1.11603
              ],
              "size": [
                12.0,
                1.0,
                2.0
              ],
              "pivot": [
                0.0,
                20.06699,
                -0.11603
              ],
              "rotation": [
                30.0,
                0.0,
                0.0
              ],
              "uv": [
                48,
                8
              ],
              "inflate": 0
            },
            {
              "origin": [
                -0.5,
                20.0,
                -5.0
              ],
              "size": [
                1.0,
                1.0,
                12.0
              ],
              "pivot": [
                0.0,
                20.5,
                1.0
              ],
              "rotation": [
                0.0,
                -45.0,
                0.0
              ],
              "uv": [
                40,
                39
              ],
              "inflate": 0
            },
            {
              "origin": [
                -1.87154,
                19.65538,
                -5.87154
              ],
              "size": [
                2.0,
                1.0,
                12.0
              ],
              "pivot": [
                -0.87154,
                20.15538,
                0.12846
              ],
              "rotation": [
                20.94102,
                -40.78947,
                -30.36119
              ],
              "uv": [
                36,
                13
              ],
              "inflate": 0
            },
            {
              "origin": [
                -0.12846,
                19.65538,
                -5.87154
              ],
              "size": [
                2.0,
                1.0,
                12.0
              ],
              "pivot": [
                0.87154,
                20.15538,
                0.12846
              ],
              "rotation": [
                20.94102,
                40.78947,
                30.36119
              ],
              "uv": [
                24,
                28
              ],
              "inflate": 0
            },
            {
              "origin": [
                -0.12846,
                19.65538,
                -4.12846
              ],
              "size": [
                2.0,
                1.0,
                12.0
              ],
              "pivot": [
                0.87154,
                20.15538,
                1.87154
              ],
              "rotation": [
                -20.94102,
                -40.78947,
                30.36119
              ],
              "uv": [
                8,
                27
              ],
              "inflate": 0
            },
            {
              "origin": [
                -1.87154,
                19.65538,
                -4.12846
              ],
              "size": [
                2.0,
                1.0,
                12.0
              ],
              "pivot": [
                -0.87154,
                20.15538,
                1.87154
              ],
              "rotation": [
                -20.94102,
                40.78947,
                -30.36119
              ],
              "uv": [
                20,
                14
              ],
              "inflate": 0
            },
            {
              "origin": [
                -0.5,
                20.0,
                -5.0
              ],
              "size": [
                1.0,
                1.0,
                12.0
              ],
              "pivot": [
                0.0,
                20.5,
                1.0
              ],
              "rotation": [
                0.0,
                45.0,
                0.0
              ],
              "uv": [
                40,
                26
              ],
              "inflate": 0
            }
          ],
          "parent": "Root"
        },
        {
          "name": "Head",
          "pivot": [
            0,
            36,
            1
          ],
          "cubes": [
            {
              "origin": [
                -4.0,
                36.0,
                -4.0
              ],
              "size": [
                8.0,
                6.0,
                8.0
              ],
              "pivot": [
                0.0,
                39.0,
                0.0
              ],
              "rotation": [
                7.5,
                0.0,
                0.0
              ],
              "uv": [
                0,
                0
              ],
              "inflate": 0
            },
            {
              "origin": [
                -2.5,
                41.49644,
                -2.5
              ],
              "size": [
                5.0,
                4.0,
                5.0
              ],
              "uv": [
                30,
                41
              ],
              "inflate": 0
            },
            {
              "origin": [
                -2.5,
                41.49644,
                -6.5
              ],
              "size": [
                0.0,
                12.0,
                11.0
              ],
              "pivot": [
                -2.5,
                47.49644,
                -1.0
              ],
              "rotation": [
                -5.0,
                17.5,
                0.0
              ],
              "uv": [
                0,
                3
              ],
              "inflate": 0
            },
            {
              "origin": [
                2.5,
                41.49644,
                -6.5
              ],
              "size": [
                0.0,
                12.0,
                11.0
              ],
              "pivot": [
                2.5,
                47.49644,
                -1.0
              ],
              "rotation": [
                -5.0,
                -17.5,
                0.0
              ],
              "uv": [
                0,
                3
              ],
              "inflate": 0,
              "mirror": true
            },
            {
              "origin": [
                -5.0,
                39.0,
                -5.0
              ],
              "size": [
                3.0,
                4.0,
                3.0
              ],
              "pivot": [
                -3.5,
                41.0,
                -3.5
              ],
              "rotation": [
                0.0,
                15.0,
                0.0
              ],
              "uv": [
                36,
                13
              ],
              "inflate": 0
            },
            {
              "origin": [
                2.0,
                39.0,
                -5.0
              ],
              "size": [
                3.0,
                4.0,
                3.0
              ],
              "pivot": [
                3.5,
                41.0,
                -3.5
              ],
              "rotation": [
                0.0,
                -15.0,
                0.0
              ],
              "uv": [
                36,
                13
              ],
              "inflate": 0,
              "mirror": true
            }
          ],
          "parent": "Body"
        },
        {
          "name": "Rightarm",
          "pivot": [
            -3,
            34,
            1
          ],
          "cubes": [
            {
              "origin": [
                -5.1448,
                25.3484,
                -0.1448
              ],
              "size": [
                2.2896,
                9.3032,
                2.2896
              ],
              "uv": [
                16,
                40
              ],
              "inflate": 0
            },
            {
              "origin": [
                -5.0,
                18.92554,
                -3.33256
              ],
              "size": [
                2.0,
                9.0,
                2.0
              ],
              "pivot": [
                -4.0,
                23.42554,
                -2.33256
              ],
              "rotation": [
                -57.5,
                0.0,
                0.0
              ],
              "uv": [
                0,
                39
              ],
              "inflate": 0
            },
            {
              "origin": [
                -4.0,
                10.19423,
                -7.25091
              ],
              "size": [
                0.0,
                13.0,
                10.0
              ],
              "pivot": [
                -4.0,
                16.69423,
                -2.25091
              ],
              "rotation": [
                45.0,
                0.0,
                0.0
              ],
              "uv": [
                0,
                16
              ],
              "inflate": 0
            }
          ],
          "parent": "Body"
        },
        {
          "name": "Leftleg",
          "pivot": [
            3,
            34,
            1
          ],
          "cubes": [
            {
              "origin": [
                2.8552,
                25.3484,
                -0.1448
              ],
              "size": [
                2.2896,
                9.3032,
                2.2896
              ],
              "uv": [
                16,
                40
              ],
              "inflate": 0,
              "mirror": true
            },
            {
              "origin": [
                3.0,
                18.92554,
                -3.33256
              ],
              "size": [
                2.0,
                9.0,
                2.0
              ],
              "pivot": [
                4.0,
                23.42554,
                -2.33256
              ],
              "rotation": [
                -57.5,
                0.0,
                0.0
              ],
              "uv": [
                0,
                39
              ],
              "inflate": 0,
              "mirror": true
            },
            {
              "origin": [
                4.0,
                10.19423,
                -7.25091
              ],
              "size": [
                0.0,
                13.0,
                10.0
              ],
              "pivot": [
                4.0,
                16.69423,
                -2.25091
              ],
              "rotation": [
                45.0,
                0.0,
                0.0
              ],
              "uv": [
                0,
                16
              ],
              "inflate": 0,
              "mirror": true
            }
          ],
          "parent": "Body"
        },
        {
          "name": "Leg",
          "pivot": [
            -2,
            19.5,
            -1
          ],
          "cubes": [
            {
              "origin": [
                -4.51116,
                16.20544,
                -2.16
              ],
              "size": [
                2.32,
                4.64,
                2.32
              ],
              "pivot": [
                -3.35116,
                18.52544,
                -1.0
              ],
              "rotation": [
                0.0,
                0.0,
                42.5
              ],
              "uv": [
                40,
                30
              ],
              "inflate": 0
            },
            {
              "origin": [
                -5.43964,
                7.72648,
                -2.0
              ],
              "size": [
                2.0,
                10.0,
                2.0
              ],
              "uv": [
                24,
                27
              ],
              "inflate": 0
            },
            {
              "origin": [
                -3.67193,
                0.25267,
                -1.7
              ],
              "size": [
                1.4,
                8.6,
                1.4
              ],
              "pivot": [
                -2.97193,
                4.55267,
                -1.0
              ],
              "rotation": [
                0.0,
                0.0,
                -20.0
              ],
              "uv": [
                8,
                40
              ],
              "inflate": 0
            },
            {
              "origin": [
                -6.30418,
                0.38623,
                -1.5
              ],
              "size": [
                5.0,
                2.0,
                1.0
              ],
              "uv": [
                40,
                27
              ],
              "inflate": 0
            }
          ],
          "parent": "Root"
        },
        {
          "name": "Leg3",
          "pivot": [
            -2,
            19.5,
            3
          ],
          "cubes": [
            {
              "origin": [
                -4.51116,
                16.20544,
                1.84
              ],
              "size": [
                2.32,
                4.64,
                2.32
              ],
              "pivot": [
                -3.35116,
                18.52544,
                3.0
              ],
              "rotation": [
                0.0,
                0.0,
                42.5
              ],
              "uv": [
                40,
                30
              ],
              "inflate": 0
            },
            {
              "origin": [
                -5.43964,
                7.72648,
                2.0
              ],
              "size": [
                2.0,
                10.0,
                2.0
              ],
              "uv": [
                24,
                27
              ],
              "inflate": 0
            },
            {
              "origin": [
                -3.67193,
                0.25267,
                2.3
              ],
              "size": [
                1.4,
                8.6,
                1.4
              ],
              "pivot": [
                -2.97193,
                4.55267,
                3.0
              ],
              "rotation": [
                0.0,
                0.0,
                -20.0
              ],
              "uv": [
                8,
                40
              ],
              "inflate": 0
            },
            {
              "origin": [
                -6.30418,
                0.38623,
                2.5
              ],
              "size": [
                5.0,
                2.0,
                1.0
              ],
              "uv": [
                40,
                27
              ],
              "inflate": 0
            }
          ],
          "parent": "Root"
        },
        {
          "name": "Leg2",
          "pivot": [
            2,
            19.5,
            -1
          ],
          "cubes": [
            {
              "origin": [
                2.19118,
                16.20545,
                -2.16
              ],
              "size": [
                2.32,
                4.64,
                2.32
              ],
              "pivot": [
                3.35118,
                18.52545,
                -1.0
              ],
              "rotation": [
                0.0,
                0.0,
                -42.5
              ],
              "uv": [
                0,
                0
              ],
              "inflate": 0
            },
            {
              "origin": [
                3.43964,
                7.72648,
                -2.0
              ],
              "size": [
                2.0,
                10.0,
                2.0
              ],
              "uv": [
                22,
                14
              ],
              "inflate": 0
            },
            {
              "origin": [
                2.27193,
                0.25267,
                -1.7
              ],
              "size": [
                1.4,
                8.6,
                1.4
              ],
              "pivot": [
                2.97193,
                4.55267,
                -1.0
              ],
              "rotation": [
                0.0,
                0.0,
                20.0
              ],
              "uv": [
                32,
                27
              ],
              "inflate": 0
            },
            {
              "origin": [
                1.30418,
                0.38623,
                -1.5
              ],
              "size": [
                5.0,
                2.0,
                1.0
              ],
              "uv": [
                32,
                8
              ],
              "inflate": 0
            }
          ],
          "parent": "Root"
        },
        {
          "name": "Leg4",
          "pivot": [
            2,
            19.5,
            3
          ],
          "cubes": [
            {
              "origin": [
                2.19118,
                16.20545,
                1.84
              ],
              "size": [
                2.32,
                4.64,
                2.32
              ],
              "pivot": [
                3.35118,
                18.52545,
                3.0
              ],
              "rotation": [
                0.0,
                0.0,
                -42.5
              ],
              "uv": [
                0,
                0
              ],
              "inflate": 0
            },
            {
              "origin": [
                3.43964,
                7.72648,
                2.0
              ],
              "size": [
                2.0,
                10.0,
                2.0
              ],
              "uv": [
                22,
                14
              ],
              "inflate": 0
            },
            {
              "origin": [
                2.27193,
                0.25267,
                2.3
              ],
              "size": [
                1.4,
                8.6,
                1.4
              ],
              "pivot": [
                2.97193,
                4.55267,
                3.0
              ],
              "rotation": [
                0.0,
                0.0,
                20.0
              ],
              "uv": [
                32,
                27
              ],
              "inflate": 0
            },
            {
              "origin": [
                1.30418,
                0.38623,
                2.5
              ],
              "size": [
                5.0,
                2.0,
                1.0
              ],
              "uv": [
                32,
                8
              ],
              "inflate": 0
            }
          ],
          "parent": "Root"
        }
      ]
    }
  ]
}