{
  "format_version": "1.12.0",
  "minecraft:geometry": [
    {
      "description": {
        "identifier": "geometry.yg_noodle_ninja",
        "texture_width": 128,
        "texture_height": 128,
        "visible_bounds_width": 3,
        "visible_bounds_height": 5.5,
        "visible_bounds_offset": [
          0,
          2.25,
          0
        ]
      },
      "bones": [
        {
          "name": "Root",
          "pivot": [
            0,
            2,
            0
          ]
        },
        {
          "name": "Body",
          "pivot": [
            0,
            50,
            0
          ],
          "cubes": [
            {
              "origin": [
                -6.0,
                50.0,
                -6.0
              ],
              "size": [
                12.0,
                12.0,
                12.0
              ],
              "uv": [
                0,
                24
              ],
              "inflate": 0
            },
            {
              "origin": [
                -6.24,
                44.9,
                -6.24
              ],
              "size": [
                12.48,
                5.2,
                12.48
              ],
              "uv": [
                36,
                12
              ],
              "inflate": 0
            },
            {
              "origin": [
                -6.36,
                49.67,
                -6.36
              ],
              "size": [
                12.72,
                12.66,
                12.72
              ],
              "uv": [
                0,
                0
              ],
              "inflate": 0
            },
            {
              "origin": [
                -5.0,
                53.0,
                -6.6
              ],
              "size": [
                10.0,
                5.0,
                0.0
              ],
              "uv": [
                49,
                0
              ],
              "inflate": 0
            },
            {
              "origin": [
                -5.0,
                60.0,
                -7.0
              ],
              "size": [
                4.0,
                4.0,
                3.0
              ],
              "uv": [
                54,
                43
              ],
              "inflate": 0
            },
            {
              "origin": [
                1.0,
                60.0,
                -7.0
              ],
              "size": [
                4.0,
                4.0,
                3.0
              ],
              "uv": [
                54,
                43
              ],
              "inflate": 0,
              "mirror": true
            }
          ],
          "parent": "Root"
        },
        {
          "name": "Rightarm",
          "pivot": [
            -6,
            52.5,
            0
          ],
          "cubes": [
            {
              "origin": [
                -8.0,
                39.0,
                -1.0
              ],
              "size": [
                2.0,
                15.0,
                2.0
              ],
              "uv": [
                48,
                29
              ],
              "inflate": 0
            }
          ],
          "parent": "Body"
        },
        {
          "name": "bone",
          "pivot": [
            -7,
            39,
            0
          ],
          "cubes": [
            {
              "origin": [
                -8.1,
                23.25,
                -1.1
              ],
              "size": [
                2.2,
                16.5,
                2.2
              ],
              "uv": [
                16,
                48
              ],
              "inflate": 0
            }
          ],
          "parent": "Rightarm"
        },
        {
          "name": "bone2",
          "pivot": [
            -7,
            24,
            0
          ],
          "cubes": [
            {
              "origin": [
                -8.22,
                5.35,
                -1.22
              ],
              "size": [
                2.44,
                18.3,
                2.44
              ],
              "uv": [
                0,
                48
              ],
              "inflate": 0
            },
            {
              "origin": [
                -8.5,
                2.0,
                -2.0
              ],
              "size": [
                3.0,
                5.0,
                4.0
              ],
              "uv": [
                32,
                48
              ],
              "inflate": 0
            }
          ],
          "parent": "bone"
        },
        {
          "name": "Leftarm",
          "pivot": [
            6,
            52.5,
            0
          ],
          "cubes": [
            {
              "origin": [
                6.0,
                39.0,
                -1.0
              ],
              "size": [
                2.0,
                15.0,
                2.0
              ],
              "uv": [
                48,
                29
              ],
              "inflate": 0,
              "mirror": true
            }
          ],
          "parent": "Body"
        },
        {
          "name": "bone5",
          "pivot": [
            7,
            39,
            0
          ],
          "cubes": [
            {
              "origin": [
                5.9,
                23.25,
                -1.1
              ],
              "size": [
                2.2,
                16.5,
                2.2
              ],
              "uv": [
                16,
                48
              ],
              "inflate": 0,
              "mirror": true
            }
          ],
          "parent": "Leftarm"
        },
        {
          "name": "bone6",
          "pivot": [
            7,
            23,
            0
          ],
          "cubes": [
            {
              "origin": [
                5.78,
                5.35,
                -1.22
              ],
              "size": [
                2.44,
                18.3,
                2.44
              ],
              "uv": [
                0,
                48
              ],
              "inflate": 0,
              "mirror": true
            },
            {
              "origin": [
                5.5,
                2.0,
                -2.0
              ],
              "size": [
                3.0,
                5.0,
                4.0
              ],
              "uv": [
                32,
                48
              ],
              "inflate": 0,
              "mirror": true
            }
          ],
          "parent": "bone5"
        },
        {
          "name": "Rightleg",
          "pivot": [
            -3,
            50.5,
            0
          ],
          "cubes": [
            {
              "origin": [
                -4.0,
                35.0,
                -1.0
              ],
              "size": [
                2.0,
                15.0,
                2.0
              ],
              "uv": [
                24,
                48
              ],
              "inflate": 0
            }
          ],
          "parent": "Root"
        },
        {
          "name": "bone3",
          "pivot": [
            -3,
            35,
            0
          ],
          "cubes": [
            {
              "origin": [
                -4.1,
                19.25,
                -1.1
              ],
              "size": [
                2.2,
                16.5,
                2.2
              ],
              "uv": [
                8,
                48
              ],
              "inflate": 0
            }
          ],
          "parent": "Rightleg"
        },
        {
          "name": "bone4",
          "pivot": [
            -3,
            19,
            0
          ],
          "cubes": [
            {
              "origin": [
                -4.22,
                1.35,
                -1.22
              ],
              "size": [
                2.44,
                18.3,
                2.44
              ],
              "uv": [
                46,
                46
              ],
              "inflate": 0
            },
            {
              "origin": [
                -4.5,
                0.0,
                -5.0
              ],
              "size": [
                3.0,
                3.0,
                7.0
              ],
              "uv": [
                36,
                0
              ],
              "inflate": 0
            }
          ],
          "parent": "bone3"
        },
        {
          "name": "Leftleg",
          "pivot": [
            3,
            50.5,
            0
          ],
          "cubes": [
            {
              "origin": [
                2.0,
                35.0,
                -1.0
              ],
              "size": [
                2.0,
                15.0,
                2.0
              ],
              "uv": [
                24,
                48
              ],
              "inflate": 0,
              "mirror": true
            }
          ],
          "parent": "Root"
        },
        {
          "name": "bone7",
          "pivot": [
            3,
            35,
            0
          ],
          "cubes": [
            {
              "origin": [
                1.9,
                19.25,
                -1.1
              ],
              "size": [
                2.2,
                16.5,
                2.2
              ],
              "uv": [
                8,
                48
              ],
              "inflate": 0,
              "mirror": true
            }
          ],
          "parent": "Leftleg"
        },
        {
          "name": "bone8",
          "pivot": [
            3,
            19,
            0
          ],
          "cubes": [
            {
              "origin": [
                1.78,
                1.35,
                -1.22
              ],
              "size": [
                2.44,
                18.3,
                2.44
              ],
              "uv": [
                46,
                46
              ],
              "inflate": 0,
              "mirror": true
            },
            {
              "origin": [
                1.5,
                0.0,
                -5.0
              ],
              "size": [
                3.0,
                3.0,
                7.0
              ],
              "uv": [
                36,
                0
              ],
              "inflate": 0,
              "mirror": true
            }
          ],
          "parent": "bone7"
        }
      ]
    }
  ]
}