{
  "format_version": "1.12.0",
  "minecraft:geometry": [
    {
      "description": {
        "identifier": "geometry.yg_nibbler",
        "texture_width": 128,
        "texture_height": 128,
        "visible_bounds_width": 6,
        "visible_bounds_height": 3.5,
        "visible_bounds_offset": [
          0,
          1.25,
          0
        ]
      },
      "bones": [
        {
          "name": "Root"
        },
        {
          "name": "Body",
          "pivot": [
            0,
            12,
            0
          ],
          "cubes": [
            {
              "origin": [
                -4.0,
                0.88429,
                -1.75176
              ],
              "size": [
                8.0,
                5.0,
                6.0
              ],
              "pivot": [
                0.0,
                3.38429,
                1.24824
              ],
              "rotation": [
                17.5,
                0.0,
                0.0
              ],
              "uv": [
                0,
                62
              ],
              "inflate": 0
            },
            {
              "origin": [
                -4.5,
                5.02139,
                -3.17368
              ],
              "size": [
                9.0,
                6.0,
                7.0
              ],
              "pivot": [
                0.0,
                8.02139,
                0.32632
              ],
              "rotation": [
                7.5,
                0.0,
                0.0
              ],
              "uv": [
                48,
                0
              ],
              "inflate": 0
            },
            {
              "origin": [
                -5.5,
                10.0,
                -4.0
              ],
              "size": [
                11.0,
                7.0,
                8.0
              ],
              "uv": [
                40,
                13
              ],
              "inflate": 0
            },
            {
              "origin": [
                -7.0,
                17.0,
                -5.0
              ],
              "size": [
                14.0,
                11.0,
                10.0
              ],
              "uv": [
                0,
                0
              ],
              "inflate": 0
            },
            {
              "origin": [
                -3.0,
                23.0,
                -6.0
              ],
              "size": [
                6.0,
                6.0,
                6.0
              ],
              "uv": [
                46,
                63
              ],
              "inflate": 0
            },
            {
              "origin": [
                -3.62455,
                28.05779,
                -4.0
              ],
              "size": [
                1.0,
                4.0,
                1.0
              ],
              "pivot": [
                -3.12455,
                30.05779,
                -3.5
              ],
              "rotation": [
                0.0,
                0.0,
                -17.5
              ],
              "uv": [
                24,
                38
              ],
              "inflate": 0
            },
            {
              "origin": [
                2.62455,
                28.05779,
                -4.0
              ],
              "size": [
                1.0,
                4.0,
                1.0
              ],
              "pivot": [
                3.12455,
                30.05779,
                -3.5
              ],
              "rotation": [
                0.0,
                0.0,
                17.5
              ],
              "uv": [
                24,
                38
              ],
              "inflate": 0,
              "mirror": true
            },
            {
              "origin": [
                -4.29054,
                31.83477,
                -4.0
              ],
              "size": [
                1.0,
                4.0,
                1.0
              ],
              "pivot": [
                -3.79054,
                33.83477,
                -3.5
              ],
              "rotation": [
                0.0,
                0.0,
                -2.5
              ],
              "uv": [
                6,
                26
              ],
              "inflate": 0
            },
            {
              "origin": [
                3.29054,
                31.83477,
                -4.0
              ],
              "size": [
                1.0,
                4.0,
                1.0
              ],
              "pivot": [
                3.79054,
                33.83477,
                -3.5
              ],
              "rotation": [
                0.0,
                0.0,
                2.5
              ],
              "uv": [
                6,
                26
              ],
              "inflate": 0,
              "mirror": true
            },
            {
              "origin": [
                -5.33416,
                34.83382,
                -5.0
              ],
              "size": [
                3.0,
                3.0,
                3.0
              ],
              "uv": [
                38,
                0
              ],
              "inflate": 0
            },
            {
              "origin": [
                2.33416,
                34.83382,
                -5.0
              ],
              "size": [
                3.0,
                3.0,
                3.0
              ],
              "uv": [
                38,
                0
              ],
              "inflate": 0,
              "mirror": true
            },
            {
              "origin": [
                -5.43154,
                37.09104,
                -5.12
              ],
              "size": [
                3.24,
                1.08,
                3.24
              ],
              "pivot": [
                -3.81154,
                37.63104,
                -3.5
              ],
              "rotation": [
                0.0,
                0.0,
                7.5
              ],
              "uv": [
                30,
                25
              ],
              "inflate": 0
            },
            {
              "origin": [
                2.19154,
                37.09104,
                -5.12
              ],
              "size": [
                3.24,
                1.08,
                3.24
              ],
              "pivot": [
                3.81154,
                37.63104,
                -3.5
              ],
              "rotation": [
                0.0,
                0.0,
                -7.5
              ],
              "uv": [
                30,
                25
              ],
              "inflate": 0,
              "mirror": true
            },
            {
              "origin": [
                -4.8,
                35.5,
                -5.1
              ],
              "size": [
                2.0,
                2.0,
                0.0
              ],
              "uv": [
                0,
                0
              ],
              "inflate": 0
            },
            {
              "origin": [
                2.8,
                35.5,
                -5.1
              ],
              "size": [
                2.0,
                2.0,
                0.0
              ],
              "uv": [
                0,
                0
              ],
              "inflate": 0,
              "mirror": true
            },
            {
              "origin": [
                -4.0,
                22.0,
                -8.0
              ],
              "size": [
                8.0,
                8.0,
                2.0
              ],
              "uv": [
                56,
                28
              ],
              "inflate": 0
            },
            {
              "origin": [
                -12.0076,
                17.91318,
                -4.0
              ],
              "size": [
                6.0,
                9.0,
                8.0
              ],
              "pivot": [
                -9.0076,
                22.41318,
                0.0
              ],
              "rotation": [
                0.0,
                0.0,
                10.0
              ],
              "uv": [
                24,
                51
              ],
              "inflate": 0
            },
            {
              "origin": [
                6.0076,
                17.91318,
                -4.0
              ],
              "size": [
                6.0,
                9.0,
                8.0
              ],
              "pivot": [
                9.0076,
                22.41318,
                0.0
              ],
              "rotation": [
                0.0,
                0.0,
                -10.0
              ],
              "uv": [
                24,
                51
              ],
              "inflate": 0,
              "mirror": true
            }
          ],
          "parent": "Root"
        },
        {
          "name": "Rightarm",
          "pivot": [
            -11,
            23,
            0
          ],
          "cubes": [
            {
              "origin": [
                -21.06942,
                21.54894,
                -3.0
              ],
              "size": [
                10.0,
                6.0,
                6.0
              ],
              "pivot": [
                -16.06942,
                24.54894,
                0.0
              ],
              "rotation": [
                0.0,
                0.0,
                17.5
              ],
              "uv": [
                52,
                51
              ],
              "inflate": 0
            },
            {
              "origin": [
                -22.95262,
                24.08525,
                -5.0
              ],
              "size": [
                2.0,
                2.0,
                1.0
              ],
              "pivot": [
                -21.95262,
                25.08525,
                -4.5
              ],
              "rotation": [
                0.0,
                0.0,
                5.0
              ],
              "uv": [
                0,
                57
              ],
              "inflate": 0
            },
            {
              "origin": [
                -22.95262,
                24.08525,
                4.0
              ],
              "size": [
                2.0,
                2.0,
                1.0
              ],
              "pivot": [
                -21.95262,
                25.08525,
                4.5
              ],
              "rotation": [
                0.0,
                0.0,
                5.0
              ],
              "uv": [
                50,
                54
              ],
              "inflate": 0
            },
            {
              "origin": [
                -20.48697,
                17.84662,
                -5.0
              ],
              "size": [
                2.0,
                2.0,
                1.0
              ],
              "pivot": [
                -19.48697,
                18.84662,
                -4.5
              ],
              "rotation": [
                0.0,
                0.0,
                5.0
              ],
              "uv": [
                44,
                54
              ],
              "inflate": 0
            },
            {
              "origin": [
                -20.48697,
                17.84662,
                4.0
              ],
              "size": [
                2.0,
                2.0,
                1.0
              ],
              "pivot": [
                -19.48697,
                18.84662,
                4.5
              ],
              "rotation": [
                0.0,
                0.0,
                5.0
              ],
              "uv": [
                50,
                51
              ],
              "inflate": 0
            },
            {
              "origin": [
                -21.48697,
                16.84662,
                -6.0
              ],
              "size": [
                4.0,
                4.0,
                1.0
              ],
              "pivot": [
                -19.48697,
                18.84662,
                -5.5
              ],
              "rotation": [
                0.0,
                0.0,
                5.0
              ],
              "uv": [
                0,
                21
              ],
              "inflate": 0
            },
            {
              "origin": [
                -21.48697,
                16.84662,
                5.0
              ],
              "size": [
                4.0,
                4.0,
                1.0
              ],
              "pivot": [
                -19.48697,
                18.84662,
                5.5
              ],
              "rotation": [
                0.0,
                0.0,
                5.0
              ],
              "uv": [
                0,
                21
              ],
              "inflate": 0
            },
            {
              "origin": [
                -23.95262,
                23.08525,
                -6.0
              ],
              "size": [
                4.0,
                4.0,
                1.0
              ],
              "pivot": [
                -21.95262,
                25.08525,
                -5.5
              ],
              "rotation": [
                0.0,
                0.0,
                -5.0
              ],
              "uv": [
                0,
                21
              ],
              "inflate": 0
            },
            {
              "origin": [
                -23.95262,
                23.08525,
                5.0
              ],
              "size": [
                4.0,
                4.0,
                1.0
              ],
              "pivot": [
                -21.95262,
                25.08525,
                5.5
              ],
              "rotation": [
                0.0,
                0.0,
                -5.0
              ],
              "uv": [
                0,
                21
              ],
              "inflate": 0
            },
            {
              "origin": [
                -25.17431,
                16.00761,
                -4.0
              ],
              "size": [
                8.0,
                13.0,
                8.0
              ],
              "pivot": [
                -21.17431,
                22.50761,
                0.0
              ],
              "rotation": [
                0.0,
                0.0,
                5.0
              ],
              "uv": [
                32,
                30
              ],
              "inflate": 0
            },
            {
              "origin": [
                -26.02645,
                23.3941,
                0.0
              ],
              "size": [
                1.0,
                2.0,
                2.0
              ],
              "pivot": [
                -25.52645,
                24.3941,
                1.0
              ],
              "rotation": [
                0.0,
                0.0,
                5.0
              ],
              "uv": [
                38,
                6
              ],
              "inflate": 0
            },
            {
              "origin": [
                -26.54939,
                17.41694,
                -2.0
              ],
              "size": [
                1.0,
                2.0,
                2.0
              ],
              "pivot": [
                -26.04939,
                18.41694,
                -1.0
              ],
              "rotation": [
                0.0,
                0.0,
                5.0
              ],
              "uv": [
                0,
                38
              ],
              "inflate": 0
            },
            {
              "origin": [
                -25.2056,
                12.98097,
                -5.48
              ],
              "size": [
                2.0,
                2.0,
                1.0
              ],
              "uv": [
                44,
                51
              ],
              "inflate": 0
            },
            {
              "origin": [
                -25.2056,
                12.98097,
                4.52
              ],
              "size": [
                2.0,
                2.0,
                1.0
              ],
              "uv": [
                47,
                0
              ],
              "inflate": 0
            },
            {
              "origin": [
                -27.2056,
                10.98097,
                -0.48
              ],
              "size": [
                1.0,
                2.0,
                2.0
              ],
              "uv": [
                30,
                21
              ],
              "inflate": 0
            },
            {
              "origin": [
                -17.2056,
                10.98097,
                -0.48
              ],
              "size": [
                1.0,
                2.0,
                2.0
              ],
              "uv": [
                0,
                26
              ],
              "inflate": 0
            },
            {
              "origin": [
                -28.2056,
                9.98097,
                -1.48
              ],
              "size": [
                1.0,
                4.0,
                4.0
              ],
              "pivot": [
                -27.7056,
                11.98097,
                0.52
              ],
              "rotation": [
                -12.5,
                0.0,
                0.0
              ],
              "uv": [
                0,
                0
              ],
              "inflate": 0
            },
            {
              "origin": [
                -16.2056,
                9.98097,
                -1.48
              ],
              "size": [
                1.0,
                4.0,
                4.0
              ],
              "pivot": [
                -15.7056,
                11.98097,
                0.52
              ],
              "rotation": [
                -12.5,
                0.0,
                0.0
              ],
              "uv": [
                0,
                0
              ],
              "inflate": 0
            },
            {
              "origin": [
                -20.2056,
                8.98097,
                -5.48
              ],
              "size": [
                2.0,
                2.0,
                1.0
              ],
              "uv": [
                24,
                43
              ],
              "inflate": 0
            },
            {
              "origin": [
                -20.2056,
                8.98097,
                4.52
              ],
              "size": [
                2.0,
                2.0,
                1.0
              ],
              "uv": [
                0,
                42
              ],
              "inflate": 0
            },
            {
              "origin": [
                -21.2056,
                7.98097,
                -6.48
              ],
              "size": [
                4.0,
                4.0,
                1.0
              ],
              "pivot": [
                -19.2056,
                9.98097,
                -5.98
              ],
              "rotation": [
                0.0,
                0.0,
                5.0
              ],
              "uv": [
                0,
                21
              ],
              "inflate": 0
            },
            {
              "origin": [
                -21.2056,
                7.98097,
                5.52
              ],
              "size": [
                4.0,
                4.0,
                1.0
              ],
              "pivot": [
                -19.2056,
                9.98097,
                6.02
              ],
              "rotation": [
                0.0,
                0.0,
                5.0
              ],
              "uv": [
                0,
                21
              ],
              "inflate": 0
            },
            {
              "origin": [
                -26.2056,
                11.98097,
                -6.48
              ],
              "size": [
                4.0,
                4.0,
                1.0
              ],
              "pivot": [
                -24.2056,
                13.98097,
                -5.98
              ],
              "rotation": [
                0.0,
                0.0,
                -15.0
              ],
              "uv": [
                0,
                21
              ],
              "inflate": 0
            },
            {
              "origin": [
                -26.2056,
                11.98097,
                5.52
              ],
              "size": [
                4.0,
                4.0,
                1.0
              ],
              "pivot": [
                -24.2056,
                13.98097,
                6.02
              ],
              "rotation": [
                0.0,
                0.0,
                -15.0
              ],
              "uv": [
                0,
                21
              ],
              "inflate": 0
            },
            {
              "origin": [
                -27.54558,
                16.50409,
                -3.0
              ],
              "size": [
                1.0,
                4.0,
                4.0
              ],
              "pivot": [
                -27.04558,
                18.50409,
                -1.0
              ],
              "rotation": [
                5.0,
                0.0,
                5.0
              ],
              "uv": [
                0,
                0
              ],
              "inflate": 0
            },
            {
              "origin": [
                -27.02265,
                22.48126,
                -1.0
              ],
              "size": [
                1.0,
                4.0,
                4.0
              ],
              "pivot": [
                -26.52265,
                24.48126,
                1.0
              ],
              "rotation": [
                -7.5,
                0.0,
                5.0
              ],
              "uv": [
                0,
                0
              ],
              "inflate": 0
            },
            {
              "origin": [
                -26.2056,
                5.78097,
                -4.48
              ],
              "size": [
                8.96,
                11.2,
                8.96
              ],
              "uv": [
                0,
                38
              ],
              "inflate": 0
            },
            {
              "origin": [
                -26.7656,
                -0.52903,
                -5.04
              ],
              "size": [
                10.08,
                7.82,
                10.08
              ],
              "uv": [
                0,
                21
              ],
              "inflate": 0
            }
          ],
          "parent": "Body"
        },
        {
          "name": "Leftarm",
          "pivot": [
            11,
            23,
            0
          ],
          "cubes": [
            {
              "origin": [
                11.06942,
                21.54894,
                -3.0
              ],
              "size": [
                10.0,
                6.0,
                6.0
              ],
              "pivot": [
                16.06942,
                24.54894,
                0.0
              ],
              "rotation": [
                0.0,
                0.0,
                -17.5
              ],
              "uv": [
                52,
                51
              ],
              "inflate": 0,
              "mirror": true
            },
            {
              "origin": [
                20.95262,
                24.08525,
                -5.0
              ],
              "size": [
                2.0,
                2.0,
                1.0
              ],
              "pivot": [
                21.95262,
                25.08525,
                -4.5
              ],
              "rotation": [
                0.0,
                0.0,
                -5.0
              ],
              "uv": [
                0,
                57
              ],
              "inflate": 0,
              "mirror": true
            },
            {
              "origin": [
                20.95262,
                24.08525,
                4.0
              ],
              "size": [
                2.0,
                2.0,
                1.0
              ],
              "pivot": [
                21.95262,
                25.08525,
                4.5
              ],
              "rotation": [
                0.0,
                0.0,
                -5.0
              ],
              "uv": [
                50,
                54
              ],
              "inflate": 0,
              "mirror": true
            },
            {
              "origin": [
                18.48697,
                17.84662,
                -5.0
              ],
              "size": [
                2.0,
                2.0,
                1.0
              ],
              "pivot": [
                19.48697,
                18.84662,
                -4.5
              ],
              "rotation": [
                0.0,
                0.0,
                -5.0
              ],
              "uv": [
                44,
                54
              ],
              "inflate": 0,
              "mirror": true
            },
            {
              "origin": [
                18.48697,
                17.84662,
                4.0
              ],
              "size": [
                2.0,
                2.0,
                1.0
              ],
              "pivot": [
                19.48697,
                18.84662,
                4.5
              ],
              "rotation": [
                0.0,
                0.0,
                -5.0
              ],
              "uv": [
                50,
                51
              ],
              "inflate": 0,
              "mirror": true
            },
            {
              "origin": [
                17.48697,
                16.84662,
                -6.0
              ],
              "size": [
                4.0,
                4.0,
                1.0
              ],
              "pivot": [
                19.48697,
                18.84662,
                -5.5
              ],
              "rotation": [
                0.0,
                0.0,
                -5.0
              ],
              "uv": [
                0,
                21
              ],
              "inflate": 0,
              "mirror": true
            },
            {
              "origin": [
                17.48697,
                16.84662,
                5.0
              ],
              "size": [
                4.0,
                4.0,
                1.0
              ],
              "pivot": [
                19.48697,
                18.84662,
                5.5
              ],
              "rotation": [
                0.0,
                0.0,
                -5.0
              ],
              "uv": [
                0,
                21
              ],
              "inflate": 0,
              "mirror": true
            },
            {
              "origin": [
                19.95262,
                23.08525,
                -6.0
              ],
              "size": [
                4.0,
                4.0,
                1.0
              ],
              "pivot": [
                21.95262,
                25.08525,
                -5.5
              ],
              "rotation": [
                0.0,
                0.0,
                5.0
              ],
              "uv": [
                0,
                21
              ],
              "inflate": 0,
              "mirror": true
            },
            {
              "origin": [
                19.95262,
                23.08525,
                5.0
              ],
              "size": [
                4.0,
                4.0,
                1.0
              ],
              "pivot": [
                21.95262,
                25.08525,
                5.5
              ],
              "rotation": [
                0.0,
                0.0,
                5.0
              ],
              "uv": [
                0,
                21
              ],
              "inflate": 0,
              "mirror": true
            },
            {
              "origin": [
                17.17431,
                16.00761,
                -4.0
              ],
              "size": [
                8.0,
                13.0,
                8.0
              ],
              "pivot": [
                21.17431,
                22.50761,
                0.0
              ],
              "rotation": [
                0.0,
                0.0,
                -5.0
              ],
              "uv": [
                32,
                30
              ],
              "inflate": 0,
              "mirror": true
            },
            {
              "origin": [
                25.02645,
                23.3941,
                0.0
              ],
              "size": [
                1.0,
                2.0,
                2.0
              ],
              "pivot": [
                25.52645,
                24.3941,
                1.0
              ],
              "rotation": [
                0.0,
                0.0,
                -5.0
              ],
              "uv": [
                38,
                6
              ],
              "inflate": 0,
              "mirror": true
            },
            {
              "origin": [
                25.54939,
                17.41694,
                -2.0
              ],
              "size": [
                1.0,
                2.0,
                2.0
              ],
              "pivot": [
                26.04939,
                18.41694,
                -1.0
              ],
              "rotation": [
                0.0,
                0.0,
                -5.0
              ],
              "uv": [
                0,
                38
              ],
              "inflate": 0,
              "mirror": true
            },
            {
              "origin": [
                23.2056,
                12.98097,
                -5.48
              ],
              "size": [
                2.0,
                2.0,
                1.0
              ],
              "uv": [
                44,
                51
              ],
              "inflate": 0,
              "mirror": true
            },
            {
              "origin": [
                23.2056,
                12.98097,
                4.52
              ],
              "size": [
                2.0,
                2.0,
                1.0
              ],
              "uv": [
                47,
                0
              ],
              "inflate": 0,
              "mirror": true
            },
            {
              "origin": [
                26.2056,
                10.98097,
                -0.48
              ],
              "size": [
                1.0,
                2.0,
                2.0
              ],
              "uv": [
                30,
                21
              ],
              "inflate": 0,
              "mirror": true
            },
            {
              "origin": [
                16.2056,
                10.98097,
                -0.48
              ],
              "size": [
                1.0,
                2.0,
                2.0
              ],
              "uv": [
                0,
                26
              ],
              "inflate": 0,
              "mirror": true
            },
            {
              "origin": [
                27.2056,
                9.98097,
                -1.48
              ],
              "size": [
                1.0,
                4.0,
                4.0
              ],
              "pivot": [
                27.7056,
                11.98097,
                0.52
              ],
              "rotation": [
                -12.5,
                0.0,
                0.0
              ],
              "uv": [
                0,
                0
              ],
              "inflate": 0,
              "mirror": true
            },
            {
              "origin": [
                15.2056,
                9.98097,
                -1.48
              ],
              "size": [
                1.0,
                4.0,
                4.0
              ],
              "pivot": [
                15.7056,
                11.98097,
                0.52
              ],
              "rotation": [
                -12.5,
                0.0,
                0.0
              ],
              "uv": [
                0,
                0
              ],
              "inflate": 0,
              "mirror": true
            },
            {
              "origin": [
                18.2056,
                8.98097,
                -5.48
              ],
              "size": [
                2.0,
                2.0,
                1.0
              ],
              "uv": [
                24,
                43
              ],
              "inflate": 0,
              "mirror": true
            },
            {
              "origin": [
                18.2056,
                8.98097,
                4.52
              ],
              "size": [
                2.0,
                2.0,
                1.0
              ],
              "uv": [
                0,
                42
              ],
              "inflate": 0,
              "mirror": true
            },
            {
              "origin": [
                17.2056,
                7.98097,
                -6.48
              ],
              "size": [
                4.0,
                4.0,
                1.0
              ],
              "pivot": [
                19.2056,
                9.98097,
                -5.98
              ],
              "rotation": [
                0.0,
                0.0,
                -5.0
              ],
              "uv": [
                0,
                21
              ],
              "inflate": 0,
              "mirror": true
            },
            {
              "origin": [
                17.2056,
                7.98097,
                5.52
              ],
              "size": [
                4.0,
                4.0,
                1.0
              ],
              "pivot": [
                19.2056,
                9.98097,
                6.02
              ],
              "rotation": [
                0.0,
                0.0,
                -5.0
              ],
              "uv": [
                0,
                21
              ],
              "inflate": 0,
              "mirror": true
            },
            {
              "origin": [
                22.2056,
                11.98097,
                -6.48
              ],
              "size": [
                4.0,
                4.0,
                1.0
              ],
              "pivot": [
                24.2056,
                13.98097,
                -5.98
              ],
              "rotation": [
                0.0,
                0.0,
                15.0
              ],
              "uv": [
                0,
                21
              ],
              "inflate": 0,
              "mirror": true
            },
            {
              "origin": [
                22.2056,
                11.98097,
                5.52
              ],
              "size": [
                4.0,
                4.0,
                1.0
              ],
              "pivot": [
                24.2056,
                13.98097,
                6.02
              ],
              "rotation": [
                0.0,
                0.0,
                15.0
              ],
              "uv": [
                0,
                21
              ],
              "inflate": 0,
              "mirror": true
            },
            {
              "origin": [
                26.54558,
                16.50409,
                -3.0
              ],
              "size": [
                1.0,
                4.0,
                4.0
              ],
              "pivot": [
                27.04558,
                18.50409,
                -1.0
              ],
              "rotation": [
                5.0,
                0.0,
                -5.0
              ],
              "uv": [
                0,
                0
              ],
              "inflate": 0,
              "mirror": true
            },
            {
              "origin": [
                26.02265,
                22.48126,
                -1.0
              ],
              "size": [
                1.0,
                4.0,
                4.0
              ],
              "pivot": [
                26.52265,
                24.48126,
                1.0
              ],
              "rotation": [
                -7.5,
                0.0,
                -5.0
              ],
              "uv": [
                0,
                0
              ],
              "inflate": 0,
              "mirror": true
            },
            {
              "origin": [
                17.2456,
                5.78097,
                -4.48
              ],
              "size": [
                8.96,
                11.2,
                8.96
              ],
              "uv": [
                0,
                38
              ],
              "inflate": 0,
              "mirror": true
            },
            {
              "origin": [
                16.6856,
                -0.52903,
                -5.04
              ],
              "size": [
                10.08,
                7.82,
                10.08
              ],
              "uv": [
                0,
                21
              ],
              "inflate": 0,
              "mirror": true
            }
          ],
          "parent": "Body"
        }
      ]
    }
  ]
}