{
  "format_version": "1.12.0",
  "minecraft:geometry": [
    {
      "description": {
        "identifier": "geometry.yg_shark_clee",
        "texture_width": 128,
        "texture_height": 128,
        "visible_bounds_width": 3,
        "visible_bounds_height": 4.5,
        "visible_bounds_offset": [
          0,
          1.75,
          0
        ]
      },
      "bones": [
        {
          "name": "Root"
        },
        {
          "name": "Body",
          "pivot": [
            0,
            14,
            0
          ],
          "cubes": [
            {
              "origin": [
                -5.5,
                23.99714,
                -4.13086
              ],
              "size": [
                11.0,
                9.0,
                8.0
              ],
              "pivot": [
                0.0,
                28.49714,
                -0.13086
              ],
              "rotation": [
                2.5,
                0.0,
                0.0
              ],
              "uv": [
                32,
                31
              ],
              "inflate": 0
            },
            {
              "origin": [
                -6.16,
                13.4,
                -4.48
              ],
              "size": [
                12.32,
                11.2,
                8.96
              ],
              "uv": [
                0,
                20
              ],
              "inflate": 0
            },
            {
              "origin": [
                6.29864,
                25.76147,
                2.58666
              ],
              "size": [
                0.0,
                10.0,
                10.0
              ],
              "pivot": [
                6.29864,
                30.76147,
                7.58666
              ],
              "rotation": [
                -72.10193,
                11.91276,
                3.81397
              ],
              "uv": [
                34,
                38
              ],
              "inflate": 0
            },
            {
              "origin": [
                -6.29864,
                25.76147,
                2.58666
              ],
              "size": [
                0.0,
                10.0,
                10.0
              ],
              "pivot": [
                -6.29864,
                30.76147,
                7.58666
              ],
              "rotation": [
                -72.10193,
                -11.91276,
                -3.81397
              ],
              "uv": [
                34,
                38
              ],
              "inflate": 0,
              "mirror": true
            }
          ],
          "parent": "Root"
        },
        {
          "name": "Head",
          "pivot": [
            0,
            30,
            0
          ],
          "cubes": [
            {
              "origin": [
                -5.0,
                28.0,
                -7.0
              ],
              "size": [
                10.0,
                10.0,
                10.0
              ],
              "uv": [
                0,
                0
              ],
              "inflate": 0
            },
            {
              "origin": [
                -0.01555,
                36.73536,
                -4.23777
              ],
              "size": [
                0.0,
                10.0,
                10.0
              ],
              "pivot": [
                -0.01555,
                41.73536,
                0.76223
              ],
              "rotation": [
                -17.10479,
                3.04524,
                -1.09197
              ],
              "uv": [
                34,
                38
              ],
              "inflate": 0
            },
            {
              "origin": [
                -4.5,
                27.68529,
                -12.21274
              ],
              "size": [
                9.0,
                9.0,
                8.0
              ],
              "pivot": [
                0.0,
                32.18529,
                -8.21274
              ],
              "rotation": [
                10.0,
                0.0,
                0.0
              ],
              "uv": [
                0,
                40
              ],
              "inflate": 0
            },
            {
              "origin": [
                -5.5,
                31.6,
                -9.18756
              ],
              "size": [
                2.0,
                4.0,
                4.0
              ],
              "uv": [
                0,
                57
              ],
              "inflate": 0
            },
            {
              "origin": [
                3.5,
                31.6,
                -9.18756
              ],
              "size": [
                2.0,
                4.0,
                4.0
              ],
              "uv": [
                0,
                57
              ],
              "inflate": 0,
              "mirror": true
            },
            {
              "origin": [
                -5.66,
                32.48,
                -8.30756
              ],
              "size": [
                1.12,
                2.24,
                2.24
              ],
              "uv": [
                0,
                0
              ],
              "inflate": 0
            },
            {
              "origin": [
                4.54,
                32.48,
                -8.30756
              ],
              "size": [
                1.12,
                2.24,
                2.24
              ],
              "uv": [
                0,
                0
              ],
              "inflate": 0,
              "mirror": true
            }
          ],
          "parent": "Body"
        },
        {
          "name": "Rightarm",
          "pivot": [
            -6,
            30,
            0
          ],
          "cubes": [
            {
              "origin": [
                -9.0,
                22.0,
                -2.0
              ],
              "size": [
                4.0,
                9.0,
                4.0
              ],
              "uv": [
                55,
                14
              ],
              "inflate": 0
            },
            {
              "origin": [
                -9.28,
                12.37,
                -2.28
              ],
              "size": [
                4.56,
                10.26,
                4.56
              ],
              "uv": [
                54,
                48
              ],
              "inflate": 0
            }
          ],
          "parent": "Body"
        },
        {
          "name": "Leftarm",
          "pivot": [
            6,
            30,
            0
          ],
          "cubes": [
            {
              "origin": [
                5.0,
                22.0,
                -2.0
              ],
              "size": [
                4.0,
                9.0,
                4.0
              ],
              "uv": [
                55,
                14
              ],
              "inflate": 0,
              "mirror": true
            },
            {
              "origin": [
                4.72,
                12.37,
                -2.28
              ],
              "size": [
                4.56,
                10.26,
                4.56
              ],
              "uv": [
                54,
                48
              ],
              "inflate": 0,
              "mirror": true
            }
          ],
          "parent": "Body"
        },
        {
          "name": "Rightleg",
          "pivot": [
            -4.5,
            14.75,
            0
          ],
          "cubes": [
            {
              "origin": [
                -7.0,
                8.0,
                -2.5
              ],
              "size": [
                5.0,
                7.0,
                5.0
              ],
              "uv": [
                35,
                15
              ],
              "inflate": 0
            },
            {
              "origin": [
                -7.4,
                -0.56,
                -2.9
              ],
              "size": [
                5.8,
                9.12,
                5.8
              ],
              "uv": [
                40,
                0
              ],
              "inflate": 0
            }
          ],
          "parent": "Root"
        },
        {
          "name": "Leftleg",
          "pivot": [
            4.5,
            14.75,
            0
          ],
          "cubes": [
            {
              "origin": [
                2.0,
                8.0,
                -2.5
              ],
              "size": [
                5.0,
                7.0,
                5.0
              ],
              "uv": [
                35,
                15
              ],
              "inflate": 0,
              "mirror": true
            },
            {
              "origin": [
                1.6,
                -0.56,
                -2.9
              ],
              "size": [
                5.8,
                9.12,
                5.8
              ],
              "uv": [
                40,
                0
              ],
              "inflate": 0,
              "mirror": true
            }
          ],
          "parent": "Root"
        }
      ]
    }
  ]
}