{
  "format_version": "1.12.0",
  "minecraft:geometry": [
    {
      "description": {
        "identifier": "geometry.yg_the_jester",
        "texture_width": 64,
        "texture_height": 64,
        "visible_bounds_width": 3,
        "visible_bounds_height": 4.5,
        "visible_bounds_offset": [
          0,
          1.75,
          0
        ]
      },
      "bones": [
        {
          "name": "Root"
        },
        {
          "name": "Body",
          "pivot": [
            0,
            18,
            0
          ],
          "cubes": [
            {
              "origin": [
                -4.0,
                18.0,
                -2.0
              ],
              "size": [
                8.0,
                10.0,
                4.0
              ],
              "uv": [
                16,
                39
              ],
              "inflate": 0
            },
            {
              "origin": [
                -4.32,
                27.76,
                -2.16
              ],
              "size": [
                8.64,
                6.48,
                4.32
              ],
              "uv": [
                40,
                0
              ],
              "inflate": 0
            }
          ],
          "parent": "Root"
        },
        {
          "name": "Head",
          "pivot": [
            0,
            34,
            0
          ],
          "cubes": [
            {
              "origin": [
                -6.0,
                34.0,
                -4.0
              ],
              "size": [
                12.0,
                9.0,
                8.0
              ],
              "uv": [
                0,
                0
              ],
              "inflate": 0
            },
            {
              "origin": [
                -6.97686,
                34.0,
                -3.84965
              ],
              "size": [
                1.0,
                9.0,
                0.0
              ],
              "pivot": [
                -6.47686,
                38.5,
                -3.84965
              ],
              "rotation": [
                0.0,
                17.5,
                0.0
              ],
              "uv": [
                44,
                10
              ],
              "inflate": 0
            },
            {
              "origin": [
                -6.97686,
                34.0,
                3.84965
              ],
              "size": [
                1.0,
                9.0,
                0.0
              ],
              "pivot": [
                -6.47686,
                38.5,
                3.84965
              ],
              "rotation": [
                0.0,
                -17.5,
                0.0
              ],
              "uv": [
                44,
                10
              ],
              "inflate": 0
            },
            {
              "origin": [
                -6.0,
                42.97686,
                -3.84965
              ],
              "size": [
                6.0,
                1.0,
                0.0
              ],
              "pivot": [
                -3.0,
                43.47686,
                -3.84965
              ],
              "rotation": [
                -17.5,
                0.0,
                0.0
              ],
              "uv": [
                32,
                0
              ],
              "inflate": 0
            },
            {
              "origin": [
                -6.0,
                33.02314,
                -3.84965
              ],
              "size": [
                6.0,
                1.0,
                0.0
              ],
              "pivot": [
                -3.0,
                33.52314,
                -3.84965
              ],
              "rotation": [
                17.5,
                0.0,
                0.0
              ],
              "uv": [
                32,
                0
              ],
              "inflate": 0
            },
            {
              "origin": [
                -6.0,
                33.02314,
                3.84965
              ],
              "size": [
                6.0,
                1.0,
                0.0
              ],
              "pivot": [
                -3.0,
                33.52314,
                3.84965
              ],
              "rotation": [
                -17.5,
                0.0,
                0.0
              ],
              "uv": [
                32,
                0
              ],
              "inflate": 0
            },
            {
              "origin": [
                -6.0,
                42.97686,
                3.84965
              ],
              "size": [
                6.0,
                1.0,
                0.0
              ],
              "pivot": [
                -3.0,
                43.47686,
                3.84965
              ],
              "rotation": [
                17.5,
                0.0,
                0.0
              ],
              "uv": [
                32,
                0
              ],
              "inflate": 0
            },
            {
              "origin": [
                5.53017,
                34.0,
                -2.3881
              ],
              "size": [
                6.0,
                9.0,
                0.0
              ],
              "pivot": [
                8.53017,
                38.5,
                -2.3881
              ],
              "rotation": [
                0.0,
                -32.5,
                0.0
              ],
              "uv": [
                40,
                39
              ],
              "inflate": 0
            }
          ],
          "parent": "Body"
        },
        {
          "name": "Rightarm",
          "pivot": [
            -4,
            31,
            0
          ],
          "cubes": [
            {
              "origin": [
                -8.0,
                15.0,
                -2.0
              ],
              "size": [
                4.0,
                18.0,
                4.0
              ],
              "uv": [
                0,
                39
              ],
              "inflate": 0
            },
            {
              "origin": [
                -8.0,
                32.97686,
                -1.84965
              ],
              "size": [
                4.0,
                1.0,
                0.0
              ],
              "pivot": [
                -6.0,
                33.47686,
                -1.84965
              ],
              "rotation": [
                -17.5,
                0.0,
                0.0
              ],
              "uv": [
                0,
                0
              ],
              "inflate": 0
            },
            {
              "origin": [
                -8.0,
                32.97686,
                1.84965
              ],
              "size": [
                4.0,
                1.0,
                0.0
              ],
              "pivot": [
                -6.0,
                33.47686,
                1.84965
              ],
              "rotation": [
                17.5,
                0.0,
                0.0
              ],
              "uv": [
                0,
                0
              ],
              "inflate": 0
            },
            {
              "origin": [
                -8.97686,
                15.0,
                -1.84965
              ],
              "size": [
                1.0,
                18.0,
                0.0
              ],
              "pivot": [
                -8.47686,
                24.0,
                -1.84965
              ],
              "rotation": [
                0.0,
                17.5,
                0.0
              ],
              "uv": [
                48,
                10
              ],
              "inflate": 0
            },
            {
              "origin": [
                -8.97656,
                15.0,
                1.84869
              ],
              "size": [
                1.0,
                18.0,
                0.0
              ],
              "pivot": [
                -8.47656,
                24.0,
                1.84869
              ],
              "rotation": [
                0.0,
                -17.5,
                0.0
              ],
              "uv": [
                48,
                10
              ],
              "inflate": 0
            }
          ],
          "parent": "Body"
        },
        {
          "name": "Leftarm",
          "pivot": [
            4,
            31,
            0
          ],
          "cubes": [
            {
              "origin": [
                4.0,
                15.0,
                -2.0
              ],
              "size": [
                4.0,
                18.0,
                4.0
              ],
              "uv": [
                16,
                17
              ],
              "inflate": 0
            }
          ],
          "parent": "Body"
        },
        {
          "name": "Righgleg",
          "pivot": [
            -2.5,
            18,
            0
          ],
          "cubes": [
            {
              "origin": [
                -4.5,
                0.0,
                -2.0
              ],
              "size": [
                4.0,
                18.0,
                4.0
              ],
              "uv": [
                32,
                17
              ],
              "inflate": 0
            },
            {
              "origin": [
                -5.47686,
                0.0,
                -1.84965
              ],
              "size": [
                1.0,
                18.0,
                0.0
              ],
              "pivot": [
                -4.97686,
                9.0,
                -1.84965
              ],
              "rotation": [
                0.0,
                17.5,
                0.0
              ],
              "uv": [
                50,
                10
              ],
              "inflate": 0
            },
            {
              "origin": [
                -5.47686,
                0.0,
                1.84965
              ],
              "size": [
                1.0,
                18.0,
                0.0
              ],
              "pivot": [
                -4.97686,
                9.0,
                1.84965
              ],
              "rotation": [
                0.0,
                -17.5,
                0.0
              ],
              "uv": [
                50,
                10
              ],
              "inflate": 0
            }
          ],
          "parent": "Root"
        },
        {
          "name": "Leftleg",
          "pivot": [
            2.5,
            18,
            0
          ],
          "cubes": [
            {
              "origin": [
                0.5,
                0.0,
                -2.0
              ],
              "size": [
                4.0,
                18.0,
                4.0
              ],
              "uv": [
                0,
                17
              ],
              "inflate": 0
            }
          ],
          "parent": "Root"
        }
      ]
    }
  ]
}