{
  "format_version": "1.12.0",
  "minecraft:geometry": [
    {
      "description": {
        "identifier": "geometry.yg_toxic_gazer",
        "texture_width": 64,
        "texture_height": 64,
        "visible_bounds_width": 3,
        "visible_bounds_height": 4.5,
        "visible_bounds_offset": [
          0,
          1.75,
          0
        ]
      },
      "bones": [
        {
          "name": "Root"
        },
        {
          "name": "Body",
          "pivot": [
            0,
            16,
            1
          ],
          "cubes": [
            {
              "origin": [
                -2.0,
                31.0385,
                -1.41263
              ],
              "size": [
                4.0,
                9.0,
                4.0
              ],
              "pivot": [
                0.0,
                35.5385,
                0.58737
              ],
              "rotation": [
                7.5,
                0.0,
                0.0
              ],
              "uv": [
                28,
                12
              ],
              "inflate": 0
            },
            {
              "origin": [
                -4.0,
                25.0,
                -2.0
              ],
              "size": [
                8.0,
                7.0,
                6.0
              ],
              "uv": [
                22,
                25
              ],
              "inflate": 0
            },
            {
              "origin": [
                -4.4,
                15.55,
                -2.3
              ],
              "size": [
                8.8,
                9.9,
                6.6
              ],
              "uv": [
                0,
                16
              ],
              "inflate": 0
            }
          ],
          "parent": "Root"
        },
        {
          "name": "Head",
          "pivot": [
            0,
            39,
            0
          ],
          "cubes": [
            {
              "origin": [
                -4.0,
                39.0,
                -4.0
              ],
              "size": [
                8.0,
                8.0,
                8.0
              ],
              "uv": [
                0,
                0
              ],
              "inflate": 0
            },
            {
              "origin": [
                -4.9235,
                39.46654,
                -6.69191
              ],
              "size": [
                2.0,
                2.0,
                4.0
              ],
              "pivot": [
                -3.9235,
                40.46654,
                -4.69191
              ],
              "rotation": [
                19.56838,
                26.12797,
                8.89674
              ],
              "uv": [
                44,
                15
              ],
              "inflate": 0
            },
            {
              "origin": [
                2.9235,
                39.46654,
                -6.69191
              ],
              "size": [
                2.0,
                2.0,
                4.0
              ],
              "pivot": [
                3.9235,
                40.46654,
                -4.69191
              ],
              "rotation": [
                19.56838,
                -26.12797,
                -8.89674
              ],
              "uv": [
                44,
                15
              ],
              "inflate": 0,
              "mirror": true
            },
            {
              "origin": [
                -6.85628,
                38.59078,
                -10.36301
              ],
              "size": [
                2.36,
                2.36,
                4.72
              ],
              "pivot": [
                -5.67628,
                39.77078,
                -8.00301
              ],
              "rotation": [
                9.56838,
                26.12797,
                8.89674
              ],
              "uv": [
                44,
                0
              ],
              "inflate": 0
            },
            {
              "origin": [
                4.49628,
                38.59078,
                -10.36301
              ],
              "size": [
                2.36,
                2.36,
                4.72
              ],
              "pivot": [
                5.67628,
                39.77078,
                -8.00301
              ],
              "rotation": [
                9.56838,
                -26.12797,
                -8.89674
              ],
              "uv": [
                44,
                0
              ],
              "inflate": 0,
              "mirror": true
            },
            {
              "origin": [
                -9.04048,
                37.47958,
                -11.65897
              ],
              "size": [
                4.0,
                4.0,
                2.0
              ],
              "pivot": [
                -7.04048,
                39.47958,
                -10.65897
              ],
              "rotation": [
                9.56838,
                26.12797,
                8.89674
              ],
              "uv": [
                42,
                9
              ],
              "inflate": 0
            },
            {
              "origin": [
                5.04048,
                37.47958,
                -11.65897
              ],
              "size": [
                4.0,
                4.0,
                2.0
              ],
              "pivot": [
                7.04048,
                39.47958,
                -10.65897
              ],
              "rotation": [
                9.56838,
                -26.12797,
                -8.89674
              ],
              "uv": [
                42,
                9
              ],
              "inflate": 0,
              "mirror": true
            },
            {
              "origin": [
                -8.97241,
                39.90069,
                -11.74404
              ],
              "size": [
                3.0,
                1.0,
                0.0
              ],
              "pivot": [
                -7.47241,
                40.40069,
                -11.74404
              ],
              "rotation": [
                9.56838,
                26.12797,
                8.89674
              ],
              "uv": [
                0,
                1
              ],
              "inflate": 0
            },
            {
              "origin": [
                5.97241,
                39.90069,
                -11.74404
              ],
              "size": [
                3.0,
                1.0,
                0.0
              ],
              "pivot": [
                7.47241,
                40.40069,
                -11.74404
              ],
              "rotation": [
                9.56838,
                -26.12797,
                -8.89674
              ],
              "uv": [
                0,
                1
              ],
              "inflate": 0,
              "mirror": true
            },
            {
              "origin": [
                -9.13278,
                37.9296,
                -11.44556
              ],
              "size": [
                3.0,
                1.0,
                0.0
              ],
              "pivot": [
                -7.63278,
                38.4296,
                -11.44556
              ],
              "rotation": [
                9.56838,
                26.12797,
                8.89674
              ],
              "uv": [
                0,
                0
              ],
              "inflate": 0
            },
            {
              "origin": [
                6.13278,
                37.9296,
                -11.44556
              ],
              "size": [
                3.0,
                1.0,
                0.0
              ],
              "pivot": [
                7.63278,
                38.4296,
                -11.44556
              ],
              "rotation": [
                9.56838,
                -26.12797,
                -8.89674
              ],
              "uv": [
                0,
                0
              ],
              "inflate": 0,
              "mirror": true
            },
            {
              "origin": [
                -2.0,
                41.0,
                -5.0
              ],
              "size": [
                4.0,
                4.0,
                1.0
              ],
              "uv": [
                44,
                21
              ],
              "inflate": 0
            },
            {
              "origin": [
                -1.14,
                41.86,
                -5.1
              ],
              "size": [
                2.28,
                2.28,
                0.0
              ],
              "uv": [
                0,
                2
              ],
              "inflate": 0
            }
          ],
          "parent": "Body"
        },
        {
          "name": "Rightarm",
          "pivot": [
            -4,
            30,
            1
          ],
          "cubes": [
            {
              "origin": [
                -7.0,
                24.0,
                -0.5
              ],
              "size": [
                3.0,
                7.0,
                3.0
              ],
              "uv": [
                0,
                43
              ],
              "inflate": 0
            }
          ],
          "parent": "Body"
        },
        {
          "name": "bone",
          "pivot": [
            -5.5,
            24,
            1
          ],
          "cubes": [
            {
              "origin": [
                -7.12,
                16.72,
                -0.62
              ],
              "size": [
                3.24,
                7.56,
                3.24
              ],
              "uv": [
                36,
                38
              ],
              "inflate": 0
            }
          ],
          "parent": "Rightarm"
        },
        {
          "name": "bone2",
          "pivot": [
            -5.5,
            17,
            1
          ],
          "cubes": [
            {
              "origin": [
                -7.21,
                9.51,
                -0.71
              ],
              "size": [
                3.42,
                7.98,
                3.42
              ],
              "uv": [
                24,
                38
              ],
              "inflate": 0
            }
          ],
          "parent": "bone"
        },
        {
          "name": "bone3",
          "pivot": [
            -5.5,
            10.5,
            1
          ],
          "cubes": [
            {
              "origin": [
                -7.36,
                2.16,
                -0.86
              ],
              "size": [
                3.72,
                8.68,
                3.72
              ],
              "uv": [
                12,
                35
              ],
              "inflate": 0
            }
          ],
          "parent": "bone2"
        },
        {
          "name": "Leftarm",
          "pivot": [
            4,
            30,
            1
          ],
          "cubes": [
            {
              "origin": [
                4.0,
                24.0,
                -0.5
              ],
              "size": [
                3.0,
                7.0,
                3.0
              ],
              "uv": [
                0,
                43
              ],
              "inflate": 0,
              "mirror": true
            }
          ],
          "parent": "Body"
        },
        {
          "name": "bone4",
          "pivot": [
            5.5,
            24,
            1
          ],
          "cubes": [
            {
              "origin": [
                3.88,
                16.72,
                -0.62
              ],
              "size": [
                3.24,
                7.56,
                3.24
              ],
              "uv": [
                36,
                38
              ],
              "inflate": 0,
              "mirror": true
            }
          ],
          "parent": "Leftarm"
        },
        {
          "name": "bone5",
          "pivot": [
            5.5,
            17,
            1
          ],
          "cubes": [
            {
              "origin": [
                3.79,
                9.51,
                -0.71
              ],
              "size": [
                3.42,
                7.98,
                3.42
              ],
              "uv": [
                24,
                38
              ],
              "inflate": 0,
              "mirror": true
            }
          ],
          "parent": "bone4"
        },
        {
          "name": "bone6",
          "pivot": [
            5.5,
            10.5,
            1
          ],
          "cubes": [
            {
              "origin": [
                3.64,
                2.16,
                -0.86
              ],
              "size": [
                3.72,
                8.68,
                3.72
              ],
              "uv": [
                12,
                35
              ],
              "inflate": 0,
              "mirror": true
            }
          ],
          "parent": "bone5"
        },
        {
          "name": "Rightleg",
          "pivot": [
            -2.5,
            16,
            1
          ],
          "cubes": [
            {
              "origin": [
                -4.0,
                8.0,
                -0.5
              ],
              "size": [
                3.0,
                8.0,
                3.0
              ],
              "uv": [
                32,
                0
              ],
              "inflate": 0
            },
            {
              "origin": [
                -4.21,
                -0.63,
                -0.71
              ],
              "size": [
                3.42,
                9.26,
                3.42
              ],
              "uv": [
                0,
                31
              ],
              "inflate": 0
            }
          ],
          "parent": "Root"
        },
        {
          "name": "Leftleg",
          "pivot": [
            2.5,
            16,
            1
          ],
          "cubes": [
            {
              "origin": [
                1.0,
                8.0,
                -0.5
              ],
              "size": [
                3.0,
                8.0,
                3.0
              ],
              "uv": [
                32,
                0
              ],
              "inflate": 0,
              "mirror": true
            },
            {
              "origin": [
                0.79,
                -0.63,
                -0.71
              ],
              "size": [
                3.42,
                9.26,
                3.42
              ],
              "uv": [
                0,
                31
              ],
              "inflate": 0,
              "mirror": true
            }
          ],
          "parent": "Root"
        }
      ]
    }
  ]
}