{"format_version":"1.10.0","animation_controllers":{"controller.animation.yg_hunky_jake.general":{"states":{"default":{"animations":["gazo_general","look_at_target"],"transitions":[{"attack0":"variable.attack_time > 0 && variable.random == 0"},{"jumpscare":"query.has_rider && !query.is_stunned"}],"blend_transition":0.1},"attack0":{"animations":["attack0"],"transitions":[{"default":"query.all_animations_finished"}],"blend_transition":0.1},"jumpscare":{"animations":["jumpscare"],"transitions":[{"default":"!query.has_rider"}],"blend_transition":0.4}}},"controller.animation.yg_hunky_jake.move":{"states":{"default":{"animations":[{"moving":"query.modified_move_speed"}]}}}}}