{"format_version":"1.8.0","minecraft:entity":{"description":{"identifier":"yg:zophius","is_spawnable":true,"is_summonable":true,"is_experimental":false},"component_groups":{},"components":{"minecraft:health":{"value":65000000,"max":65000000},"minecraft:type_family":{"family":["mob","zophius","monster"]},"minecraft:physics":{},"minecraft:scale":{"value":1},"minecraft:collision_box":{"width":3,"height":6},"minecraft:pushable":{"is_pushable":false,"is_pushable_by_piston":false},"minecraft:area_attack":{"damage_range":2,"damage_per_tick":999,"cause":"contact","entity_filter":{"all_of":[{"test":"is_family","subject":"other","value":"gob","operator":"!="}]}}},"events":{}}}