{
  "format_version": "1.12.0",
  "minecraft:geometry": [
    {
      "description": {
        "identifier": "geometry.yg_bouncy_dino",
        "texture_width": 128,
        "texture_height": 128,
        "visible_bounds_width": 5,
        "visible_bounds_height": 3.5,
        "visible_bounds_offset": [
          0,
          1.25,
          0
        ]
      },
      "bones": [
        {
          "name": "Root"
        },
        {
          "name": "Body",
          "pivot": [
            0,
            13,
            0
          ],
          "cubes": [
            {
              "origin": [
                -0.5,
                19.43934,
                3.14645
              ],
              "size": [
                1.0,
                3.0,
                3.0
              ],
              "pivot": [
                0.0,
                20.93934,
                4.64645
              ],
              "rotation": [
                -45.0,
                0.0,
                0.0
              ],
              "uv": [
                0,
                20
              ],
              "inflate": 0
            },
            {
              "origin": [
                -5.0,
                13.0,
                -5.0
              ],
              "size": [
                10.0,
                10.0,
                10.0
              ],
              "uv": [
                0,
                0
              ],
              "inflate": 0
            }
          ],
          "parent": "Root"
        },
        {
          "name": "bone",
          "pivot": [
            0,
            23,
            0
          ],
          "cubes": [
            {
              "origin": [
                -4.5,
                23.0,
                -4.5
              ],
              "size": [
                9.0,
                6.0,
                9.0
              ],
              "uv": [
                31,
                31
              ],
              "inflate": 0
            },
            {
              "origin": [
                -0.5,
                24.43934,
                2.85355
              ],
              "size": [
                1.0,
                3.0,
                3.0
              ],
              "pivot": [
                0.0,
                25.93934,
                4.35355
              ],
              "rotation": [
                -45.0,
                0.0,
                0.0
              ],
              "uv": [
                0,
                20
              ],
              "inflate": 0
            }
          ],
          "parent": "Body"
        },
        {
          "name": "Head",
          "pivot": [
            0,
            29,
            0
          ],
          "cubes": [
            {
              "origin": [
                -5.0,
                29.0,
                -5.0
              ],
              "size": [
                10.0,
                10.0,
                10.0
              ],
              "uv": [
                0,
                20
              ],
              "inflate": 0
            },
            {
              "origin": [
                -1.4848,
                34.0152,
                -5.1
              ],
              "size": [
                2.9696,
                2.9696,
                0.0
              ],
              "uv": [
                6,
                6
              ],
              "inflate": 0
            },
            {
              "origin": [
                -1.0,
                34.5,
                -5.2
              ],
              "size": [
                2.0,
                2.0,
                0.0
              ],
              "uv": [
                5,
                0
              ],
              "inflate": 0
            },
            {
              "origin": [
                -0.5,
                34.79289,
                3.5
              ],
              "size": [
                1.0,
                3.0,
                3.0
              ],
              "pivot": [
                0.0,
                36.29289,
                5.0
              ],
              "rotation": [
                -45.0,
                0.0,
                0.0
              ],
              "uv": [
                0,
                20
              ],
              "inflate": 0
            },
            {
              "origin": [
                -0.5,
                29.79289,
                3.5
              ],
              "size": [
                1.0,
                3.0,
                3.0
              ],
              "pivot": [
                0.0,
                31.29289,
                5.0
              ],
              "rotation": [
                -45.0,
                0.0,
                0.0
              ],
              "uv": [
                0,
                20
              ],
              "inflate": 0
            },
            {
              "origin": [
                -2.5,
                33.0,
                -6.0
              ],
              "size": [
                5.0,
                5.0,
                1.0
              ],
              "uv": [
                30,
                0
              ],
              "inflate": 0
            },
            {
              "origin": [
                -5.3,
                33.91,
                -5.3
              ],
              "size": [
                10.6,
                3.18,
                10.6
              ],
              "uv": [
                30,
                10
              ],
              "inflate": 0
            },
            {
              "origin": [
                -0.5,
                32.8,
                -4.3
              ],
              "size": [
                1.0,
                3.0,
                3.0
              ],
              "pivot": [
                0.0,
                31.29289,
                5.0
              ],
              "rotation": [
                -45.0,
                0.0,
                0.0
              ],
              "uv": [
                0,
                20
              ],
              "inflate": 0
            },
            {
              "origin": [
                -0.5,
                30.4,
                -6.5
              ],
              "size": [
                1.0,
                3.0,
                3.0
              ],
              "pivot": [
                0.0,
                31.29289,
                5.0
              ],
              "rotation": [
                -45.0,
                0.0,
                0.0
              ],
              "uv": [
                0,
                20
              ],
              "inflate": 0
            }
          ],
          "parent": "bone"
        },
        {
          "name": "Rightarm",
          "pivot": [
            -5,
            27,
            0
          ],
          "cubes": [
            {
              "origin": [
                -8.0,
                20.0,
                -2.0
              ],
              "size": [
                4.0,
                8.0,
                4.0
              ],
              "uv": [
                42,
                58
              ],
              "inflate": 0
            }
          ],
          "parent": "bone"
        },
        {
          "name": "bone2",
          "pivot": [
            -6.5,
            20,
            0
          ],
          "cubes": [
            {
              "origin": [
                -8.5,
                10.0,
                -2.5
              ],
              "size": [
                5.0,
                10.0,
                5.0
              ],
              "uv": [
                0,
                54
              ],
              "inflate": 0
            },
            {
              "origin": [
                -9.45577,
                14.60052,
                -0.5
              ],
              "size": [
                2.0,
                2.0,
                1.0
              ],
              "pivot": [
                -8.45577,
                15.60052,
                0.0
              ],
              "rotation": [
                0.0,
                0.0,
                -42.5
              ],
              "uv": [
                0,
                6
              ],
              "inflate": 0
            },
            {
              "origin": [
                -9.5,
                17.0,
                -0.5
              ],
              "size": [
                2.0,
                2.0,
                1.0
              ],
              "pivot": [
                -8.5,
                18.0,
                0.0
              ],
              "rotation": [
                0.0,
                0.0,
                -42.5
              ],
              "uv": [
                0,
                6
              ],
              "inflate": 0
            },
            {
              "origin": [
                -9.5,
                12.0,
                -0.5
              ],
              "size": [
                2.0,
                2.0,
                1.0
              ],
              "pivot": [
                -8.5,
                13.0,
                0.0
              ],
              "rotation": [
                0.0,
                0.0,
                -42.5
              ],
              "uv": [
                0,
                6
              ],
              "inflate": 0
            }
          ],
          "parent": "Rightarm"
        },
        {
          "name": "Leftarm",
          "pivot": [
            5,
            27,
            0
          ],
          "cubes": [
            {
              "origin": [
                4.0,
                20.0,
                -2.0
              ],
              "size": [
                4.0,
                8.0,
                4.0
              ],
              "uv": [
                42,
                58
              ],
              "inflate": 0,
              "mirror": true
            }
          ],
          "parent": "bone"
        },
        {
          "name": "bone7",
          "pivot": [
            6.5,
            20,
            0
          ],
          "cubes": [
            {
              "origin": [
                3.5,
                10.0,
                -2.5
              ],
              "size": [
                5.0,
                10.0,
                5.0
              ],
              "uv": [
                0,
                54
              ],
              "inflate": 0,
              "mirror": true
            },
            {
              "origin": [
                7.45577,
                14.60052,
                -0.5
              ],
              "size": [
                2.0,
                2.0,
                1.0
              ],
              "pivot": [
                8.45577,
                15.60052,
                0.0
              ],
              "rotation": [
                0.0,
                0.0,
                42.5
              ],
              "uv": [
                0,
                6
              ],
              "inflate": 0,
              "mirror": true
            },
            {
              "origin": [
                7.5,
                17.0,
                -0.5
              ],
              "size": [
                2.0,
                2.0,
                1.0
              ],
              "pivot": [
                8.5,
                18.0,
                0.0
              ],
              "rotation": [
                0.0,
                0.0,
                42.5
              ],
              "uv": [
                0,
                6
              ],
              "inflate": 0,
              "mirror": true
            },
            {
              "origin": [
                7.5,
                12.0,
                -0.5
              ],
              "size": [
                2.0,
                2.0,
                1.0
              ],
              "pivot": [
                8.5,
                13.0,
                0.0
              ],
              "rotation": [
                0.0,
                0.0,
                42.5
              ],
              "uv": [
                0,
                6
              ],
              "inflate": 0,
              "mirror": true
            }
          ],
          "parent": "Leftarm"
        },
        {
          "name": "bone4",
          "pivot": [
            0,
            16,
            5
          ],
          "cubes": [
            {
              "origin": [
                -3.0,
                13.0,
                5.0
              ],
              "size": [
                6.0,
                6.0,
                8.0
              ],
              "uv": [
                0,
                40
              ],
              "inflate": 0
            },
            {
              "origin": [
                -0.5,
                17.43934,
                7.14645
              ],
              "size": [
                1.0,
                3.0,
                3.0
              ],
              "pivot": [
                0.0,
                18.93934,
                8.64645
              ],
              "rotation": [
                -45.0,
                0.0,
                0.0
              ],
              "uv": [
                0,
                0
              ],
              "inflate": 0
            }
          ],
          "parent": "Body"
        },
        {
          "name": "bone5",
          "pivot": [
            0,
            16,
            13
          ],
          "cubes": [
            {
              "origin": [
                -2.5,
                13.5,
                13.0
              ],
              "size": [
                5.0,
                5.0,
                8.0
              ],
              "uv": [
                20,
                46
              ],
              "inflate": 0
            },
            {
              "origin": [
                -0.5,
                16.79289,
                15.5
              ],
              "size": [
                1.0,
                3.0,
                3.0
              ],
              "pivot": [
                0.0,
                18.29289,
                17.0
              ],
              "rotation": [
                -45.0,
                0.0,
                0.0
              ],
              "uv": [
                0,
                0
              ],
              "inflate": 0
            }
          ],
          "parent": "bone4"
        },
        {
          "name": "bone6",
          "pivot": [
            0,
            16,
            21
          ],
          "cubes": [
            {
              "origin": [
                -2.0,
                14.0,
                21.0
              ],
              "size": [
                4.0,
                4.0,
                8.0
              ],
              "uv": [
                46,
                46
              ],
              "inflate": 0
            },
            {
              "origin": [
                -0.5,
                16.43934,
                23.14645
              ],
              "size": [
                1.0,
                3.0,
                3.0
              ],
              "pivot": [
                0.0,
                17.93934,
                24.64645
              ],
              "rotation": [
                -45.0,
                0.0,
                0.0
              ],
              "uv": [
                0,
                0
              ],
              "inflate": 0
            }
          ],
          "parent": "bone5"
        },
        {
          "name": "Rightleg",
          "pivot": [
            -4,
            14.5,
            0
          ],
          "cubes": [
            {
              "origin": [
                -6.0,
                8.0,
                -2.0
              ],
              "size": [
                4.0,
                7.0,
                4.0
              ],
              "uv": [
                58,
                58
              ],
              "inflate": 0
            }
          ],
          "parent": "Root"
        },
        {
          "name": "bone3",
          "pivot": [
            -4,
            8,
            0
          ],
          "cubes": [
            {
              "origin": [
                -6.5,
                0.0,
                -2.5
              ],
              "size": [
                5.0,
                8.0,
                5.0
              ],
              "uv": [
                58,
                23
              ],
              "inflate": 0
            }
          ],
          "parent": "Rightleg"
        },
        {
          "name": "Leftleg",
          "pivot": [
            4,
            14.5,
            0
          ],
          "cubes": [
            {
              "origin": [
                2.0,
                8.0,
                -2.0
              ],
              "size": [
                4.0,
                7.0,
                4.0
              ],
              "uv": [
                58,
                58
              ],
              "inflate": 0,
              "mirror": true
            }
          ],
          "parent": "Root"
        },
        {
          "name": "bone8",
          "pivot": [
            4,
            8,
            0
          ],
          "cubes": [
            {
              "origin": [
                1.5,
                0.0,
                -2.5
              ],
              "size": [
                5.0,
                8.0,
                5.0
              ],
              "uv": [
                58,
                23
              ],
              "inflate": 0,
              "mirror": true
            }
          ],
          "parent": "Leftleg"
        }
      ]
    }
  ]
}