{
  "format_version": "1.12.0",
  "minecraft:geometry": [
    {
      "description": {
        "identifier": "geometry.yg_ronny",
        "texture_width": 64,
        "texture_height": 64,
        "visible_bounds_width": 7,
        "visible_bounds_height": 4.5,
        "visible_bounds_offset": [
          0,
          1.75,
          0
        ]
      },
      "bones": [
        {
          "name": "Root"
        },
        {
          "name": "Body",
          "pivot": [
            0,
            31,
            -7
          ],
          "cubes": [
            {
              "origin": [
                -5.0,
                24.0,
                -12.0
              ],
              "size": [
                10.0,
                7.0,
                10.0
              ],
              "uv": [
                0,
                22
              ],
              "inflate": 0
            }
          ],
          "parent": "Root"
        },
        {
          "name": "Head",
          "pivot": [
            0,
            31,
            -7
          ],
          "cubes": [
            {
              "origin": [
                -5.0,
                31.0,
                -12.0
              ],
              "size": [
                10.0,
                12.0,
                10.0
              ],
              "uv": [
                0,
                0
              ],
              "inflate": 0
            },
            {
              "origin": [
                -6.0,
                30.0,
                -12.1
              ],
              "size": [
                12.0,
                8.0,
                0.0
              ],
              "uv": [
                30,
                0
              ],
              "inflate": 0
            },
            {
              "origin": [
                -4.13053,
                38.0,
                -12.99144
              ],
              "size": [
                3.0,
                3.0,
                2.0
              ],
              "pivot": [
                -2.63053,
                39.5,
                -11.99144
              ],
              "rotation": [
                0.0,
                7.5,
                0.0
              ],
              "uv": [
                0,
                0
              ],
              "inflate": 0
            },
            {
              "origin": [
                1.13053,
                38.0,
                -12.99144
              ],
              "size": [
                3.0,
                3.0,
                2.0
              ],
              "pivot": [
                2.63053,
                39.5,
                -11.99144
              ],
              "rotation": [
                0.0,
                -7.5,
                0.0
              ],
              "uv": [
                0,
                0
              ],
              "inflate": 0,
              "mirror": true
            },
            {
              "origin": [
                -3.70884,
                38.5,
                -13.08631
              ],
              "size": [
                2.0,
                2.0,
                1.0
              ],
              "pivot": [
                -2.70884,
                39.5,
                -12.58631
              ],
              "rotation": [
                0.0,
                7.5,
                0.0
              ],
              "uv": [
                0,
                5
              ],
              "inflate": 0
            },
            {
              "origin": [
                1.70884,
                38.5,
                -13.08631
              ],
              "size": [
                2.0,
                2.0,
                1.0
              ],
              "pivot": [
                2.70884,
                39.5,
                -12.58631
              ],
              "rotation": [
                0.0,
                -7.5,
                0.0
              ],
              "uv": [
                0,
                5
              ],
              "inflate": 0,
              "mirror": true
            }
          ],
          "parent": "Body"
        },
        {
          "name": "Body2",
          "pivot": [
            0,
            24,
            -7
          ],
          "cubes": [
            {
              "origin": [
                -5.406,
                16.7158,
                -12.406
              ],
              "size": [
                10.812,
                7.5684,
                10.812
              ],
              "uv": [
                0,
                22
              ],
              "inflate": 0
            }
          ],
          "parent": "Body",
          "rotation": [
            10,
            0,
            0
          ]
        },
        {
          "name": "Body3",
          "pivot": [
            0,
            17,
            -7
          ],
          "cubes": [
            {
              "origin": [
                -5.0,
                10.0,
                -12.0
              ],
              "size": [
                10.0,
                7.0,
                10.0
              ],
              "uv": [
                0,
                22
              ],
              "inflate": 0
            }
          ],
          "parent": "Body2",
          "rotation": [
            15,
            0,
            0
          ]
        },
        {
          "name": "Body4",
          "pivot": [
            0,
            10,
            -7
          ],
          "cubes": [
            {
              "origin": [
                -5.3,
                2.79,
                -12.3
              ],
              "size": [
                10.6,
                7.42,
                10.6
              ],
              "uv": [
                0,
                22
              ],
              "inflate": 0
            }
          ],
          "parent": "Body3",
          "rotation": [
            30,
            0,
            0
          ]
        },
        {
          "name": "Body5",
          "pivot": [
            0,
            3,
            -7
          ],
          "cubes": [
            {
              "origin": [
                -5.0,
                -4.0,
                -12.0
              ],
              "size": [
                10.0,
                7.0,
                10.0
              ],
              "uv": [
                0,
                22
              ],
              "inflate": 0
            }
          ],
          "parent": "Body4",
          "rotation": [
            25,
            0,
            0
          ]
        },
        {
          "name": "Body6",
          "pivot": [
            0,
            -4,
            -7
          ],
          "cubes": [
            {
              "origin": [
                -5.3,
                -11.21,
                -12.3
              ],
              "size": [
                10.6,
                7.42,
                10.6
              ],
              "uv": [
                0,
                22
              ],
              "inflate": 0
            }
          ],
          "parent": "Body5",
          "rotation": [
            10,
            0,
            0
          ]
        },
        {
          "name": "Body7",
          "pivot": [
            0,
            -11,
            -7
          ],
          "cubes": [
            {
              "origin": [
                -5.0,
                -18.0,
                -12.0
              ],
              "size": [
                10.0,
                7.0,
                10.0
              ],
              "uv": [
                0,
                22
              ],
              "inflate": 0
            }
          ],
          "parent": "Body6"
        },
        {
          "name": "Body8",
          "pivot": [
            0,
            -18,
            -7
          ],
          "cubes": [
            {
              "origin": [
                -5.3,
                -25.42,
                -12.3
              ],
              "size": [
                10.6,
                7.42,
                10.6
              ],
              "uv": [
                0,
                22
              ],
              "inflate": 0
            }
          ],
          "parent": "Body7"
        },
        {
          "name": "Body9",
          "pivot": [
            0,
            -25,
            -7
          ],
          "cubes": [
            {
              "origin": [
                -5.0,
                -32.0,
                -12.0
              ],
              "size": [
                10.0,
                7.0,
                10.0
              ],
              "uv": [
                0,
                22
              ],
              "inflate": 0
            }
          ],
          "parent": "Body8"
        },
        {
          "name": "Body10",
          "pivot": [
            0,
            -32,
            -7
          ],
          "cubes": [
            {
              "origin": [
                -5.3,
                -39.21,
                -12.3
              ],
              "size": [
                10.6,
                7.42,
                10.6
              ],
              "uv": [
                0,
                22
              ],
              "inflate": 0
            }
          ],
          "parent": "Body9"
        }
      ]
    }
  ]
}