{
  "format_version": "1.10.0",
  "animation_controllers": {
    "controller.animation.cy_wooly_bully.move": {
      "states": {
        "default": {
          "variables": {
            "move_speeding": {
              "input": "query.modified_move_speed",
              "remap_curve": {
                "0.0": 0,
                "0.29": 1
              }
            }
          },
          "animations": [
            {
              "moving": "variable.move_speeding"
            }
          ]
        }
      }
    },
    "controller.animation.cy_wooly_bully.general": {
      "states": {
        "default": {
          "variables": {
            "is_idling": {
              "input": "query.modified_move_speed",
              "remap_curve": {
                "0.0": 1,
                "0.1": 0
              }
            }
          },
          "animations": [
            {
              "gazo_general": "variable.is_idling"
            }
          ],
          "transitions": [
            {
              "attack": "variable.attack_time \u003e 0 \u0026\u0026 variable.random \u003d\u003d 0"
            },
            {
              "jumpscare": "query.has_rider \u0026\u0026 !query.is_stunned"
            }
          ],
          "blend_transition": 0.2
        },
        "attack": {
          "animations": [
            "attack"
          ],
          "transitions": [
            {
              "default": "query.all_animations_finished"
            }
          ]
        },
        "jumpscare": {
          "animations": [
            "jumpscare"
          ],
          "transitions": [
            {
              "default": "!query.has_rider"
            }
          ],
          "blend_transition": 0.4
        }
      }
    },
    "controller.animation.cy_wooly_bully.looking_at": {
      "states": {
        "default": {
          "animations": [
            "looking_at"
          ]
        }
      }
    }
  }
}