{
  "format_version": "1.12.0",
  "minecraft:geometry": [
    {
      "description": {
        "identifier": "geometry.sbgoji_speaker_mandie",
        "texture_width": 64,
        "texture_height": 64,
        "visible_bounds_width": 3,
        "visible_bounds_height": 4,
        "visible_bounds_offset": [
          0,
          1,
          0
        ]
      },
      "bones": [
        {
          "name": "Body",
          "pivot": [
            0,
            3,
            0
          ],
          "cubes": [
            {
              "origin": [
                -4.4,
                3.3,
                -2.2
              ],
              "size": [
                8.8,
                5.8,
                4.4
              ],
              "uv": [
                27,
                0
              ]
            }
          ]
        },
        {
          "name": "Body2",
          "parent": "Body",
          "pivot": [
            0,
            9,
            0
          ],
          "rotation": [
            12.5,
            0,
            0
          ],
          "cubes": [
            {
              "origin": [
                -4,
                9,
                -2
              ],
              "size": [
                8,
                10,
                4
              ],
              "uv": [
                24,
                16
              ]
            },
            {
              "origin": [
                -4.4,
                9.1,
                -2.2
              ],
              "size": [
                8.8,
                10,
                4.4
              ],
              "uv": [
                0,
                16
              ]
            },
            {
              "origin": [
                -1.4,
                9.1,
                -1.2
              ],
              "size": [
                2.8,
                12,
                2.4
              ],
              "uv": [
                0,
                46
              ]
            }
          ]
        },
        {
          "name": "Rightarm",
          "parent": "Body2",
          "pivot": [
            -10,
            1,
            4
          ],
          "rotation": [
            -102.5,
            0,
            7.5
          ],
          "cubes": [
            {
              "origin": [
                -14,
                -7,
                2
              ],
              "size": [
                4,
                9,
                4
              ],
              "uv": [
                20,
                30
              ]
            }
          ]
        },
        {
          "name": "bone",
          "parent": "Rightarm",
          "pivot": [
            -12,
            -7,
            4
          ],
          "rotation": [
            0,
            0,
            -27.5
          ],
          "cubes": [
            {
              "origin": [
                -14,
                -14,
                2
              ],
              "size": [
                4,
                7,
                4
              ],
              "uv": [
                16,
                43
              ]
            },
            {
              "origin": [
                -13.7,
                -17,
                2.2
              ],
              "size": [
                3.6,
                3.6,
                3.6
              ],
              "uv": [
                48,
                24
              ]
            }
          ]
        },
        {
          "name": "Leftarm",
          "parent": "Body2",
          "pivot": [
            4,
            2,
            0
          ],
          "rotation": [
            72.5,
            0,
            -7.5
          ],
          "cubes": [
            {
              "origin": [
                4,
                -6,
                -2
              ],
              "size": [
                4,
                9,
                4
              ],
              "uv": [
                20,
                30
              ],
              "mirror": true
            }
          ]
        },
        {
          "name": "bone4",
          "parent": "Leftarm",
          "pivot": [
            6,
            -6,
            0
          ],
          "cubes": [
            {
              "origin": [
                4,
                -13,
                -2
              ],
              "size": [
                4,
                7,
                4
              ],
              "uv": [
                16,
                43
              ],
              "mirror": true
            },
            {
              "origin": [
                4.1,
                -16,
                -1.8
              ],
              "size": [
                3.6,
                3.6,
                3.6
              ],
              "uv": [
                48,
                24
              ],
              "mirror": true
            }
          ]
        },
        {
          "name": "Head",
          "parent": "Body2",
          "pivot": [
            0,
            19,
            0
          ],
          "rotation": [
            35,
            0,
            0
          ],
          "cubes": [
            {
              "origin": [
                -4.7,
                19.2,
                -4.4
              ],
              "size": [
                9.4,
                7.4,
                9
              ],
              "uv": [
                0,
                0
              ]
            },
            {
              "origin": [
                4.7,
                19.2,
                -4.4
              ],
              "size": [
                1,
                7.4,
                9
              ],
              "uv": [
                0,
                30
              ]
            },
            {
              "origin": [
                -5.7,
                19.2,
                -4.4
              ],
              "size": [
                1,
                7.4,
                9
              ],
              "uv": [
                0,
                30
              ],
              "mirror": true
            }
          ]
        },
        {
          "name": "RightLeg",
          "pivot": [
            -1.9,
            3,
            0
          ],
          "rotation": [
            -85,
            0,
            5
          ],
          "cubes": [
            {
              "origin": [
                -3.9,
                -4,
                -2
              ],
              "size": [
                4,
                7,
                4
              ],
              "uv": [
                32,
                41
              ]
            },
            {
              "origin": [
                -4.4,
                -4.7,
                -2.2
              ],
              "size": [
                4.8,
                6.8,
                4.4
              ],
              "uv": [
                44,
                9
              ]
            }
          ]
        },
        {
          "name": "bone3",
          "parent": "RightLeg",
          "pivot": [
            -2,
            -4,
            0
          ],
          "rotation": [
            2.5,
            0,
            10
          ],
          "cubes": [
            {
              "origin": [
                -3.9,
                -11,
                -2
              ],
              "size": [
                4,
                7,
                4
              ],
              "uv": [
                36,
                30
              ]
            },
            {
              "origin": [
                -3.7,
                -13,
                -2.7
              ],
              "size": [
                3.6,
                1.9,
                4.5
              ],
              "uv": [
                48,
                19
              ]
            }
          ]
        },
        {
          "name": "LeftLeg",
          "pivot": [
            1.9,
            3,
            0
          ],
          "rotation": [
            -84.92327,
            -9.96156,
            -5.88045
          ],
          "cubes": [
            {
              "origin": [
                -0.1,
                -4,
                -2
              ],
              "size": [
                4,
                7,
                4
              ],
              "uv": [
                32,
                41
              ],
              "mirror": true
            },
            {
              "origin": [
                -0.4,
                -4.7,
                -2.2
              ],
              "size": [
                4.8,
                6.8,
                4.4
              ],
              "uv": [
                44,
                9
              ],
              "mirror": true
            }
          ]
        },
        {
          "name": "bone2",
          "parent": "LeftLeg",
          "pivot": [
            2,
            -4,
            0
          ],
          "rotation": [
            7.5,
            0,
            2.5
          ],
          "cubes": [
            {
              "origin": [
                -0.1,
                -11,
                -2
              ],
              "size": [
                4,
                7,
                4
              ],
              "uv": [
                36,
                30
              ],
              "mirror": true
            },
            {
              "origin": [
                0.1,
                -13,
                -2.7
              ],
              "size": [
                3.6,
                1.9,
                4.5
              ],
              "uv": [
                48,
                19
              ],
              "mirror": true
            }
          ]
        }
      ]
    }
  ]
}