{
  "format_version": "1.12.0",
  "minecraft:geometry": [
    {
      "description": {
        "identifier": "geometry.sbgoji_tv_mandie",
        "texture_width": 128,
        "texture_height": 128,
        "visible_bounds_width": 10,
        "visible_bounds_height": 19,
        "visible_bounds_offset": [
          0,
          -4.5,
          0
        ]
      },
      "bones": [
        {
          "name": "Body",
          "pivot": [
            0,
            4,
            10
          ],
          "rotation": [
            17.5,
            0,
            0
          ],
          "cubes": [
            {
              "origin": [
                -4.4,
                4.3,
                7.8
              ],
              "size": [
                8.8,
                5.8,
                4.4
              ],
              "uv": [
                60,
                64
              ]
            },
            {
              "origin": [
                -4.4,
                6.3,
                7.8
              ],
              "size": [
                1.8,
                4.8,
                4.4
              ],
              "pivot": [
                -4,
                7,
                10
              ],
              "rotation": [
                0,
                -2.5,
                -12.5
              ],
              "uv": [
                22,
                0
              ]
            },
            {
              "origin": [
                2.6,
                6.3,
                7.8
              ],
              "size": [
                1.8,
                4.8,
                4.4
              ],
              "pivot": [
                4,
                7,
                10
              ],
              "rotation": [
                0,
                2.5,
                12.5
              ],
              "uv": [
                22,
                0
              ],
              "mirror": true
            }
          ]
        },
        {
          "name": "Body2",
          "parent": "Body",
          "pivot": [
            0,
            10,
            10
          ],
          "rotation": [
            11.24816,
            1.19788,
            1.78927
          ],
          "cubes": [
            {
              "origin": [
                -4,
                10,
                7
              ],
              "size": [
                8,
                10,
                4
              ],
              "uv": [
                0,
                48
              ]
            },
            {
              "origin": [
                -4.4,
                10.1,
                6.8
              ],
              "size": [
                8.8,
                10,
                4.4
              ],
              "uv": [
                0,
                34
              ]
            },
            {
              "origin": [
                -4.4,
                10.1,
                7.8
              ],
              "size": [
                8.8,
                10,
                4.4
              ],
              "uv": [
                0,
                34
              ]
            },
            {
              "origin": [
                -5.4,
                9.1,
                7.8
              ],
              "size": [
                1,
                10,
                4.4
              ],
              "uv": [
                80,
                80
              ]
            },
            {
              "origin": [
                4.4,
                9.1,
                7.8
              ],
              "size": [
                1,
                10,
                4.4
              ],
              "uv": [
                80,
                80
              ],
              "mirror": true
            }
          ]
        },
        {
          "name": "LeftArm",
          "parent": "Body2",
          "pivot": [
            5,
            0,
            10
          ],
          "rotation": [
            -112.99008,
            -11.53486,
            2.3493
          ],
          "cubes": [
            {
              "origin": [
                5,
                -8,
                8
              ],
              "size": [
                4,
                9,
                4
              ],
              "uv": [
                52,
                73
              ],
              "mirror": true
            }
          ]
        },
        {
          "name": "bone4",
          "parent": "LeftArm",
          "pivot": [
            7,
            -8,
            10
          ],
          "rotation": [
            -5.25998,
            -0.75255,
            -13.93411
          ],
          "cubes": [
            {
              "origin": [
                5,
                -15,
                8
              ],
              "size": [
                4,
                7,
                4
              ],
              "uv": [
                16,
                80
              ],
              "mirror": true
            },
            {
              "origin": [
                5.1,
                -18,
                8.2
              ],
              "size": [
                3.6,
                3.6,
                3.6
              ],
              "uv": [
                28,
                64
              ],
              "mirror": true
            }
          ]
        },
        {
          "name": "RightArm",
          "parent": "Body2",
          "pivot": [
            -5,
            18,
            10
          ],
          "rotation": [
            -26.06663,
            9.08661,
            20.39244
          ],
          "cubes": [
            {
              "origin": [
                -9,
                10,
                8
              ],
              "size": [
                4,
                9,
                4
              ],
              "uv": [
                52,
                73
              ]
            }
          ]
        },
        {
          "name": "bone5",
          "parent": "RightArm",
          "pivot": [
            -7,
            10,
            10
          ],
          "rotation": [
            -5.35735,
            0.1376,
            -13.55119
          ],
          "cubes": [
            {
              "origin": [
                -9,
                3,
                8
              ],
              "size": [
                4,
                7,
                4
              ],
              "uv": [
                16,
                80
              ]
            },
            {
              "origin": [
                -8.7,
                0,
                8.2
              ],
              "size": [
                3.6,
                3.6,
                3.6
              ],
              "uv": [
                28,
                64
              ]
            }
          ]
        },
        {
          "name": "Head",
          "parent": "Body2",
          "pivot": [
            0,
            15,
            -18
          ],
          "rotation": [
            -27.07695,
            11.16796,
            -0.15001
          ],
          "cubes": [
            {
              "origin": [
                -3.7,
                14.2,
                -20.4
              ],
              "size": [
                7.4,
                8.4,
                8
              ],
              "uv": [
                0,
                0
              ]
            },
            {
              "origin": [
                -4.7,
                18.2,
                -20.4
              ],
              "size": [
                7.4,
                3.4,
                6
              ],
              "uv": [
                34,
                64
              ]
            },
            {
              "origin": [
                -3.2,
                20.2,
                -17.4
              ],
              "size": [
                2.9,
                2.4,
                5
              ],
              "pivot": [
                1,
                23,
                -12
              ],
              "rotation": [
                -22.5,
                0,
                0
              ],
              "uv": [
                80,
                68
              ]
            },
            {
              "origin": [
                0.3,
                20.2,
                -17.4
              ],
              "size": [
                2.9,
                2.4,
                5
              ],
              "pivot": [
                -1,
                23,
                -12
              ],
              "rotation": [
                -22.5,
                0,
                0
              ],
              "uv": [
                80,
                68
              ],
              "mirror": true
            },
            {
              "origin": [
                -3.7,
                14.2,
                -17.4
              ],
              "size": [
                7.4,
                7.4,
                5
              ],
              "pivot": [
                4,
                17,
                -12
              ],
              "rotation": [
                0,
                -20,
                0
              ],
              "uv": [
                64,
                16
              ]
            },
            {
              "origin": [
                -3.7,
                14.2,
                -17.4
              ],
              "size": [
                7.4,
                7.4,
                5
              ],
              "pivot": [
                -4,
                17,
                -12
              ],
              "rotation": [
                0,
                20,
                0
              ],
              "uv": [
                64,
                16
              ],
              "mirror": true
            },
            {
              "origin": [
                -5.7,
                14.2,
                -22.4
              ],
              "size": [
                11.4,
                10.4,
                6
              ],
              "uv": [
                64,
                0
              ]
            }
          ]
        },
        {
          "name": "bone7",
          "parent": "Head",
          "pivot": [
            1,
            23,
            -13
          ],
          "cubes": [
            {
              "origin": [
                -5.7,
                14.2,
                -22.6
              ],
              "size": [
                11.4,
                10.4,
                6
              ],
              "uv": [
                0,
                64
              ]
            }
          ]
        },
        {
          "name": "bone",
          "parent": "Head",
          "pivot": [
            0,
            20,
            -18
          ],
          "cubes": [
            {
              "origin": [
                -4.7,
                15.2,
                -21.4
              ],
              "size": [
                9.4,
                8.4,
                4
              ],
              "uv": [
                0,
                16
              ]
            }
          ]
        },
        {
          "name": "LeftLeg",
          "pivot": [
            2.9,
            2,
            8
          ],
          "rotation": [
            -89.9905,
            0.21782,
            -0.00473
          ],
          "cubes": [
            {
              "origin": [
                0.9,
                -5,
                6
              ],
              "size": [
                4,
                7,
                4
              ],
              "uv": [
                0,
                80
              ],
              "mirror": true
            },
            {
              "origin": [
                -0.4,
                -7.7,
                5.8
              ],
              "size": [
                5.8,
                9.8,
                4.4
              ],
              "uv": [
                34,
                73
              ],
              "mirror": true
            }
          ]
        },
        {
          "name": "bone2",
          "parent": "LeftLeg",
          "pivot": [
            3,
            -5,
            8
          ],
          "rotation": [
            7.5,
            0,
            0
          ],
          "cubes": [
            {
              "origin": [
                0.9,
                -12,
                6
              ],
              "size": [
                4,
                7,
                4
              ],
              "uv": [
                68,
                73
              ],
              "mirror": true
            },
            {
              "origin": [
                1.1,
                -14,
                5.3
              ],
              "size": [
                3.6,
                1.9,
                4.5
              ],
              "uv": [
                83,
                16
              ],
              "mirror": true
            }
          ]
        },
        {
          "name": "RightLeg",
          "pivot": [
            -2.9,
            2,
            8
          ],
          "rotation": [
            -107.4905,
            -0.21782,
            0.00473
          ],
          "cubes": [
            {
              "origin": [
                -4.9,
                -5,
                6
              ],
              "size": [
                4,
                7,
                4
              ],
              "uv": [
                0,
                80
              ]
            },
            {
              "origin": [
                -5.4,
                -7.7,
                5.8
              ],
              "size": [
                5.8,
                9.8,
                4.4
              ],
              "uv": [
                34,
                73
              ]
            }
          ]
        },
        {
          "name": "bone3",
          "parent": "RightLeg",
          "pivot": [
            -3,
            -5,
            8
          ],
          "rotation": [
            47.5,
            0,
            0
          ],
          "cubes": [
            {
              "origin": [
                -4.9,
                -12,
                6
              ],
              "size": [
                4,
                7,
                4
              ],
              "uv": [
                68,
                73
              ]
            },
            {
              "origin": [
                -4.7,
                -14,
                5.3
              ],
              "size": [
                3.6,
                1.9,
                4.5
              ],
              "uv": [
                83,
                16
              ]
            }
          ]
        },
        {
          "name": "bone6",
          "pivot": [
            0,
            -214,
            28
          ],
          "cubes": [
            {
              "origin": [
                -8,
                -214,
                -12
              ],
              "size": [
                16,
                2,
                32
              ],
              "uv": [
                0,
                0
              ]
            },
            {
              "origin": [
                -8,
                -214,
                -8
              ],
              "size": [
                16,
                2,
                28
              ],
              "pivot": [
                8,
                -214,
                20
              ],
              "rotation": [
                0,
                -27.5,
                0
              ],
              "uv": [
                0,
                34
              ]
            },
            {
              "origin": [
                -8,
                -214,
                -8
              ],
              "size": [
                16,
                2,
                28
              ],
              "pivot": [
                -8,
                -214,
                20
              ],
              "rotation": [
                0,
                27.5,
                0
              ],
              "uv": [
                0,
                34
              ],
              "mirror": true
            }
          ]
        },
        {
          "name": "Smokesmoke",
          "pivot": [
            0,
            -218,
            -4
          ]
        },
        {
          "name": "bone9",
          "parent": "Smokesmoke",
          "pivot": [
            0,
            -218,
            -5
          ],
          "cubes": [
            {
              "origin": [
                -1,
                -218,
                -6
              ],
              "size": [
                11,
                14,
                11
              ],
              "uv": [
                60,
                34
              ]
            },
            {
              "origin": [
                -6,
                -218,
                -14
              ],
              "size": [
                11,
                14,
                11
              ],
              "uv": [
                60,
                34
              ]
            },
            {
              "origin": [
                -4,
                -211,
                -10
              ],
              "size": [
                11,
                14,
                11
              ],
              "uv": [
                60,
                34
              ]
            }
          ]
        },
        {
          "name": "bone8",
          "parent": "Smokesmoke",
          "pivot": [
            -10,
            -218,
            -5
          ],
          "cubes": [
            {
              "origin": [
                -11,
                -218,
                -6
              ],
              "size": [
                11,
                14,
                11
              ],
              "uv": [
                60,
                34
              ]
            },
            {
              "origin": [
                -16,
                -218,
                -14
              ],
              "size": [
                11,
                14,
                11
              ],
              "uv": [
                60,
                34
              ]
            },
            {
              "origin": [
                -14,
                -211,
                -10
              ],
              "size": [
                11,
                14,
                11
              ],
              "uv": [
                60,
                34
              ]
            }
          ]
        }
      ]
    }
  ]
}