{
  "format_version": "1.12.0",
  "minecraft:geometry": [
    {
      "description": {
        "identifier": "geometry.sbgoji_skibibi_toiletdie3",
        "texture_width": 128,
        "texture_height": 128,
        "visible_bounds_width": 6,
        "visible_bounds_height": 5,
        "visible_bounds_offset": [
          0,
          1.5,
          0
        ]
      },
      "bones": [
        {
          "name": "bone5",
          "pivot": [
            0,
            -8,
            0
          ],
          "cubes": [
            {
              "origin": [
                -7,
                10,
                -8
              ],
              "size": [
                14,
                5,
                16
              ],
              "uv": [
                0,
                0
              ]
            },
            {
              "origin": [
                -7,
                10,
                -10
              ],
              "size": [
                14,
                5,
                2
              ],
              "uv": [
                83,
                17
              ]
            },
            {
              "origin": [
                -6,
                10,
                -12
              ],
              "size": [
                12,
                5,
                2
              ],
              "uv": [
                83,
                24
              ]
            },
            {
              "origin": [
                7,
                10,
                -7
              ],
              "size": [
                1,
                5,
                14
              ],
              "uv": [
                68,
                60
              ]
            },
            {
              "origin": [
                -8,
                10,
                -7
              ],
              "size": [
                1,
                5,
                14
              ],
              "uv": [
                68,
                60
              ],
              "mirror": true
            },
            {
              "origin": [
                8,
                10,
                -6
              ],
              "size": [
                1,
                5,
                12
              ],
              "uv": [
                74,
                0
              ]
            },
            {
              "origin": [
                -9,
                10,
                -6
              ],
              "size": [
                1,
                5,
                12
              ],
              "uv": [
                74,
                0
              ],
              "mirror": true
            },
            {
              "origin": [
                -5.75,
                -0.15,
                -11.5
              ],
              "size": [
                11.5,
                2.3,
                18.7
              ],
              "uv": [
                0,
                21
              ]
            },
            {
              "origin": [
                -4.75,
                -0.15,
                5.5
              ],
              "size": [
                9.5,
                2.3,
                7.7
              ],
              "uv": [
                44,
                0
              ]
            }
          ]
        },
        {
          "name": "bone6",
          "parent": "bone5",
          "pivot": [
            0,
            -13,
            0
          ],
          "cubes": [
            {
              "origin": [
                -6,
                7,
                -8
              ],
              "size": [
                12,
                5,
                14
              ],
              "uv": [
                42,
                41
              ]
            },
            {
              "origin": [
                -3,
                0,
                -8
              ],
              "size": [
                6,
                14,
                15
              ],
              "uv": [
                0,
                41
              ]
            },
            {
              "origin": [
                -3,
                1,
                7
              ],
              "size": [
                6,
                14,
                4
              ],
              "uv": [
                24,
                83
              ]
            },
            {
              "origin": [
                -2,
                1,
                7
              ],
              "size": [
                4,
                14,
                7
              ],
              "pivot": [
                0,
                10,
                10
              ],
              "rotation": [
                -12.5,
                0,
                0
              ],
              "uv": [
                53,
                76
              ]
            },
            {
              "origin": [
                -3,
                1,
                -9
              ],
              "size": [
                6,
                10,
                6
              ],
              "pivot": [
                0,
                7,
                -8
              ],
              "rotation": [
                -12.5,
                0,
                0
              ],
              "uv": [
                75,
                79
              ]
            },
            {
              "origin": [
                1.74118,
                0.03407,
                -8
              ],
              "size": [
                2,
                9,
                14
              ],
              "pivot": [
                4,
                7,
                0
              ],
              "rotation": [
                0,
                0,
                -10
              ],
              "uv": [
                28,
                60
              ]
            },
            {
              "origin": [
                -3.74118,
                0.03407,
                -8
              ],
              "size": [
                2,
                9,
                14
              ],
              "pivot": [
                -4,
                7,
                0
              ],
              "rotation": [
                0,
                0,
                10
              ],
              "uv": [
                28,
                60
              ],
              "mirror": true
            },
            {
              "origin": [
                -6,
                7,
                -9
              ],
              "size": [
                12,
                5,
                1
              ],
              "uv": [
                83,
                31
              ]
            },
            {
              "origin": [
                -4,
                7,
                -11
              ],
              "size": [
                8,
                5,
                2
              ],
              "uv": [
                0,
                87
              ]
            },
            {
              "origin": [
                6,
                7,
                -7
              ],
              "size": [
                1,
                5,
                12
              ],
              "uv": [
                74,
                0
              ]
            },
            {
              "origin": [
                3,
                4,
                -7
              ],
              "size": [
                2,
                5,
                12
              ],
              "pivot": [
                4,
                7,
                0
              ],
              "rotation": [
                0,
                0,
                12.5
              ],
              "uv": [
                0,
                70
              ]
            },
            {
              "origin": [
                -5,
                4,
                -7
              ],
              "size": [
                2,
                5,
                12
              ],
              "pivot": [
                -4,
                7,
                0
              ],
              "rotation": [
                0,
                0,
                -12.5
              ],
              "uv": [
                0,
                70
              ],
              "mirror": true
            },
            {
              "origin": [
                -7,
                7,
                -7
              ],
              "size": [
                1,
                5,
                12
              ],
              "uv": [
                74,
                0
              ],
              "mirror": true
            }
          ]
        },
        {
          "name": "bone4",
          "parent": "bone5",
          "pivot": [
            0,
            15,
            6
          ],
          "rotation": [
            9.40804,
            -3.40487,
            19.71975
          ],
          "cubes": [
            {
              "origin": [
                -0.9,
                10.9,
                5.15
              ],
              "size": [
                7.65,
                17.95,
                9.2
              ],
              "uv": [
                51,
                12
              ]
            },
            {
              "origin": [
                -6.75,
                10.9,
                5.15
              ],
              "size": [
                7.65,
                17.95,
                9.2
              ],
              "uv": [
                51,
                12
              ],
              "mirror": true
            },
            {
              "origin": [
                -0.555,
                25.55,
                4.46
              ],
              "size": [
                8.26,
                4.6,
                10.81
              ],
              "uv": [
                46,
                60
              ]
            },
            {
              "origin": [
                -7.705,
                25.55,
                4.46
              ],
              "size": [
                8.26,
                4.6,
                10.81
              ],
              "uv": [
                46,
                60
              ],
              "mirror": true
            },
            {
              "origin": [
                -1.705,
                26.55,
                8.46
              ],
              "size": [
                3.26,
                5.6,
                2.81
              ],
              "uv": [
                40,
                21
              ]
            },
            {
              "origin": [
                -2.705,
                26.55,
                7.46
              ],
              "size": [
                5.26,
                4.6,
                4.81
              ],
              "uv": [
                0,
                94
              ]
            },
            {
              "origin": [
                -5.75,
                10.85,
                14.2
              ],
              "size": [
                11.5,
                15.3,
                1
              ],
              "uv": [
                80,
                38
              ]
            }
          ]
        },
        {
          "name": "Al",
          "parent": "bone5",
          "pivot": [
            0,
            15,
            4
          ],
          "rotation": [
            85,
            0,
            0
          ],
          "cubes": [
            {
              "origin": [
                -5.75,
                15.85,
                3.5
              ],
              "size": [
                11.5,
                12.3,
                1.7
              ],
              "uv": [
                27,
                41
              ]
            },
            {
              "origin": [
                -6.75,
                16.85,
                3.5
              ],
              "size": [
                1.5,
                10.3,
                1.7
              ],
              "uv": [
                12,
                0
              ],
              "mirror": true
            },
            {
              "origin": [
                -4.75,
                27.85,
                3.5
              ],
              "size": [
                9.5,
                2.3,
                1.7
              ],
              "uv": [
                44,
                9
              ]
            },
            {
              "origin": [
                5.25,
                16.85,
                3.5
              ],
              "size": [
                1.5,
                10.3,
                1.7
              ],
              "uv": [
                12,
                0
              ]
            }
          ]
        },
        {
          "name": "bone3",
          "parent": "bone5",
          "pivot": [
            0,
            -1.65,
            -3.3
          ],
          "cubes": [
            {
              "origin": [
                -2.3,
                -6.55,
                -6.75
              ],
              "size": [
                4.6,
                11.5,
                5.75
              ],
              "uv": [
                0,
                21
              ]
            },
            {
              "origin": [
                -3.45,
                7.25,
                -9.05
              ],
              "size": [
                3.45,
                5.75,
                2.3
              ],
              "pivot": [
                -1.15,
                13,
                -7.9
              ],
              "rotation": [
                57.40093,
                4.21541,
                -2.69136
              ],
              "uv": [
                46,
                60
              ]
            },
            {
              "origin": [
                0,
                7.25,
                -9.05
              ],
              "size": [
                3.45,
                5.75,
                2.3
              ],
              "pivot": [
                1.15,
                13,
                -7.9
              ],
              "rotation": [
                57.40093,
                -4.21541,
                2.69136
              ],
              "uv": [
                40,
                28
              ]
            },
            {
              "origin": [
                -2.3,
                3.8,
                -7.9
              ],
              "size": [
                4.6,
                2.3,
                1.15
              ],
              "uv": [
                40,
                35
              ]
            },
            {
              "origin": [
                -3.45,
                7.25,
                -7.67
              ],
              "size": [
                3.45,
                5.75,
                6.9
              ],
              "uv": [
                84,
                60
              ]
            },
            {
              "origin": [
                0,
                7.25,
                -7.67
              ],
              "size": [
                3.45,
                5.75,
                6.9
              ],
              "uv": [
                84,
                60
              ],
              "mirror": true
            },
            {
              "origin": [
                -5.29,
                8.4,
                -4.22
              ],
              "size": [
                5.75,
                3.45,
                2.3
              ],
              "pivot": [
                -2.3,
                10.7,
                -1
              ],
              "rotation": [
                0,
                -12.5,
                -15
              ],
              "uv": [
                0,
                41
              ]
            },
            {
              "origin": [
                -0.46,
                8.4,
                -4.22
              ],
              "size": [
                5.75,
                3.45,
                2.3
              ],
              "pivot": [
                2.3,
                10.7,
                -1
              ],
              "rotation": [
                0,
                12.5,
                15
              ],
              "uv": [
                0,
                9
              ]
            },
            {
              "origin": [
                -0.575,
                7.25,
                -7.67
              ],
              "size": [
                1.15,
                5.75,
                4.6
              ],
              "pivot": [
                0,
                10.7,
                -6.75
              ],
              "rotation": [
                -17.5,
                0,
                0
              ],
              "uv": [
                0,
                0
              ]
            },
            {
              "origin": [
                -3.45,
                13,
                -7.67
              ],
              "size": [
                3.45,
                1.15,
                6.9
              ],
              "uv": [
                38,
                95
              ]
            },
            {
              "origin": [
                0,
                13,
                -7.67
              ],
              "size": [
                3.45,
                1.15,
                6.9
              ],
              "uv": [
                93,
                89
              ]
            },
            {
              "origin": [
                0,
                3.8,
                -7.9
              ],
              "size": [
                3.45,
                3.45,
                6.9
              ],
              "pivot": [
                3.45,
                7.25,
                -4.45
              ],
              "rotation": [
                0,
                0,
                20
              ],
              "uv": [
                93,
                73
              ]
            },
            {
              "origin": [
                -3.45,
                3.8,
                -7.9
              ],
              "size": [
                3.45,
                3.45,
                6.9
              ],
              "pivot": [
                -3.45,
                7.25,
                -4.45
              ],
              "rotation": [
                0,
                0,
                -20
              ],
              "uv": [
                88,
                0
              ]
            }
          ]
        },
        {
          "name": "bone",
          "parent": "bone3",
          "pivot": [
            1,
            11.2,
            -8
          ],
          "cubes": [
            {
              "origin": [
                0.55,
                10.8,
                -8.015
              ],
              "size": [
                2.9,
                1.6,
                0
              ],
              "pivot": [
                1,
                11.2,
                -8
              ],
              "rotation": [
                0,
                0,
                -12.5
              ],
              "uv": [
                0,
                0
              ],
              "mirror": true
            }
          ]
        },
        {
          "name": "bone2",
          "parent": "bone3",
          "pivot": [
            -1,
            11.2,
            -8
          ],
          "cubes": [
            {
              "origin": [
                -3.45,
                10.8,
                -8.015
              ],
              "size": [
                2.9,
                1.6,
                0
              ],
              "pivot": [
                -1,
                11.2,
                -8
              ],
              "rotation": [
                0,
                0,
                12.5
              ],
              "uv": [
                0,
                0
              ]
            }
          ]
        },
        {
          "name": "M",
          "parent": "bone3",
          "pivot": [
            0,
            6,
            -8
          ],
          "cubes": [
            {
              "origin": [
                -3.45,
                3.8,
                -8.015
              ],
              "size": [
                6.9,
                4.6,
                0
              ],
              "uv": [
                44,
                12
              ]
            }
          ]
        },
        {
          "name": "M3",
          "parent": "bone3",
          "pivot": [
            0,
            6,
            -6
          ],
          "cubes": [
            {
              "origin": [
                -3.45,
                2.8,
                -6.015
              ],
              "size": [
                6.9,
                5.6,
                0
              ],
              "uv": [
                0,
                51
              ]
            }
          ]
        },
        {
          "name": "M2",
          "parent": "bone3",
          "pivot": [
            0,
            6,
            -11
          ],
          "cubes": [
            {
              "origin": [
                -3.45,
                3.8,
                -7.015
              ],
              "size": [
                6.9,
                5.6,
                0
              ],
              "uv": [
                0,
                46
              ]
            }
          ]
        }
      ]
    }
  ]
}