{
  "format_version": "1.12.0",
  "minecraft:geometry": [
    {
      "description": {
        "identifier": "geometry.sbgoji_big_camera_man3",
        "texture_width": 128,
        "texture_height": 128,
        "visible_bounds_width": 6,
        "visible_bounds_height": 6,
        "visible_bounds_offset": [
          0,
          2,
          0
        ]
      },
      "bones": [
        {
          "name": "Body",
          "pivot": [
            0,
            22,
            0
          ],
          "rotation": [
            12.5,
            0,
            0
          ],
          "cubes": [
            {
              "origin": [
                -4,
                20.95259,
                -3.56712
              ],
              "size": [
                8,
                11,
                7
              ],
              "uv": [
                36,
                44
              ]
            },
            {
              "origin": [
                -2,
                21.95259,
                -2.56712
              ],
              "size": [
                7,
                11,
                7
              ],
              "pivot": [
                4,
                24.95259,
                0.43288
              ],
              "rotation": [
                0,
                -2.5,
                17.5
              ],
              "uv": [
                0,
                54
              ]
            },
            {
              "origin": [
                -5,
                21.95259,
                -2.56712
              ],
              "size": [
                7,
                11,
                7
              ],
              "pivot": [
                -4,
                24.95259,
                0.43288
              ],
              "rotation": [
                0,
                2.5,
                -17.5
              ],
              "uv": [
                0,
                54
              ],
              "mirror": true
            },
            {
              "origin": [
                -8,
                29.95259,
                -5.56712
              ],
              "size": [
                16,
                8,
                10
              ],
              "pivot": [
                0,
                35.95259,
                0.43288
              ],
              "rotation": [
                62.5,
                0,
                0
              ],
              "uv": [
                0,
                0
              ]
            },
            {
              "origin": [
                -7,
                32.38764,
                -2.87586
              ],
              "size": [
                14,
                8,
                10
              ],
              "pivot": [
                0,
                35.95259,
                5.43288
              ],
              "rotation": [
                85,
                0,
                0
              ],
              "uv": [
                0,
                18
              ]
            },
            {
              "origin": [
                -3,
                35.21333,
                4.13175
              ],
              "size": [
                6,
                7,
                6
              ],
              "pivot": [
                0,
                37.95259,
                5.43288
              ],
              "rotation": [
                77.5,
                0,
                0
              ],
              "uv": [
                42,
                74
              ]
            },
            {
              "origin": [
                -4,
                31.38764,
                -8.87586
              ],
              "size": [
                8,
                8,
                10
              ],
              "pivot": [
                0,
                35.95259,
                5.43288
              ],
              "rotation": [
                67.5,
                0,
                0
              ],
              "uv": [
                0,
                36
              ]
            }
          ]
        },
        {
          "name": "bone14",
          "parent": "Body",
          "pivot": [
            0,
            41.95259,
            4.43288
          ],
          "rotation": [
            -12.5,
            0,
            0
          ],
          "cubes": [
            {
              "origin": [
                -4,
                40.87039,
                -1.4486
              ],
              "size": [
                8,
                9,
                7
              ],
              "uv": [
                52,
                0
              ]
            },
            {
              "origin": [
                4,
                43.87039,
                0.5514
              ],
              "size": [
                5,
                4,
                1
              ],
              "uv": [
                42,
                0
              ]
            },
            {
              "origin": [
                -5,
                45.87039,
                -1.4486
              ],
              "size": [
                1,
                6,
                1
              ],
              "uv": [
                6,
                0
              ]
            },
            {
              "origin": [
                -5,
                50.87039,
                -6.4486
              ],
              "size": [
                1,
                1,
                5
              ],
              "uv": [
                38,
                18
              ]
            },
            {
              "origin": [
                -3,
                41.87039,
                -5.4486
              ],
              "size": [
                6,
                7,
                1
              ],
              "uv": [
                82,
                0
              ]
            },
            {
              "origin": [
                3,
                42.87039,
                -5.4486
              ],
              "size": [
                1,
                5,
                1
              ],
              "uv": [
                6,
                18
              ]
            },
            {
              "origin": [
                -4,
                42.87039,
                -5.4486
              ],
              "size": [
                1,
                5,
                1
              ],
              "uv": [
                6,
                18
              ],
              "mirror": true
            },
            {
              "origin": [
                -3,
                46.87039,
                5.5514
              ],
              "size": [
                6,
                3,
                5
              ],
              "uv": [
                78,
                53
              ]
            },
            {
              "origin": [
                -4,
                40.87039,
                5.5514
              ],
              "size": [
                8,
                6,
                5
              ],
              "uv": [
                0,
                72
              ]
            },
            {
              "origin": [
                -2,
                43.87039,
                1.5514
              ],
              "size": [
                4,
                8,
                12
              ],
              "pivot": [
                0,
                48.87039,
                8.5514
              ],
              "rotation": [
                -37.5,
                0,
                0
              ],
              "uv": [
                36,
                24
              ]
            },
            {
              "origin": [
                -2,
                42.87039,
                -4.4486
              ],
              "size": [
                4,
                5,
                4
              ],
              "uv": [
                22,
                80
              ]
            }
          ]
        },
        {
          "name": "bone15",
          "parent": "bone14",
          "pivot": [
            0,
            0.87039,
            -0.4486
          ],
          "cubes": [
            {
              "origin": [
                -6,
                42.87039,
                -0.4486
              ],
              "size": [
                2,
                6,
                1
              ],
              "uv": [
                0,
                0
              ]
            },
            {
              "origin": [
                -5,
                43.87039,
                0.5514
              ],
              "size": [
                1,
                4,
                2
              ],
              "uv": [
                0,
                18
              ]
            }
          ]
        },
        {
          "name": "Rightarm",
          "parent": "Body",
          "pivot": [
            7,
            38.95259,
            4.43288
          ],
          "rotation": [
            -9.98605,
            0.65181,
            -5.02838
          ],
          "cubes": [
            {
              "origin": [
                7.9104,
                26.38703,
                0.09155
              ],
              "size": [
                4.4,
                12.1,
                6.7
              ],
              "pivot": [
                -0.9896,
                39.18703,
                2.29155
              ],
              "rotation": [
                -2.5,
                0,
                0
              ],
              "uv": [
                28,
                62
              ]
            },
            {
              "origin": [
                7.6904,
                33.76322,
                -0.10293
              ],
              "size": [
                4.84,
                5.61,
                7.37
              ],
              "pivot": [
                7.9004,
                39.14703,
                2.49155
              ],
              "rotation": [
                -2.4905,
                -0.21782,
                -4.99527
              ],
              "uv": [
                75,
                9
              ]
            }
          ]
        },
        {
          "name": "bone11",
          "parent": "Rightarm",
          "pivot": [
            9.1104,
            26.58703,
            1.29155
          ],
          "rotation": [
            -7.48436,
            0.75155,
            2.38443
          ],
          "cubes": [
            {
              "origin": [
                7.1104,
                14.58703,
                -0.70845
              ],
              "size": [
                6,
                13,
                6
              ],
              "uv": [
                60,
                56
              ]
            },
            {
              "origin": [
                7.7104,
                10.58703,
                -0.70845
              ],
              "size": [
                5,
                4,
                6
              ],
              "uv": [
                66,
                75
              ]
            }
          ]
        },
        {
          "name": "Leftarm",
          "parent": "Body",
          "pivot": [
            -7,
            38.95259,
            4.43288
          ],
          "rotation": [
            -9.98605,
            -0.65181,
            5.02838
          ],
          "cubes": [
            {
              "origin": [
                -12.3104,
                26.38703,
                0.09155
              ],
              "size": [
                4.4,
                12.1,
                6.7
              ],
              "pivot": [
                0.9896,
                39.18703,
                2.29155
              ],
              "rotation": [
                -2.5,
                0,
                0
              ],
              "uv": [
                28,
                62
              ],
              "mirror": true
            },
            {
              "origin": [
                -12.5304,
                33.76322,
                -0.10293
              ],
              "size": [
                4.84,
                5.61,
                7.37
              ],
              "pivot": [
                -7.9004,
                39.14703,
                2.49155
              ],
              "rotation": [
                -2.4905,
                0.21782,
                4.99527
              ],
              "uv": [
                75,
                9
              ],
              "mirror": true
            }
          ]
        },
        {
          "name": "bone2",
          "parent": "Leftarm",
          "pivot": [
            -9.1104,
            26.58703,
            1.29155
          ],
          "rotation": [
            -7.48436,
            -0.75155,
            -2.38443
          ],
          "cubes": [
            {
              "origin": [
                -13.1104,
                14.58703,
                -0.70845
              ],
              "size": [
                6,
                13,
                6
              ],
              "uv": [
                60,
                56
              ],
              "mirror": true
            },
            {
              "origin": [
                -12.7104,
                10.58703,
                -0.70845
              ],
              "size": [
                5,
                4,
                6
              ],
              "uv": [
                66,
                75
              ],
              "mirror": true
            }
          ]
        },
        {
          "name": "Leftleg",
          "pivot": [
            1,
            20,
            0
          ],
          "cubes": [
            {
              "origin": [
                -7,
                11,
                -4
              ],
              "size": [
                5,
                9,
                6
              ],
              "pivot": [
                -2,
                10,
                0
              ],
              "rotation": [
                0,
                0,
                2.5
              ],
              "uv": [
                66,
                38
              ]
            },
            {
              "origin": [
                -6.8,
                10.1,
                -4.4
              ],
              "size": [
                6.5,
                12.9,
                7.6
              ],
              "pivot": [
                -5,
                20,
                0
              ],
              "rotation": [
                -4.97864,
                -0.32621,
                7.50706
              ],
              "uv": [
                56,
                16
              ]
            }
          ]
        },
        {
          "name": "bone6",
          "parent": "Leftleg",
          "pivot": [
            -4,
            11,
            -2
          ],
          "cubes": [
            {
              "origin": [
                -7,
                2,
                -4
              ],
              "size": [
                5,
                9,
                6
              ],
              "uv": [
                66,
                38
              ]
            },
            {
              "origin": [
                -7,
                0,
                -6
              ],
              "size": [
                5,
                2,
                8
              ],
              "uv": [
                74,
                27
              ]
            }
          ]
        },
        {
          "name": "Rightleg",
          "pivot": [
            -1,
            20,
            0
          ],
          "cubes": [
            {
              "origin": [
                2,
                11,
                -4
              ],
              "size": [
                5,
                9,
                6
              ],
              "pivot": [
                2,
                10,
                0
              ],
              "rotation": [
                0,
                0,
                -2.5
              ],
              "uv": [
                66,
                38
              ],
              "mirror": true
            },
            {
              "origin": [
                0.3,
                10.1,
                -4.4
              ],
              "size": [
                6.5,
                12.9,
                7.6
              ],
              "pivot": [
                5,
                20,
                0
              ],
              "rotation": [
                -4.97864,
                0.32621,
                -7.50706
              ],
              "uv": [
                56,
                16
              ],
              "mirror": true
            }
          ]
        },
        {
          "name": "bone3",
          "parent": "Rightleg",
          "pivot": [
            4,
            11,
            -2
          ],
          "cubes": [
            {
              "origin": [
                2,
                2,
                -4
              ],
              "size": [
                5,
                9,
                6
              ],
              "uv": [
                66,
                38
              ],
              "mirror": true
            },
            {
              "origin": [
                2,
                0,
                -6
              ],
              "size": [
                5,
                2,
                8
              ],
              "uv": [
                74,
                27
              ],
              "mirror": true
            }
          ]
        }
      ]
    }
  ]
}