{
  "format_version": "1.12.0",
  "minecraft:geometry": [
    {
      "description": {
        "identifier": "geometry.sbgoji_big_speaker_mandie",
        "texture_width": 256,
        "texture_height": 256,
        "visible_bounds_width": 8,
        "visible_bounds_height": 10,
        "visible_bounds_offset": [
          0,
          3,
          0
        ]
      },
      "bones": [
        {
          "name": "bone",
          "pivot": [
            0,
            7,
            0
          ],
          "rotation": [
            -90,
            0,
            0
          ]
        },
        {
          "name": "Body",
          "parent": "bone",
          "pivot": [
            0,
            60,
            0
          ],
          "rotation": [
            5,
            0,
            0
          ],
          "cubes": [
            {
              "origin": [
                -8.8,
                58.3,
                -1.1
              ],
              "size": [
                17.6,
                13.2,
                8.8
              ],
              "uv": [
                0,
                54
              ]
            }
          ]
        },
        {
          "name": "N",
          "parent": "Body",
          "pivot": [
            0,
            70,
            4
          ],
          "rotation": [
            -12.04194,
            -0.40669,
            -2.5254
          ],
          "cubes": [
            {
              "origin": [
                -10.8,
                74.3,
                -3.1
              ],
              "size": [
                21.6,
                14.2,
                13.8
              ],
              "pivot": [
                0,
                69,
                0
              ],
              "rotation": [
                17.5,
                0,
                0
              ],
              "uv": [
                0,
                0
              ]
            },
            {
              "origin": [
                -3.8,
                80.3,
                -0.1
              ],
              "size": [
                7.6,
                14.2,
                8.8
              ],
              "pivot": [
                0,
                69,
                0
              ],
              "rotation": [
                17.5,
                0,
                0
              ],
              "uv": [
                92,
                28
              ]
            },
            {
              "origin": [
                -9.8,
                68.3,
                -2.1
              ],
              "size": [
                19.6,
                16.2,
                11.8
              ],
              "pivot": [
                0,
                69,
                0
              ],
              "rotation": [
                17.5,
                0,
                0
              ],
              "uv": [
                0,
                27
              ]
            }
          ]
        },
        {
          "name": "bone16",
          "parent": "N",
          "pivot": [
            0,
            85,
            -8
          ],
          "rotation": [
            17.25002,
            -2.99318,
            9.54589
          ],
          "cubes": [
            {
              "origin": [
                -2,
                76,
                -9
              ],
              "size": [
                4,
                10,
                1
              ],
              "uv": [
                0,
                27
              ]
            },
            {
              "origin": [
                2,
                76,
                -9
              ],
              "size": [
                1,
                6,
                1
              ],
              "uv": [
                4,
                54
              ]
            },
            {
              "origin": [
                -3,
                76,
                -9
              ],
              "size": [
                1,
                5,
                1
              ],
              "uv": [
                59,
                0
              ]
            }
          ]
        },
        {
          "name": "bone17",
          "parent": "bone16",
          "pivot": [
            0,
            76,
            -8
          ],
          "rotation": [
            7.5,
            0,
            0
          ],
          "cubes": [
            {
              "origin": [
                -1,
                59,
                -9
              ],
              "size": [
                1,
                3,
                1
              ],
              "uv": [
                49,
                27
              ]
            },
            {
              "origin": [
                -1,
                62,
                -9
              ],
              "size": [
                2,
                3,
                1
              ],
              "uv": [
                42,
                54
              ]
            },
            {
              "origin": [
                2,
                69,
                -9
              ],
              "size": [
                1,
                7,
                1
              ],
              "uv": [
                0,
                54
              ]
            },
            {
              "origin": [
                -3,
                68,
                -9
              ],
              "size": [
                1,
                8,
                1
              ],
              "uv": [
                55,
                0
              ]
            },
            {
              "origin": [
                -2,
                65,
                -9
              ],
              "size": [
                4,
                11,
                1
              ],
              "uv": [
                0,
                0
              ]
            }
          ]
        },
        {
          "name": "bone15",
          "parent": "N",
          "pivot": [
            0,
            117,
            3
          ],
          "rotation": [
            10,
            0,
            0
          ],
          "cubes": [
            {
              "origin": [
                -6,
                117,
                -5
              ],
              "size": [
                12,
                21,
                9
              ],
              "uv": [
                51,
                45
              ]
            }
          ]
        },
        {
          "name": "bone13",
          "parent": "N",
          "pivot": [
            11,
            87,
            2
          ],
          "rotation": [
            16.93839,
            4.46375,
            -16.83501
          ],
          "cubes": [
            {
              "origin": [
                11.00095,
                78.04362,
                -6
              ],
              "size": [
                9,
                11,
                9
              ],
              "uv": [
                62,
                75
              ]
            },
            {
              "origin": [
                12.00095,
                67.04362,
                -6
              ],
              "size": [
                7,
                11,
                9
              ],
              "pivot": [
                14.00095,
                78.04362,
                2
              ],
              "rotation": [
                -2.5,
                0,
                0
              ],
              "uv": [
                89,
                86
              ]
            },
            {
              "origin": [
                12.00095,
                60.03315,
                -6.47981
              ],
              "size": [
                7,
                8,
                9
              ],
              "pivot": [
                14.00095,
                67.04362,
                2
              ],
              "rotation": [
                -4.99762,
                0.10901,
                2.49762
              ],
              "uv": [
                53,
                96
              ]
            }
          ]
        },
        {
          "name": "bone14",
          "parent": "bone13",
          "pivot": [
            16.00095,
            61.04362,
            -3
          ],
          "rotation": [
            -9.99527,
            0.21782,
            -27.5095
          ],
          "cubes": [
            {
              "origin": [
                12.50095,
                32.04362,
                -7
              ],
              "size": [
                6,
                29,
                9
              ],
              "pivot": [
                14.00095,
                72.04362,
                1
              ],
              "rotation": [
                -2.5,
                0,
                0
              ],
              "uv": [
                0,
                75
              ]
            },
            {
              "origin": [
                12.50095,
                28.04362,
                -7
              ],
              "size": [
                6,
                4,
                9
              ],
              "pivot": [
                14.00095,
                72.04362,
                1
              ],
              "rotation": [
                -2.5,
                0,
                0
              ],
              "uv": [
                100,
                0
              ]
            }
          ]
        },
        {
          "name": "bone7",
          "parent": "N",
          "pivot": [
            -11,
            87,
            2
          ],
          "rotation": [
            17.85476,
            -4.75704,
            13.3871
          ],
          "cubes": [
            {
              "origin": [
                -20.00095,
                78.04362,
                -6
              ],
              "size": [
                9,
                11,
                9
              ],
              "uv": [
                62,
                75
              ],
              "mirror": true
            },
            {
              "origin": [
                -19.00095,
                67.04362,
                -6
              ],
              "size": [
                7,
                11,
                9
              ],
              "pivot": [
                -14.00095,
                78.04362,
                2
              ],
              "rotation": [
                -2.5,
                0,
                0
              ],
              "uv": [
                89,
                86
              ],
              "mirror": true
            },
            {
              "origin": [
                -19.00095,
                60.03315,
                -6.47981
              ],
              "size": [
                7,
                8,
                9
              ],
              "pivot": [
                -14.00095,
                67.04362,
                2
              ],
              "rotation": [
                -4.99762,
                -0.10901,
                -2.49762
              ],
              "uv": [
                53,
                96
              ],
              "mirror": true
            }
          ]
        },
        {
          "name": "bone8",
          "parent": "bone7",
          "pivot": [
            -16.00095,
            61.04362,
            -3
          ],
          "rotation": [
            -4.99527,
            -0.21782,
            -2.4905
          ],
          "cubes": [
            {
              "origin": [
                -18.50095,
                32.04362,
                -7
              ],
              "size": [
                6,
                29,
                9
              ],
              "pivot": [
                -14.00095,
                72.04362,
                1
              ],
              "rotation": [
                -2.5,
                0,
                0
              ],
              "uv": [
                0,
                75
              ],
              "mirror": true
            },
            {
              "origin": [
                -18.50095,
                28.04362,
                -7
              ],
              "size": [
                6,
                4,
                9
              ],
              "pivot": [
                -14.00095,
                72.04362,
                1
              ],
              "rotation": [
                -2.5,
                0,
                0
              ],
              "uv": [
                100,
                0
              ],
              "mirror": true
            }
          ]
        },
        {
          "name": "Leftleg",
          "parent": "bone",
          "pivot": [
            2,
            60,
            0
          ],
          "rotation": [
            0,
            0,
            -5
          ],
          "cubes": [
            {
              "origin": [
                0.38836,
                37.37599,
                -1
              ],
              "size": [
                8,
                22,
                8
              ],
              "uv": [
                30,
                75
              ],
              "mirror": true
            }
          ]
        },
        {
          "name": "bone2",
          "parent": "Leftleg",
          "pivot": [
            5.38836,
            38.37599,
            2
          ],
          "rotation": [
            2.49762,
            -0.10901,
            2.49762
          ],
          "cubes": [
            {
              "origin": [
                0.39787,
                6.9398,
                -3.5
              ],
              "size": [
                8,
                3,
                10
              ],
              "pivot": [
                -4.60213,
                11.9398,
                0
              ],
              "rotation": [
                -2.49527,
                0.21782,
                2.4905
              ],
              "uv": [
                93,
                50
              ],
              "mirror": true
            },
            {
              "origin": [
                0.39787,
                9.9398,
                -1
              ],
              "size": [
                8,
                28,
                8
              ],
              "uv": [
                68,
                0
              ],
              "mirror": true
            }
          ]
        },
        {
          "name": "Rightleg",
          "parent": "bone",
          "pivot": [
            -2,
            60,
            0
          ],
          "rotation": [
            0,
            0,
            5
          ],
          "cubes": [
            {
              "origin": [
                -8.38836,
                37.37599,
                -1
              ],
              "size": [
                8,
                22,
                8
              ],
              "uv": [
                30,
                75
              ]
            }
          ]
        },
        {
          "name": "bone6",
          "parent": "Rightleg",
          "pivot": [
            -5.38836,
            38.37599,
            2
          ],
          "rotation": [
            2.49762,
            0.10901,
            -2.49762
          ],
          "cubes": [
            {
              "origin": [
                -8.39787,
                6.9398,
                -3.5
              ],
              "size": [
                8,
                3,
                10
              ],
              "pivot": [
                4.60213,
                11.9398,
                0
              ],
              "rotation": [
                -2.49527,
                -0.21782,
                -2.4905
              ],
              "uv": [
                93,
                50
              ]
            },
            {
              "origin": [
                -8.39787,
                9.9398,
                -1
              ],
              "size": [
                8,
                28,
                8
              ],
              "uv": [
                68,
                0
              ]
            }
          ]
        }
      ]
    }
  ]
}