{
  "resource_pack_name": "vanilla",
  "texture_name": "atlas.items",
  "texture_data": {
    "yg:wooly_bully": {
      "textures": "textures/items/yg_wooly_bully"
    },
    "yg:bouncy_dino": {
      "textures": "textures/items/yg_bouncy_dino"
    },
    "yg:ronny": {
      "textures": "textures/items/yg_ronny"
    },
    "yg:kitty_bitty": {
      "textures": "textures/items/yg_kitty_bitty"
    },
    "yg:mordy": {
      "textures": "textures/items/yg_mordy"
    },
    "yg:blenny": {
      "textures": "textures/items/yg_blenny"
    },
    "yg:seini": {
      "textures": "textures/items/yg_seini"
    }
  }
}