{
  "format_version": "1.12.0",
  "minecraft:geometry": [
    {
      "description": {
        "identifier": "geometry.mr_banbaleena",
        "texture_width": 64,
        "texture_height": 64,
        "visible_bounds_width": 2,
        "visible_bounds_height": 3.5,
        "visible_bounds_offset": [
          0,
          1.25,
          0
        ]
      },
      "bones": [
        {
          "name": "Root"
        },
        {
          "name": "Body",
          "pivot": [
            0,
            11,
            0
          ],
          "cubes": [
            {
              "origin": [
                -4.0,
                11.0,
                -3.0
              ],
              "size": [
                8.0,
                11.0,
                6.0
              ],
              "uv": [
                0,
                0
              ],
              "inflate": 0
            }
          ],
          "parent": "Root"
        },
        {
          "name": "RightArm",
          "pivot": [
            -4,
            22,
            0
          ],
          "cubes": [
            {
              "origin": [
                -6.0,
                15.0,
                -2.0
              ],
              "size": [
                3.0,
                7.0,
                4.0
              ],
              "uv": [
                36,
                0
              ],
              "inflate": 0
            }
          ],
          "parent": "Body",
          "rotation": [
            0,
            0,
            5
          ]
        },
        {
          "name": "bone3",
          "pivot": [
            -4.5,
            15,
            0
          ],
          "cubes": [
            {
              "origin": [
                -6.3,
                9.0,
                -2.3
              ],
              "size": [
                3.6,
                6.0,
                4.6
              ],
              "uv": [
                0,
                42
              ],
              "inflate": 0
            }
          ],
          "parent": "RightArm"
        },
        {
          "name": "bone6",
          "pivot": [
            -4.5,
            9,
            0
          ],
          "cubes": [
            {
              "origin": [
                -6.0,
                6.0,
                -1.7
              ],
              "size": [
                3.0,
                3.0,
                3.4
              ],
              "uv": [
                36,
                11
              ],
              "inflate": 0
            }
          ],
          "parent": "bone3"
        },
        {
          "name": "LeftArm",
          "pivot": [
            4,
            22,
            0
          ],
          "cubes": [
            {
              "origin": [
                3.0,
                15.0,
                -2.0
              ],
              "size": [
                3.0,
                7.0,
                4.0
              ],
              "uv": [
                32,
                33
              ],
              "inflate": 0
            }
          ],
          "parent": "Body",
          "rotation": [
            0,
            0,
            -5
          ]
        },
        {
          "name": "bone8",
          "pivot": [
            4.5,
            15,
            0
          ],
          "cubes": [
            {
              "origin": [
                2.7,
                9.0,
                -2.3
              ],
              "size": [
                3.6,
                6.0,
                4.6
              ],
              "uv": [
                36,
                19
              ],
              "inflate": 0
            }
          ],
          "parent": "LeftArm"
        },
        {
          "name": "bone9",
          "pivot": [
            4.5,
            9,
            0
          ],
          "cubes": [
            {
              "origin": [
                3.0,
                6.0,
                -1.7
              ],
              "size": [
                3.0,
                3.0,
                3.4
              ],
              "uv": [
                22,
                0
              ],
              "inflate": 0
            }
          ],
          "parent": "bone8"
        },
        {
          "name": "Head",
          "pivot": [
            0,
            22,
            0
          ],
          "cubes": [
            {
              "origin": [
                -3.5,
                22.0,
                -3.5
              ],
              "size": [
                7.0,
                7.0,
                7.0
              ],
              "uv": [
                0,
                17
              ],
              "inflate": 0
            }
          ],
          "parent": "Body"
        },
        {
          "name": "bone12",
          "cubes": [
            {
              "origin": [
                -3.4,
                29.0,
                -1.4
              ],
              "size": [
                2.8,
                2.0,
                2.8
              ],
              "uv": [
                46,
                19
              ],
              "inflate": 0
            },
            {
              "origin": [
                0.6,
                29.0,
                -1.4
              ],
              "size": [
                2.8,
                2.0,
                2.8
              ],
              "uv": [
                46,
                15
              ],
              "inflate": 0
            },
            {
              "origin": [
                -3.3,
                30.7,
                -1.3
              ],
              "size": [
                2.6,
                2.0,
                2.6
              ],
              "uv": [
                46,
                0
              ],
              "inflate": 0
            },
            {
              "origin": [
                0.7,
                30.7,
                -1.3
              ],
              "size": [
                2.6,
                2.0,
                2.6
              ],
              "uv": [
                34,
                44
              ],
              "inflate": 0
            }
          ],
          "parent": "Head"
        },
        {
          "name": "bone13",
          "pivot": [
            2,
            30,
            -1
          ],
          "cubes": [
            {
              "origin": [
                -1.4,
                27.5,
                -1.5
              ],
              "size": [
                6.0,
                4.0,
                0.0
              ],
              "uv": [
                2,
                58
              ],
              "inflate": 0
            }
          ],
          "parent": "bone12",
          "rotation": [
            0,
            0,
            12.5
          ]
        },
        {
          "name": "bone11",
          "pivot": [
            -1.3,
            22,
            -3
          ],
          "parent": "Head",
          "rotation": [
            -5.06981,
            0.26535,
            9.60781
          ]
        },
        {
          "name": "bone7",
          "pivot": [
            -2,
            26,
            -3
          ],
          "cubes": [
            {
              "origin": [
                -3.0,
                24.9,
                -4.0
              ],
              "size": [
                2.2,
                2.2,
                2.0
              ],
              "uv": [
                48,
                9
              ],
              "inflate": 0
            },
            {
              "origin": [
                -2.8,
                25.1,
                -4.1
              ],
              "size": [
                1.8,
                1.8,
                0.0
              ],
              "uv": [
                2,
                4
              ],
              "inflate": 0
            }
          ],
          "parent": "Head"
        },
        {
          "name": "bone10",
          "pivot": [
            2,
            26,
            -3
          ],
          "cubes": [
            {
              "origin": [
                0.8,
                24.9,
                -4.0
              ],
              "size": [
                2.2,
                2.2,
                2.0
              ],
              "uv": [
                46,
                34
              ],
              "inflate": 0
            },
            {
              "origin": [
                1.0,
                25.1,
                -4.1
              ],
              "size": [
                1.8,
                1.8,
                0.0
              ],
              "uv": [
                0,
                4
              ],
              "inflate": 0
            }
          ],
          "parent": "Head"
        },
        {
          "name": "LeftLeg",
          "pivot": [
            2,
            11,
            0
          ],
          "cubes": [
            {
              "origin": [
                0.2,
                7.0,
                -1.8
              ],
              "size": [
                3.6,
                6.0,
                3.6
              ],
              "uv": [
                43,
                41
              ],
              "inflate": 0
            }
          ],
          "parent": "Root",
          "rotation": [
            0,
            -2.5,
            -2.5
          ]
        },
        {
          "name": "bone4",
          "pivot": [
            2,
            7,
            0
          ],
          "cubes": [
            {
              "origin": [
                0.0,
                0.0,
                -2.0
              ],
              "size": [
                4.0,
                7.0,
                4.0
              ],
              "uv": [
                0,
                31
              ],
              "inflate": 0
            }
          ],
          "parent": "LeftLeg"
        },
        {
          "name": "bone5",
          "pivot": [
            2,
            2,
            0
          ],
          "cubes": [
            {
              "origin": [
                -0.3,
                0.0,
                -4.4
              ],
              "size": [
                4.6,
                2.5,
                7.0
              ],
              "uv": [
                21,
                10
              ],
              "inflate": 0
            }
          ],
          "parent": "bone4",
          "rotation": [
            0,
            0,
            2.5
          ]
        },
        {
          "name": "RightLeg",
          "pivot": [
            -2,
            11,
            0
          ],
          "cubes": [
            {
              "origin": [
                -3.8,
                7.0,
                -1.8
              ],
              "size": [
                3.6,
                6.0,
                3.6
              ],
              "uv": [
                14,
                44
              ],
              "inflate": 0
            }
          ],
          "parent": "Root",
          "rotation": [
            0,
            2.5,
            2.5
          ]
        },
        {
          "name": "bone",
          "pivot": [
            -2,
            7,
            0
          ],
          "cubes": [
            {
              "origin": [
                -4.0,
                0.0,
                -2.0
              ],
              "size": [
                4.0,
                7.0,
                4.0
              ],
              "uv": [
                16,
                33
              ],
              "inflate": 0
            }
          ],
          "parent": "RightLeg"
        },
        {
          "name": "bone2",
          "pivot": [
            -2,
            2,
            0
          ],
          "cubes": [
            {
              "origin": [
                -4.3,
                0.0,
                -4.4
              ],
              "size": [
                4.6,
                2.5,
                7.0
              ],
              "uv": [
                21,
                24
              ],
              "inflate": 0
            }
          ],
          "parent": "bone",
          "rotation": [
            0,
            0,
            -2.5
          ]
        }
      ]
    }
  ]
}