{
  "format_version": "1.12.0",
  "minecraft:geometry": [
    {
      "description": {
        "identifier": "geometry.mr_bob_mob",
        "texture_width": 32,
        "texture_height": 32,
        "visible_bounds_width": 2,
        "visible_bounds_height": 1.5,
        "visible_bounds_offset": [
          0,
          0.25,
          0
        ]
      },
      "bones": [
        {
          "name": "Body",
          "cubes": [
            {
              "origin": [
                -3.0,
                0.0,
                -3.0
              ],
              "size": [
                6.0,
                6.0,
                6.0
              ],
              "uv": [
                0,
                0
              ],
              "inflate": 0
            },
            {
              "origin": [
                -3.3,
                5.3,
                -3.3
              ],
              "size": [
                6.6,
                2.0,
                6.6
              ],
              "uv": [
                0,
                12
              ],
              "inflate": 0
            }
          ]
        },
        {
          "name": "bone",
          "pivot": [
            -2,
            4,
            -3
          ],
          "cubes": [
            {
              "origin": [
                -3.2,
                2.8,
                -4.0
              ],
              "size": [
                2.4,
                2.4,
                2.0
              ],
              "uv": [
                18,
                12
              ],
              "inflate": 0
            },
            {
              "origin": [
                -3.0,
                3.0,
                -4.1
              ],
              "size": [
                2.0,
                2.0,
                0.0
              ],
              "uv": [
                0,
                2
              ],
              "inflate": 0
            }
          ],
          "parent": "Body",
          "rotation": [
            0,
            12.5,
            -7.5
          ]
        },
        {
          "name": "bone2",
          "pivot": [
            2,
            4,
            -3
          ],
          "cubes": [
            {
              "origin": [
                0.8,
                2.8,
                -4.0
              ],
              "size": [
                2.4,
                2.4,
                2.0
              ],
              "uv": [
                18,
                0
              ],
              "inflate": 0
            },
            {
              "origin": [
                1.0,
                3.0,
                -4.1
              ],
              "size": [
                2.0,
                2.0,
                0.0
              ],
              "uv": [
                0,
                0
              ],
              "inflate": 0
            }
          ],
          "parent": "Body",
          "rotation": [
            0,
            -10,
            0
          ]
        }
      ]
    }
  ]
}