{
  "format_version": "1.12.0",
  "minecraft:geometry": [
    {
      "description": {
        "identifier": "geometry.mr_nabnaleena_on",
        "texture_width": 64,
        "texture_height": 64,
        "visible_bounds_width": 3,
        "visible_bounds_height": 3.5,
        "visible_bounds_offset": [
          0,
          1.25,
          0
        ]
      },
      "bones": [
        {
          "name": "Root",
          "pivot": [
            0,
            3,
            -19
          ],
          "rotation": [
            -90,
            0,
            0
          ]
        },
        {
          "name": "Body",
          "pivot": [
            0,
            17,
            -19
          ],
          "cubes": [
            {
              "origin": [
                -5.0,
                17.0,
                -23.0
              ],
              "size": [
                10.0,
                11.0,
                7.0
              ],
              "uv": [
                0,
                0
              ],
              "inflate": 0
            },
            {
              "origin": [
                -4.5,
                28.0,
                -22.9
              ],
              "size": [
                9.0,
                6.0,
                6.8
              ],
              "uv": [
                0,
                18
              ],
              "inflate": 0
            }
          ],
          "parent": "Root"
        },
        {
          "name": "bone16",
          "pivot": [
            2.5,
            33,
            -23
          ],
          "cubes": [
            {
              "origin": [
                -1.0,
                30.0,
                -23.0
              ],
              "size": [
                7.0,
                6.0,
                0.0
              ],
              "uv": [
                16,
                55
              ],
              "inflate": 0
            }
          ],
          "parent": "Body",
          "rotation": [
            0,
            0,
            27.5
          ]
        },
        {
          "name": "bone7",
          "pivot": [
            0,
            35,
            -19.5
          ],
          "parent": "Body"
        },
        {
          "name": "bone10",
          "pivot": [
            0,
            36,
            -19.5
          ],
          "parent": "bone7"
        },
        {
          "name": "bone11",
          "pivot": [
            0,
            32,
            -23
          ],
          "cubes": [
            {
              "origin": [
                -1.3,
                30.73486,
                -23.60152
              ],
              "size": [
                2.6,
                2.6,
                2.0
              ],
              "uv": [
                40,
                38
              ],
              "inflate": 0
            },
            {
              "origin": [
                -1.0,
                31.03486,
                -23.70152
              ],
              "size": [
                2.0,
                2.0,
                1.0
              ],
              "uv": [
                2,
                51
              ],
              "inflate": 0
            }
          ],
          "parent": "Body",
          "rotation": [
            -5,
            0,
            0
          ]
        },
        {
          "name": "bone12",
          "pivot": [
            -3,
            29,
            -23
          ],
          "cubes": [
            {
              "origin": [
                -3.93486,
                27.16717,
                -23.64662
              ],
              "size": [
                2.6,
                2.6,
                2.0
              ],
              "uv": [
                39,
                30
              ],
              "inflate": 0
            },
            {
              "origin": [
                -3.63486,
                27.46717,
                -23.74662
              ],
              "size": [
                2.0,
                2.0,
                1.0
              ],
              "uv": [
                2,
                50
              ],
              "inflate": 0
            }
          ],
          "parent": "Body",
          "rotation": [
            5,
            5,
            0
          ]
        },
        {
          "name": "bone13",
          "pivot": [
            3,
            29,
            -23
          ],
          "cubes": [
            {
              "origin": [
                1.33486,
                27.16717,
                -23.64662
              ],
              "size": [
                2.6,
                2.6,
                2.0
              ],
              "uv": [
                38,
                34
              ],
              "inflate": 0
            },
            {
              "origin": [
                1.63486,
                27.46717,
                -23.74662
              ],
              "size": [
                2.0,
                2.0,
                1.0
              ],
              "uv": [
                2,
                52
              ],
              "inflate": 0
            }
          ],
          "parent": "Body",
          "rotation": [
            5,
            -5,
            0
          ]
        },
        {
          "name": "bone14",
          "pivot": [
            0,
            22,
            -22
          ],
          "parent": "Body",
          "rotation": [
            -15,
            0,
            0
          ]
        },
        {
          "name": "bone15",
          "pivot": [
            0,
            16,
            -22.5
          ],
          "parent": "bone14",
          "rotation": [
            20,
            0,
            0
          ]
        },
        {
          "name": "RightArm",
          "pivot": [
            -4,
            28,
            -19.5
          ],
          "cubes": [
            {
              "origin": [
                -6.8,
                21.0,
                -20.8
              ],
              "size": [
                2.6,
                7.0,
                2.6
              ],
              "uv": [
                24,
                36
              ],
              "inflate": 0
            }
          ],
          "parent": "Body",
          "rotation": [
            7.5,
            0,
            7.5
          ]
        },
        {
          "name": "bone5",
          "pivot": [
            -5.5,
            21,
            -19.5
          ],
          "cubes": [
            {
              "origin": [
                -6.5,
                15.0,
                -20.5
              ],
              "size": [
                2.0,
                6.0,
                2.0
              ],
              "uv": [
                38,
                22
              ],
              "inflate": 0
            }
          ],
          "parent": "RightArm",
          "rotation": [
            10,
            0,
            0
          ]
        },
        {
          "name": "bone6",
          "pivot": [
            -5.5,
            15,
            -19.5
          ],
          "cubes": [
            {
              "origin": [
                -6.3,
                10.0,
                -20.3
              ],
              "size": [
                1.6,
                5.0,
                1.6
              ],
              "uv": [
                0,
                18
              ],
              "inflate": 0
            }
          ],
          "parent": "bone5",
          "rotation": [
            -17.5,
            0,
            0
          ]
        },
        {
          "name": "LeftArm",
          "pivot": [
            4,
            28,
            -19.5
          ],
          "cubes": [
            {
              "origin": [
                4.2,
                21.0,
                -20.8
              ],
              "size": [
                2.6,
                7.0,
                2.6
              ],
              "uv": [
                36,
                10
              ],
              "inflate": 0
            }
          ],
          "parent": "Body",
          "rotation": [
            7.5,
            0,
            -7.5
          ]
        },
        {
          "name": "bone8",
          "pivot": [
            5.5,
            21,
            -19.5
          ],
          "cubes": [
            {
              "origin": [
                4.5,
                15.0,
                -20.5
              ],
              "size": [
                2.0,
                6.0,
                2.0
              ],
              "uv": [
                32,
                36
              ],
              "inflate": 0
            }
          ],
          "parent": "LeftArm",
          "rotation": [
            10,
            0,
            0
          ]
        },
        {
          "name": "bone9",
          "pivot": [
            5.5,
            15,
            -19.5
          ],
          "cubes": [
            {
              "origin": [
                4.7,
                10.0,
                -20.3
              ],
              "size": [
                1.6,
                5.0,
                1.6
              ],
              "uv": [
                0,
                0
              ],
              "inflate": 0
            }
          ],
          "parent": "bone8",
          "rotation": [
            -17.5,
            0,
            0
          ]
        },
        {
          "name": "LeftLeg",
          "pivot": [
            2.5,
            17,
            -19
          ],
          "cubes": [
            {
              "origin": [
                1.5,
                12.0,
                -21.0
              ],
              "size": [
                3.0,
                6.0,
                3.0
              ],
              "uv": [
                27,
                27
              ],
              "inflate": 0
            }
          ],
          "parent": "Root",
          "rotation": [
            10,
            0,
            -2.5
          ]
        },
        {
          "name": "bone3",
          "pivot": [
            3,
            12,
            -19.5
          ],
          "cubes": [
            {
              "origin": [
                1.8,
                7.0,
                -20.7
              ],
              "size": [
                2.4,
                6.0,
                2.4
              ],
              "uv": [
                0,
                39
              ],
              "inflate": 0
            }
          ],
          "parent": "LeftLeg",
          "rotation": [
            15,
            0,
            0
          ]
        },
        {
          "name": "bone2",
          "pivot": [
            3,
            7,
            -19.5
          ],
          "cubes": [
            {
              "origin": [
                2.2,
                3.0,
                -20.3
              ],
              "size": [
                1.6,
                4.0,
                1.6
              ],
              "uv": [
                40,
                42
              ],
              "inflate": 0
            }
          ],
          "parent": "bone3",
          "rotation": [
            -25,
            0,
            0
          ]
        },
        {
          "name": "RightLeg",
          "pivot": [
            -2.5,
            17,
            -19
          ],
          "cubes": [
            {
              "origin": [
                -4.5,
                12.0,
                -21.0
              ],
              "size": [
                3.0,
                6.0,
                3.0
              ],
              "uv": [
                12,
                30
              ],
              "inflate": 0
            }
          ],
          "parent": "Root",
          "rotation": [
            10,
            0,
            2.5
          ]
        },
        {
          "name": "bone",
          "pivot": [
            -3,
            12,
            -19.5
          ],
          "cubes": [
            {
              "origin": [
                -4.2,
                7.0,
                -20.7
              ],
              "size": [
                2.4,
                6.0,
                2.4
              ],
              "uv": [
                8,
                39
              ],
              "inflate": 0
            }
          ],
          "parent": "RightLeg",
          "rotation": [
            15,
            0,
            0
          ]
        },
        {
          "name": "bone4",
          "pivot": [
            -3,
            7,
            -19.5
          ],
          "cubes": [
            {
              "origin": [
                -3.8,
                3.0,
                -20.3
              ],
              "size": [
                1.6,
                4.0,
                1.6
              ],
              "uv": [
                41,
                0
              ],
              "inflate": 0
            }
          ],
          "parent": "bone",
          "rotation": [
            -25,
            0,
            0
          ]
        }
      ]
    }
  ]
}