{
  "format_version": "1.12.0",
  "minecraft:geometry": [
    {
      "description": {
        "identifier": "geometry.mr_nabnaleena_off",
        "texture_width": 64,
        "texture_height": 64,
        "visible_bounds_width": 3,
        "visible_bounds_height": 3.5,
        "visible_bounds_offset": [
          0,
          1.25,
          0
        ]
      },
      "bones": [
        {
          "name": "Root",
          "pivot": [
            0,
            -14,
            -6
          ],
          "rotation": [
            0,
            -90,
            0
          ]
        },
        {
          "name": "Body",
          "pivot": [
            0,
            0,
            -6
          ],
          "cubes": [
            {
              "origin": [
                -5.0,
                0.0,
                -10.0
              ],
              "size": [
                10.0,
                11.0,
                7.0
              ],
              "uv": [
                0,
                0
              ],
              "inflate": 0
            },
            {
              "origin": [
                -4.5,
                11.0,
                -9.9
              ],
              "size": [
                9.0,
                6.0,
                6.8
              ],
              "uv": [
                0,
                18
              ],
              "inflate": 0
            }
          ],
          "parent": "Root",
          "rotation": [
            15,
            0,
            0
          ]
        },
        {
          "name": "bone16",
          "pivot": [
            2.5,
            16,
            -10
          ],
          "cubes": [
            {
              "origin": [
                -1.0,
                13.0,
                -10.0
              ],
              "size": [
                7.0,
                6.0,
                0.0
              ],
              "uv": [
                16,
                55
              ],
              "inflate": 0
            }
          ],
          "parent": "Body",
          "rotation": [
            0,
            0,
            27.5
          ]
        },
        {
          "name": "bone7",
          "pivot": [
            0,
            18,
            -6.5
          ],
          "parent": "Body"
        },
        {
          "name": "bone10",
          "pivot": [
            0,
            19,
            -6.5
          ],
          "parent": "bone7"
        },
        {
          "name": "bone11",
          "pivot": [
            0,
            15,
            -10
          ],
          "cubes": [
            {
              "origin": [
                -1.3,
                13.73486,
                -10.60152
              ],
              "size": [
                2.6,
                2.6,
                2.0
              ],
              "uv": [
                40,
                38
              ],
              "inflate": 0
            },
            {
              "origin": [
                -1.0,
                14.03486,
                -10.70152
              ],
              "size": [
                2.0,
                2.0,
                1.0
              ],
              "uv": [
                2,
                51
              ],
              "inflate": 0
            }
          ],
          "parent": "Body",
          "rotation": [
            -5,
            0,
            0
          ]
        },
        {
          "name": "bone12",
          "pivot": [
            -3,
            12,
            -10
          ],
          "cubes": [
            {
              "origin": [
                -3.93486,
                10.16717,
                -10.64662
              ],
              "size": [
                2.6,
                2.6,
                2.0
              ],
              "uv": [
                39,
                30
              ],
              "inflate": 0
            },
            {
              "origin": [
                -3.63486,
                10.46717,
                -10.74662
              ],
              "size": [
                2.0,
                2.0,
                1.0
              ],
              "uv": [
                2,
                50
              ],
              "inflate": 0
            }
          ],
          "parent": "Body",
          "rotation": [
            5,
            5,
            0
          ]
        },
        {
          "name": "bone13",
          "pivot": [
            3,
            12,
            -10
          ],
          "cubes": [
            {
              "origin": [
                1.33486,
                10.16717,
                -10.64662
              ],
              "size": [
                2.6,
                2.6,
                2.0
              ],
              "uv": [
                38,
                34
              ],
              "inflate": 0
            },
            {
              "origin": [
                1.63486,
                10.46717,
                -10.74662
              ],
              "size": [
                2.0,
                2.0,
                1.0
              ],
              "uv": [
                2,
                52
              ],
              "inflate": 0
            }
          ],
          "parent": "Body",
          "rotation": [
            5,
            -5,
            0
          ]
        },
        {
          "name": "bone14",
          "pivot": [
            0,
            5,
            -9
          ],
          "parent": "Body",
          "rotation": [
            -15,
            0,
            0
          ]
        },
        {
          "name": "bone15",
          "pivot": [
            0,
            -1,
            -9.5
          ],
          "parent": "bone14",
          "rotation": [
            20,
            0,
            0
          ]
        },
        {
          "name": "RightArm",
          "pivot": [
            -4,
            11,
            -6.5
          ],
          "cubes": [
            {
              "origin": [
                -6.8,
                4.0,
                -7.8
              ],
              "size": [
                2.6,
                7.0,
                2.6
              ],
              "uv": [
                24,
                36
              ],
              "inflate": 0
            }
          ],
          "parent": "Body",
          "rotation": [
            5,
            0,
            15
          ]
        },
        {
          "name": "bone5",
          "pivot": [
            -5.5,
            4,
            -6.5
          ],
          "cubes": [
            {
              "origin": [
                -6.5,
                -2.0,
                -7.5
              ],
              "size": [
                2.0,
                6.0,
                2.0
              ],
              "uv": [
                38,
                22
              ],
              "inflate": 0
            }
          ],
          "parent": "RightArm",
          "rotation": [
            -20,
            0,
            22.5
          ]
        },
        {
          "name": "bone6",
          "pivot": [
            -5.5,
            -2,
            -6.5
          ],
          "cubes": [
            {
              "origin": [
                -6.3,
                -7.0,
                -7.3
              ],
              "size": [
                1.6,
                5.0,
                1.6
              ],
              "uv": [
                0,
                18
              ],
              "inflate": 0
            }
          ],
          "parent": "bone5",
          "rotation": [
            0,
            0,
            65
          ]
        },
        {
          "name": "LeftArm",
          "pivot": [
            4,
            11,
            -6.5
          ],
          "cubes": [
            {
              "origin": [
                4.2,
                4.0,
                -7.8
              ],
              "size": [
                2.6,
                7.0,
                2.6
              ],
              "uv": [
                36,
                10
              ],
              "inflate": 0
            }
          ],
          "parent": "Body",
          "rotation": [
            5,
            0,
            -15
          ]
        },
        {
          "name": "bone8",
          "pivot": [
            5.5,
            4,
            -6.5
          ],
          "cubes": [
            {
              "origin": [
                4.5,
                -2.0,
                -7.5
              ],
              "size": [
                2.0,
                6.0,
                2.0
              ],
              "uv": [
                32,
                36
              ],
              "inflate": 0
            }
          ],
          "parent": "LeftArm",
          "rotation": [
            -20,
            0,
            -22.5
          ]
        },
        {
          "name": "bone9",
          "pivot": [
            5.5,
            -2,
            -6.5
          ],
          "cubes": [
            {
              "origin": [
                4.7,
                -7.0,
                -7.3
              ],
              "size": [
                1.6,
                5.0,
                1.6
              ],
              "uv": [
                0,
                0
              ],
              "inflate": 0
            }
          ],
          "parent": "bone8",
          "rotation": [
            0,
            0,
            -62.5
          ]
        },
        {
          "name": "LeftLeg",
          "pivot": [
            2.5,
            0,
            -6
          ],
          "cubes": [
            {
              "origin": [
                1.5,
                -5.0,
                -8.0
              ],
              "size": [
                3.0,
                6.0,
                3.0
              ],
              "uv": [
                27,
                27
              ],
              "inflate": 0
            }
          ],
          "parent": "Root",
          "rotation": [
            -82.5,
            0,
            -2.5
          ]
        },
        {
          "name": "bone3",
          "pivot": [
            3,
            -5,
            -6.5
          ],
          "cubes": [
            {
              "origin": [
                1.8,
                -10.0,
                -7.7
              ],
              "size": [
                2.4,
                6.0,
                2.4
              ],
              "uv": [
                0,
                39
              ],
              "inflate": 0
            }
          ],
          "parent": "LeftLeg",
          "rotation": [
            15,
            0,
            0
          ]
        },
        {
          "name": "bone2",
          "pivot": [
            3,
            -10,
            -6.5
          ],
          "cubes": [
            {
              "origin": [
                2.2,
                -14.0,
                -7.3
              ],
              "size": [
                1.6,
                4.0,
                1.6
              ],
              "uv": [
                40,
                42
              ],
              "inflate": 0
            }
          ],
          "parent": "bone3",
          "rotation": [
            -7.5,
            0,
            0
          ]
        },
        {
          "name": "RightLeg",
          "pivot": [
            -2.5,
            0,
            -6
          ],
          "cubes": [
            {
              "origin": [
                -4.5,
                -5.0,
                -8.0
              ],
              "size": [
                3.0,
                6.0,
                3.0
              ],
              "uv": [
                12,
                30
              ],
              "inflate": 0
            }
          ],
          "parent": "Root",
          "rotation": [
            -82.5,
            0,
            2.5
          ]
        },
        {
          "name": "bone",
          "pivot": [
            -3,
            -5,
            -6.5
          ],
          "cubes": [
            {
              "origin": [
                -4.2,
                -10.0,
                -7.7
              ],
              "size": [
                2.4,
                6.0,
                2.4
              ],
              "uv": [
                8,
                39
              ],
              "inflate": 0
            }
          ],
          "parent": "RightLeg",
          "rotation": [
            15,
            0,
            0
          ]
        },
        {
          "name": "bone4",
          "pivot": [
            -3,
            -10,
            -6.5
          ],
          "cubes": [
            {
              "origin": [
                -3.8,
                -14.0,
                -7.3
              ],
              "size": [
                1.6,
                4.0,
                1.6
              ],
              "uv": [
                41,
                0
              ],
              "inflate": 0
            }
          ],
          "parent": "bone",
          "rotation": [
            -7.5,
            0,
            0
          ]
        }
      ]
    }
  ]
}