{
  "format_version": "1.12.0",
  "minecraft:geometry": [
    {
      "description": {
        "identifier": "geometry.r_chef_pogster",
        "texture_width": 128,
        "texture_height": 128,
        "visible_bounds_width": 3,
        "visible_bounds_height": 5,
        "visible_bounds_offset": [
          0,
          1.5,
          0
        ]
      },
      "bones": [
        {
          "name": "Root"
        },
        {
          "name": "Body",
          "pivot": [
            0,
            9,
            0
          ],
          "cubes": [
            {
              "origin": [
                -6.0,
                9.0,
                -5.5
              ],
              "size": [
                12.0,
                10.0,
                11.0
              ],
              "uv": [
                0,
                0
              ],
              "inflate": 0
            },
            {
              "origin": [
                -5.6,
                18.0,
                -5.1
              ],
              "size": [
                11.2,
                5.0,
                10.2
              ],
              "uv": [
                0,
                21
              ],
              "inflate": 0
            }
          ],
          "parent": "Root"
        },
        {
          "name": "bone4",
          "pivot": [
            -3,
            17,
            -5
          ],
          "cubes": [
            {
              "origin": [
                -4.7,
                15.0,
                -6.5
              ],
              "size": [
                3.0,
                3.0,
                2.0
              ],
              "uv": [
                32,
                21
              ],
              "inflate": 0
            },
            {
              "origin": [
                -4.5,
                15.2,
                -6.6
              ],
              "size": [
                2.6,
                2.6,
                0.0
              ],
              "uv": [
                0,
                36
              ],
              "inflate": 0
            }
          ],
          "parent": "Body"
        },
        {
          "name": "bone2",
          "pivot": [
            0,
            13,
            -5
          ],
          "cubes": [
            {
              "origin": [
                -5.0,
                10.0,
                -5.6
              ],
              "size": [
                10.0,
                5.0,
                0.0
              ],
              "uv": [
                50,
                0
              ],
              "inflate": 0
            }
          ],
          "parent": "Body"
        },
        {
          "name": "bone5",
          "pivot": [
            3,
            17,
            -5
          ],
          "cubes": [
            {
              "origin": [
                1.7,
                15.0,
                -6.5
              ],
              "size": [
                3.0,
                3.0,
                2.0
              ],
              "uv": [
                0,
                6
              ],
              "inflate": 0
            },
            {
              "origin": [
                1.9,
                15.2,
                -6.6
              ],
              "size": [
                2.6,
                2.6,
                0.0
              ],
              "uv": [
                35,
                2
              ],
              "inflate": 0
            }
          ],
          "parent": "Body"
        },
        {
          "name": "RightArm",
          "pivot": [
            -6,
            23,
            0
          ],
          "cubes": [
            {
              "origin": [
                -9.0,
                17.0,
                -2.0
              ],
              "size": [
                4.0,
                6.0,
                4.0
              ],
              "uv": [
                0,
                47
              ],
              "inflate": 0
            }
          ],
          "parent": "Body",
          "rotation": [
            2.5,
            0,
            7.5
          ]
        },
        {
          "name": "bone6",
          "pivot": [
            -7,
            17,
            0
          ],
          "cubes": [
            {
              "origin": [
                -9.4,
                10.0,
                -2.4
              ],
              "size": [
                4.8,
                7.0,
                4.8
              ],
              "uv": [
                36,
                44
              ],
              "inflate": 0
            },
            {
              "origin": [
                -8.6,
                6.8,
                -2.1
              ],
              "size": [
                3.2,
                4.4,
                4.2
              ],
              "uv": [
                48,
                51
              ],
              "inflate": 0
            }
          ],
          "parent": "RightArm",
          "rotation": [
            -7.5,
            0,
            0
          ]
        },
        {
          "name": "LeftArm",
          "pivot": [
            6,
            23,
            0
          ],
          "cubes": [
            {
              "origin": [
                5.0,
                17.0,
                -2.0
              ],
              "size": [
                4.0,
                6.0,
                4.0
              ],
              "uv": [
                42,
                17
              ],
              "inflate": 0
            }
          ],
          "parent": "Body",
          "rotation": [
            2.5,
            0,
            -7.5
          ]
        },
        {
          "name": "bone8",
          "pivot": [
            7,
            17,
            0
          ],
          "cubes": [
            {
              "origin": [
                4.6,
                10.0,
                -2.4
              ],
              "size": [
                4.8,
                7.0,
                4.8
              ],
              "uv": [
                20,
                40
              ],
              "inflate": 0
            },
            {
              "origin": [
                5.4,
                6.8,
                -2.1
              ],
              "size": [
                3.2,
                4.4,
                4.2
              ],
              "uv": [
                32,
                55
              ],
              "inflate": 0
            }
          ],
          "parent": "LeftArm",
          "rotation": [
            -7.5,
            0,
            0
          ]
        },
        {
          "name": "Head",
          "pivot": [
            0,
            23,
            0
          ],
          "cubes": [
            {
              "origin": [
                -4.5,
                23.0,
                -4.5
              ],
              "size": [
                9.0,
                8.0,
                9.0
              ],
              "uv": [
                33,
                27
              ],
              "inflate": 0
            }
          ],
          "parent": "Body"
        },
        {
          "name": "bone10",
          "pivot": [
            0,
            0,
            -0.5
          ],
          "cubes": [
            {
              "origin": [
                -2.9,
                23.2,
                -5.6
              ],
              "size": [
                5.8,
                3.6,
                2.6
              ],
              "uv": [
                52,
                44
              ],
              "inflate": 0
            }
          ],
          "parent": "Head"
        },
        {
          "name": "bone7",
          "pivot": [
            -2,
            29,
            -4.5
          ],
          "cubes": [
            {
              "origin": [
                -3.4,
                27.3,
                -5.5
              ],
              "size": [
                2.8,
                2.7,
                2.0
              ],
              "uv": [
                32,
                26
              ],
              "inflate": 0
            },
            {
              "origin": [
                -3.2,
                27.5,
                -5.6
              ],
              "size": [
                2.4,
                2.3,
                0.0
              ],
              "uv": [
                35,
                0
              ],
              "inflate": 0
            }
          ],
          "parent": "Head"
        },
        {
          "name": "bone11",
          "pivot": [
            -4,
            31,
            0
          ],
          "cubes": [
            {
              "origin": [
                -6.0,
                29.0,
                -1.0
              ],
              "size": [
                3.0,
                4.0,
                2.0
              ],
              "uv": [
                0,
                21
              ],
              "inflate": 0
            },
            {
              "origin": [
                -5.6,
                33.0,
                -1.0
              ],
              "size": [
                2.2,
                1.0,
                2.0
              ],
              "uv": [
                15,
                36
              ],
              "inflate": 0
            }
          ],
          "parent": "Head",
          "rotation": [
            0,
            0,
            -40
          ]
        },
        {
          "name": "bone9",
          "pivot": [
            4,
            31,
            0
          ],
          "cubes": [
            {
              "origin": [
                3.0,
                29.0,
                -1.0
              ],
              "size": [
                3.0,
                4.0,
                2.0
              ],
              "uv": [
                0,
                0
              ],
              "inflate": 0
            },
            {
              "origin": [
                3.4,
                33.0,
                -1.0
              ],
              "size": [
                2.2,
                1.0,
                2.0
              ],
              "uv": [
                23,
                36
              ],
              "inflate": 0
            }
          ],
          "parent": "Head",
          "rotation": [
            0,
            0,
            40
          ]
        },
        {
          "name": "bone12",
          "pivot": [
            2,
            29,
            -4.5
          ],
          "cubes": [
            {
              "origin": [
                0.6,
                27.3,
                -5.5
              ],
              "size": [
                2.8,
                2.7,
                2.0
              ],
              "uv": [
                0,
                27
              ],
              "inflate": 0
            },
            {
              "origin": [
                0.8,
                27.5,
                -5.6
              ],
              "size": [
                2.4,
                2.3,
                0.0
              ],
              "uv": [
                6,
                27
              ],
              "inflate": 0
            }
          ],
          "parent": "Head"
        },
        {
          "name": "LeftLeg",
          "pivot": [
            3,
            9,
            0
          ],
          "cubes": [
            {
              "origin": [
                0.8,
                6.0,
                -2.2
              ],
              "size": [
                4.4,
                6.0,
                4.4
              ],
              "uv": [
                51,
                7
              ],
              "inflate": 0
            }
          ],
          "parent": "Root",
          "rotation": [
            0,
            -2.5,
            -2.5
          ]
        },
        {
          "name": "bone3",
          "pivot": [
            3,
            6,
            0
          ],
          "cubes": [
            {
              "origin": [
                0.5,
                0.0,
                -2.5
              ],
              "size": [
                5.0,
                6.0,
                5.0
              ],
              "uv": [
                35,
                0
              ],
              "inflate": 0
            }
          ],
          "parent": "LeftLeg"
        },
        {
          "name": "RightLeg",
          "pivot": [
            -3,
            9,
            0
          ],
          "cubes": [
            {
              "origin": [
                -5.2,
                6.0,
                -2.2
              ],
              "size": [
                4.4,
                6.0,
                4.4
              ],
              "uv": [
                16,
                51
              ],
              "inflate": 0
            }
          ],
          "parent": "Root",
          "rotation": [
            0,
            2.5,
            2.5
          ]
        },
        {
          "name": "bone",
          "pivot": [
            -3,
            6,
            0
          ],
          "cubes": [
            {
              "origin": [
                -5.5,
                0.0,
                -2.5
              ],
              "size": [
                5.0,
                6.0,
                5.0
              ],
              "uv": [
                0,
                36
              ],
              "inflate": 0
            }
          ],
          "parent": "RightLeg"
        }
      ]
    }
  ]
}