{"format_version":"1.8.0","minecraft:entity":{"description":{"identifier":"yg:captain_fiddels","is_spawnable":true,"is_summonable":true,"is_experimental":false,"animations":{"target":"controller.animation.gob_jumpscare"},"scripts":{"animate":["target"]}},"component_groups":{"minecraft:do_jumpscare":{"minecraft:movement":{"value":0},"minecraft:is_sheared":{},"minecraft:timer":{"time":1.5,"time_down_event":{"event":"minecraft:jumpscare_unactive"}}},"minecraft:restart":{"minecraft:movement":{"value":0.25},"minecraft:rideable":{"rider_can_interact":false,"seat_count":1,"seats":[{"lock_rider_rotation":1,"position":[0,0.3,1.5],"rotate_rider_by":180}]}},"minecraft:attack_active":{"minecraft:attack":{"damage":99999}},"minecraft:attack_unactive":{"minecraft:attack":{"damage":0}},"minecraft:fiddles":{"minecraft:variant":{"value":0}},"minecraft:fiddles1":{"minecraft:variant":{"value":1}},"minecraft:fiddles2":{"minecraft:variant":{"value":2}},"minecraft:fiddles3":{"minecraft:variant":{"value":3}},"minecraft:fiddles4":{"minecraft:variant":{"value":4}},"minecraft:fiddles5":{"minecraft:variant":{"value":5}},"minecraft:fiddles6":{"minecraft:variant":{"value":6}},"minecraft:is_dead":{"minecraft:transformation":{"into":"yg:captain_fiddels_dead<minecraft:entity_spawned>"}}},"components":{"minecraft:is_hidden_when_invisible":{},"minecraft:nameable":{},"minecraft:type_family":{"family":["captain_fiddels","gob_monster","monster","mob"]},"minecraft:collision_box":{"width":0.7,"height":2.3},"minecraft:movement.basic":{},"minecraft:navigation.walk":{"can_walk":true,"can_path_over_water":true,"avoid_water":false},"minecraft:movement":{"value":0.25},"minecraft:can_climb":{},"minecraft:jump.static":{},"minecraft:scale":{"value":1},"minecraft:attack":{"damage":99999},"minecraft:health":{"value":800000,"max":800000},"minecraft:loot":{"table":"loot_tables/entities/null.json"},"minecraft:leashable":{"soft_distance":4,"hard_distance":6,"max_distance":10,"can_be_stolen":true},"minecraft:follow_range":{"value":30,"max":30},"minecraft:behavior.melee_attack":{"priority":3,"track_target":true,"speed_multiplier":1.33,"on_attack":{"event":"minecraft:jumpscare_active","filters":{"all_of":[{"operator":"equals","subject":"target","test":"is_family","value":"player"},{"operator":"not","subject":"self","test":"has_component","value":"minecraft:is_sheared"}]},"target":"self"}},"minecraft:behavior.nearest_attackable_target":{"priority":2,"must_see":true,"reselect_targets":true,"within_radius":25,"must_see_forget_duration":1,"entity_types":[{"filters":{"any_of":[{"test":"is_family","subject":"other","value":"illager"},{"test":"is_family","subject":"other","value":"ravager"},{"test":"is_family","subject":"other","value":"vex"},{"test":"is_family","subject":"other","value":"villager"},{"test":"is_family","subject":"other","value":"wandering_trader"},{"test":"is_family","subject":"other","value":"snowgolem"},{"test":"is_family","subject":"other","value":"irongolem"},{"test":"is_family","subject":"other","value":"evil_gob_monster"},{"test":"is_family","subject":"other","value":"very_evil_gob_monster"}]},"max_dist":35},{"filters":{"any_of":[{"test":"is_family","subject":"other","value":"player"}]},"max_dist":25,"must_see":false}]},"minecraft:behavior.random_look_around":{"priority":9},"minecraft:behavior.look_at_player":{"priority":8,"look_distance":6,"probability":0.02},"minecraft:behavior.random_stroll":{"priority":7,"speed_multiplier":1},"minecraft:behavior.hurt_by_target":{"priority":1},"minecraft:knockback_resistance":{"value":0.25},"minecraft:pushable":{"is_pushable":true,"is_pushable_by_piston":true},"minecraft:physics":{},"minecraft:breathable":{"totalSupply":15,"suffocateTime":0},"minecraft:behavior.float":{"priority":2},"minecraft:underwater_movement":{"value":0.22},"minecraft:damage_sensor":[{"on_damage":{"filters":{"all_of":[{"test":"has_damage","value":"fatal"}]},"event":"minecraft:event_spawn_dead"},"triggers":[{"on_damage":{"filters":{"test":"is_family","subject":"other","value":"lightning"}},"deals_damage":false},{"on_damage":{"filters":{"test":"is_family","subject":"other","value":"undead"}},"deals_damage":false},{"cause":"fall","deals_damage":false},{"cause":"fire_tick","deals_damage":false},{"cause":"block_explosion","deals_damage":false},{"cause":"entity_explosion","deals_damage":false},{"cause":"projectile","deals_damage":false},{"cause":"void","deals_damage":false},{"cause":"wither","deals_damage":false},{"cause":"magic","deals_damage":false},{"cause":"fire","deals_damage":false},{"on_damage":{"filters":{"all_of":[{"test":"is_family","subject":"other","value":"irongolem"}]}},"deals_damage":false}]}],"minecraft:on_target_escape":{"event":"minecraft:attack_active","target":"self"},"minecraft:rideable":{"rider_can_interact":false,"seat_count":1,"seats":[{"lock_rider_rotation":1,"position":[0,0.3,1.5],"rotate_rider_by":180}]}},"events":{"minecraft:entity_spawned":{"sequence":[{"filters":{"test":"has_component","operator":"!=","value":"minecraft:variant"},"randomize":[{"weight":20,"add":{"component_groups":["minecraft:fiddles"]}},{"weight":20,"add":{"component_groups":["minecraft:fiddles1"]}},{"weight":20,"add":{"component_groups":["minecraft:fiddles2"]}},{"weight":20,"add":{"component_groups":["minecraft:fiddles3"]}},{"weight":20,"add":{"component_groups":["minecraft:fiddles4"]}},{"weight":20,"add":{"component_groups":["minecraft:fiddles5"]}},{"weight":20,"add":{"component_groups":["minecraft:fiddles6"]}}]}]},"minecraft:jumpscare_active":{"add":{"component_groups":["minecraft:do_jumpscare"]},"run_command":{"command":["gamerule sendcommandfeedback false","effect @p[r=4] slowness 2 4 true","camerashake add @p[c=1] 0.5 2 rotational","tag @e[type=player,c=1] add gob_jumpscare","execute @s ~ ~ ~ ride @e[type=!yg:captain_fiddels] start_riding @s"]}},"minecraft:jumpscare_unactive":{"add":{"component_groups":["minecraft:restart"]},"remove":{"component_groups":["minecraft:do_jumpscare"]},"run_command":{"command":["gamerule sendcommandfeedback true","kill @e [tag=gob_jumpscare,c=1]","ride @e evict_riders"]}},"minecraft:attack_active":{"add":{"component_groups":["minecraft:attack_active"]},"remove":{"component_groups":["minecraft:attack_unactive"]}},"minecraft:attack_unactive":{"add":{"component_groups":["minecraft:attack_unactive"]},"remove":{"component_groups":["minecraft:attack_active"]}},"minecraft:event_spawn_dead":{"add":{"component_groups":["minecraft:is_dead"]}}}}}