{"format_version":"1.8.0","minecraft:entity":{"description":{"identifier":"yg:tamataki_chamataki","is_spawnable":true,"is_summonable":true,"is_experimental":false},"component_groups":{"minecraft:melee":{"minecraft:attack":{"damage":99999},"minecraft:movement":{"value":0.25},"minecraft:behavior.melee_attack":{"priority":3,"track_target":true,"speed_multiplier":1.35},"minecraft:behavior.nearest_attackable_target":{"priority":2,"must_see":true,"reselect_targets":true,"within_radius":25,"must_see_forget_duration":1,"entity_types":[{"filters":{"any_of":[{"test":"is_family","subject":"other","value":"illager"},{"test":"is_family","subject":"other","value":"ravager"},{"test":"is_family","subject":"other","value":"vex"},{"test":"is_family","subject":"other","value":"villager"},{"test":"is_family","subject":"other","value":"wandering_trader"},{"test":"is_family","subject":"other","value":"snowgolem"},{"test":"is_family","subject":"other","value":"irongolem"},{"test":"is_family","subject":"other","value":"evil_gob_monster"},{"test":"is_family","subject":"other","value":"very_evil_gob_monster"}]},"max_dist":35},{"filters":{"any_of":[{"test":"is_family","subject":"other","value":"player"}]},"max_dist":25,"must_see":false}]}},"minecraft:range":{"minecraft:behavior.ranged_attack":{"priority":1,"attack_radius":40,"charge_shoot_trigger":1,"charge_charged_trigger":0.5},"minecraft:shooter":{"type":"largefireball","def":"yg:turtel_projectile"}}},"components":{"minecraft:is_hidden_when_invisible":{},"minecraft:nameable":{},"minecraft:type_family":{"family":["tamataki_chamataki","gob_monster","monster","mob"]},"minecraft:collision_box":{"width":3,"height":4},"minecraft:movement.basic":{},"minecraft:navigation.walk":{"can_walk":true,"can_path_over_water":true,"avoid_water":false},"minecraft:movement":{"value":0.25},"minecraft:can_climb":{},"minecraft:jump.static":{},"minecraft:scale":{"value":1},"minecraft:attack":{"damage":99999},"minecraft:health":{"value":800000,"max":800000},"minecraft:loot":{"table":"loot_tables/entities/null.json"},"minecraft:leashable":{"soft_distance":4,"hard_distance":6,"max_distance":10,"can_be_stolen":true},"minecraft:follow_range":{"value":30,"max":30},"minecraft:behavior.melee_attack":{"priority":3,"track_target":true,"speed_multiplier":1.29},"minecraft:behavior.nearest_attackable_target":{"priority":2,"must_see":true,"reselect_targets":true,"within_radius":25,"must_see_forget_duration":1,"entity_types":[{"filters":{"any_of":[{"test":"is_family","subject":"other","value":"illager"},{"test":"is_family","subject":"other","value":"ravager"},{"test":"is_family","subject":"other","value":"vex"},{"test":"is_family","subject":"other","value":"villager"},{"test":"is_family","subject":"other","value":"wandering_trader"},{"test":"is_family","subject":"other","value":"snowgolem"},{"test":"is_family","subject":"other","value":"irongolem"},{"test":"is_family","subject":"other","value":"evil_gob_monster"},{"test":"is_family","subject":"other","value":"very_evil_gob_monster"}]},"max_dist":35},{"filters":{"any_of":[{"test":"is_family","subject":"other","value":"player"}]},"max_dist":25,"must_see":false}]},"minecraft:behavior.random_look_around":{"priority":9},"minecraft:behavior.look_at_player":{"priority":8,"look_distance":6,"probability":0.02},"minecraft:behavior.random_stroll":{"priority":7,"speed_multiplier":1},"minecraft:behavior.hurt_by_target":{"priority":1},"minecraft:knockback_resistance":{"value":0.25},"minecraft:pushable":{"is_pushable":true,"is_pushable_by_piston":true},"minecraft:physics":{},"minecraft:breathable":{"totalSupply":15,"suffocateTime":0},"minecraft:behavior.float":{"priority":2},"minecraft:underwater_movement":{"value":0.22},"minecraft:target_nearby_sensor":{"inside_range":2,"outside_range":6,"on_inside_range":{"event":"minecraft:stop_shoot","target":"self"},"on_outside_range":{"event":"minecraft:shoot","target":"self"}}},"events":{"minecraft:entity_spawned":{},"minecraft:stop_shoot":{"remove":{"component_groups":["minecraft:range"]},"add":{"component_groups":["minecraft:melee"]}},"minecraft:shoot":{"add":{"component_groups":["minecraft:range"]}}}}}