{"format_version":"1.8.0","minecraft:entity":{"description":{"identifier":"yg:captain_fiddels","is_spawnable":true,"is_summonable":true,"is_experimental":false},"component_groups":{"cf":{"minecraft:variant":{"value":0}},"cf1":{"minecraft:variant":{"value":1}},"cf2":{"minecraft:variant":{"value":2}},"cf3":{"minecraft:variant":{"value":3}},"cf4":{"minecraft:variant":{"value":4}},"cf5":{"minecraft:variant":{"value":5}},"cf6":{"minecraft:variant":{"value":6}},"cf7":{"minecraft:variant":{"value":7},"minecraft:scale":{"value":3},"minecraft:attack":{"damage":100}},"minecraft:is_dead":{"minecraft:transformation":{"into":"yg:captain_fiddels_dead"}}},"components":{"minecraft:is_hidden_when_invisible":{},"minecraft:nameable":{},"minecraft:type_family":{"family":["monster","mob","gob","captain_fiddels"]},"minecraft:collision_box":{"width":0.6,"height":2.3},"minecraft:movement.basic":{},"minecraft:navigation.walk":{"avoid_damage_blocks":true,"is_amphibious":true,"can_walk":true},"minecraft:movement":{"value":0.25},"minecraft:scale":{"value":1},"minecraft:jump.static":{},"minecraft:can_climb":{},"minecraft:attack":{"damage":15},"minecraft:health":{"value":50000,"max":50000},"minecraft:follow_range":{"value":30,"max":30},"minecraft:leashable":{"soft_distance":4,"hard_distance":6,"max_distance":10,"can_be_stolen":true},"minecraft:loot":{"table":"loot_tables/entities/null.json"},"minecraft:behavior.nearest_attackable_target":{"priority":2,"must_see":true,"reselect_targets":true,"within_radius":25,"must_see_forget_duration":17,"entity_types":[{"filters":{"any_of":[{"test":"is_family","subject":"other","value":"illager"},{"test":"is_family","subject":"other","value":"snowgolem"},{"test":"is_family","subject":"other","value":"irongolem"}]},"max_dist":35},{"filters":{"any_of":[{"test":"is_family","subject":"other","value":"villager"},{"test":"is_family","subject":"other","value":"wandering_trader"},{"test":"is_family","subject":"other","value":"player"}]},"max_dist":25,"must_see":false}]},"minecraft:behavior.melee_attack":{"priority":3,"track_target":true,"speed_multiplier":1.25},"minecraft:behavior.random_stroll":{"priority":7,"speed_multiplier":1},"minecraft:behavior.look_at_player":{"priority":8,"look_distance":6,"probability":0.02},"minecraft:behavior.random_look_around":{"priority":9},"minecraft:behavior.hurt_by_target":{"priority":1,"alert_same_type":true,"entity_types":{"filters":{"any_of":[{"test":"is_family","subject":"other","operator":"!=","value":"captain_fiddels"}]},"max_dist":64}},"minecraft:knockback_resistance":{"value":0.8},"minecraft:physics":{},"minecraft:pushable":{"is_pushable":true,"is_pushable_by_piston":true},"minecraft:combat_regeneration":{"regeneration_duration":15,"apply_to_self":true,"apply_to_family":false},"minecraft:damage_sensor":[{"on_damage":{"filters":{"all_of":[{"test":"has_damage","value":"fatal"}]},"event":"minecraft:event_spawn_dead"},"triggers":[{"on_damage":{"filters":{"test":"is_family","subject":"other","value":"lightning"}},"deals_damage":false},{"on_damage":{"filters":{"test":"is_family","subject":"other","value":"undead"}},"deals_damage":false},{"cause":"fall","deals_damage":false},{"cause":"fire_tick","deals_damage":false},{"cause":"block_explosion","deals_damage":false},{"cause":"entity_explosion","deals_damage":false},{"cause":"projectile","deals_damage":false},{"cause":"void","deals_damage":false},{"cause":"wither","deals_damage":false},{"cause":"magic","deals_damage":false},{"cause":"fire","deals_damage":false},{"on_damage":{"filters":{"all_of":[{"test":"is_family","subject":"other","value":"irongolem"}]}},"deals_damage":false}]}]},"events":{"minecraft:entity_spawned":{"sequence":[{"filters":{"test":"has_component","operator":"!=","value":"minecraft:variant"},"randomize":[{"weight":20,"add":{"component_groups":["cf"]}},{"weight":20,"add":{"component_groups":["cf1"]}},{"weight":20,"add":{"component_groups":["cf2"]}},{"weight":20,"add":{"component_groups":["cf3"]}},{"weight":20,"add":{"component_groups":["cf4"]}},{"weight":20,"add":{"component_groups":["cf5"]}},{"weight":20,"add":{"component_groups":["cf6"]}},{"weight":20,"add":{"component_groups":["cf7"]}}]}]},"minecraft:event_spawn_dead":{"add":{"component_groups":["minecraft:is_dead"]}}}}}