{"format_version":"1.12.0","minecraft:entity":{"component_groups":{"minecraft:lamp":{"minecraft:transformation":{"into":"se:tablelamp_1"}}},"components":{"minecraft:collision_box":{"height":0,"width":0},"minecraft:damage_sensor":{},"minecraft:health":{"max":9999,"value":9999},"minecraft:interact":[{"interact_text":"Lights On","on_interact":{"event":"minecraft:lamp","filters":{"all_of":[{"subject":"player","test":"is_sneaking","value":false}]}},"use_item":false}],"minecraft:knockback_resistance":{"max":1,"value":1},"minecraft:movement":{"max":0,"value":0},"minecraft:movement.basic":{},"minecraft:nameable":{},"minecraft:physics":{"has_gravity":false},"minecraft:push_through":{"value":0},"minecraft:scale":{"value":0.7},"minecraft:type_family":{"family":["inanimate"]}},"description":{"animations":{"concrete":"animation.remove_block","concrete_controller":"controller.animation.concrete"},"identifier":"se:tablelamp_2","is_experimental":false,"is_spawnable":false,"is_summonable":false,"scripts":{"animate":["concrete"]}},"events":{"minecraft:lamp":{"add":{"component_groups":["minecraft:lamp"]}}}}}