{"format_version":"1.12.0","minecraft:entity":{"component_groups":{"minecraft:laptop_open":{"minecraft:transformation":{"into":"se:laptop_close.state"}}},"components":{"minecraft:collision_box":{"height":0,"width":0},"minecraft:health":{"max":9999,"value":9999},"minecraft:movement":{"value":0.05},"minecraft:nameable":{},"minecraft:physics":{},"minecraft:push_through":{"value":1},"minecraft:scale":{"value":0.7},"minecraft:timer":{"looping":false,"randomInterval":false,"time":[0.8,0.8],"time_down_event":{"event":"minecraft:open"}},"minecraft:type_family":{"family":["schoolequipments"]}},"description":{"identifier":"se:laptop_close","is_experimental":false,"is_spawnable":false,"is_summonable":true},"events":{"minecraft:open":{"add":{"component_groups":["minecraft:laptop_open"]}}}}}