{
	"format_version": "1.12.0",
	"minecraft:geometry": [
		{
			"description": {
				"identifier": "geometry.projector",
				"texture_width": 128,
				"texture_height": 128,
				"visible_bounds_width": 3,
				"visible_bounds_height": 3,
				"visible_bounds_offset": [0, 0.5, 0]
			},
			"bones": [
				{
					"name": "proj2",
					"pivot": [-1.69808, -4.62308, 6.925],
					"rotation": [7.5, 0, 0],
					"cubes": [
						{"origin": [-2.525, -5.2, 6.5], "size": [1, 5, 1.15], "pivot": [-0.25, 4.3, 6.75], "rotation": [-90, 0, -180], "uv": [43, 24]},
						{"origin": [-2.525, -5.2, 6.5], "size": [1, 5, 1.15], "pivot": [-0.25, 4.3, 6.75], "rotation": [-90, 0, -60], "uv": [40, 43]},
						{"origin": [-2.525, -5.2, 6.5], "size": [1, 5, 1.15], "pivot": [-0.25, 4.3, 6.75], "rotation": [-90, 0, -90], "uv": [36, 43]},
						{"origin": [-2.525, -5.2, 6.5], "size": [1, 5, 1.15], "pivot": [-0.25, 4.3, 6.75], "rotation": [-90, 0, -120], "uv": [32, 43]},
						{"origin": [-2.525, -5.2, 6.5], "size": [1, 5, 1.15], "pivot": [-0.25, 4.3, 6.75], "rotation": [-90, 0, -150], "uv": [39, 24]},
						{"origin": [-2.525, -5.2, 6.5], "size": [1, 5, 1.15], "pivot": [-0.25, 4.3, 6.75], "rotation": [-90, 0, -30], "uv": [29, 38]},
						{"origin": [-2.525, -5.2, 6.5], "size": [1, 5, 1.15], "pivot": [-0.25, 4.3, 6.75], "rotation": [-90, 0, 0], "uv": [25, 38]},
						{"origin": [-2.525, -5.2, 6.5], "size": [1, 5, 1.15], "pivot": [-0.25, 4.3, 6.75], "rotation": [-90, 0, 60], "uv": [21, 38]},
						{"origin": [-2.525, -5.2, 6.5], "size": [1, 5, 1.15], "pivot": [-0.25, 4.3, 6.75], "rotation": [-90, 0, 30], "uv": [17, 38]},
						{"origin": [-2.525, -5.2, 6.5], "size": [1, 5, 1.15], "pivot": [-0.25, 4.3, 6.75], "rotation": [-90, 0, 90], "uv": [0, 38]},
						{"origin": [-2.525, -5.2, 6.5], "size": [1, 5, 1.15], "pivot": [-0.25, 4.3, 6.75], "rotation": [-90, 0, 120], "uv": [35, 24]},
						{"origin": [-2.525, -5.2, 6.5], "size": [1, 5, 1.15], "pivot": [-0.25, 4.3, 6.75], "rotation": [-90, 0, 150], "uv": [8, 8]}
					]
				},
				{
					"name": "proj",
					"pivot": [-1.69808, -2.62308, 0.925],
					"rotation": [7.5, 0, 0],
					"cubes": [
						{"origin": [-2.525, -3.2, 0.5], "size": [1, 5, 1.15], "pivot": [-0.25, 6.3, 0.75], "rotation": [-90, 0, -180], "uv": [47, 6]},
						{"origin": [-2.525, -3.2, 0.5], "size": [1, 5, 1.15], "pivot": [-0.25, 6.3, 0.75], "rotation": [-90, 0, -60], "uv": [47, 0]},
						{"origin": [-2.525, -3.2, 0.5], "size": [1, 5, 1.15], "pivot": [-0.25, 6.3, 0.75], "rotation": [-90, 0, -90], "uv": [46, 29]},
						{"origin": [-2, -1.93895, -1.8], "size": [3, 5, 3.15], "pivot": [0.75, 7.3, 0.75], "rotation": [-90, 0, -90], "uv": [0, 0]},
						{"origin": [-2.525, -3.2, 0.5], "size": [1, 5, 1.15], "pivot": [-0.25, 6.3, 0.75], "rotation": [-90, 0, -120], "uv": [20, 46]},
						{"origin": [-2.525, -3.2, 0.5], "size": [1, 5, 1.15], "pivot": [-0.25, 6.3, 0.75], "rotation": [-90, 0, -150], "uv": [16, 46]},
						{"origin": [-2.525, -3.2, 0.5], "size": [1, 5, 1.15], "pivot": [-0.25, 6.3, 0.75], "rotation": [-90, 0, -30], "uv": [12, 46]},
						{"origin": [-2.525, -3.2, 0.5], "size": [1, 5, 1.15], "pivot": [-0.25, 6.3, 0.75], "rotation": [-90, 0, 0], "uv": [8, 46]},
						{"origin": [-2.525, -3.2, 0.5], "size": [1, 5, 1.15], "pivot": [-0.25, 6.3, 0.75], "rotation": [-90, 0, 60], "uv": [4, 46]},
						{"origin": [-2.525, -3.2, 0.5], "size": [1, 5, 1.15], "pivot": [-0.25, 6.3, 0.75], "rotation": [-90, 0, 30], "uv": [0, 46]},
						{"origin": [-2.525, -3.2, 0.5], "size": [1, 5, 1.15], "pivot": [-0.25, 6.3, 0.75], "rotation": [-90, 0, 90], "uv": [44, 44]},
						{"origin": [-2.525, -3.2, 0.5], "size": [1, 5, 1.15], "pivot": [-0.25, 6.3, 0.75], "rotation": [-90, 0, 120], "uv": [28, 44]},
						{"origin": [-2.525, -3.2, 0.5], "size": [1, 5, 1.15], "pivot": [-0.25, 6.3, 0.75], "rotation": [-90, 0, 150], "uv": [24, 44]}
					],
					"locators": {
						"project": [0, -4.73704, -71.32548]
					}
				},
				{
					"name": "body",
					"pivot": [0, 16, 1],
					"cubes": [
						{"origin": [-1, 8, 0], "size": [2, 9, 2], "inflate": 0.5, "uv": [0, 20]},
						{"origin": [-1, 9, 0], "size": [2, 2, 2], "inflate": 1, "uv": [0, 8]},
						{"origin": [-8, 4, -8], "size": [16, 5, 15], "inflate": 0.5, "pivot": [0, 5.5, -0.5], "rotation": [7.5, 0, 0], "uv": [0, 0]},
						{"origin": [-6, 3.7, -5.8], "size": [12, 1, 11], "inflate": 0.5, "pivot": [0, 5.5, -0.5], "rotation": [7.5, 0, 0], "uv": [0, 20]},
						{"origin": [2.7, 2.2, -4.8], "size": [5.3, 1, 7], "pivot": [0, 3.5, -0.5], "rotation": [7.5, 0, 0], "uv": [0, 38]},
						{"origin": [-8, 2.2, -4.8], "size": [5, 1, 7], "pivot": [-11, 3.5, -0.5], "rotation": [7.5, 0, 0], "uv": [35, 35]},
						{"origin": [-8, 2.2, 2.2], "size": [16, 1, 5], "pivot": [0, 3.5, -0.5], "rotation": [7.5, 0, 0], "uv": [0, 32]},
						{"origin": [-8, 2.2, -7.8], "size": [16, 1, 3], "pivot": [0, 3.5, -0.5], "rotation": [7.5, 0, 0], "uv": [35, 20]}
					]
				}
			]
		}
	]
}