{
  "format_version": "1.8.0",
  "animations": {
    "animation.sbgoji_tv_mandie.attack": {
      "loop": true,
      "bones": {
        "leftarm": {
          "rotation": [
            "-90 - ((math.sin(variable.attack_time * 180.0) * 57.3) * 1.2 - (math.sin((1.0 - (1.0 - variable.attack_time) * (1.0 - variable.attack_time)) * 180.0) * 57.3) * 0.4) - (math.sin(query.life_time * 76.776372) * 2.865) - this",
            "5.73 - ((math.sin(variable.attack_time * 180.0) * 57.3) * 0.6) - this",
            "math.cos(query.life_time * 103.13244) * -2.865 - 2.865 - this"
          ]
        },
        "rightarm": {
          "rotation": [
            "-90 - ((math.sin(variable.attack_time * 180.0) * 57.3) * 1.2 - (math.sin((1.0 - (1.0 - variable.attack_time) * (1.0 - variable.attack_time)) * 180.0) * 57.3) * 0.4) + (math.sin(query.life_time * 76.776372) * 2.865) - this",
            "(math.sin(variable.attack_time * 180.0) * 57.3) * 0.6 - 5.73 - this",
            "math.cos(query.life_time * 103.13244) * 2.865 + 2.865 - this"
          ]
        }
      }
    },
    "animation.sbgoji_tv_mandie.dam": {
      "animation_length": 1.375,
      "bones": {
        "Body": {
          "rotation": {
            "0.0": [
              -11.25,
              0,
              0
            ],
            "0.2083": [
              -4.86,
              0,
              0
            ],
            "0.3333": [
              0,
              0,
              0
            ],
            "0.5417": [
              -2.5,
              0,
              0
            ],
            "0.7083": [
              2.5,
              0,
              0
            ],
            "0.8333": [
              0,
              0,
              0
            ]
          },
          "position": {
            "0.0": [
              0,
              12,
              -10
            ],
            "0.3333": [
              0,
              0,
              0
            ]
          },
          "scale": 1
        },
        "Body2": {
          "rotation": {
            "0.0": [
              -10,
              0,
              0
            ],
            "0.1667": [
              6.94,
              0,
              0
            ],
            "0.2917": [
              0,
              0,
              0
            ]
          },
          "position": [
            0,
            0,
            0
          ],
          "scale": 1
        },
        "LeftArm": {
          "rotation": {
            "0.0": [
              108.82037,
              6.85809,
              -8.17142
            ],
            "0.125": [
              21.50134,
              4.19105,
              -4.99364
            ],
            "0.25": [
              -36.636,
              1.14301,
              -1.3619
            ],
            "0.375": [
              0,
              0,
              0
            ],
            "0.5417": [
              -7.5,
              0,
              0
            ],
            "0.7083": [
              0,
              0,
              0
            ]
          },
          "position": {
            "0.0": [
              0,
              18,
              0
            ],
            "0.375": [
              0,
              0,
              0
            ]
          },
          "scale": 1
        },
        "bone4": {
          "rotation": {
            "0.0": [
              0,
              0,
              15
            ],
            "0.2917": [
              -25,
              0,
              13.33333
            ],
            "0.5833": [
              -38.75,
              0,
              3.33333
            ],
            "0.75": [
              0,
              0,
              0
            ],
            "0.9167": [
              -22.5,
              0,
              0
            ],
            "1.0": [
              0,
              0,
              0
            ]
          },
          "position": [
            0,
            0,
            0
          ],
          "scale": 1
        },
        "RightArm": {
          "rotation": {
            "0.0": [
              20,
              0,
              -15
            ],
            "0.125": [
              -28.33333,
              0,
              -12.5
            ],
            "0.4167": [
              -60.11111,
              0,
              -6.66667
            ],
            "0.6667": [
              -37.52778,
              0,
              -1.66667
            ],
            "0.75": [
              0,
              0,
              0
            ],
            "0.9583": [
              12.5,
              0,
              0
            ],
            "1.0833": [
              0,
              0,
              0
            ]
          },
          "position": [
            0,
            0,
            0
          ],
          "scale": 1
        },
        "bone5": {
          "rotation": {
            "0.0": [
              0,
              0,
              7.5
            ],
            "0.3333": [
              -27.5,
              0,
              4.16667
            ],
            "0.5833": [
              -23.5,
              0,
              1.66667
            ],
            "0.75": [
              0,
              0,
              0
            ],
            "1.0": [
              12.5,
              0,
              0
            ],
            "1.1667": [
              0,
              0,
              0
            ]
          },
          "position": [
            0,
            0,
            0
          ],
          "scale": 1
        },
        "Head": {
          "rotation": {
            "0.0": [
              22.5857,
              -12.46119,
              0.98988
            ],
            "0.1667": [
              55.06666,
              -9.69204,
              0.76991
            ],
            "0.2917": [
              23.41601,
              8.32223,
              -0.46787
            ],
            "0.4167": [
              0,
              0,
              0
            ],
            "0.5833": [
              0.356,
              -4.45963,
              -10.21068
            ],
            "0.7083": [
              3.0533,
              -11.16641,
              -6.84602
            ],
            "0.875": [
              0,
              0,
              0
            ]
          },
          "position": {
            "0.0": [
              0,
              5,
              27
            ],
            "0.4167": [
              0,
              0,
              0
            ]
          },
          "scale": 1
        },
        "bone7": {
          "rotation": [
            0,
            0,
            0
          ],
          "position": {
            "0.5417": [
              0,
              0,
              1
            ],
            "0.75": [
              0,
              0,
              0
            ],
            "1.2917": [
              0,
              0,
              0
            ],
            "1.375": [
              0,
              0,
              1
            ]
          },
          "scale": 1
        },
        "LeftLeg": {
          "rotation": {
            "0.0": [
              87.5,
              0,
              0
            ],
            "0.1667": [
              40.56,
              0,
              0
            ],
            "0.25": [
              5.28,
              0,
              0
            ],
            "0.4583": [
              0,
              0,
              0
            ],
            "0.6667": [
              -7.5,
              0,
              0
            ],
            "0.8333": [
              0,
              0,
              0
            ]
          },
          "position": {
            "0.0": [
              0,
              14,
              -8
            ],
            "0.4583": [
              0,
              0,
              0
            ]
          },
          "scale": 1
        },
        "bone2": {
          "rotation": [
            0,
            0,
            0
          ],
          "position": [
            0,
            0,
            0
          ],
          "scale": 1
        },
        "RightLeg": {
          "rotation": {
            "0.0": [
              107.5,
              0,
              0
            ],
            "0.4583": [
              0,
              0,
              0
            ]
          },
          "position": {
            "0.0": [
              0,
              14,
              -8
            ],
            "0.4583": [
              0,
              0,
              0
            ]
          },
          "scale": 1
        },
        "bone3": {
          "rotation": {
            "0.0": [
              -45,
              0,
              0
            ],
            "0.3333": [
              -42.5,
              0,
              0
            ],
            "0.6667": [
              -28.5,
              0,
              0
            ],
            "0.75": [
              0,
              0,
              0
            ],
            "0.875": [
              -27.5,
              0,
              0
            ],
            "1.1667": [
              0,
              0,
              0
            ]
          },
          "position": [
            0,
            0,
            0
          ],
          "scale": 1
        }
      }
    }
  }
}