{
  "format_version": "1.8.0",
  "animations": {
    "animation.wither_skeleton.attack": {
      "loop": true
    },
    "animation.sbgoji_big_camera_man3.st": {
      "loop": true,
      "animation_length": 1.5,
      "bones": {
        "Body": {
          "rotation": {
            "0.0": [
              5,
              0,
              0
            ],
            "0.75": [
              2.5,
              0,
              0
            ],
            "1.5": [
              5,
              0,
              0
            ]
          }
        },
        "bone14": {
          "rotation": {
            "0.0": [
              7.5,
              0,
              0
            ],
            "0.75": [
              2.5,
              0,
              0
            ],
            "1.5": [
              7.5,
              0,
              0
            ]
          }
        },
        "Rightarm": {
          "rotation": {
            "0.0": [
              -7.5,
              0,
              0
            ],
            "0.75": [
              0,
              0,
              -5
            ],
            "1.5": [
              -7.5,
              0,
              0
            ]
          }
        },
        "bone11": {
          "rotation": {
            "0.0": [
              0.2596378260536767,
              0.7465474892187558,
              2.376883465087303
            ],
            "0.75": [
              -2.019788751123306,
              1.6627747076418018,
              4.700024003278831
            ],
            "1.5": [
              0.2596378260536767,
              0.7465474892187558,
              2.376883465087303
            ]
          }
        },
        "Leftarm": {
          "rotation": {
            "0.0": [
              -7.5,
              0,
              0
            ],
            "0.75": [
              0,
              0,
              5
            ],
            "1.5": [
              -7.5,
              0,
              0
            ]
          }
        },
        "bone2": {
          "rotation": {
            "0.0": [
              0.2596378260536767,
              -0.7465474892187558,
              -2.376883465087303
            ],
            "0.75": [
              -2.019788751123306,
              -1.6627747076418018,
              -4.700024003278831
            ],
            "1.5": [
              0.2596378260536767,
              -0.7465474892187558,
              -2.376883465087303
            ]
          }
        }
      }
    },
    "animation.sbgoji_big_camera_man3.att": {
      "loop": true,
      "animation_length": 2,
      "bones": {
        "Body": {
          "rotation": {
            "0.0": [
              0,
              0,
              0
            ],
            "0.3333": [
              0,
              12.5,
              0
            ],
            "0.5417": [
              15,
              -35,
              0
            ],
            "0.8333": [
              16.806478859607523,
              -39.39928596619529,
              -2.9852900273813248
            ],
            "1.125": [
              0,
              0,
              0
            ]
          },
          "position": [
            0,
            0,
            0
          ],
          "scale": [
            1,
            1,
            1
          ]
        },
        "Rightarm": {
          "rotation": {
            "0.0": [
              0,
              0,
              0
            ],
            "0.3333": [
              0,
              0,
              -15
            ],
            "0.5417": [
              12.5,
              0,
              -15
            ],
            "1.0": [
              0,
              0,
              0
            ]
          },
          "position": [
            0,
            0,
            0
          ],
          "scale": [
            1,
            1,
            1
          ]
        },
        "bone11": {
          "rotation": {
            "0.0": [
              0,
              0,
              0
            ],
            "0.3333": [
              -26.489564666689148,
              0.13748476861383097,
              5.64624051401961
            ],
            "0.5": [
              -26.48956466668891,
              0.1374847686139583,
              5.646240514019519
            ],
            "0.6667": [
              -35.74478233334434,
              0.06874238430720653,
              2.8231202570098684
            ],
            "1.0": [
              0,
              0,
              0
            ]
          },
          "position": [
            0,
            0,
            0
          ],
          "scale": [
            1,
            1,
            1
          ]
        },
        "Leftleg": {
          "rotation": {
            "0.0": [
              0,
              0,
              0
            ],
            "0.4167": [
              -7.5,
              0,
              0
            ],
            "0.625": [
              10,
              0,
              0
            ],
            "1.0417": [
              0,
              0,
              0
            ]
          },
          "position": [
            0,
            0,
            0
          ],
          "scale": [
            1,
            1,
            1
          ]
        },
        "Leftarm": {
          "rotation": {
            "0.0": [
              0,
              0,
              0
            ],
            "0.3333": [
              14.96438155549231,
              1.5359190339372617,
              32.56697274650969
            ],
            "0.5417": [
              -43.32144094000481,
              -8.576341360753723,
              33.737773980425864
            ],
            "0.8333": [
              -47.0724109332785,
              -12.72754396773742,
              40.10942778014054
            ],
            "1.125": [
              0,
              0,
              0
            ]
          },
          "position": [
            0,
            0,
            0
          ],
          "scale": [
            1,
            1,
            1
          ]
        },
        "bone2": {
          "rotation": {
            "0.0": [
              0,
              0,
              0
            ],
            "0.3333": [
              -45,
              0,
              0
            ],
            "0.5417": [
              -70.66619312010016,
              -22.249326093834952,
              42.77721163163051
            ],
            "0.8333": [
              -73.16619312010009,
              -22.249326093834952,
              42.77721163163031
            ],
            "1.125": [
              0,
              0,
              0
            ]
          },
          "position": [
            0,
            0,
            0
          ],
          "scale": [
            1,
            1,
            1
          ]
        },
        "Rightleg": {
          "rotation": {
            "0.0": [
              0,
              0,
              0
            ],
            "0.4167": [
              7.5,
              0,
              0
            ],
            "0.625": [
              -10,
              0,
              0
            ],
            "1.0417": [
              0,
              0,
              0
            ]
          },
          "position": [
            0,
            0,
            0
          ],
          "scale": [
            1,
            1,
            1
          ]
        }
      }
    },
    "animation.sbgoji_big_camera_man3.atk": {
      "loop": true,
      "animation_length": 0.5416666666666666,
      "bones": {
        "Body": {
          "rotation": [
            5,
            0,
            0
          ]
        },
        "bone14": {
          "rotation": {
            "0.0": [
              -5,
              0,
              0
            ],
            "0.5417": [
              -5,
              0,
              0
            ]
          }
        },
        "Rightarm": {
          "rotation": [
            0,
            0,
            -5
          ]
        },
        "bone11": {
          "rotation": [
            -7.5,
            0,
            0
          ]
        },
        "Leftarm": {
          "rotation": [
            0,
            0,
            5
          ]
        },
        "bone2": {
          "rotation": [
            -7.5,
            0,
            0
          ]
        },
        "Leftleg": {
          "rotation": [
            0,
            0,
            2.5
          ]
        },
        "Rightleg": {
          "rotation": [
            2.497623568589006,
            0.10901393533140435,
            -2.497623568589006
          ]
        }
      }
    }
  }
}