{
  "format_version": "1.8.0",
  "animations": {
    "animation.sbgoji_skibibi_toiletdie3.attack": {
      "loop": true,
      "bones": {
        "leftarm": {
          "rotation": [
            "-90 - ((math.sin(variable.attack_time * 180.0) * 57.3) * 1.2 - (math.sin((1.0 - (1.0 - variable.attack_time) * (1.0 - variable.attack_time)) * 180.0) * 57.3) * 0.4) - (math.sin(query.life_time * 76.776372) * 2.865) - this",
            "5.73 - ((math.sin(variable.attack_time * 180.0) * 57.3) * 0.6) - this",
            "math.cos(query.life_time * 103.13244) * -2.865 - 2.865 - this"
          ]
        },
        "rightarm": {
          "rotation": [
            "-90 - ((math.sin(variable.attack_time * 180.0) * 57.3) * 1.2 - (math.sin((1.0 - (1.0 - variable.attack_time) * (1.0 - variable.attack_time)) * 180.0) * 57.3) * 0.4) + (math.sin(query.life_time * 76.776372) * 2.865) - this",
            "(math.sin(variable.attack_time * 180.0) * 57.3) * 0.6 - 5.73 - this",
            "math.cos(query.life_time * 103.13244) * 2.865 + 2.865 - this"
          ]
        }
      }
    },
    "animation.pa_wither_skeleton.dst": {
      "animation_length": 0.375,
      "bones": {
        "bone4": {
          "rotation": [
            19.40804,
            -3.40487,
            19.71975
          ]
        },
        "Al": {
          "rotation": [
            85,
            0,
            0
          ],
          "position": [
            0,
            1,
            0
          ]
        },
        "bone3": {
          "position": [
            0,
            -15,
            0
          ]
        }
      }
    },
    "animation.sbgoji_skibibi_toiletdie3.doy": {
      "animation_length": 1.20833,
      "bones": {
        "bone5": {
          "rotation": {
            "0.0": [
              0,
              0,
              0
            ],
            "0.375": [
              -7.5,
              0,
              0
            ],
            "0.625": [
              3.33,
              0,
              0
            ],
            "0.75": [
              0,
              0,
              0
            ]
          },
          "position": [
            0,
            0,
            0
          ],
          "scale": [
            1,
            1,
            1
          ]
        },
        "bone4": {
          "rotation": {
            "0.0": [
              -18.02908,
              6.85656,
              -18.84165
            ],
            "0.1667": [
              -13.28837,
              4.8604,
              -16.31248
            ],
            "0.25": [
              -10.91655,
              3.84691,
              -18.34509
            ],
            "0.4583": [
              -5.01642,
              1.31946,
              -3.1659
            ],
            "0.625": [
              0,
              0,
              0
            ]
          },
          "position": [
            0,
            0,
            0
          ],
          "scale": [
            1,
            1,
            1
          ]
        },
        "Al": {
          "rotation": {
            "0.0": [
              -85,
              0,
              0
            ],
            "0.4167": [
              -85,
              0,
              0
            ],
            "0.625": [
              0,
              0,
              0
            ],
            "0.7083": [
              -5,
              0,
              0
            ],
            "0.8333": [
              0,
              0,
              0
            ]
          },
          "position": [
            0,
            0,
            0
          ],
          "scale": [
            1,
            1,
            1
          ]
        },
        "bone3": {
          "rotation": {
            "0.1667": [
              12.5,
              0,
              0
            ],
            "0.25": [
              35.97473,
              74.68013,
              34.99493
            ],
            "0.3333": [
              158.03149,
              54.82639,
              168.46667
            ],
            "0.4167": [
              161.86917,
              -2.11147,
              178.73809
            ],
            "0.5": [
              156.65627,
              -7.36758,
              186.06883
            ],
            "0.625": [
              171.65627,
              -7.36758,
              186.06883
            ]
          },
          "position": {
            "0.0": [
              0,
              16,
              0
            ],
            "0.0833": [
              0,
              13,
              0
            ],
            "0.1667": [
              0,
              17.33,
              0
            ],
            "0.4583": [
              0,
              16,
              0
            ],
            "0.625": [
              0,
              0,
              0
            ]
          },
          "scale": [
            1,
            1,
            1
          ]
        },
        "bone": {
          "rotation": [
            0,
            0,
            25
          ],
          "position": [
            0,
            0,
            0
          ]
        },
        "bone2": {
          "rotation": [
            0,
            0,
            -25
          ]
        },
        "M": {
          "position": [
            0,
            0,
            3
          ]
        },
        "M3": {
          "position": [
            0,
            0,
            -2
          ]
        },
        "M2": {
          "position": [
            0,
            0,
            4
          ]
        }
      }
    }
  }
}