{
  "format_version": "1.8.0",
  "animations": {
    "animation.sbgoji_big_speaker_mandie.dr": {
      "animation_length": 1.9166666666666667,
      "bones": {
        "N": {
          "rotation": {
            "0.0": [
              2.5,
              0,
              0
            ],
            "0.2083": [
              -15.52,
              0,
              0
            ],
            "1.0": [
              0,
              0,
              0
            ]
          },
          "position": [
            0,
            0,
            0
          ],
          "scale": [
            1,
            1,
            1
          ]
        },
        "bone16": {
          "rotation": {
            "0.0": [
              -12.5,
              0,
              -10
            ],
            "0.2917": [
              -51.35416666666661,
              0,
              -7.083333333333558
            ],
            "0.8333": [
              -34.583333333333556,
              0,
              -1.666666666666897
            ],
            "1.0": [
              0,
              0,
              0
            ],
            "1.1667": [
              -27.5,
              0,
              0
            ],
            "1.5417": [
              0,
              0,
              0
            ]
          },
          "position": [
            0,
            0,
            0
          ],
          "scale": [
            1,
            1,
            1
          ]
        },
        "bone17": {
          "rotation": {
            "0.0": [
              -10,
              0,
              0
            ],
            "0.2917": [
              -29.58,
              0,
              0
            ],
            "0.8333": [
              -21.96,
              0,
              0
            ],
            "1.0": [
              0,
              0,
              0
            ],
            "1.0833": [
              0,
              0,
              0
            ],
            "1.2083": [
              -10,
              0,
              0
            ]
          },
          "position": [
            0,
            0,
            0
          ],
          "scale": [
            1,
            1,
            1
          ]
        },
        "bone15": {
          "rotation": {
            "0.5417": [
              0,
              0,
              0
            ],
            "0.75": [
              -25,
              0,
              0
            ]
          },
          "position": {
            "0.5417": [
              0,
              -24,
              -3
            ],
            "0.75": [
              0,
              0,
              0
            ]
          },
          "scale": [
            1,
            1,
            1
          ]
        },
        "bone13": {
          "rotation": {
            "0.0": [
              -4.6631499275436,
              -1.04931546060061,
              9.900306548802291
            ],
            "0.25": [
              -45.99736244565793,
              -0.7869865954503803,
              7.4252299116016545
            ],
            "1.0": [
              0,
              0,
              0
            ],
            "1.125": [
              -5,
              0,
              0
            ],
            "1.3333": [
              0,
              0,
              0
            ],
            "1.6667": [
              -2.5,
              0,
              0
            ],
            "1.9167": [
              0,
              0,
              0
            ]
          },
          "position": [
            0,
            0,
            0
          ],
          "scale": [
            1,
            1,
            1
          ]
        },
        "bone14": {
          "rotation": {
            "0.0": [
              0,
              0,
              30
            ],
            "0.25": [
              -60,
              0,
              22.5
            ],
            "1.0": [
              0,
              0,
              0
            ],
            "1.2083": [
              -5,
              0,
              0
            ],
            "1.375": [
              0,
              0,
              0
            ],
            "1.5417": [
              -7.5,
              0,
              0
            ],
            "1.7083": [
              0,
              0,
              0
            ]
          },
          "position": [
            0,
            0,
            0
          ],
          "scale": [
            1,
            1,
            1
          ]
        },
        "bone7": {
          "rotation": {
            "0.0": [
              -5,
              0,
              -5
            ],
            "0.25": [
              -23.75,
              0,
              -3.75
            ],
            "0.8333": [
              -55.27777777777763,
              0,
              -0.8333333333335576
            ],
            "1.0": [
              0,
              0,
              0
            ],
            "1.2083": [
              -7.5,
              0,
              0
            ],
            "1.375": [
              0,
              0,
              0
            ],
            "1.5417": [
              -7.5,
              0,
              0
            ],
            "1.6667": [
              0,
              0,
              0
            ]
          },
          "position": [
            0,
            0,
            0
          ],
          "scale": [
            1,
            1,
            1
          ]
        },
        "bone8": {
          "rotation": {
            "0.0": [
              -7.5,
              0,
              0
            ],
            "0.25": [
              -52.5,
              0,
              0
            ],
            "0.8333": [
              -42.5,
              0,
              0
            ],
            "1.0": [
              -5,
              0,
              0
            ],
            "1.125": [
              -10,
              0,
              0
            ],
            "1.375": [
              -2.5,
              0,
              0
            ],
            "1.5833": [
              -7.5,
              0,
              0
            ],
            "1.75": [
              -2.5,
              0,
              0
            ]
          }
        },
        "bone": {
          "rotation": {
            "0.0833": [
              92.5,
              0,
              0
            ],
            "0.75": [
              0,
              0,
              0
            ],
            "0.9167": [
              2.5,
              0,
              0
            ],
            "1.0833": [
              0,
              0,
              0
            ],
            "1.2917": [
              2.5,
              0,
              0
            ],
            "1.5417": [
              0,
              0,
              0
            ]
          },
          "position": {
            "0.0833": [
              0,
              -7,
              0
            ],
            "0.75": [
              0,
              0,
              0
            ]
          },
          "scale": [
            1,
            1,
            1
          ]
        }
      }
    }
  }
}