{
  "format_version": "1.8.0",
  "animations": {
    "animation.wither_skeleton.attack": {
      "loop": true,
      "bones": {
        "leftarm": {
          "rotation": [
            "-90 - ((math.sin(variable.attack_time * 180.0) * 57.3) * 1.2 - (math.sin((1.0 - (1.0 - variable.attack_time) * (1.0 - variable.attack_time)) * 180.0) * 57.3) * 0.4) - (math.sin(query.life_time * 76.776372) * 2.865) - this",
            "5.73 - ((math.sin(variable.attack_time * 180.0) * 57.3) * 0.6) - this",
            "math.cos(query.life_time * 103.13244) * -2.865 - 2.865 - this"
          ]
        },
        "rightarm": {
          "rotation": [
            "-90 - ((math.sin(variable.attack_time * 180.0) * 57.3) * 1.2 - (math.sin((1.0 - (1.0 - variable.attack_time) * (1.0 - variable.attack_time)) * 180.0) * 57.3) * 0.4) + (math.sin(query.life_time * 76.776372) * 2.865) - this",
            "(math.sin(variable.attack_time * 180.0) * 57.3) * 0.6 - 5.73 - this",
            "math.cos(query.life_time * 103.13244) * 2.865 + 2.865 - this"
          ]
        }
      }
    },
    "animation.sbgoji_speaker_man3.st": {
      "loop": true,
      "animation_length": 1.5,
      "bones": {
        "Body2": {
          "rotation": {
            "0.0": [
              2.5,
              0,
              0
            ],
            "0.75": [
              7.5,
              0,
              0
            ],
            "1.5": [
              2.5,
              0,
              0
            ]
          }
        },
        "RightArm": {
          "rotation": {
            "0.0": [
              0,
              0,
              7.5
            ],
            "0.75": [
              -10,
              0,
              7.5
            ],
            "1.5": [
              0,
              0,
              7.5
            ]
          }
        },
        "bone": {
          "rotation": {
            "0.0": [
              -12.5,
              0,
              0
            ],
            "0.75": [
              -20,
              0,
              0
            ],
            "1.5": [
              -12.5,
              0,
              0
            ]
          }
        },
        "LeftArm": {
          "rotation": {
            "0.0": [
              0,
              0,
              -7.5
            ],
            "0.75": [
              -10,
              0,
              -7.5
            ],
            "1.5": [
              0,
              0,
              -7.5
            ]
          }
        },
        "Head": {
          "rotation": {
            "0.0": [
              -2.5,
              0,
              0
            ],
            "0.75": [
              -12.5,
              0,
              0
            ],
            "1.5": [
              -2.5,
              0,
              0
            ]
          }
        },
        "RightLeg": {
          "rotation": [
            -2.5,
            0,
            5
          ]
        },
        "bone3": {
          "rotation": [
            10,
            0,
            -2.5
          ]
        },
        "LeftLeg": {
          "rotation": [
            -2.5,
            0,
            -5
          ]
        },
        "bone2": {
          "rotation": [
            10,
            0,
            2.5
          ]
        },
        "bone4": {
          "rotation": {
            "0.0": [
              -12.5,
              0,
              0
            ],
            "0.75": [
              -20,
              0,
              0
            ],
            "1.5": [
              -12.5,
              0,
              0
            ]
          }
        },
        "Body": {
          "rotation": {
            "0.0": [
              0,
              0,
              0
            ],
            "0.75": [
              5,
              0,
              0
            ],
            "1.5": [
              0,
              0,
              0
            ]
          }
        },
        "Rott": {
          "position": [
            0,
            1,
            -3
          ]
        }
      }
    },
    "animation.unknown.new": {
      "loop": true,
      "animation_length": 1.25,
      "bones": {
        "Body": {
          "rotation": {
            "0.0": [
              0,
              0,
              0
            ],
            "0.25": [
              0,
              10,
              0
            ],
            "0.4167": [
              0,
              -20,
              0
            ],
            "0.75": [
              0,
              0,
              0
            ]
          },
          "position": [
            0,
            0,
            0
          ],
          "scale": 1
        },
        "bone": {
          "rotation": {
            "0.0": [
              0,
              0,
              0
            ],
            "0.25": [
              -22.5,
              0,
              0
            ],
            "0.75": [
              0,
              0,
              0
            ]
          },
          "position": [
            0,
            0,
            0
          ],
          "scale": 1
        },
        "Leftarm": {
          "rotation": {
            "0.0": [
              0,
              0,
              0
            ],
            "0.25": [
              -15,
              0,
              0
            ],
            "0.4167": [
              -50,
              0,
              0
            ],
            "0.75": [
              0,
              0,
              0
            ]
          },
          "position": [
            0,
            0,
            0
          ],
          "scale": 1
        },
        "bone4": {
          "rotation": {
            "0.0": [
              0,
              0,
              0
            ],
            "0.25": [
              -15,
              0,
              0
            ],
            "0.4167": [
              -30,
              0,
              0
            ],
            "0.75": [
              0,
              0,
              0
            ]
          },
          "position": [
            0,
            0,
            0
          ],
          "scale": 1
        },
        "RightLeg": {
          "rotation": {
            "0.0": [
              0,
              0,
              0
            ],
            "0.25": [
              40,
              0,
              0
            ],
            "0.4167": [
              -60,
              0,
              0
            ],
            "0.75": [
              0,
              0,
              0
            ]
          },
          "position": [
            0,
            0,
            0
          ],
          "scale": 1
        },
        "bone3": {
          "rotation": {
            "0.0": [
              0,
              0,
              0
            ],
            "0.25": [
              17.5,
              0,
              0
            ],
            "0.4167": [
              -7.5,
              0,
              0
            ],
            "0.5417": [
              0,
              0,
              0
            ]
          },
          "position": [
            0,
            0,
            0
          ],
          "scale": 1
        },
        "LeftLeg": {
          "rotation": {
            "0.0": [
              0,
              0,
              0
            ],
            "0.25": [
              -5,
              0,
              0
            ],
            "0.4167": [
              5,
              0,
              0
            ],
            "0.75": [
              0,
              0,
              0
            ]
          },
          "position": [
            0,
            0,
            0
          ],
          "scale": 1
        },
        "bone2": {
          "rotation": {
            "0.0": [
              0,
              0,
              0
            ],
            "0.25": [
              12.5,
              0,
              0
            ],
            "0.4583": [
              7.29,
              0,
              0
            ],
            "0.75": [
              0,
              0,
              0
            ]
          },
          "position": [
            0,
            0,
            0
          ],
          "scale": 1
        },
        "Rightarm": {
          "rotation": {
            "0.0": [
              0,
              0,
              0
            ],
            "0.25": [
              27.5,
              0,
              0
            ],
            "0.4167": [
              60,
              0,
              0
            ],
            "0.75": [
              0,
              0,
              0
            ]
          },
          "position": [
            0,
            0,
            0
          ],
          "scale": 1
        }
      }
    },
    "animation.sbgoji_speaker_man3.att": {
      "loop": true,
      "animation_length": 2,
      "bones": {
        "Body": {
          "rotation": {
            "0.6667": [
              0,
              0,
              0
            ],
            "0.7917": [
              0,
              -2.5,
              0
            ],
            "1.25": [
              0,
              0,
              0
            ]
          },
          "position": [
            0,
            0,
            0
          ],
          "scale": 1
        },
        "Body2": {
          "rotation": {
            "0.25": [
              0,
              0,
              0
            ],
            "0.5": [
              0,
              12.5,
              0
            ],
            "0.625": [
              0,
              -32.5,
              0
            ],
            "0.8333": [
              7.5,
              -32.5,
              0
            ],
            "1.25": [
              0,
              0,
              0
            ]
          },
          "position": [
            0,
            0,
            0
          ],
          "scale": 1
        },
        "RightArm": {
          "rotation": {
            "0.25": [
              0,
              0,
              0
            ],
            "0.5": [
              0,
              0,
              30
            ],
            "0.5833": [
              -60.77535,
              -16.25903,
              47.29121
            ],
            "1.25": [
              0,
              0,
              0
            ]
          },
          "position": {
            "0.25": [
              0,
              0,
              0
            ],
            "0.5833": [
              0,
              -1,
              0
            ],
            "1.0": [
              0,
              0,
              0
            ]
          },
          "scale": 1
        },
        "bone": {
          "rotation": {
            "0.25": [
              0,
              0,
              0
            ],
            "0.5": [
              -22.5,
              0,
              0
            ],
            "0.625": [
              -45,
              0,
              0
            ],
            "1.25": [
              0,
              0,
              0
            ]
          },
          "position": [
            0,
            0,
            0
          ],
          "scale": 1
        },
        "LeftArm": {
          "rotation": {
            "0.25": [
              0,
              0,
              0
            ],
            "0.5": [
              -37.5,
              0,
              -15
            ],
            "0.6667": [
              7.5,
              0,
              -15
            ],
            "1.25": [
              0,
              0,
              0
            ]
          },
          "position": [
            0,
            0,
            0
          ],
          "scale": 1
        },
        "bone4": {
          "rotation": {
            "0.25": [
              0,
              0,
              0
            ],
            "0.5": [
              -15,
              0,
              0
            ],
            "0.6667": [
              -25,
              0,
              0
            ],
            "1.0": [
              0,
              0,
              0
            ],
            "1.25": [
              0,
              0,
              0
            ]
          },
          "position": [
            0,
            0,
            0
          ],
          "scale": 1
        },
        "RightLeg": {
          "rotation": {
            "0.25": [
              0,
              0,
              0
            ],
            "0.4583": [
              7.5,
              0,
              0
            ],
            "0.625": [
              -7.5,
              0,
              0
            ],
            "0.9167": [
              0,
              0,
              0
            ]
          },
          "position": [
            0,
            0,
            0
          ]
        },
        "bone3": {
          "rotation": {
            "0.25": [
              0,
              0,
              0
            ],
            "0.4583": [
              7.5,
              0,
              0
            ],
            "0.625": [
              10,
              0,
              0
            ],
            "0.9167": [
              0,
              0,
              0
            ]
          },
          "position": [
            0,
            0,
            0
          ],
          "scale": 1
        },
        "LeftLeg": {
          "rotation": {
            "0.25": [
              0,
              0,
              0
            ],
            "0.5": [
              -15,
              0,
              0
            ],
            "0.625": [
              2.5,
              0,
              0
            ],
            "0.9167": [
              0,
              0,
              0
            ]
          },
          "position": [
            0,
            0,
            0
          ],
          "scale": 1
        },
        "bone2": {
          "rotation": {
            "0.25": [
              0,
              0,
              0
            ],
            "0.5": [
              10,
              0,
              0
            ],
            "0.9167": [
              0,
              0,
              0
            ]
          },
          "position": {
            "0.0": [
              0,
              0,
              0
            ],
            "2.0": [
              0,
              0,
              0
            ]
          }
        }
      }
    },
    "animation.unknown.dmt": {
      "animation_length": 0.625,
      "bones": {
        "Body": {
          "rotation": {
            "0.0": [
              70,
              0,
              0
            ],
            "0.25": [
              0,
              0,
              0
            ]
          },
          "position": {
            "0.0": [
              0,
              4,
              -15
            ],
            "0.25": [
              0,
              0,
              0
            ]
          },
          "scale": 1
        },
        "Body2": {
          "rotation": {
            "0.0": [
              45,
              0,
              0
            ],
            "0.25": [
              0,
              0,
              0
            ]
          },
          "position": {
            "0.0": [
              0,
              0,
              0
            ],
            "0.25": [
              0,
              0,
              0
            ]
          },
          "scale": 1
        },
        "RightArm": {
          "rotation": {
            "0.0": [
              -47.5,
              0,
              0
            ],
            "0.25": [
              0,
              0,
              0
            ]
          },
          "position": [
            0,
            0,
            0
          ],
          "scale": 1
        },
        "bone": {
          "rotation": {
            "0.0": [
              -22.5,
              0,
              0
            ],
            "0.25": [
              0,
              0,
              0
            ]
          },
          "position": [
            0,
            0,
            0
          ],
          "scale": 1
        },
        "LeftArm": {
          "rotation": {
            "0.0": [
              -42.5,
              0,
              -15
            ],
            "0.25": [
              0,
              0,
              -15
            ]
          },
          "position": [
            0,
            0,
            0
          ],
          "scale": 1
        },
        "bone4": {
          "rotation": {
            "0.0": [
              -47.5,
              0,
              0
            ],
            "0.25": [
              0,
              0,
              0
            ]
          },
          "position": [
            0,
            0,
            0
          ],
          "scale": 1
        },
        "Head": {
          "rotation": {
            "0.0": [
              0,
              -25,
              0
            ],
            "0.25": [
              0,
              0,
              0
            ]
          },
          "position": {
            "0.0": [
              0,
              -4,
              0
            ],
            "0.25": [
              0,
              0,
              0
            ]
          },
          "scale": 1
        },
        "RightLeg": {
          "rotation": {
            "0.0": [
              57.81999,
              -22.32785,
              13.0686
            ],
            "0.25": [
              0,
              0,
              0
            ]
          },
          "position": {
            "0.0": [
              0,
              4,
              -14
            ],
            "0.25": [
              0,
              0,
              0
            ]
          },
          "scale": 1
        },
        "LeftLeg": {
          "rotation": {
            "0.0": [
              57.81999,
              22.32785,
              -13.0686
            ],
            "0.25": [
              0,
              0,
              0
            ]
          },
          "position": {
            "0.0": [
              0,
              4,
              -14
            ],
            "0.25": [
              0,
              0,
              0
            ]
          },
          "scale": 1
        }
      }
    }
  }
}