{
  "format_version": "1.8.0",
  "animations": {
    "animation.wither_skeleton.attack": {
      "loop": true,
      "bones": {
        "LeftArm": {
          "rotation": [
            "-90 - ((math.sin(variable.attack_time * 180.0) * 57.3) * 1.2 - (math.sin((1.0 - (1.0 - variable.attack_time) * (1.0 - variable.attack_time)) * 180.0) * 57.3) * 0.4) - (math.sin(query.life_time * 76.776372) * 2.865) - this",
            "5.73 - ((math.sin(variable.attack_time * 180.0) * 57.3) * 0.6) - this",
            "math.cos(query.life_time * 103.13244) * -2.865 - 2.865 - this"
          ]
        },
        "RightArm": {
          "rotation": [
            "-90 - ((math.sin(variable.attack_time * 180.0) * 57.3) * 1.2 - (math.sin((1.0 - (1.0 - variable.attack_time) * (1.0 - variable.attack_time)) * 180.0) * 57.3) * 0.4) + (math.sin(query.life_time * 76.776372) * 2.865) - this",
            "(math.sin(variable.attack_time * 180.0) * 57.3) * 0.6 - 5.73 - this",
            "math.cos(query.life_time * 103.13244) * 2.865 + 2.865 - this"
          ]
        }
      }
    },
    "animation.sbgoji_tv_man3.st": {
      "loop": true,
      "animation_length": 2,
      "bones": {
        "Body2": {
          "rotation": {
            "0.0": [
              2.5,
              0,
              0
            ],
            "1.0": [
              0,
              0,
              0
            ],
            "2.0": [
              2.5,
              0,
              0
            ]
          }
        },
        "LeftArm": {
          "rotation": {
            "0.0": [
              0,
              0,
              -2.5
            ],
            "1.0": [
              0,
              0,
              0
            ],
            "2.0": [
              0,
              0,
              -2.5
            ]
          }
        },
        "bone4": {
          "rotation": {
            "0.0": [
              -2.5,
              0,
              -2.5
            ],
            "1.0": [
              -2.46017,
              0.33675,
              -0.02246
            ],
            "2.0": [
              -2.5,
              0,
              -2.5
            ]
          }
        },
        "RightArm": {
          "rotation": {
            "0.0": [
              0,
              0,
              2.5
            ],
            "1.0": [
              0,
              0,
              0
            ],
            "2.0": [
              0,
              0,
              2.5
            ]
          }
        },
        "bone5": {
          "rotation": {
            "0.0": [
              -2.5,
              0,
              2.5
            ],
            "1.0": [
              -2.46017,
              -0.33675,
              0.02246
            ],
            "2.0": [
              -2.5,
              0,
              2.5
            ]
          }
        },
        "Head": {
          "rotation": {
            "0.0": [
              17.5,
              0,
              0
            ],
            "1.0": [
              15,
              0,
              0
            ],
            "2.0": [
              17.5,
              0,
              0
            ]
          }
        }
      }
    },
    "animation.sbgoji_tv_man3.bow": {
      "loop": true,
      "animation_length": 0.54167,
      "bones": {
        "Head": {
          "rotation": [
            -22.5,
            0,
            0
          ]
        },
        "bone7": {
          "position": {
            "0.0": [
              0,
              0,
              -2
            ],
            "0.5417": [
              0,
              0,
              -2
            ]
          }
        },
        "bone": {
          "rotation": [
            0,
            0,
            0
          ],
          "position": {
            "0.0": [
              0,
              0,
              0
            ],
            "0.5417": [
              0,
              -5,
              -168
            ]
          },
          "scale": {
            "0.0": [
              1,
              1,
              1
            ],
            "0.5417": [
              1,
              1,
              2.3
            ]
          }
        },
        "bone6": {
          "position": [
            0,
            213,
            9
          ],
          "scale": [
            0.8,
            1,
            5.6
          ]
        }
      }
    },
    "animation.sbgoji_tv_man3.spw": {
      "animation_length": 2,
      "bones": {
        "Body": {
          "rotation": [
            0,
            0,
            0
          ],
          "position": {
            "0.0": [
              0,
              -109,
              0
            ],
            "0.5833": [
              0,
              0,
              0
            ]
          },
          "scale": [
            1,
            1,
            1
          ]
        },
        "Body2": {
          "rotation": {
            "0.75": [
              12.5,
              0,
              0
            ],
            "1.25": [
              0,
              0,
              0
            ]
          },
          "position": {
            "0.75": [
              0,
              0,
              0
            ],
            "1.25": [
              0,
              0,
              0
            ]
          },
          "scale": {
            "0.75": [
              1,
              1,
              1
            ],
            "1.25": [
              1,
              1,
              1
            ]
          }
        },
        "LeftArm": {
          "rotation": {
            "0.75": [
              -15,
              0,
              0
            ],
            "1.25": [
              0,
              0,
              0
            ]
          },
          "position": [
            0,
            0,
            0
          ],
          "scale": [
            1,
            1,
            1
          ]
        },
        "RightArm": {
          "rotation": {
            "0.75": [
              -15,
              0,
              0
            ],
            "1.25": [
              0,
              0,
              0
            ]
          },
          "position": [
            0,
            0,
            0
          ],
          "scale": [
            1,
            1,
            1
          ]
        },
        "Head": {
          "rotation": {
            "0.75": [
              25,
              0,
              0
            ],
            "1.25": [
              0,
              0,
              0
            ]
          },
          "position": [
            0,
            0,
            0
          ],
          "scale": [
            1,
            1,
            1
          ]
        },
        "LeftLeg": {
          "rotation": [
            0,
            0,
            0
          ],
          "position": {
            "0.0": [
              0,
              -71,
              0
            ],
            "0.5": [
              0,
              0,
              0
            ]
          },
          "scale": [
            1,
            1,
            1
          ]
        },
        "RightLeg": {
          "rotation": [
            0,
            0,
            0
          ],
          "position": {
            "0.0": [
              0,
              -71,
              0
            ],
            "0.5": [
              0,
              0,
              0
            ]
          },
          "scale": [
            1,
            1,
            1
          ]
        },
        "Smokesmoke": {
          "position": {
            "0.0": [
              0,
              195,
              0
            ],
            "0.2917": [
              0,
              217,
              0
            ],
            "0.8333": [
              0,
              217,
              0
            ],
            "1.125": [
              0,
              119,
              0
            ]
          },
          "scale": {
            "0.0": [
              1,
              1,
              1
            ],
            "0.2917": [
              1,
              3.5,
              1.7
            ],
            "0.8333": [
              1,
              3.5,
              1.7
            ],
            "1.125": [
              1,
              -0.3,
              1.7
            ]
          }
        },
        "bone9": {
          "rotation": {
            "0.2083": [
              0,
              0,
              0
            ],
            "0.5": [
              0,
              -35,
              0
            ],
            "0.625": [
              1.5,
              -35,
              0
            ],
            "0.7083": [
              5,
              -35,
              0
            ],
            "0.8333": [
              12.5,
              -35,
              0
            ],
            "0.9167": [
              30,
              -35,
              0
            ]
          },
          "position": [
            0,
            0,
            0
          ],
          "scale": [
            2.5,
            0.7,
            1
          ]
        },
        "bone8": {
          "rotation": {
            "0.375": [
              4.27498,
              6.74917,
              20.06563
            ],
            "0.5": [
              1.29047,
              9.02831,
              3.26298
            ],
            "0.625": [
              2.06072,
              10.5868,
              9.26165
            ],
            "0.75": [
              0,
              12.5,
              0
            ],
            "0.9167": [
              -5.35254,
              11.31255,
              -25.53051
            ]
          },
          "position": [
            0,
            0,
            5
          ],
          "scale": [
            2,
            1,
            1
          ]
        }
      }
    }
  }
}