{"format_version":"1.10.0","minecraft:client_entity":{"description":{"identifier":"yg:banbaleena","materials":{"default":"witch"},"textures":{"default":"textures/entity/banbaleena/yg_banbaleena","angry":"textures/entity/banbaleena/yg_banbaleena_angry"},"geometry":{"default":"geometry.yg_banbaleena"},"scripts":{"animate":["move","general","attack"],"pre_animation":["variable.random = math.round(math.random(0,2));"]},"animations":{"moving":"animation.yg_banbaleena.move","move":"controller.animation.yg_banbaleena.move","gazo_general":"animation.yg_banbaleena.general","general":"controller.animation.yg_banbaleena.general","attack0":"animation.yg_banbaleena.attack","attack":"controller.animation.yg_banbaleena.attack","targeting":"animation.yg_banbaleena.targeting","look_at_target":"animation.yg_banbaleena.looking","jumpscare":"animation.yg_banbaleena.jumpscare"},"render_controllers":["controller.render.yg_banbaleena"],"spawn_egg":{"texture":"yg:banbaleena","texture_index":0}}}}