{"format_version":"1.10.0","minecraft:client_entity":{"description":{"identifier":"yg:nab_nab","materials":{"default":"witch"},"textures":{"default":"textures/entity/yg_nab_nab"},"geometry":{"default":"geometry.yg_nab_nab"},"scripts":{"animate":["move","general","attack"],"pre_animation":["variable.random = math.round(math.random(0,2));"]},"animations":{"moving":"animation.yg_nab_nab.move","move":"controller.animation.yg_nab_nab.move","gazo_general":"animation.yg_nab_nab.general","general":"controller.animation.yg_nab_nab.general","attack0":"animation.yg_nab_nab.attack","attack":"controller.animation.yg_nab_nab.attack","climbing":"animation.yg_nab_nab.climbing","look_at_target":"animation.yg_nab_nab.looking","jumpscare":"animation.yg_nab_nab.jumpscare"},"render_controllers":["controller.render.witch"],"spawn_egg":{"texture":"yg:nab_nab","texture_index":0}}}}