{
  "format_version": "1.10.0",
  "minecraft:client_entity": {
    "description": {
      "identifier": "gm:stinger_flynn",
      "textures": {
        "default": "textures/entity/pamobile/gm_stinger_flynn"
      },
      "materials": {
        "default": "skeleton"
      },
      "geometry": {
        "default": "geometry.gm_stinger_flynn"
      },
      "render_controllers": [
        "controller.render.translucence"
      ],
      "spawn_egg": {
        "texture": "gm:stinger_flynn",
        "texture_index": 0
      },
      "animations": {
        "walk": "animation.moto.walk",
        "idle": "animation.moto.idle"
      },
      "scripts": {
        "animate": [
          "root",
          {
            "walk": "query.is_moving"
          },
          {
            "idle": "!query.is_moving"
          }
        ]
      }
    }
  }
}