{
  "definition.shulker": {
    "textures": {
      "undyed": "textures/entity/shulker1/shulker_undyed",
      "white": "textures/entity/shulker1/shulker_white",
      "orange": "textures/entity/shulker1/shulker_orange",
      "magenta": "textures/entity/shulker1/shulker_magenta",
      "light_blue": "textures/entity/shulker1/shulker_light_blue",
      "yellow": "textures/entity/shulker1/shulker_yellow",
      "lime": "textures/entity/shulker1/shulker_lime",
      "pink": "textures/entity/shulker1/shulker_pink",
      "gray": "textures/entity/shulker1/shulker_gray",
      "silver": "textures/entity/shulker1/shulker_silver",
      "cyan": "textures/entity/shulker1/shulker_cyan",
      "purple": "textures/entity/shulker1/shulker_purple",
      "blue": "textures/entity/shulker1/shulker_blue",
      "brown": "textures/entity/shulker1/shulker_brown",
      "green": "textures/entity/shulker1/shulker_green",
      "red": "textures/entity/shulker1/shulker_red",
      "black": "textures/entity/shulker1/shulker_black"
    },
    "geometry": {
      "default": "geometry.shulker"
    }
  }
}