{"format_version":"1.8.0","animations":{"animation.yg_patched_willy.general":{"loop":true,"animation_length":2,"bones":{"Body":{"position":{"0.0":{"post":[0,-24,9],"lerp_mode":"catmullrom"}}}}},"animation.yg_patched_willy.move":{"loop":true,"animation_length":2.5,"bones":{"Body":{"rotation":{"0.0":{"post":[62.5,0,0],"lerp_mode":"catmullrom"},"0.5":{"post":[32.57813,0,0],"lerp_mode":"catmullrom"},"1.0":{"post":[2.56,0,0],"lerp_mode":"catmullrom"},"1.5":{"post":[-58.72113,0,0],"lerp_mode":"catmullrom"},"2.0":{"post":[-47.5,0,0],"lerp_mode":"catmullrom"},"2.5":{"post":[62.5,0,0],"lerp_mode":"catmullrom"}},"position":{"0.0":{"post":[0,0,0],"lerp_mode":"catmullrom"},"0.5":{"post":[0,-26.87,0],"lerp_mode":"catmullrom"},"1.0":{"post":[0,-42,0],"lerp_mode":"catmullrom"},"2.0":{"post":[0,52,0],"lerp_mode":"catmullrom"},"2.5":{"post":[0,0,0],"lerp_mode":"catmullrom"}}},"Head":{"rotation":{"0.0":{"post":[15,0,0],"lerp_mode":"catmullrom"},"0.5":{"post":[-22.5,0,0],"lerp_mode":"catmullrom"},"1.0":{"post":[-0.01953,0,0],"lerp_mode":"catmullrom"},"1.5":{"post":[-12.6602,0,0],"lerp_mode":"catmullrom"},"2.0":{"post":[75.37986,0,0],"lerp_mode":"catmullrom"},"2.5":{"post":[15,0,0],"lerp_mode":"catmullrom"}}},"Body2":{"rotation":{"0.0":{"post":[-5,0,0],"lerp_mode":"catmullrom"},"0.5":{"post":[15,0,0],"lerp_mode":"catmullrom"},"1.0":{"post":[20,0,0],"lerp_mode":"catmullrom"},"1.5":{"post":[-25.3125,0,0],"lerp_mode":"catmullrom"},"2.0":{"post":[-17.5,0,0],"lerp_mode":"catmullrom"},"2.5":{"post":[-5,0,0],"lerp_mode":"catmullrom"}}},"Body3":{"rotation":{"0.0":{"post":[-2.5,0,0],"lerp_mode":"catmullrom"},"0.5":{"post":[22.5,0,0],"lerp_mode":"catmullrom"},"1.0":{"post":[10,0,0],"lerp_mode":"catmullrom"},"1.5":{"post":[-25.625,0,0],"lerp_mode":"catmullrom"},"2.0":{"post":[-12.5,0,0],"lerp_mode":"catmullrom"},"2.25":{"post":[-9.64844,0,0],"lerp_mode":"catmullrom"},"2.5":{"post":[-2.5,0,0],"lerp_mode":"catmullrom"}}},"Body4":{"rotation":{"0.0":{"post":[-17.5,0,0],"lerp_mode":"catmullrom"},"0.5":{"post":[22.5,0,0],"lerp_mode":"catmullrom"},"1.0":{"post":[10,0,0],"lerp_mode":"catmullrom"},"1.5":{"post":[-27.65625,0,0],"lerp_mode":"catmullrom"},"2.0":{"post":[-22.5,0,0],"lerp_mode":"catmullrom"},"2.25":{"post":[-21.55273,0,0],"lerp_mode":"catmullrom"},"2.5":{"post":[-17.5,0,0],"lerp_mode":"catmullrom"}}},"Body5":{"rotation":{"0.0":{"post":[-22.5,0,0],"lerp_mode":"catmullrom"},"0.5":{"post":[7.5,0,0],"lerp_mode":"catmullrom"},"1.0":{"post":[5,0,0],"lerp_mode":"catmullrom"},"1.5":{"post":[-15.9375,0,0],"lerp_mode":"catmullrom"},"2.0":{"post":[-2.5,0,0],"lerp_mode":"catmullrom"},"2.25":{"post":[3.33984,0,0],"lerp_mode":"catmullrom"},"2.5":{"post":[-22.5,0,0],"lerp_mode":"catmullrom"}}},"Body6":{"rotation":{"0.0":{"post":[-22.5,0,0],"lerp_mode":"catmullrom"},"0.5":{"post":[12.5,0,0],"lerp_mode":"catmullrom"},"1.0":{"post":[2.5,0,0],"lerp_mode":"catmullrom"},"1.5":{"post":[27.8125,0,0],"lerp_mode":"catmullrom"},"2.0":{"post":[25,0,0],"lerp_mode":"catmullrom"},"2.5":{"post":[-22.5,0,0],"lerp_mode":"catmullrom"}}},"Body7":{"rotation":{"0.0":{"post":[-20,0,0],"lerp_mode":"catmullrom"},"0.5":{"post":[17.5,0,0],"lerp_mode":"catmullrom"},"1.0":{"post":[5,0,0],"lerp_mode":"catmullrom"},"1.5":{"post":[35.78125,0,0],"lerp_mode":"catmullrom"},"2.0":{"post":[22.5,0,0],"lerp_mode":"catmullrom"},"2.5":{"post":[-20,0,0],"lerp_mode":"catmullrom"}}},"Body8":{"rotation":{"0.0":{"post":[-32.5,0,0],"lerp_mode":"catmullrom"},"0.5":{"post":[-17.5,0,0],"lerp_mode":"catmullrom"},"1.0":{"post":[7.5,0,0],"lerp_mode":"catmullrom"},"1.5":{"post":[37.96875,0,0],"lerp_mode":"catmullrom"},"2.0":{"post":[25,0,0],"lerp_mode":"catmullrom"},"2.5":{"post":[-32.5,0,0],"lerp_mode":"catmullrom"}}},"Body9":{"rotation":{"0.0":{"post":[-20,0,0],"lerp_mode":"catmullrom"},"0.5":{"post":[-22.5,0,0],"lerp_mode":"catmullrom"},"1.0":{"post":[15,0,0],"lerp_mode":"catmullrom"},"1.5":{"post":[32.03125,0,0],"lerp_mode":"catmullrom"},"2.0":{"post":[-17.24313,2.52458,-0.55367],"lerp_mode":"catmullrom"},"2.5":{"post":[-20,0,0],"lerp_mode":"catmullrom"}}},"Body10":{"rotation":{"0.0":{"post":[-22.5,0,0],"lerp_mode":"catmullrom"},"0.5":{"post":[-45,0,0],"lerp_mode":"catmullrom"},"1.0":{"post":[20,0,0],"lerp_mode":"catmullrom"},"1.5":{"post":[32.03125,0,0],"lerp_mode":"catmullrom"},"2.0":{"post":[10,0,0],"lerp_mode":"catmullrom"},"2.5":{"post":[-22.5,0,0],"lerp_mode":"catmullrom"}}}}}}}