{"format_version":"1.8.0","animations":{"animation.yg_stinger_flynn.general":{"loop":true,"animation_length":2,"bones":{"Root":{"position":{"0.0":{"post":[0,1,0],"lerp_mode":"catmullrom"},"1.0":{"post":[0,2,0],"lerp_mode":"catmullrom"},"2.0":{"post":[0,1,0],"lerp_mode":"catmullrom"}}},"Army":{"rotation":{"0.0":{"post":[0,0,-7.5],"lerp_mode":"catmullrom"},"1.0":{"post":[0,0,-20],"lerp_mode":"catmullrom"},"2.0":{"post":[0,0,-7.5],"lerp_mode":"catmullrom"}}},"Army2":{"rotation":{"0.0":{"post":[0,0,7.5],"lerp_mode":"catmullrom"},"1.0":{"post":[0,0,22.5],"lerp_mode":"catmullrom"},"2.0":{"post":[0,0,7.5],"lerp_mode":"catmullrom"}}},"Legy":{"rotation":{"0.0":{"post":[0,0,0],"lerp_mode":"catmullrom"},"0.5":{"post":[0,0,-7.5],"lerp_mode":"catmullrom"},"1.0":{"post":[0,0,-7.5],"lerp_mode":"catmullrom"},"2.0":{"post":[0,0,0],"lerp_mode":"catmullrom"}}},"Legy2":{"rotation":{"0.0":{"post":[0,0,5],"lerp_mode":"catmullrom"},"0.5":{"post":[0,0,-10],"lerp_mode":"catmullrom"},"1.0":{"post":[0,0,-10],"lerp_mode":"catmullrom"},"2.0":{"post":[0,0,5],"lerp_mode":"catmullrom"}}},"Legy3":{"rotation":{"0.0":{"post":[0,0,0],"lerp_mode":"catmullrom"},"0.5":{"post":[0,0,7.5],"lerp_mode":"catmullrom"},"1.0":{"post":[0,0,7.5],"lerp_mode":"catmullrom"},"2.0":{"post":[0,0,0],"lerp_mode":"catmullrom"}}},"Legy4":{"rotation":{"0.0":{"post":[0,0,-5],"lerp_mode":"catmullrom"},"0.5":{"post":[0,0,12.5],"lerp_mode":"catmullrom"},"1.0":{"post":[0,0,12.5],"lerp_mode":"catmullrom"},"2.0":{"post":[0,0,-5],"lerp_mode":"catmullrom"}}}}},"animation.yg_stinger_flynn.jumpscare":{"animation_length":2,"bones":{"Army":{"rotation":{"0.0":{"post":[0,0,0],"lerp_mode":"catmullrom"},"0.25":{"post":[0,22.5,0],"lerp_mode":"catmullrom"},"0.5":{"post":[0,-52.5,0],"lerp_mode":"catmullrom"},"1.8333":{"post":[0,-52.5,0],"lerp_mode":"catmullrom"},"2.0":{"post":[0,0,0],"lerp_mode":"catmullrom"}}},"Army2":{"rotation":{"0.0":{"post":[0,0,0],"lerp_mode":"catmullrom"},"0.25":{"post":[0,-20,0],"lerp_mode":"catmullrom"},"0.5":{"post":[0,52.5,0],"lerp_mode":"catmullrom"},"1.8333":{"post":[0,52.5,0],"lerp_mode":"catmullrom"},"2.0":{"post":[0,0,0],"lerp_mode":"catmullrom"}}}}},"animation.yg_stinger_flynn.attack":{"animation_length":0.83333,"bones":{"Army":{"rotation":{"0.0":{"post":[0,0,0],"lerp_mode":"catmullrom"},"0.1667":{"post":[0,0,47.5],"lerp_mode":"catmullrom"},"0.3333":{"post":[0,-75,0],"lerp_mode":"catmullrom"},"0.6667":{"post":[0,-75,0],"lerp_mode":"catmullrom"},"0.8333":{"post":[0,0,0],"lerp_mode":"catmullrom"}}},"Army2":{"rotation":{"0.0":{"post":[0,0,0],"lerp_mode":"catmullrom"},"0.1667":{"post":[0,0,-40],"lerp_mode":"catmullrom"},"0.3333":{"post":[0,77.5,0],"lerp_mode":"catmullrom"},"0.6667":{"post":[0,77.5,0],"lerp_mode":"catmullrom"},"0.8333":{"post":[0,0,0],"lerp_mode":"catmullrom"}}}}}}}