{
	"format_version": "1.12.0",
	"minecraft:geometry": [
		{
			"description": {
				"identifier": "geometry.mergeteacherstable",
				"texture_width": 256,
				"texture_height": 256,
				"visible_bounds_width": 4,
				"visible_bounds_height": 2,
				"visible_bounds_offset": [0, 0, 0]
			},
			"bones": [
				{
					"name": "chair",
					"pivot": [0, 0, 0],
					"cubes": [
						{"origin": [-7, 11, -5], "size": [14, 1, 13], "pivot": [0.00625, 10.64525, 1.07881], "rotation": [0, 180, 0], "uv": [27, 101]},
						{"origin": [-7, 12.92232, 2.934], "size": [14, 1, 1.5], "pivot": [0.00625, 10.64525, -0.92119], "rotation": [-25, 180, 0], "uv": [94, 22]},
						{"origin": [-5, -0.29614, -0.6251], "size": [1, 12, 1], "inflate": -0.1, "pivot": [1.00625, 7.64525, 3.07881], "rotation": [-5, 180, 0], "uv": [75, 30]},
						{"origin": [-18, -0.29614, -0.6251], "size": [1, 12, 1], "inflate": -0.1, "pivot": [-11.99375, 7.64525, 3.07881], "rotation": [-5, 180, 0], "uv": [69, 65]},
						{"origin": [-5.95, 23.2318, 7.04438], "size": [1, 5.95, 1], "inflate": -0.1, "pivot": [-5.4875, 25.63179, 7.54438], "rotation": [5, 180, 30], "uv": [16, 44]},
						{"origin": [4, 11.46396, -0.56359], "size": [1, 13, 1], "inflate": -0.1, "pivot": [-0.99375, 10.64525, 3.07881], "rotation": [5, 180, 0], "uv": [4, 64]},
						{"origin": [6, 11.46396, -0.56359], "size": [1, 16, 1], "inflate": -0.1, "pivot": [1.00625, 10.64525, 3.07881], "rotation": [5, 180, 0], "uv": [74, 54]},
						{"origin": [8, 11.46396, -0.56359], "size": [1, 16, 1], "inflate": -0.1, "pivot": [3.00625, 10.64525, 3.07881], "rotation": [5, 180, 0], "uv": [71, 30]},
						{"origin": [11, 11.46396, -0.56359], "size": [2, 16, 1], "inflate": -0.1, "pivot": [6.00625, 10.64525, 3.07881], "rotation": [5, 180, 0], "uv": [16, 27]},
						{"origin": [13, 11.46396, -0.56359], "size": [1, 16, 1], "inflate": -0.1, "pivot": [8.00625, 10.64525, 3.07881], "rotation": [5, 180, 0], "uv": [67, 30]},
						{"origin": [15, 11.46396, -0.56359], "size": [1, 16, 1], "inflate": -0.1, "pivot": [10.00625, 10.64525, 3.07881], "rotation": [5, 180, 0], "uv": [63, 30]},
						{"origin": [-5, 11.46396, -0.56359], "size": [1, 13, 1], "inflate": -0.1, "pivot": [1.00625, 10.64525, 3.07881], "rotation": [5, 180, 0], "uv": [0, 64]},
						{"origin": [4.6635, 23.3632, 7.08795], "size": [1, 5.7, 1], "inflate": -0.1, "pivot": [5.26345, 26.06315, 7.58795], "rotation": [5, 180, -30], "uv": [21, 43]},
						{"origin": [4, -0.45671, 3.61809], "size": [1, 11.7, 1], "inflate": -0.1, "pivot": [-0.99375, 7.64525, -0.92119], "rotation": [5, 180, 0], "uv": [20, 10]},
						{"origin": [17, -0.45671, 3.61809], "size": [1, 11.7, 1], "inflate": -0.1, "pivot": [12.00625, 7.64525, -0.92119], "rotation": [5, 180, 0], "uv": [16, 10]},
						{"origin": [-4.7, 27.31419, -1.1], "size": [9.2, 2, 1], "inflate": -0.1, "pivot": [0.00625, 16.64525, 3.07881], "rotation": [5, 180, 0], "uv": [63, 27]},
						{"origin": [-6.3, 7.1493, 3.45], "size": [12.6, 1, 1], "inflate": -0.1, "pivot": [0.00625, 9.64525, -0.92119], "rotation": [5, 180, 0], "uv": [0, 22]},
						{"origin": [4, 0, 4.2], "size": [1, 1, 1], "pivot": [-0.99375, 7.64525, -0.92119], "rotation": [0, 180, 0], "uv": [11, 13]},
						{"origin": [17, 0, 4.2], "size": [1, 1, 1], "pivot": [12.00625, 7.64525, -0.92119], "rotation": [0, 180, 0], "uv": [0, 12]},
						{"origin": [-5, 0, -1.23], "size": [1, 1, 1], "pivot": [1.00625, 7.64525, 3.07881], "rotation": [0, 180, 0], "uv": [11, 11]},
						{"origin": [-18, 0, -1.23], "size": [1, 1, 1], "pivot": [-11.99375, 7.64525, 3.07881], "rotation": [0, 180, 0], "uv": [0, 10]}
					]
				},
				{
					"name": "table",
					"pivot": [-6, 6, -20],
					"rotation": [0, 180, 0],
					"cubes": [
						{"origin": [-22, 0, -8], "size": [32, 21, 1], "uv": [94, 0]},
						{"origin": [-2, 3, -32.9], "size": [12, 4, 1], "uv": [0, 5]},
						{"origin": [-2, 8, -32.9], "size": [12, 4, 1], "uv": [0, 0]},
						{"origin": [-2, 12, -33], "size": [12, 1, 25], "uv": [83, 83]},
						{"origin": [2, 10.8, -33.2], "size": [4, 1, 1], "inflate": -0.2, "uv": [10, 24]},
						{"origin": [2, 5.8, -33.2], "size": [4, 1, 1], "inflate": -0.2, "uv": [0, 24]},
						{"origin": [-2, 7, -33], "size": [12, 1, 25], "uv": [82, 54]},
						{"origin": [-2, 2, -33], "size": [12, 1, 25], "uv": [63, 28]},
						{"origin": [-22, 15, -33], "size": [19, 1, 25], "uv": [0, 27]},
						{"origin": [-23, 21, -33], "size": [34, 1, 26], "uv": [0, 0]},
						{"origin": [10, 0, -33], "size": [1, 21, 26], "uv": [54, 54]},
						{"origin": [-23, 0, -33], "size": [1, 21, 26], "uv": [0, 53]},
						{"origin": [-3, 0, -33], "size": [1, 21, 25], "uv": [0, 100]}
					]
				},
				{
					"name": "books",
					"parent": "table",
					"pivot": [13, 15, 25],
					"cubes": [
						{"origin": [3.5, 12.3, -15], "size": [3, 7, 5], "inflate": -0.5, "uv": [0, 27]},
						{"origin": [1.5, 12.2, -15], "size": [3, 6.3, 5], "inflate": -0.5, "uv": [58, 54]},
						{"origin": [6, 12.55, -15], "size": [3, 6.7, 5], "inflate": -0.7, "pivot": [7, 15.65, -12.5], "rotation": [0, 0, 15], "uv": [0, 53]},
						{"origin": [8.3, 12.3, -15], "size": [2, 6.9, 5], "inflate": -0.5, "pivot": [8.5, 15.75, -12.5], "rotation": [0, 0, 4], "uv": [11, 59]}
					]
				},
				{
					"name": "books2",
					"parent": "books",
					"pivot": [7, 15, 25],
					"cubes": [
						{"origin": [-2.5, 12.3, -15], "size": [3, 7, 5], "inflate": -0.5, "uv": [0, 10]},
						{"origin": [-0.5, 12.3, -15], "size": [3, 6.5, 5], "inflate": -0.5, "uv": [0, 39]}
					]
				},
				{
					"name": "papers",
					"pivot": [-9, -7, 0],
					"cubes": [
						{"origin": [-8, 16, -23], "size": [9, 1, 12], "inflate": -0.6, "uv": [112, 22]},
						{"origin": [-7.8, 15.8, -22.7], "size": [9, 1, 12], "inflate": -0.6, "uv": [99, 110]},
						{"origin": [-8.2, 15.6, -22.7], "size": [9, 1, 12], "inflate": -0.6, "uv": [69, 109]},
						{"origin": [-8.2, 16.4, -23.5], "size": [9, 1, 12], "inflate": -0.6, "uv": [28, 66]},
						{"origin": [-7.7, 16.2, -23.2], "size": [9, 1, 12], "inflate": -0.6, "uv": [28, 53]}
					]
				}
			]
		}
	]
}