{
	"format_version": "1.12.0",
	"minecraft:geometry": [
		{
			"description": {
				"identifier": "geometry.mergestudentstable",
				"texture_width": 128,
				"texture_height": 128,
				"visible_bounds_width": 4,
				"visible_bounds_height": 2,
				"visible_bounds_offset": [0, 0, 0]
			},
			"bones": [
				{
					"name": "tabletop",
					"pivot": [0, 2, 14],
					"cubes": [
						{"origin": [-9, 17, 5], "size": [18, 1, 18], "uv": [0, 0]},
						{"origin": [-6, 14, 21], "size": [12, 3, 1], "uv": [52, 47]},
						{"origin": [-7, 13, 6], "size": [14, 1, 16], "uv": [0, 19]},
						{"origin": [6, 14, 6], "size": [1, 3, 16], "uv": [34, 36]},
						{"origin": [-7, 14, 6], "size": [1, 3, 16], "uv": [0, 36]}
					]
				},
				{
					"name": "feet",
					"parent": "tabletop",
					"pivot": [0, 0, 14],
					"cubes": [
						{"origin": [7, 0, 19], "size": [1, 17, 1], "pivot": [7.5, 8, 19.5], "rotation": [15, 0, 0], "uv": [12, 55]},
						{"origin": [7, 0, 8], "size": [1, 17, 1], "pivot": [7.5, 8, 8.5], "rotation": [-15, 0, 0], "uv": [8, 55]},
						{"origin": [-8, 0, 8], "size": [1, 17, 1], "pivot": [-7.5, 8, 8.5], "rotation": [-15, 0, 0], "uv": [4, 55]},
						{"origin": [-8, 0, 19], "size": [1, 17, 1], "pivot": [-7.5, 8, 19.5], "rotation": [15, 0, 0], "uv": [0, 55]},
						{"origin": [-8, 16, 10], "size": [1, 1, 8], "uv": [0, 9]},
						{"origin": [7, 16, 10], "size": [1, 1, 8], "uv": [0, 0]},
						{"origin": [7, 4, 8], "size": [1, 1, 12], "uv": [52, 28]},
						{"origin": [-8, 4, 8], "size": [1, 1, 12], "uv": [18, 36]},
						{"origin": [7, 0, 6.2], "size": [1, 1, 1], "inflate": 0.3, "uv": [0, 9]},
						{"origin": [-8, 0, 6.2], "size": [1, 1, 1], "inflate": 0.3, "uv": [0, 6]},
						{"origin": [-8, 0, 20.8], "size": [1, 1, 1], "inflate": 0.3, "uv": [3, 5]},
						{"origin": [7, 0, 20.8], "size": [1, 1, 1], "inflate": 0.3, "uv": [0, 4]},
						{"origin": [-7, 4, 20], "size": [14, 1, 1], "pivot": [0, 4.5, 20.5], "rotation": [15, 0, 0], "uv": [18, 49]}
					]
				},
				{
					"name": "chair",
					"pivot": [0, 0, 16],
					"cubes": [
						{"origin": [-6, 8, -4], "size": [12, 1, 8], "uv": [44, 19]},
						{"origin": [-6, 7.5, 3.85], "size": [12, 1, 1.5], "pivot": [0, 8.5, 5], "rotation": [-25, 0, 0], "uv": [54, 0]},
						{"origin": [-6, 0, 4], "size": [1, 8.7, 1], "inflate": -0.1, "pivot": [-5.5, 3.5, 4.5], "rotation": [5, 0, 0], "uv": [4, 36]},
						{"origin": [-6, 0, -5], "size": [1, 9, 1], "inflate": -0.1, "pivot": [-5.5, 3.5, -4.5], "rotation": [-5, 0, 0], "uv": [12, 19]},
						{"origin": [5, 0, -5], "size": [1, 9, 1], "inflate": -0.1, "pivot": [5.5, 3.5, -4.5], "rotation": [-5, 0, 0], "uv": [8, 19]},
						{"origin": [5, 8.17365, -4.92804], "size": [1, 11, 1], "inflate": -0.1, "pivot": [5.5, 11.67365, -4.42804], "rotation": [5, 0, 0], "uv": [4, 19]},
						{"origin": [-6, 8.17365, -4.92804], "size": [1, 11, 1], "inflate": -0.1, "pivot": [-5.5, 11.67365, -4.42804], "rotation": [5, 0, 0], "uv": [0, 19]},
						{"origin": [5, 0, 4], "size": [1, 8.7, 1], "inflate": -0.1, "pivot": [5.5, 3.5, 4.5], "rotation": [5, 0, 0], "uv": [0, 36]},
						{"origin": [-5.1, 18, -5.5], "size": [10.3, 1, 1], "inflate": -0.1, "pivot": [0.05, 18.5, -5], "rotation": [5, 0, 0], "uv": [54, 6]},
						{"origin": [-5.1, 16, -5.4], "size": [10.3, 1, 1], "inflate": -0.1, "pivot": [0.05, 16.5, -5], "rotation": [5, 0, 0], "uv": [54, 4]},
						{"origin": [-6.15, 15, -4.5], "size": [12.3, 5, 1], "inflate": -0.1, "pivot": [0.05, 14.5, -4], "rotation": [5, 0, 0], "uv": [52, 41]},
						{"origin": [-5.3, 5.6, 3.7], "size": [10.6, 1, 1], "inflate": -0.1, "pivot": [0, 6.5, 4.3], "rotation": [5, 0, 0], "uv": [54, 2]},
						{"origin": [-6, 0, 4.2], "size": [1, 1, 1], "uv": [3, 1]},
						{"origin": [5, 0, 4.2], "size": [1, 1, 1], "uv": [3, 3]},
						{"origin": [5, 0, -5.23], "size": [1, 1, 1], "uv": [0, 2]},
						{"origin": [-6, 0, -5.23], "size": [1, 1, 1], "uv": [0, 0]}
					]
				}
			]
		}
	]
}