{
  "format_version": "1.12.0",
  "minecraft:geometry": [
    {
      "description": {
        "identifier": "geometry.pa_barricade",
        "texture_width": 512,
        "texture_height": 512,
        "visible_bounds_width": 4,
        "visible_bounds_height": 5,
        "visible_bounds_offset": [
          0,
          1.5,
          0
        ]
      },
      "bones": [
        {
          "name": "Main",
          "cubes": [
            {
              "origin": [
                -16.0,
                7.0,
                -24.015
              ],
              "size": [
                32.0,
                33.0,
                1.0
              ],
              "uv": [
                66,
                171
              ],
              "inflate": 0
            }
          ]
        },
        {
          "name": "hexadecagon",
          "pivot": [
            0,
            15,
            -16
          ],
          "cubes": [
            {
              "origin": [
                -4.7739,
                0.0,
                -24.0
              ],
              "size": [
                9.54779,
                48.0,
                48.0
              ],
              "pivot": [
                0.0,
                24.0,
                -16.0
              ],
              "rotation": [
                0.0,
                0.0,
                -45.0
              ],
              "uv": [
                210,
                171
              ],
              "inflate": 0
            },
            {
              "origin": [
                -4.7739,
                0.0,
                -24.0
              ],
              "size": [
                9.54779,
                48.0,
                48.0
              ],
              "pivot": [
                0.0,
                24.0,
                -16.0
              ],
              "rotation": [
                0.0,
                0.0,
                -22.5
              ],
              "uv": [
                210,
                57
              ],
              "inflate": 0
            },
            {
              "origin": [
                -4.7739,
                0.0,
                -24.0
              ],
              "size": [
                9.54779,
                48.0,
                48.0
              ],
              "uv": [
                0,
                171
              ],
              "inflate": 0
            },
            {
              "origin": [
                -4.7739,
                0.0,
                -24.0
              ],
              "size": [
                9.54779,
                48.0,
                48.0
              ],
              "pivot": [
                0.0,
                24.0,
                -16.0
              ],
              "rotation": [
                0.0,
                0.0,
                22.5
              ],
              "uv": [
                144,
                123
              ],
              "inflate": 0
            },
            {
              "origin": [
                -4.7739,
                0.0,
                -24.0
              ],
              "size": [
                9.54779,
                48.0,
                48.0
              ],
              "pivot": [
                0.0,
                24.0,
                -16.0
              ],
              "rotation": [
                0.0,
                0.0,
                45.0
              ],
              "uv": [
                144,
                9
              ],
              "inflate": 0
            },
            {
              "origin": [
                -24.0,
                19.2261,
                -24.0
              ],
              "size": [
                48.0,
                9.54779,
                48.0
              ],
              "pivot": [
                0.0,
                24.0,
                -16.0
              ],
              "rotation": [
                0.0,
                0.0,
                -22.5
              ],
              "uv": [
                0,
                114
              ],
              "inflate": 0
            },
            {
              "origin": [
                -24.0,
                19.2261,
                -24.0
              ],
              "size": [
                48.0,
                9.54779,
                48.0
              ],
              "uv": [
                0,
                57
              ],
              "inflate": 0
            },
            {
              "origin": [
                -24.0,
                19.2261,
                -24.0
              ],
              "size": [
                48.0,
                9.54779,
                48.0
              ],
              "pivot": [
                0.0,
                24.0,
                -16.0
              ],
              "rotation": [
                0.0,
                0.0,
                22.5
              ],
              "uv": [
                0,
                0
              ],
              "inflate": 0
            }
          ],
          "parent": "Main"
        }
      ]
    }
  ]
}