{
  "format_version": "1.12.0",
  "minecraft:geometry": [
    {
      "description": {
        "identifier": "geometry.pa_door",
        "texture_width": 256,
        "texture_height": 256,
        "visible_bounds_width": 4,
        "visible_bounds_height": 5.5,
        "visible_bounds_offset": [
          0,
          2.25,
          0
        ]
      },
      "bones": [
        {
          "name": "Frame",
          "cubes": [
            {
              "origin": [
                20.0,
                0.0,
                -8.0
              ],
              "size": [
                4.0,
                64.0,
                16.0
              ],
              "uv": [
                40,
                20
              ],
              "inflate": 0
            },
            {
              "origin": [
                18.0,
                0.0,
                -7.0
              ],
              "size": [
                2.0,
                60.0,
                14.0
              ],
              "uv": [
                32,
                100
              ],
              "inflate": 0
            },
            {
              "origin": [
                -18.0,
                58.0,
                -7.0
              ],
              "size": [
                36.0,
                2.0,
                14.0
              ],
              "uv": [
                64,
                20
              ],
              "inflate": 0
            },
            {
              "origin": [
                -20.0,
                0.0,
                -7.0
              ],
              "size": [
                2.0,
                60.0,
                14.0
              ],
              "uv": [
                0,
                100
              ],
              "inflate": 0
            },
            {
              "origin": [
                -24.0,
                0.0,
                -8.0
              ],
              "size": [
                4.0,
                64.0,
                16.0
              ],
              "uv": [
                0,
                20
              ],
              "inflate": 0
            },
            {
              "origin": [
                -20.0,
                60.0,
                -8.0
              ],
              "size": [
                40.0,
                4.0,
                16.0
              ],
              "uv": [
                0,
                0
              ],
              "inflate": 0
            }
          ]
        },
        {
          "name": "LeftDoor",
          "pivot": [
            19,
            29,
            0
          ],
          "cubes": [
            {
              "origin": [
                0.5,
                0.5,
                -3.0
              ],
              "size": [
                17.0,
                57.0,
                6.0
              ],
              "uv": [
                74,
                99
              ],
              "inflate": 0
            },
            {
              "origin": [
                0.0,
                27.0,
                -4.0
              ],
              "size": [
                18.0,
                4.0,
                8.0
              ],
              "uv": [
                132,
                36
              ],
              "inflate": 0
            },
            {
              "origin": [
                8.0,
                0.0,
                -3.65
              ],
              "size": [
                2.0,
                58.0,
                1.0
              ],
              "uv": [
                126,
                95
              ],
              "inflate": 0
            },
            {
              "origin": [
                8.0,
                0.0,
                2.65
              ],
              "size": [
                2.0,
                58.0,
                1.0
              ],
              "uv": [
                126,
                36
              ],
              "inflate": 0
            },
            {
              "origin": [
                0.0,
                0.0,
                -3.65
              ],
              "size": [
                1.0,
                58.0,
                1.0
              ],
              "uv": [
                70,
                100
              ],
              "inflate": 0
            },
            {
              "origin": [
                17.0,
                0.0,
                -3.65
              ],
              "size": [
                1.0,
                58.0,
                1.0
              ],
              "uv": [
                140,
                107
              ],
              "inflate": 0
            },
            {
              "origin": [
                17.0,
                0.0,
                2.65
              ],
              "size": [
                1.0,
                58.0,
                1.0
              ],
              "uv": [
                140,
                48
              ],
              "inflate": 0
            },
            {
              "origin": [
                0.0,
                0.0,
                2.65
              ],
              "size": [
                1.0,
                58.0,
                1.0
              ],
              "uv": [
                144,
                48
              ],
              "inflate": 0
            },
            {
              "origin": [
                0.0,
                44.0,
                -3.5
              ],
              "size": [
                18.0,
                1.0,
                7.0
              ],
              "uv": [
                144,
                140
              ],
              "inflate": 0
            },
            {
              "origin": [
                0.0,
                13.0,
                -3.5
              ],
              "size": [
                18.0,
                1.0,
                7.0
              ],
              "uv": [
                144,
                132
              ],
              "inflate": 0
            },
            {
              "origin": [
                0.0,
                0.0,
                -3.5
              ],
              "size": [
                18.0,
                1.0,
                7.0
              ],
              "uv": [
                144,
                108
              ],
              "inflate": 0
            },
            {
              "origin": [
                0.0,
                57.0,
                -3.5
              ],
              "size": [
                18.0,
                1.0,
                7.0
              ],
              "uv": [
                140,
                0
              ],
              "inflate": 0
            },
            {
              "origin": [
                2.0,
                28.0,
                -5.5
              ],
              "size": [
                2.0,
                2.0,
                1.0
              ],
              "uv": [
                0,
                3
              ],
              "inflate": 0
            },
            {
              "origin": [
                2.5,
                28.5,
                -5.0
              ],
              "size": [
                1.0,
                1.0,
                1.0
              ],
              "uv": [
                5,
                5
              ],
              "inflate": 0
            }
          ],
          "parent": "Frame"
        },
        {
          "name": "RightDoor",
          "pivot": [
            -19,
            29,
            0
          ],
          "cubes": [
            {
              "origin": [
                -17.5,
                0.5,
                -3.0
              ],
              "size": [
                17.0,
                57.0,
                6.0
              ],
              "uv": [
                80,
                36
              ],
              "inflate": 0
            },
            {
              "origin": [
                -18.0,
                27.0,
                -4.0
              ],
              "size": [
                18.0,
                4.0,
                8.0
              ],
              "uv": [
                96,
                0
              ],
              "inflate": 0
            },
            {
              "origin": [
                -10.0,
                0.0,
                -3.65
              ],
              "size": [
                2.0,
                58.0,
                1.0
              ],
              "uv": [
                120,
                99
              ],
              "inflate": 0
            },
            {
              "origin": [
                -10.0,
                0.0,
                2.65
              ],
              "size": [
                2.0,
                58.0,
                1.0
              ],
              "uv": [
                64,
                100
              ],
              "inflate": 0
            },
            {
              "origin": [
                -18.0,
                0.0,
                -3.65
              ],
              "size": [
                1.0,
                58.0,
                1.0
              ],
              "uv": [
                136,
                107
              ],
              "inflate": 0
            },
            {
              "origin": [
                -1.0,
                0.0,
                -3.65
              ],
              "size": [
                1.0,
                58.0,
                1.0
              ],
              "uv": [
                132,
                48
              ],
              "inflate": 0
            },
            {
              "origin": [
                -1.0,
                0.0,
                2.65
              ],
              "size": [
                1.0,
                58.0,
                1.0
              ],
              "uv": [
                136,
                48
              ],
              "inflate": 0
            },
            {
              "origin": [
                -18.0,
                0.0,
                2.65
              ],
              "size": [
                1.0,
                58.0,
                1.0
              ],
              "uv": [
                132,
                107
              ],
              "inflate": 0
            },
            {
              "origin": [
                -18.0,
                44.0,
                -3.5
              ],
              "size": [
                18.0,
                1.0,
                7.0
              ],
              "uv": [
                144,
                124
              ],
              "inflate": 0
            },
            {
              "origin": [
                -18.0,
                13.0,
                -3.5
              ],
              "size": [
                18.0,
                1.0,
                7.0
              ],
              "uv": [
                144,
                116
              ],
              "inflate": 0
            },
            {
              "origin": [
                -18.0,
                0.0,
                -3.5
              ],
              "size": [
                18.0,
                1.0,
                7.0
              ],
              "uv": [
                143,
                100
              ],
              "inflate": 0
            },
            {
              "origin": [
                -18.0,
                57.0,
                -3.5
              ],
              "size": [
                18.0,
                1.0,
                7.0
              ],
              "uv": [
                112,
                12
              ],
              "inflate": 0
            },
            {
              "origin": [
                -4.0,
                28.0,
                -5.5
              ],
              "size": [
                2.0,
                2.0,
                1.0
              ],
              "uv": [
                0,
                0
              ],
              "inflate": 0
            },
            {
              "origin": [
                -3.5,
                28.5,
                -5.0
              ],
              "size": [
                1.0,
                1.0,
                1.0
              ],
              "uv": [
                5,
                2
              ],
              "inflate": 0
            }
          ],
          "parent": "Frame"
        }
      ]
    }
  ]
}