{"format_version":"1.12.0","minecraft:geometry":[{"bones":[{"cubes":[{"origin":[-8,23,-12],"size":[16,13,16],"uv":[63,119]},{"origin":[-8,20.05,-12],"size":[16,2.95,16],"uv":[57,160]},{"origin":[5,26,-15],"size":[4,4.65,3],"uv":[91,73]},{"origin":[-9,26,-15],"size":[4,4.65,3],"uv":[71,91]},{"origin":[-8,37.5,-16],"size":[3,3,1],"uv":[80,64]},{"origin":[5,37.5,-16],"size":[3,3,1],"uv":[21,26]},{"origin":[-3,31,-20],"size":[6,3.5,4],"uv":[0,32]},{"origin":[-25.65,28.45,-12],"pivot":[0,20,-4],"rotation":[0,0,40],"size":[6,9,16],"uv":[126,164]},{"origin":[-3,37.385,-13.075],"pivot":[0,20,-4],"rotation":[22.5,0,0],"size":[6,2.65,5],"uv":[0,0]},{"origin":[-3,28,-21.5],"pivot":[0,20,-4],"rotation":[-10,0,0],"size":[6,1.65,5.5],"uv":[0,21]},{"origin":[6,31,-18],"pivot":[0,20,-4],"rotation":[0,20,0],"size":[2,4.15,5],"uv":[71,73]},{"origin":[-8,31,-18],"pivot":[0,20,-4],"rotation":[0,-20,0],"size":[2,4.15,5],"uv":[71,64]},{"origin":[-8.5,36,-12],"size":[17,13.75,16],"uv":[102,0]},{"origin":[-8.5,30,-15],"size":[17,11.75,5],"uv":[224,41]},{"origin":[-20.5,25.5,-17.675],"pivot":[0,20,-4],"rotation":[-21.25695,-0.30795,79.40711],"size":[16,7.75,2],"uv":[209,24]},{"origin":[-8.5,36.5,-21.675],"pivot":[0,20,-4],"rotation":[-20,0,0],"size":[17,8.75,5],"uv":[194,147]},{"origin":[-5,26,-12.025],"pivot":[0,20,-4],"rotation":[0,0,-50],"size":[9,11,16],"uv":[190,191]},{"origin":[-4,26,-12.025],"pivot":[0,20,-4],"rotation":[0,0,50],"size":[9,11,16],"uv":[156,180]},{"origin":[8.8,25.65,-12],"pivot":[0,20,-4],"rotation":[0,0,-5],"size":[8,8,16],"uv":[176,218]},{"origin":[-16.865,25.65,-12],"pivot":[0,20,-4],"rotation":[0,0,5],"size":[8,8,16],"uv":[209,0]},{"origin":[9.925,32.1,-12],"pivot":[0,20,-4],"rotation":[0,0,-10],"size":[8,8,16],"uv":[84,210]},{"origin":[19.6,28.45,-12],"pivot":[0,20,-4],"rotation":[0,0,-40],"size":[6,9,16],"uv":[116,218]},{"origin":[26.6,24.45,-10],"pivot":[0,20,-4],"rotation":[0,0,-57.5],"size":[7,7,10],"uv":[0,114]},{"origin":[-33.4,24.45,-10],"pivot":[0,20,-4],"rotation":[0,0,57.5],"size":[7,7,10],"uv":[0,82]},{"origin":[-18,32.1,-12],"pivot":[0,20,-4],"rotation":[0,0,10],"size":[8,8,16],"uv":[208,164]},{"origin":[4.5,26,-17.625],"pivot":[0,20,-4],"rotation":[-18.74125,-0.27518,-79.3031],"size":[16,7.75,2],"uv":[155,119]}],"name":"Head","pivot":[0,25,0]},{"cubes":[{"origin":[-23.5,24.5,-15.675],"pivot":[0,20,-4],"rotation":[1.17071,-0.51912,89.40515],"size":[2,6,1],"uv":[0,82]}],"name":"Leyebrow","parent":"Head","pivot":[7,42,-16]},{"cubes":[{"origin":[-8.5,23.5,-11.5],"pivot":[0,20,-4],"rotation":[22.5,0,0],"size":[17,6.75,4],"uv":[57,178]}],"name":"Jaw","parent":"Head","pivot":[0,20,-4]},{"cubes":[{"origin":[-8.50142,25.34708,-15.81405],"pivot":[0,35,-4],"rotation":[1.17071,-0.51912,89.40515],"size":[2,6,1],"uv":[20,32]}],"name":"Reyebrow","parent":"Head","pivot":[-7,42,-16]},{"cubes":[{"origin":[6,37,-13.15],"size":[3,1,1],"uv":[22,5]},{"origin":[9,37,-13.15],"pivot":[0,0,3],"rotation":[0,0,-2.5],"size":[2,1,1],"uv":[11,7]}],"name":"Storage","parent":"Head","pivot":[6,39,-9]},{"cubes":[{"origin":[16,0,3],"pivot":[0,0,0],"rotation":[0,0,-2.5],"size":[11,23,10],"uv":[194,114]},{"origin":[-9,17,4],"size":[18,15,35],"uv":[0,64]},{"origin":[-9,36,4],"size":[18,5,35],"uv":[71,79]},{"origin":[-27,11,4],"pivot":[0,0,0],"rotation":[0,0,27.5],"size":[11,6,35],"uv":[0,155]},{"origin":[0,35,4],"pivot":[0,0,0],"rotation":[0,0,-27.5],"size":[11,6,35],"uv":[98,119]},{"origin":[16,11,4],"pivot":[0,0,0],"rotation":[0,0,-27.5],"size":[11,6,35],"uv":[152,0]},{"origin":[-11,35,4],"pivot":[0,0,0],"rotation":[0,0,27.5],"size":[11,6,35],"uv":[142,73]},{"origin":[-36,13,4],"pivot":[0,0,0],"rotation":[0,0,90],"size":[14,6,35],"uv":[0,114]},{"origin":[-36,-19,4],"pivot":[0,0,0],"rotation":[0,0,90],"size":[14,6,35],"uv":[89,32]},{"origin":[15.9025,0,-1],"size":[11,3,14],"uv":[199,86]},{"origin":[21,11,2],"pivot":[0,0,0],"rotation":[0,0,-22.5],"size":[13,13,12],"uv":[0,196]},{"origin":[-41,1,2],"pivot":[0,0,0],"rotation":[0,0,55],"size":[12,13,12],"uv":[144,207]},{"origin":[-41,-14,2],"pivot":[0,0,0],"rotation":[0,0,125],"size":[12,13,12],"uv":[199,61]}],"name":"Body","pivot":[0,0,0]},{"cubes":[{"origin":[-27,11,3],"pivot":[0,0,0],"rotation":[0,0,2.5],"size":[11,11,10],"uv":[224,218]},{"origin":[-34,11,2],"pivot":[0,0,0],"rotation":[0,0,22.5],"size":[13,13,12],"uv":[50,198]}],"name":"Rightarm","parent":"Body","pivot":[-17,31,8]},{"cubes":[{"origin":[-27,0,3],"pivot":[0,0,0],"rotation":[0,0,2.5],"size":[11,13,10],"uv":[50,224]}],"name":"BRfeet","parent":"Rightarm","pivot":[-21,13,8]},{"cubes":[{"origin":[-26.9025,0,-1],"size":[11,3,14],"uv":[0,221]}],"name":"Rfeet","parent":"BRfeet","pivot":[-21,2,8]},{"cubes":[{"origin":[-17,42,33],"size":[34,18,2],"uv":[152,41]},{"origin":[-16,41,4],"size":[32,2,30],"uv":[0,32]},{"origin":[16,41,4],"size":[2,20,30],"uv":[92,160]},{"origin":[26,26,-10],"pivot":[0,0,0],"rotation":[-17.08681,-3.21132,-14.65993],"size":[4,8,3],"uv":[20,64]},{"origin":[-34,29,-11],"pivot":[0,0,0],"rotation":[-15.62101,7.70906,21.29851],"size":[4,8,3],"uv":[14,51]},{"origin":[30,29,-10],"pivot":[0,0,0],"rotation":[-16.54652,-5.38401,-21.85903],"size":[4,8,3],"uv":[0,64]},{"origin":[18,23.5,0],"pivot":[0,0,0],"rotation":[0,0.50442,0],"size":[4,11,3],"uv":[14,7]},{"origin":[13,15.5,2],"pivot":[0,0,0],"rotation":[0,0.50442,0],"size":[3,4,14],"uv":[71,73]},{"origin":[-16,15.5,1],"pivot":[0,0,0],"rotation":[0,0.50442,0],"size":[3,4,14],"uv":[0,64]},{"origin":[-22.5,23.5,-0.5],"pivot":[0,0,0],"rotation":[0,0.50442,0],"size":[4,11,3],"uv":[0,7]},{"origin":[-18,15.5,2],"pivot":[0,0,0],"rotation":[0,-4.49558,0],"size":[3,4,1],"uv":[17,0]},{"origin":[15,15.5,3],"pivot":[0,0,0],"rotation":[0,5.50442,0],"size":[3,4,1],"uv":[17,21]},{"origin":[6,20.5,8],"pivot":[0,0,0],"rotation":[15.46789,0.76397,24.72363],"size":[4,9,3],"uv":[14,39]},{"origin":[-30,26,-11],"pivot":[0,0,0],"rotation":[-16.4653,5.63356,14.0418],"size":[4,8,3],"uv":[0,51]},{"origin":[-8,21.5,6.5],"pivot":[0,0,0],"rotation":[9.49942,-12.37814,-28.4489],"size":[4,9,3],"uv":[0,39]},{"origin":[-18,41,4],"size":[2,20,30],"uv":[160,130]},{"origin":[-18,59,4],"size":[36,2,30],"uv":[0,0]}],"name":"Backpack","pivot":[0,0,0]},{"cubes":[{"origin":[6.2,34.78516,-12.96289],"size":[3,2,1],"uv":[0,27]},{"origin":[6.6963,34.15,-12.96289],"size":[2,3,1],"uv":[24,82]},{"origin":[7.1963,36.98145,-12.96289],"size":[1,1,1],"uv":[0,0]}],"name":"Tear","pivot":[7,30,-1]}],"description":{"identifier":"geometry.pa_shirokumablack","texture_height":512,"texture_width":512,"visible_bounds_height":6,"visible_bounds_offset":[0,2,0],"visible_bounds_width":6}}]}