{
	"format_version": "1.12.0",
	"minecraft:geometry": [
		{
			"description": {
				"identifier": "geometry.swivelchair",
				"texture_width": 128,
				"texture_height": 128,
				"visible_bounds_width": 2,
				"visible_bounds_height": 3.5,
				"visible_bounds_offset": [0, 1.25, 0]
			},
			"bones": [
				{
					"name": "swivelchair",
					"pivot": [0, 0, 0]
				},
				{
					"name": "body",
					"parent": "swivelchair",
					"pivot": [0, 24, 0],
					"cubes": [
						{"origin": [-7, 0, -1], "size": [2, 2, 2], "uv": [7, 43]},
						{"origin": [5, 0, -1], "size": [2, 2, 2], "uv": [41, 6]},
						{"origin": [-1, 0, 5], "size": [2, 2, 2], "uv": [0, 28]},
						{"origin": [-1, 0, -7], "size": [2, 2, 2], "uv": [0, 24]},
						{"origin": [-6.5, 2, -0.5], "size": [1, 1, 1], "uv": [6, 24]},
						{"origin": [5.5, 2, -0.5], "size": [1, 1, 1], "uv": [4, 20]},
						{"origin": [-0.5, 2, 5.5], "size": [1, 1, 1], "uv": [0, 20]},
						{"origin": [-0.5, 2, -6.5], "size": [1, 1, 1], "uv": [5, 16]},
						{"origin": [-5.5, 3, -0.5], "size": [5, 1, 1], "uv": [38, 32]},
						{"origin": [0.5, 3, -0.5], "size": [5, 1, 1], "uv": [38, 30]},
						{"origin": [-0.5, 3, 0.5], "size": [1, 1, 5], "uv": [0, 43]},
						{"origin": [-0.5, 3, -5.5], "size": [1, 1, 5], "uv": [41, 0]},
						{"origin": [-0.5, 4, -0.5], "size": [1, 6, 1], "uv": [15, 43]},
						{"origin": [-0.5, 3, -0.5], "size": [1, 3, 1], "inflate": 0.3, "uv": [0, 43]},
						{"origin": [-0.5, 5, -0.5], "size": [1, 3, 1], "inflate": 0.15, "uv": [41, 0]},
						{"origin": [-7.5, 21, 7], "size": [15, 7, 1], "uv": [0, 35]},
						{"origin": [-6.25, 21, 6.8], "size": [12.5, 7, 1], "uv": [32, 35]},
						{"origin": [-7.5, 10, -7.3], "size": [15, 1, 11.3], "uv": [0, 0]},
						{"origin": [-7, 10.2, -6.7], "size": [14, 1, 10.5], "uv": [0, 24]},
						{"origin": [-7, 9.75, -6.7], "size": [14, 2, 10.5], "inflate": -0.5, "uv": [0, 12]},
						{"origin": [-6.5, 10, 4], "size": [13, 1, 1], "uv": [38, 20]},
						{"origin": [5.5, 9.5, -8.6], "size": [1, 1, 1.4], "pivot": [1, 10.5, -8], "rotation": [30, 0, 0], "uv": [5, 12]},
						{"origin": [-6.5, 9.5, -8.6], "size": [1, 1, 1.4], "pivot": [-11, 10.5, -8], "rotation": [30, 0, 0], "uv": [7, 5]},
						{"origin": [-5.5, 9.5, -10], "size": [11, 1, 3], "pivot": [0, 10.5, -8], "rotation": [30, 0, 0], "uv": [38, 12]},
						{"origin": [5.5, 9.31699, -9.68301], "size": [1, 1, 3], "pivot": [6, 9.81699, -8.18301], "rotation": [35, 27.5, 22.5], "uv": [0, 16]},
						{"origin": [-6.5, 9.31699, -9.68301], "size": [1, 1, 3], "pivot": [-6, 9.81699, -8.18301], "rotation": [32.5, -25, -15], "uv": [0, 12]},
						{"origin": [-6.5, 28, 7], "size": [13, 1, 1], "uv": [38, 18]},
						{"origin": [-5.5, 29, 7], "size": [11, 1, 1], "uv": [38, 26]},
						{"origin": [-5.5, 19, 7], "size": [11, 1, 1], "uv": [38, 24]},
						{"origin": [-1.5, 14, 7], "size": [3, 5, 1], "uv": [0, 0]},
						{"origin": [-1.5, 10, 6], "size": [3, 4.7, 1], "pivot": [0, 13, 6.5], "rotation": [-37.5, 0, 0], "uv": [0, 6]},
						{"origin": [-4.5, 30, 7], "size": [9, 1, 1], "uv": [38, 28]},
						{"origin": [-6.5, 20, 7], "size": [13, 1, 1], "uv": [38, 16]}
					]
				}
			]
		}
	]
}