{"format_version":"1.8.0","minecraft:attachable":{"description":{"identifier":"yg:stinger_flynn_morph","materials":{"default":"enderman","enchanted":"armor_enchanted"},"textures":{"default":"textures/entity/yg_stinger_flynn","enchanted":"textures/misc/enchanted_item_glint"},"geometry":{"default":"geometry.yg_stinger_flynn"},"scripts":{"parent_setup":"variable.helmet_layer_visible = 0.0;","animate":["general"]},"animations":{"gazo_general":"animation.yg_stinger_flynn.general","general":"controller.animation.yg_stinger_flynn.general","attack0":"animation.yg_stinger_flynn.attack","attack":"controller.animation.yg_stinger_flynn.attack","jumpscare":"animation.yg_stinger_flynn.jumpscare"},"render_controllers":["controller.render.armor"]}}}