{
	"format_version": "1.8.0",
	"animations": {
		"animation.slime_girl.walk": {
			"loop": true,
			"animation_length": 0.83333,
			"bones": {
				"armR": {
					"rotation": {
						"0.0": [0, 0, 2.5],
						"0.125": [0, 0, 40],
						"0.6667": [2.28241, -0.34616, -0.57141]
					}
				},
				"lowerArmR": {
					"rotation": [0, 0, 0]
				},
				"armL": {
					"rotation": {
						"0.0": [0, 0, 0],
						"0.125": [0, 0, -42.5],
						"0.6667": [0, 0, 0]
					}
				},
				"figure": {
					"position": {
						"0.0": [0, 0, 0],
						"0.125": [0, 8, 0],
						"0.625": [0, 0, 0]
					},
					"scale": {
						"0.0": [1, 1, 1],
						"0.125": [0.6, 1, 0.6],
						"0.6667": [1, 1, 1]
					}
				},
				"boobsSlime": {
					"rotation": {
						"0.0": [0, 0, 0],
						"0.125": [-27.5, 0, 0],
						"0.375": [-26.25, 0, 0],
						"0.625": [0, 0, 0]
					}
				}
			}
		},
		"animation.slime_girl.idle": {
			"loop": true,
			"animation_length": 3.25,
			"bones": {
				"closedL": {
					"position": {
						"0.3333": [0, 0, 0],
						"0.375": [0, 0, -1],
						"0.7917": [0, 0, -1],
						"0.8333": [0, 0, 0]
					}
				},
				"openL": {
					"position": {
						"0.3333": [0, 0, 0],
						"0.375": [0, 0, 1],
						"0.8333": [0, 0, 0]
					}
				},
				"closedR": {
					"position": {
						"0.3333": [0, 0, 0],
						"0.375": [0, 0, -1],
						"0.7917": [0, 0, -1],
						"0.8333": [0, 0, 0]
					}
				},
				"openR": {
					"position": {
						"0.3333": [0, 0, 0],
						"0.375": [0, 0, 1],
						"0.7917": [0, 0, 1.09],
						"0.8333": [0, 0, 0]
					}
				},
				"whiteR": {
					"position": [0, 0, 0]
				}
			}
		}
	}
}