{
  "format_version": "1.8.0",
  "animations": {
    "animation.mr_evil_bannan.move": {
      "loop": true,
      "animation_length": 1,
      "bones": {
        "Body": {
          "rotation": {
            "0.0": [
              0,
              7.5,
              0
            ],
            "0.25": [
              10,
              0,
              0
            ],
            "0.5": [
              0,
              -7.5,
              0
            ],
            "0.75": [
              10,
              0,
              0
            ],
            "1.0": [
              0,
              7.5,
              0
            ]
          },
          "position": {
            "0.0": [
              0,
              -1,
              0
            ],
            "0.25": [
              0,
              0,
              0
            ],
            "0.5": [
              0,
              -1,
              0
            ],
            "0.75": [
              0,
              0,
              0
            ],
            "1.0": [
              0,
              -1,
              0
            ]
          }
        },
        "bone15": {
          "rotation": {
            "0.0": [
              10,
              0,
              0
            ],
            "0.25": [
              7.5,
              0,
              0
            ],
            "0.5": [
              10,
              0,
              0
            ],
            "0.75": [
              7.5,
              0,
              0
            ],
            "1.0": [
              10,
              0,
              0
            ]
          }
        },
        "bone7": {
          "rotation": {
            "0.0": [
              0,
              0,
              0
            ],
            "0.25": [
              0.91042,
              2.58167,
              9.63947
            ],
            "0.5": [
              0,
              0,
              0
            ],
            "0.75": [
              0,
              0,
              -10
            ],
            "1.0": [
              0,
              0,
              0
            ]
          }
        },
        "bone13": {
          "rotation": {
            "0.0": [
              0,
              0,
              -5
            ],
            "0.5": [
              0.67468,
              -0.4458,
              4.93159
            ],
            "1.0": [
              0,
              0,
              -5
            ]
          }
        },
        "RightArm": {
          "rotation": {
            "0.0": [
              -79.84892,
              9.84655,
              1.75378
            ],
            "0.5": [
              -79.85,
              9.85,
              1.75
            ],
            "0.75": [
              -89.85,
              9.85,
              1.75
            ],
            "1.0": [
              -79.85,
              9.85,
              1.75
            ]
          },
          "position": {
            "0.0": [
              0,
              -1,
              2
            ],
            "0.5": [
              0,
              0,
              0
            ],
            "1.0": [
              0,
              -1,
              2
            ]
          }
        },
        "bone5": {
          "rotation": {
            "0.0": [
              0,
              -15,
              -5
            ],
            "0.5": [
              0,
              0,
              0
            ],
            "1.0": [
              0,
              -15,
              -5
            ]
          }
        },
        "LeftArm": {
          "rotation": {
            "0.0": [
              -79.84892,
              -9.84655,
              -1.75378
            ],
            "0.25": [
              -89.84946,
              -9.84828,
              -1.75189
            ],
            "0.5": [
              -79.85,
              -9.85,
              -1.75
            ],
            "1.0": [
              -79.85,
              -9.85,
              -1.75
            ]
          },
          "position": {
            "0.0": [
              0,
              0,
              0
            ],
            "0.5": [
              0,
              -1,
              2
            ],
            "1.0": [
              0,
              0,
              0
            ]
          }
        },
        "bone8": {
          "rotation": {
            "0.0": [
              0,
              0,
              0
            ],
            "0.5": [
              0,
              15,
              5
            ],
            "1.0": [
              0,
              0,
              0
            ]
          }
        },
        "LeftLeg": {
          "rotation": {
            "0.0": [
              10,
              0,
              0
            ],
            "0.5": [
              -14.8809,
              -0.64463,
              -2.41841
            ],
            "1.0": [
              10,
              0,
              0
            ]
          },
          "position": {
            "0.0": [
              0,
              0,
              1
            ],
            "0.25": [
              0,
              1,
              0
            ],
            "0.5": [
              0,
              0,
              -1
            ],
            "1.0": [
              0,
              0,
              1
            ]
          }
        },
        "bone3": {
          "rotation": {
            "0.0": [
              7.5,
              0,
              0
            ],
            "0.5": [
              5,
              0,
              0
            ],
            "1.0": [
              7.5,
              0,
              0
            ]
          }
        },
        "RightLeg": {
          "rotation": {
            "0.0": [
              -14.8809,
              0.64463,
              2.41841
            ],
            "0.5": [
              10,
              0,
              0
            ],
            "1.0": [
              -14.8809,
              0.64463,
              2.41841
            ]
          },
          "position": {
            "0.0": [
              0,
              0,
              -1
            ],
            "0.5": [
              0,
              0,
              1
            ],
            "0.75": [
              0,
              1,
              0
            ],
            "1.0": [
              0,
              0,
              -1
            ]
          }
        },
        "bone": {
          "rotation": {
            "0.0": [
              5,
              0,
              0
            ],
            "0.5": [
              7.5,
              0,
              0
            ],
            "1.0": [
              5,
              0,
              0
            ]
          }
        },
        "Head": {
          "relative_to": {
            "rotation": "entity"
          },
          "rotation": [
            0,
            0,
            0.01
          ]
        },
        "bone14": {
          "scale": {
            "0.0": [
              1,
              1,
              1
            ],
            "0.5": [
              1,
              1.1,
              1
            ],
            "1.0": [
              1,
              1,
              1
            ]
          }
        }
      }
    },
    "animation.mr_evil_bannan.general": {
      "loop": true,
      "animation_length": 2,
      "bones": {
        "Body": {
          "rotation": {
            "0.0": [
              0,
              0,
              0
            ],
            "1.0": [
              2.5,
              0,
              0
            ],
            "2.0": [
              0,
              0,
              0
            ]
          },
          "position": {
            "0.0": [
              0,
              0,
              0
            ],
            "1.0": [
              0,
              -0.5,
              0
            ],
            "2.0": [
              0,
              0,
              0
            ]
          }
        },
        "Head": {
          "rotation": {
            "0.0": [
              0,
              0,
              0
            ],
            "1.0": [
              2.5,
              0,
              0
            ],
            "2.0": [
              0,
              0,
              0
            ]
          }
        },
        "bone14": {
          "scale": {
            "0.0": [
              1,
              1,
              1
            ],
            "1.0": [
              1,
              1.1,
              1
            ],
            "2.0": [
              1,
              1,
              1
            ]
          }
        },
        "bone10": {
          "relative_to": {
            "rotation": "entity"
          },
          "rotation": [
            0,
            0,
            0.01
          ]
        },
        "bone7": {
          "rotation": {
            "0.0": [
              0,
              0,
              0
            ],
            "0.5": [
              0,
              0,
              5
            ],
            "1.0": [
              0,
              0,
              0
            ],
            "1.5": [
              0,
              0,
              -5
            ],
            "2.0": [
              0,
              0,
              0
            ]
          }
        },
        "bone13": {
          "relative_to": {
            "rotation": "entity"
          },
          "rotation": [
            -12.5,
            0,
            0
          ]
        },
        "bone11": {
          "relative_to": {
            "rotation": "entity"
          },
          "rotation": [
            0,
            0,
            0.01
          ]
        },
        "RightArm": {
          "rotation": {
            "0.0": [
              0,
              0,
              0
            ],
            "1.0": [
              0,
              0,
              2.5
            ],
            "2.0": [
              0,
              0,
              0
            ]
          }
        },
        "LeftArm": {
          "rotation": {
            "0.0": [
              0,
              0,
              0
            ],
            "1.0": [
              0,
              0,
              -2.5
            ],
            "2.0": [
              0,
              0,
              0
            ]
          }
        }
      }
    }
  }
}