{
  "format_version": "1.8.0",
  "animations": {
    "animation.mr_captain_arm.gen": {
      "loop": true,
      "animation_length": 3,
      "bones": {
        "LeftArm": {
          "rotation": {
            "0.0": [
              0,
              0,
              0
            ],
            "1.5": [
              -2.17379,
              -0.02191,
              -0.00529
            ],
            "2.0": [
              -1.44935,
              -2.33653,
              2.66268
            ],
            "3.0": [
              0,
              0,
              0
            ]
          }
        },
        "bone": {
          "rotation": {
            "0.0": [
              0,
              0,
              0
            ],
            "0.75": [
              0,
              2.5,
              0
            ],
            "1.5": [
              0,
              0,
              0
            ],
            "2.25": [
              0,
              -2.5,
              0
            ],
            "3.0": [
              0,
              0,
              0
            ]
          }
        },
        "bone2": {
          "rotation": {
            "0.0": [
              0,
              0,
              0
            ],
            "0.75": [
              0,
              -2.5,
              0
            ],
            "1.5": [
              2.5,
              0,
              0
            ],
            "2.25": [
              0,
              2.5,
              0
            ],
            "3.0": [
              0,
              0,
              0
            ]
          }
        },
        "bone3": {
          "rotation": {
            "0.0": [
              0,
              0,
              0
            ],
            "0.75": [
              0,
              -2.5,
              0
            ],
            "1.5": [
              -5,
              0,
              0
            ],
            "2.25": [
              0,
              2.5,
              0
            ],
            "3.0": [
              0,
              0,
              0
            ]
          }
        }
      }
    }
  }
}