{
  "format_version": "1.8.0",
  "animations": {
    "animation.mr_opila_scene.scen": {
      "animation_length": 10,
      "bones": {
        "Root": {
          "rotation": {
            "0.0": [
              0,
              0,
              0
            ],
            "6.5": [
              0,
              0,
              0
            ],
            "7.0": [
              0,
              0,
              0
            ],
            "7.75": [
              0,
              0,
              0
            ],
            "10.0": [
              0,
              0,
              0
            ]
          },
          "position": {
            "0.0": [
              0,
              45,
              -17
            ],
            "6.5": [
              0,
              45,
              -16
            ],
            "7.0": [
              0,
              45,
              0
            ],
            "7.75": [
              0,
              45,
              5.25
            ],
            "10.0": [
              0,
              45,
              21
            ]
          }
        },
        "Body": {
          "rotation": {
            "6.5": [
              0,
              0,
              0
            ],
            "7.25": [
              0,
              0,
              0
            ]
          },
          "position": {
            "6.5": [
              0,
              0,
              0
            ],
            "6.75": [
              0,
              -1,
              0
            ],
            "7.0": [
              0,
              0,
              0
            ],
            "7.25": [
              0,
              -1,
              0
            ],
            "7.5": [
              0,
              0,
              0
            ],
            "7.75": [
              0,
              -1,
              0
            ],
            "8.0": [
              0,
              0,
              0
            ],
            "8.25": [
              0,
              -1,
              0
            ],
            "8.5": [
              0,
              0,
              0
            ],
            "8.75": [
              0,
              -1,
              0
            ],
            "9.0": [
              0,
              0,
              0
            ],
            "9.25": [
              0,
              -1,
              0
            ]
          }
        },
        "Head": {
          "rotation": {
            "0.0": [
              24.23958,
              -58.52505,
              -19.4254
            ],
            "6.5": [
              24.23958,
              -58.52505,
              -19.4254
            ],
            "6.75": [
              13.03437,
              4.52051,
              -0.69725
            ],
            "7.5": [
              0,
              0,
              0
            ],
            "10.0": [
              0,
              0,
              0
            ]
          }
        },
        "bone8": {
          "rotation": {
            "0.0": [
              0,
              -22.5,
              0
            ],
            "6.5": [
              0,
              -22.5,
              0
            ],
            "7.0": [
              0,
              0,
              0
            ]
          }
        },
        "bone9": {
          "rotation": {
            "0.0": [
              0,
              -22.5,
              0
            ],
            "6.5": [
              0,
              -22.5,
              0
            ],
            "7.0417": [
              0,
              0,
              0
            ]
          },
          "position": [
            0,
            0,
            0
          ]
        },
        "LeftLeg": {
          "rotation": {
            "0.0": [
              0,
              0,
              0
            ],
            "6.5": [
              5,
              0,
              0
            ],
            "6.75": [
              0,
              0,
              0
            ],
            "7.0": [
              10,
              0,
              0
            ],
            "7.25": [
              0,
              0,
              0
            ],
            "7.5": [
              10,
              0,
              0
            ],
            "8.0": [
              0,
              0,
              0
            ],
            "8.5": [
              9.71804,
              2.36973,
              -0.3095
            ],
            "9.0": [
              0,
              0,
              0
            ]
          },
          "position": {
            "0.0": [
              0,
              0,
              0
            ],
            "6.375": [
              0,
              1,
              0.98
            ],
            "6.5": [
              0,
              0,
              1
            ],
            "6.75": [
              0,
              0,
              -1
            ],
            "6.875": [
              0,
              1,
              0
            ],
            "7.0": [
              0,
              0,
              1
            ],
            "7.25": [
              0,
              0,
              -1
            ],
            "7.375": [
              0,
              1,
              0
            ],
            "7.5": [
              0,
              0,
              1
            ],
            "8.0": [
              0,
              0,
              0
            ],
            "8.25": [
              0,
              1,
              0.5
            ],
            "8.5": [
              0,
              0,
              1
            ],
            "9.0": [
              0,
              0,
              0
            ]
          }
        },
        "bone5": {
          "relative_to": {
            "rotation": "entity"
          },
          "rotation": [
            0,
            0,
            0.01
          ]
        },
        "RightLeg": {
          "rotation": {
            "0.0": [
              0,
              0,
              0
            ],
            "6.5": [
              0,
              0,
              0
            ],
            "6.75": [
              10,
              0,
              0
            ],
            "7.0": [
              0,
              0,
              0
            ],
            "7.25": [
              10,
              0,
              0
            ],
            "7.5": [
              0,
              0,
              0
            ],
            "8.0": [
              12.5,
              0,
              0
            ],
            "8.5": [
              0,
              0,
              0
            ],
            "9.0": [
              10,
              0,
              0
            ]
          },
          "position": {
            "0.0": [
              0,
              0,
              0
            ],
            "6.5": [
              0,
              0,
              -1
            ],
            "6.625": [
              0,
              1,
              0
            ],
            "6.75": [
              0,
              0,
              1
            ],
            "7.0": [
              0,
              0,
              -1
            ],
            "7.125": [
              0,
              1,
              0
            ],
            "7.25": [
              0,
              0,
              1
            ],
            "7.5": [
              0,
              0,
              -1
            ],
            "7.6667": [
              0,
              1,
              -1
            ],
            "8.0": [
              0,
              0,
              1
            ],
            "8.5": [
              0,
              0,
              -1
            ],
            "8.75": [
              0,
              1,
              -0.5
            ],
            "9.0": [
              0,
              0,
              1
            ]
          }
        },
        "bone2": {
          "relative_to": {
            "rotation": "entity"
          },
          "rotation": [
            0,
            0,
            0.01
          ]
        }
      }
    }
  }
}