{
	"format_version": "1.8.0",
	"animations": {
		"animation.banbareena.walk": {
			"loop": true,
			"animation_length": 1.29167,
			"bones": {
				"part1": {
					"rotation": {
						"0.0": [0, 0, -5],
						"0.625": [0, 0, 7.5],
						"1.2917": [0, 0, -5]
					},
					"position": {
						"0.0": [0, -4, 0],
						"0.2917": [0, 0, 0],
						"0.625": [0, -4, 0],
						"0.9583": [0, 0, 0],
						"1.2917": [0, -4, 0]
					}
				},
				"ad": {
					"rotation": {
						"0.0": [0, 7.5, 0],
						"0.625": [0, -7.5, 0],
						"1.2917": [0, 7.5, 0]
					}
				},
				"black": {
					"position": [0, 0, 0]
				},
				"brai": {
					"rotation": {
						"0.0": [20.88852, 21.41371, 6.15491],
						"0.5833": [0.78795, -12.48281, -2.62116],
						"1.2917": [20.88852, 21.41371, 6.15491]
					}
				},
				"bx3": {
					"rotation": {
						"0.0": [6.38714, 14.74513, 8.44236],
						"0.375": [0, 0, -5],
						"0.9167": [0, 0, -5],
						"1.2917": [6.38714, 14.74513, 8.44236]
					}
				},
				"brai2": {
					"rotation": {
						"0.0": [0, -10, 0],
						"0.2917": [0, 0.5, 0],
						"0.625": [-21.49658, 20.97134, -6.06392],
						"0.9583": [0, 1.25, 0],
						"1.2917": [0, -10, 0]
					}
				},
				"bx6": {
					"rotation": {
						"0.0": [0, 0, 0],
						"0.5833": [-2.06754, -14.90972, 5.40961],
						"1.2917": [0, 0, 0]
					}
				},
				"perna": {
					"rotation": {
						"0.0": [0, 45, 0],
						"0.625": [0, -30, 0],
						"1.2917": [0, 45, 0]
					}
				},
				"bx4": {
					"rotation": {
						"0.0": [0, -82.5, 0],
						"0.1667": [0, 0, 0],
						"0.5833": [0, 0, 0],
						"0.7917": [0, -57.5, 0],
						"1.2917": [0, -82.5, 0]
					}
				},
				"perna2": {
					"rotation": {
						"0.0": [0, -30, 0],
						"0.625": [0, 37.5, 0],
						"1.2917": [0, -30, 0]
					}
				},
				"bx5": {
					"rotation": {
						"0.0": [0, 0, 0],
						"0.125": [0, -40, 0],
						"0.625": [0, -90, 0],
						"0.8333": [0, -5, 0],
						"1.2917": [0, 0, 0]
					}
				}
			}
		},
		"animation.banbareena.move_to_target": {
			"loop": true,
			"animation_length": 1.2917,
			"bones": {
				"part1": {
					"rotation": {
						"0.0": [0, 0, -5],
						"0.625": [0, 0, 7.5],
						"1.2917": [0, 0, -5]
					},
					"position": {
						"0.0": [0, -4, 0],
						"0.2917": [0, 0, 0],
						"0.625": [0, -4, 0],
						"0.9583": [0, 0, 0],
						"1.2917": [0, -4, 0]
					}
				},
				"ad": {
					"rotation": {
						"0.0": [0, 7.5, 0],
						"0.625": [0, -7.5, 0],
						"1.2917": [0, 7.5, 0]
					}
				},
				"black": {
					"position": [0, 0, 0],
					"scale": [0.6, 0.6, 1]
				},
				"brai": {
					"rotation": {
						"0.0": [23.34288, 35.32448, 12.2921],
						"0.5833": [0.78795, -12.48281, -2.62116],
						"1.2917": [23.34288, 35.32448, 12.2921]
					}
				},
				"bx3": {
					"rotation": {
						"0.0": [6.38714, 14.74513, 8.44236],
						"0.375": [0, 0, -5],
						"0.9167": [0, 0, -5],
						"1.2917": [6.38714, 14.74513, 8.44236]
					}
				},
				"brai2": {
					"rotation": {
						"0.0": [0, -10, 0],
						"0.2917": [0, 0.5, 0],
						"0.625": [-23.11978, 30.22721, -10.18632],
						"0.9583": [0, 1.25, 0],
						"1.2917": [0, -10, 0]
					}
				},
				"bx6": {
					"rotation": {
						"0.0": [0, 0, 0],
						"0.5833": [-2.06754, -14.90972, 5.40961],
						"1.2917": [0, 0, 0]
					}
				},
				"perna": {
					"rotation": {
						"0.0": [0, 70, 0],
						"0.625": [0, -42.5, 0],
						"1.2917": [0, 70, 0]
					}
				},
				"bx4": {
					"rotation": {
						"0.0": [0, -82.5, 0],
						"0.1667": [0, 0, 0],
						"0.5833": [0, 0, 0],
						"0.7917": [0, -57.5, 0],
						"1.2917": [0, -82.5, 0]
					}
				},
				"perna2": {
					"rotation": {
						"0.0": [0, -45, 0],
						"0.625": [0, 57.5, 0],
						"1.2917": [0, -45, 0]
					}
				},
				"bx5": {
					"rotation": {
						"0.0": [0, 0, 0],
						"0.125": [0, -40, 0],
						"0.625": [0, -90, 0],
						"0.8333": [0, -5, 0],
						"1.2917": [0, 0, 0]
					}
				},
				"black2": {
					"scale": [0.6, 0.6, 1]
				},
				"corpo": {
					"scale": [0.9, 1, 1]
				},
				"banban": {
					"scale": [1.1, 1.1, 1.1]
				}
			}
		},
		"animation.banbareena.move": {
			"loop": true,
			"animation_length": 14.0417,
			"bones": {
				"part1": {
					"rotation": {
						"0.0": [0, 0, 0],
						"0.2917": [42.5, 0, 0],
						"1.5833": [42.5, 0, 0],
						"1.9583": [0, 0, 0],
						"3.0833": [7.5, 0, 0],
						"4.2083": [0, 0, 0],
						"4.5": [0, 0, 10],
						"4.875": [0, 0, 0],
						"5.2083": [0, 0, 18.06],
						"5.5833": [0, 0, 0],
						"6.875": [12.5, 0, 0],
						"8.375": [0, 0, 0],
						"9.7917": [7.5, 0, 0],
						"11.1667": [0, 0, 0],
						"12.8333": [12.5, 0, 0],
						"14.0417": [0, 0, 0]
					}
				},
				"ad": {
					"rotation": {
						"0.0": [0, 0, 0],
						"0.375": [-32.5, 0, 0],
						"0.6667": [-32.89875, -8.42145, 5.41207],
						"0.9583": [-34.81256, 19.36976, -12.98158],
						"1.25": [-34.94303, -17.53954, 11.80785],
						"1.5833": [-32.5, 0, 0],
						"1.9583": [0, 0, 0]
					}
				},
				"black": {
					"rotation": [0, 0, 0],
					"position": {
						"10.5417": [0, 0, 0],
						"10.875": [2, 0, 0],
						"12.0417": [2, 0, 0],
						"12.4583": [0, 0, 0]
					}
				},
				"black2": {
					"position": {
						"10.5417": [0, 0, 0],
						"10.875": [2, 0, 0],
						"12.0417": [2, 0, 0],
						"12.4583": [0, 0, 0]
					}
				},
				"brai": {
					"rotation": {
						"0.0": [0, 0, 0],
						"0.375": [-135.02728, 91.46503, -134.97272],
						"1.625": [-135.02728, 91.46503, -134.97272],
						"1.9583": [0, 0, 0]
					}
				},
				"bx3": {
					"rotation": {
						"0.0": [0, 0, 0],
						"0.375": [-8.10692, 34.46776, -11.02705],
						"1.5": [-8.10692, 34.46776, -11.02705],
						"1.9583": [0, 0, 0]
					}
				},
				"brai2": {
					"rotation": {
						"0.0": [0, -2.5, 0],
						"0.3333": [0, 47.7, 0],
						"1.5": [0, 43.34, 0],
						"1.875": [0, -2.5, 0],
						"4.2083": [0, 0, 0],
						"4.5": [0, 0, 77.5],
						"4.875": [0, 0, 27.5],
						"5.2083": [0, 0, 70],
						"5.5833": [0, 0, 42.5],
						"5.875": [0, 0, 0]
					},
					"position": {
						"4.2083": [0, 0, 0],
						"4.5": [6, -5, 0],
						"5.5833": [8.27, -5.06, 0],
						"5.875": [0, 0, 0]
					}
				},
				"bx6": {
					"rotation": {
						"4.2083": [0, 0, 0],
						"4.5": [100.12488, 4.37484, -118.26919],
						"4.875": [96.88846, -0.56481, -85.97846],
						"5.2083": [100.12488, 4.37484, -118.26919],
						"5.5833": [97.92901, 3.21572, -95.62498],
						"5.875": [0, 0, 0]
					}
				},
				"corpo": {
					"scale": [0.9, 1, 1]
				},
				"banban": {
					"scale": [1, 1.1, 1.1]
				}
			}
		}
	}
}