{
	"format_version": "1.8.0",
	"animations": {
		"animation.opila.walk": {
			"loop": true,
			"animation_length": 1.33333,
			"bones": {
				"ad": {
					"rotation": {
						"0.0": [0, 0, 15],
						"0.6667": [0, 0, -11.25],
						"1.3333": [0, 0, 12.5]
					},
					"position": {
						"0.0": [0, 0, 9],
						"0.625": [0, 0, -2],
						"1.3333": [0, 0, 9]
					}
				},
				"pescoso": {
					"rotation": {
						"0.0": [-17.5, 0, 0],
						"0.7083": [2.5, 0, 0],
						"1.3333": [-17.5, 0, 0]
					}
				},
				"perna": {
					"rotation": {
						"0.0": [40, 0, 0],
						"0.7083": [-55, 0, 0],
						"1.3333": [40, 0, 0]
					}
				},
				"bx": {
					"rotation": {
						"0.0": [5, 0, 0],
						"0.25": [54.38, 0, 0],
						"0.6667": [80, 0, 0],
						"0.875": [0.17, 0, 0],
						"1.3333": [5, 0, 0]
					}
				},
				"perna2": {
					"rotation": {
						"0.0": [-50, 0, 0],
						"0.7083": [37.5, 0, 0],
						"1.3333": [-52.5, 0, 0]
					}
				},
				"bx2": {
					"rotation": {
						"0.0": [70, 0, 0],
						"0.1667": [-2.5, 0, 0],
						"0.6667": [0, 0, 0],
						"0.875": [45, 0, 0],
						"1.3333": [70, 0, 0]
					}
				},
				"part1": {
					"rotation": {
						"0.0": [0, 0, -12.5],
						"0.6667": [0, 0, 10],
						"1.3333": [0, 0, -12.5]
					},
					"position": {
						"0.0": [0, -4, 0],
						"0.3333": [0, 0, 0],
						"0.6667": [0, -3, 0],
						"1.0": [0, 0, 0],
						"1.3333": [0, -4, 0]
					}
				}
			}
		},
		"animation.opila.move_to_target": {
			"loop": true,
			"animation_length": 1.33333,
			"bones": {
				"ad": {
					"rotation": {
						"0.0": [0, 0, 15],
						"0.6667": [0, 0, -11.25],
						"1.3333": [0, 0, 12.5]
					},
					"position": {
						"0.0": [0, 0, 9],
						"0.625": [0, 0, -2],
						"1.3333": [0, 0, 9]
					},
					"scale": [0.9, 0.9, 1]
				},
				"pescoso": {
					"rotation": {
						"0.0": [-17.5, 0, 0],
						"0.7083": [2.5, 0, 0],
						"1.3333": [-17.5, 0, 0]
					}
				},
				"perna": {
					"rotation": {
						"0.0": [47.5, 0, 0],
						"0.7083": [-75, 0, 0],
						"1.3333": [47.5, 0, 0]
					}
				},
				"bx": {
					"rotation": {
						"0.0": [5, 0, 0],
						"0.25": [54.38, 0, 0],
						"0.6667": [80, 0, 0],
						"0.875": [0.17, 0, 0],
						"1.3333": [5, 0, 0]
					}
				},
				"perna2": {
					"rotation": {
						"0.0": [-62.5, 0, 0],
						"0.7083": [50, 0, 0],
						"1.3333": [-65, 0, 0]
					}
				},
				"bx2": {
					"rotation": {
						"0.0": [70, 0, 0],
						"0.1667": [-2.5, 0, 0],
						"0.6667": [0, 0, 0],
						"0.875": [45, 0, 0],
						"1.3333": [70, 0, 0]
					}
				},
				"part1": {
					"rotation": {
						"0.0": [0, 0, -12.5],
						"0.6667": [0, 0, 10],
						"1.3333": [0, 0, -12.5]
					},
					"position": {
						"0.0": [0, -4, 0],
						"0.3333": [0, 0, 0],
						"0.6667": [0, -3, 0],
						"1.0": [0, 0, 0],
						"1.3333": [0, -4, 0]
					}
				},
				"black": {
					"scale": [0.9, 0.9, 1]
				},
				"black2": {
					"scale": [0.9, 0.9, 1]
				},
				"boca": {
					"rotation": {
						"0.0": [22.5, 0, 0],
						"0.6667": [13.75, 0, 0],
						"1.3333": [25, 0, 0]
					}
				},
				"assa": {
					"rotation": {
						"0.0": [0, 0, 0],
						"0.6667": [0, -37.5, 0],
						"1.3333": [0, 0, 0]
					}
				},
				"assa2": {
					"rotation": {
						"0.0": [0, 0, 0],
						"0.6667": [0, 52.5, 0],
						"1.3333": [0, 0, 0]
					}
				}
			}
		},
		"animation.opila.move": {
			"loop": true,
			"animation_length": 14.70833,
			"bones": {
				"part1": {
					"rotation": {
						"2.625": [0, 0, 0],
						"3.75": [7.5, 0, 0],
						"4.8333": [0, 0, 0],
						"6.0833": [7.5, 0, 0],
						"7.2083": [0, 0, 0],
						"8.2083": [5, 0, 0],
						"9.2917": [0, 0, 0],
						"10.5833": [7.5, 0, 0],
						"11.5417": [0, 0, 0],
						"12.8333": [7.5, 0, 0],
						"14.0": [0, 0, 0]
					}
				},
				"ad": {
					"rotation": {
						"0.0": [0, 0, 0],
						"0.375": [-6.15491, -16.41371, 20.88852],
						"0.7917": [-5.53896, 14.85259, -20.72252],
						"1.25": [-6.15491, -16.41371, 20.88852],
						"1.7083": [-4.30312, 18.69851, -13.20879],
						"2.1667": [-4.63308, -12.51263, 20.5082],
						"2.5": [0, 0, 0]
					},
					"scale": [0.9, 0.9, 1]
				},
				"black": {
					"position": {
						"8.0": [0, 0, 0],
						"8.4583": [1, 0, 0],
						"9.6667": [1, 0, 0],
						"10.0": [0, 0, 0]
					}
				},
				"black2": {
					"position": {
						"8.0": [0, 0, 0],
						"8.4583": [1, 0, 0],
						"9.6667": [1, 0, 0],
						"10.0": [0, 0, 0]
					}
				},
				"boca": {
					"rotation": {
						"0.0": [0, 0, 0],
						"0.2917": [37.5, 0, 0],
						"2.2917": [40, 0, 0],
						"2.5": [0, 0, 0]
					}
				}
			}
		}
	}
}