{
  "resource_pack_name": "vanilla",
  "texture_name": "atlas.items",
  "texture_data": {
    "egg_camel": {
      "textures": "textures/items/egg_camel"
    },
    "egg_lion": {
      "textures": "textures/items/egg_lion"
    },
    "egg_penguin": {
      "textures": "textures/items/egg_penguin"
    },
    "egg_tiger": {
      "textures": "textures/items/egg_tiger"
    },
    "egg_elephant": {
      "textures": "textures/items/egg_elephant"
    },
    "egg_deer": {
      "textures": "textures/items/egg_deer"
    },
    "egg_panther": {
      "textures": "textures/items/egg_panther"
    },
    "egg_frog": {
      "textures": "textures/items/egg_frog"
    },
    "egg_crocodile": {
      "textures": "textures/items/egg_crocodile"
    },
    "egg_mouse": {
      "textures": "textures/items/egg_mouse"
    },
    "gallardo": {
      "textures": "textures/items/gallardo"
    },
    "bench": {
      "textures": "textures/items/bench"
    },
    "christmas_tree": {
      "textures": "textures/items/christmas_tree"
    },
    "tivi": {
      "textures": "textures/items/tivi"
    },
    "closet": {
      "textures": "textures/items/closet"
    },
    "laptop": {
      "textures": "textures/items/laptop"
    },
    "piano": {
      "textures": "textures/items/piano"
    },
    "armchairs": {
      "textures": "textures/items/armchairs"
    },
    "chair": {
      "textures": "textures/items/chair"
    },
    "big_table": {
      "textures": "textures/items/big_table"
    },
    "small_table": {
      "textures": "textures/items/small_table"
    },
    "drone": {
      "textures": "textures/items/drone"
    },
    "colorful_gifts": {
      "textures": "textures/items/colorful_gifts"
    },
    "sbgoji:big_camera_man3": {
      "textures": "textures/items/pamobile/sbgoji_big_camera_man3"
    },
    "sbgoji:camera_mandie": {
      "textures": "textures/items/pamobile/sbgoji_camera_mandie"
    },
    "sbgoji:camera_man3": {
      "textures": "textures/items/pamobile/sbgoji_camera_man3"
    },
    "sbgoji:big_camera_mandie": {
      "textures": "textures/items/pamobile/sbgoji_big_camera_mandie"
    },
    "sbgoji:spider_camera3": {
      "textures": "textures/items/pamobile/sbgoji_spider_camera3"
    },
    "sbgoji:camera_man_droppa": {
      "textures": "textures/items/pamobile/sbgoji_camera_man_droppa"
    },
    "sbgoji:titan_camera_man3": {
      "textures": "textures/items/pamobile/sbgoji_titan_camera_man3"
    },
    "sbgoji:plunger_camera_man3": {
      "textures": "textures/items/pamobile/sbgoji_plunger_camera_man3"
    },
    "sbgoji:titan_camera_mandie": {
      "textures": "textures/items/pamobile/sbgoji_titan_camera_mandie"
    },
    "sbgoji:camera_woman3": {
      "textures": "textures/items/pamobile/sbgoji_camera_woman3"
    },
    "sbgoji:spider_cameradie3": {
      "textures": "textures/items/pamobile/sbgoji_spider_cameradie3"
    },
    "sbgoji:camera_womandie3": {
      "textures": "textures/items/pamobile/sbgoji_camera_womandie3"
    },
    "sbgoji:camera_man_droppadie": {
      "textures": "textures/items/pamobile/sbgoji_camera_man_droppadie"
    },
    "sbgoji:plunger_camera_mandie3": {
      "textures": "textures/items/pamobile/sbgoji_plunger_camera_mandie3"
    }
  }
}