{
  "format_version": "1.10.0",
  "minecraft:client_entity": {
    "description": {
      "identifier": "cy:wooly_bully",
      "materials": {
        "default": "witch"
      },
      "textures": {
        "default": "textures/entity/pamobile/cy_wooly_bully"
      },
      "geometry": {
        "default": "geometry.cy_wooly_bully"
      },
      "render_controllers": [
        "controller.render.witch"
      ],
      "spawn_egg": {
        "texture": "cy:wooly_bully",
        "texture_index": 0
      },
      "scripts": {
        "animate": [
          "move",
          "general",
          "look_at_target",
          "uwu"
        ],
        "pre_animation": [
          "variable.random \u003d math.round(math.random(0,3));",
          "variable.random1 \u003d math.round(math.random(0,2));",
          "variable.attack \u003d Math.sin(variable.attack_time * 30.0);"
        ],
        "scale": "1"
      },
      "animations": {
        "attack": "animation.cy_wooly_bully.attack",
        "gazo_general": "animation.cy_wooly_bully.general",
        "general": "controller.animation.cy_wooly_bully.general",
        "jumpscare": "animation.ft_boxy_boo.jumpscare",
        "look_at_target": "animation.common.look_at_target",
        "looking_at": "controller.animation.cy_wooly_bully.looking_at",
        "move": "controller.animation.cy_wooly_bully.move",
        "moving": "animation.cy_wooly_bully.move",
        "uwu": "animation.cy_wooly_bully.uwu"
      }
    }
  }
}